A0A1P8B415	1	66	N-terminal
A0A1P8B415	306	525	middle
A4FVP2	1	34	N-terminal
F4I316	1	292	N-terminal
F4I316	415	496	middle
F4IB81	191	325	middle
F4IRU3	1071	1134	middle
F4IRU3	1221	1270	middle
F4IRU3	1517	1556	C-terminal
F4J9Q6	102	392	middle
F4JN22	193	249	middle
F4JRR2	1	90	N-terminal
F4JRR2	236	284	middle
F4JRR2	423	483	middle
F4JRR2	1055	1122	C-terminal
F4JTS9	1	58	N-terminal
F4K4Y5	1	331	N-terminal
F4K4Y5	472	689	middle
F4K4Y5	741	778	C-terminal
F4KAN9	253	288	middle
F4KAN9	352	391	C-terminal
F4KGY0	1	74	N-terminal
O64583	1	78	N-terminal
O64764	1	84	N-terminal
O65570	732	934	middle
O82236	1	36	N-terminal
P20115	1	31	N-terminal
P42753	1	50	N-terminal
P42753	295	376	C-terminal
P46286	201	258	C-terminal
Q0WP38	1	127	N-terminal
Q1PF35	1	212	IDP
Q2V370	1	35	N-terminal
Q5PP12	1	69	IDP
Q6XJG8	1	42	N-terminal
Q6XL73	361	414	C-terminal
Q7XA66	93	242	C-terminal
Q84JH2	145	321	middle
Q84JH2	394	458	C-terminal
Q84K72	128	170	middle
Q8GUM2	1	53	N-terminal
Q8GUM2	638	682	C-terminal
Q8L9H6	1	99	IDP
Q8LAF9	1	113	N-terminal
Q8LAF9	153	202	C-terminal
Q8RXJ5	1	51	N-terminal
Q8RXJ5	132	202	middle
Q8RXT2	180	732	C-terminal
Q8VZW1	1	40	N-terminal
Q940Y9	1	126	N-terminal
Q949X1	1	196	N-terminal
Q9ASQ2	1	31	N-terminal
Q9ASQ2	83	157	middle
Q9C5H4	131	261	middle
Q9C5H4	366	690	C-terminal
Q9C6G7	100	163	middle
Q9CAA6	1	46	N-terminal
Q9FVQ1	1	297	N-terminal
Q9FVQ1	476	557	C-terminal
Q9LDH1	1	151	IDP
Q9LNP6	1	168	N-terminal
Q9LNP6	213	328	C-terminal
Q9LS03	1	82	N-terminal
Q9LUZ5	1	100	N-terminal
Q9LUZ5	286	353	middle
Q9LUZ5	422	457	middle
Q9LUZ5	517	622	middle
Q9LUZ5	1020	1095	C-terminal
Q9LVR0	1	76	N-terminal
Q9LVR0	175	228	C-terminal
Q9LZ08	1	214	IDP
Q9M1G5	1	62	N-terminal
Q9S756	1	70	N-terminal
Q9S7Z8	185	475	middle
Q9SCU5	406	549	C-terminal
Q9SH30	1	47	N-terminal
Q9SN99	1	81	N-terminal
Q9SVJ5	1	280	IDP
Q9SZH8	1	50	N-terminal
Q9SZR5	434	765	middle
Q9XF89	1	55	N-terminal
Q9ZQI0	1	761	IDP
Q9ZVI9	1	52	N-terminal
Q9ZVI9	197	233	middle
A0A1I9LN10	1	57	N-terminal
A0A1P8B6J1	1	32	N-terminal
A0A1P8BBR6	1	123	N-terminal
A0A1P8BBR6	452	493	C-terminal
A8MRC1	571	610	C-terminal
B3H4D2	1	75	IDP
F4HWT1	1	117	IDP
F4HYR3	716	778	C-terminal
F4HZU9	1	51	N-terminal
F4I8M5	1	89	N-terminal
F4IAF4	293	455	middle
F4IZC5	1	34	N-terminal
F4J424	1	193	IDP
F4JT98	1	68	N-terminal
F4JT98	443	685	C-terminal
F4K3X8	1	67	N-terminal
F4K3X8	468	613	middle
F4K3X8	858	892	middle
F4K4T3	869	899	middle
F4K6L4	1	175	N-terminal
F4K9W2	1	585	N-terminal
F4K9W2	639	826	middle
F4K9W2	959	1154	C-terminal
F4KG91	1	41	N-terminal
F4KG91	180	357	middle
F4KG91	656	690	C-terminal
O64855	75	493	C-terminal
O82387	1	107	N-terminal
P34802	1	70	N-terminal
P59277	171	208	middle
P92517	1	109	IDP
Q0WVN5	1	37	N-terminal
Q3EA54	1	48	N-terminal
Q45GK4	1	76	N-terminal
Q67ZE4	1	120	IDP
Q6NQ87	262	338	middle
Q8H1N0	1	272	IDP
Q8L649	1	147	N-terminal
Q8L7U6	1	40	N-terminal
Q8L7U6	134	262	middle
Q8LFV1	1	85	N-terminal
Q8LPJ1	298	479	C-terminal
Q93W95	1	60	N-terminal
Q9C5J3	1	182	N-terminal
Q9C5J3	676	946	C-terminal
Q9C5Z1	682	712	C-terminal
Q9C748	1	67	N-terminal
Q9FF86	450	484	C-terminal
Q9FG24	268	393	middle
Q9FG24	700	735	C-terminal
Q9FGQ9	1	87	N-terminal
Q9FGQ9	143	177	C-terminal
Q9FGX6	1	31	N-terminal
Q9FHG3	1	79	N-terminal
Q9FHN4	1	41	N-terminal
Q9FI73	1	34	N-terminal
Q9FLJ3	1	77	IDP
Q9FLQ4	1	57	N-terminal
Q9FLQ4	159	239	middle
Q9FQ20	1	728	N-terminal
Q9FVQ5	701	806	C-terminal
Q9LDV4	1	63	N-terminal
Q9LEW3	1	34	N-terminal
Q9LIM3	42	339	C-terminal
Q9LJG8	1	82	N-terminal
Q9LJG8	174	349	middle
Q9LJG8	408	443	C-terminal
Q9LQW4	283	339	C-terminal
Q9LZC2	1	191	N-terminal
Q9M0S8	1	81	N-terminal
Q9M0S8	629	683	middle
Q9M8K0	1	47	N-terminal
Q9MA93	1	32	N-terminal
Q9SAK0	1	135	N-terminal
Q9SJ65	1	80	IDP
Q9SJA6	64	196	C-terminal
Q9SKP6	1	56	N-terminal
Q9SRQ3	1	75	N-terminal
Q9SV02	1	80	N-terminal
Q9SWA6	1	38	N-terminal
Q9SYZ9	223	353	C-terminal
Q9T0H2	1	62	IDP
Q9XIA6	84	116	C-terminal
Q9ZV43	1	374	N-terminal
Q9ZV43	465	504	middle
Q9ZV43	893	1126	middle
A0A1P8AP82	1	144	N-terminal
A8MSE2	1	50	N-terminal
B3H7H9	1	64	IDP
F4I9I6	1	115	N-terminal
F4I9I6	416	487	C-terminal
F4IK79	1	137	IDP
F4J1T5	1	31	N-terminal
F4JLS2	1	81	N-terminal
F4KG58	1	154	N-terminal
O22315	79	117	middle
O22315	194	303	C-terminal
O22780	1	77	N-terminal
O22780	505	538	C-terminal
O49404	76	284	C-terminal
O64903	1	74	N-terminal
O81793	1	136	N-terminal
O81793	194	271	C-terminal
O82239	1	38	N-terminal
O82239	143	358	C-terminal
P0DKG4	381	415	C-terminal
P30188	1	63	N-terminal
Q39221	1	69	N-terminal
Q3EDK7	1	48	IDP
Q682H4	1	31	N-terminal
Q682H4	177	368	C-terminal
Q6NQK2	214	449	C-terminal
Q7Y205	1	84	IDP
Q8L602	1	264	IDP
Q8L641	1	499	IDP
Q8RX56	85	257	middle
Q8RX56	1055	1101	C-terminal
Q8VYN5	1	32	N-terminal
Q8VYN5	247	345	C-terminal
Q93ZC6	90	138	C-terminal
Q9C5N4	1	60	N-terminal
Q9C633	152	266	C-terminal
Q9C6G0	1	354	N-terminal
Q9C6G0	533	576	middle
Q9FFF9	145	211	middle
Q9FGX3	1	181	IDP
Q9FIL6	1	189	N-terminal
Q9FL87	1	89	N-terminal
Q9FLP0	479	587	C-terminal
Q9FLX2	1	47	N-terminal
Q9FLX2	106	385	C-terminal
Q9FM05	1	219	N-terminal
Q9FM66	1	48	N-terminal
Q9FMW5	1	64	N-terminal
Q9FN75	472	505	C-terminal
Q9FNH4	1	61	N-terminal
Q9LH50	185	222	C-terminal
Q9LIK0	1	107	N-terminal
Q9LQ16	1	49	N-terminal
Q9LQQ8	1	74	N-terminal
Q9LQQ8	383	423	C-terminal
Q9LS90	1	54	N-terminal
Q9LS90	149	194	middle
Q9LUA3	1	122	IDP
Q9LUH9	1	54	N-terminal
Q9LVM2	1	45	N-terminal
Q9LW16	1	56	N-terminal
Q9LZQ3	308	361	C-terminal
Q9M0G4	1	56	N-terminal
Q9M115	124	157	middle
Q9M115	297	508	C-terminal
Q9M897	1	41	N-terminal
Q9M8K2	1	46	N-terminal
Q9M8K2	129	215	middle
Q9S841	1	88	N-terminal
Q9SDA8	597	656	C-terminal
Q9SHQ8	78	109	middle
Q9SHQ8	176	236	middle
Q9SIL4	1	114	N-terminal
Q9SIY5	1	133	N-terminal
Q9SIY5	697	735	C-terminal
Q9SK55	169	275	C-terminal
Q9SLL7	78	119	C-terminal
Q9SN77	86	138	middle
Q9SN77	302	408	C-terminal
Q9SQZ9	1	53	N-terminal
Q9STI8	277	345	middle
Q9SX90	1	34	N-terminal
Q9T068	1	128	IDP
Q9XEE8	1	115	N-terminal
A0A1I9LLJ3	1	54	N-terminal
A0A1I9LLJ3	460	845	middle
A0A1P8ATJ3	1	47	N-terminal
A0A1P8ATJ3	108	151	middle
A0A1P8B8C5	1	41	IDP
A0A1P8BBX7	116	151	C-terminal
A0A1P8BGM4	1	111	IDP
B3H473	1	42	IDP
B3H5P3	1	72	IDP
B3H608	1	40	IDP
F4I2E4	96	285	C-terminal
F4IXJ9	1	72	IDP
F4J8U4	123	174	C-terminal
F4JKN4	1	112	N-terminal
F4JKN4	856	950	middle
O22042	1	64	N-terminal
O22042	327	651	C-terminal
O22210	1	107	N-terminal
O22210	166	248	C-terminal
O23341	1	98	N-terminal
O80782	1	143	IDP
O82189	103	136	middle
P14714	1	59	N-terminal
Q0WTB4	1	106	N-terminal
Q0WTB4	474	620	C-terminal
Q1G3N4	1	146	IDP
Q1PDZ3	267	363	middle
Q1PDZ3	467	642	C-terminal
Q39026	1	35	N-terminal
Q4TU14	1	48	N-terminal
Q4TU14	114	261	middle
Q4TU14	316	371	C-terminal
Q5XEM9	138	207	middle
Q6A333	1	37	N-terminal
Q6A333	113	609	middle
Q6A333	802	855	middle
Q6A333	938	983	middle
Q7G1L2	1	192	IDP
Q84W56	1	91	N-terminal
Q84W56	673	823	middle
Q84WM1	1	94	IDP
Q84WU0	1	59	N-terminal
Q84Y18	1	332	IDP
Q8L4R0	1	91	N-terminal
Q8L9K4	1	170	IDP
Q8RWJ4	1	38	N-terminal
Q8S9L5	1	108	N-terminal
Q8VZD1	1	78	N-terminal
Q8W4L3	1	35	N-terminal
Q93ZQ5	436	498	middle
Q940Z2	356	549	middle
Q941A9	1	68	N-terminal
Q941A9	224	316	C-terminal
Q94AA3	1	38	N-terminal
Q94AA3	242	282	middle
Q9C7T2	119	181	C-terminal
Q9C9Z7	494	617	C-terminal
Q9FG44	203	287	C-terminal
Q9FLE4	1	59	N-terminal
Q9FM65	330	424	C-terminal
Q9FM91	1	31	N-terminal
Q9FV81	1	60	N-terminal
Q9LFV6	1	168	N-terminal
Q9LLR6	1	112	IDP
Q9LM75	356	435	C-terminal
Q9LPF5	1	61	N-terminal
Q9M8M6	152	235	C-terminal
Q9M9C4	1	110	N-terminal
Q9S7I0	1	1085	N-terminal
Q9S7I0	1220	1307	C-terminal
Q9S7P3	409	536	middle
Q9S7P3	610	656	middle
Q9SAF5	1	57	N-terminal
Q9SAF5	1169	1203	C-terminal
Q9SH71	203	287	middle
Q9SJE8	397	501	C-terminal
Q9SKD3	1	83	N-terminal
Q9SKD3	358	431	C-terminal
Q9SKD8	1	48	N-terminal
Q9SKD8	134	363	C-terminal
Q9SSP7	711	816	middle
Q9SVE6	1	91	N-terminal
Q9SVE6	517	551	C-terminal
Q9SZJ2	251	316	middle
Q9SZJ2	643	787	C-terminal
Q9ZQ38	1	81	N-terminal
Q9ZVT0	48	287	middle
Q9ZVT0	492	571	C-terminal
A0A1I9LNA0	1	36	N-terminal
A0A1P8B4L7	1	66	IDP
A0A1P8BDF3	1	57	N-terminal
A0A1P8BDF3	156	275	middle
A0A1P8BDF3	541	575	middle
A8MQL5	1	39	N-terminal
F4IAN2	1	116	N-terminal
F4IAN2	345	706	middle
F4IG63	1	55	N-terminal
F4IG63	558	916	C-terminal
F4J7S8	1	36	N-terminal
F4J7S8	361	486	middle
F4JLM5	270	302	middle
F4JQT1	1	52	N-terminal
F4JQT1	275	342	middle
F4JQT1	651	689	C-terminal
F4JZS0	1	50	N-terminal
O04532	1	308	N-terminal
O04532	722	760	C-terminal
O22132	122	191	C-terminal
O22255	66	113	middle
O22255	159	227	C-terminal
O65590	1	364	N-terminal
O65590	429	568	C-terminal
O80757	99	226	middle
O80757	270	327	C-terminal
P43296	1	44	N-terminal
Q04980	1	619	IDP
Q0WVH7	251	323	middle
Q0WVH7	510	651	middle
Q0WVH7	734	804	C-terminal
Q1PE51	1	178	N-terminal
Q1PF01	1	47	N-terminal
Q29PZ2	1	156	IDP
Q39017	261	339	middle
Q5Q0E2	247	324	C-terminal
Q67XV2	1	68	N-terminal
Q84W98	1	99	IDP
Q8VZB5	1	85	N-terminal
Q8W4C4	1	55	N-terminal
Q94CJ8	59	268	middle
Q94CJ8	511	650	C-terminal
Q9C584	1	123	N-terminal
Q9C584	198	284	C-terminal
Q9C6Y4	644	716	middle
Q9C7P6	1	62	N-terminal
Q9C9E1	1	40	N-terminal
Q9C9S0	1	153	N-terminal
Q9FIG8	285	755	middle
Q9FIG8	890	930	C-terminal
Q9FIT1	1	109	N-terminal
Q9FIT1	177	403	C-terminal
Q9FJP3	1	57	N-terminal
Q9FJQ8	1	105	N-terminal
Q9FJQ8	208	243	middle
Q9LF22	1	127	IDP
Q9LJ86	102	170	C-terminal
Q9LJR9	1	198	N-terminal
Q9LK39	1	75	N-terminal
Q9LMY9	1	87	IDP
Q9LP03	1	31	N-terminal
Q9LQQ0	1	261	N-terminal
Q9LS15	125	281	C-terminal
Q9LXZ9	1	372	N-terminal
Q9LXZ9	428	1535	C-terminal
Q9LY66	1	109	N-terminal
Q9M0N1	39	155	middle
Q9M0N1	338	402	middle
Q9M2S4	626	684	C-terminal
Q9M310	1	38	N-terminal
Q9SA14	1	41	N-terminal
Q9SAF2	1	190	N-terminal
Q9SAF2	289	573	C-terminal
Q9SAU2	1	52	N-terminal
Q9SDY5	1	32	N-terminal
Q9SF55	1	35	N-terminal
Q9SGD2	1	117	N-terminal
Q9SHZ6	1	62	N-terminal
Q9SHZ6	164	343	C-terminal
Q9SIT6	1	62	N-terminal
Q9SIT6	306	359	middle
Q9SX80	1	104	N-terminal
Q9SX80	267	316	middle
Q9SX80	373	434	C-terminal
Q9ZUA9	312	373	middle
Q9ZUA9	451	482	middle
A0A1P8ASE7	1	34	IDP
A0A1P8AV53	1	67	N-terminal
A0A1P8AV53	206	507	middle
A0A1P8AYF2	1	565	IDP
A8MR03	107	140	middle
A8MR03	219	338	C-terminal
F4HSD4	1	218	N-terminal
F4I1X0	444	515	C-terminal
F4I6M4	1	31	N-terminal
F4I6M4	321	679	middle
F4ILE1	1	161	N-terminal
F4ILE1	405	537	middle
F4JMJ3	1	213	N-terminal
F4JMJ3	846	883	C-terminal
F4JN04	1	117	N-terminal
F4JT80	1164	1207	C-terminal
O22942	73	127	C-terminal
P42699	1	60	N-terminal
Q680I0	582	623	C-terminal
Q6NLF1	1	139	IDP
Q7Y218	1	290	IDP
Q84JL2	1	63	N-terminal
Q8GXG6	1	118	N-terminal
Q8GXG6	279	316	middle
Q8L799	1	52	N-terminal
Q8RX72	1	61	N-terminal
Q8RXP3	215	279	C-terminal
Q8S8J8	1	128	N-terminal
Q8VYE2	1	127	N-terminal
Q94AB1	1	42	N-terminal
Q94AB1	364	599	middle
Q9C580	179	246	C-terminal
Q9C660	1	414	N-terminal
Q9C7I1	1	118	N-terminal
Q9C7I1	174	327	C-terminal
Q9C7N2	485	516	middle
Q9C882	1	68	N-terminal
Q9C882	122	267	middle
Q9C882	343	438	middle
Q9C882	520	587	C-terminal
Q9C8L2	1	101	N-terminal
Q9C911	253	630	C-terminal
Q9C9U2	292	398	C-terminal
Q9CAL1	1	35	N-terminal
Q9FGW0	1	67	N-terminal
Q9FGW0	198	253	middle
Q9FGW0	394	424	C-terminal
Q9FHK4	43	493	middle
Q9FHK4	545	615	C-terminal
Q9FIJ4	1	58	N-terminal
Q9FIJ4	156	199	C-terminal
Q9FIS2	152	193	middle
Q9FJG2	121	215	middle
Q9FNE1	1	54	N-terminal
Q9FNE1	592	651	C-terminal
Q9LFH9	247	363	middle
Q9LFH9	666	715	C-terminal
Q9LJ94	1	122	N-terminal
Q9LJ94	197	350	middle
Q9LM15	1	79	N-terminal
Q9LM15	170	261	C-terminal
Q9LRT1	614	730	middle
Q9LXJ8	1	83	N-terminal
Q9LXJ8	345	471	C-terminal
Q9M2B3	1	216	N-terminal
Q9M2B3	258	305	middle
Q9M2N6	1	33	N-terminal
Q9M3C6	1	48	N-terminal
Q9M9A1	1	39	N-terminal
Q9M9A1	136	169	C-terminal
Q9SE83	1	33	N-terminal
Q9SE83	508	580	middle
Q9SE83	623	653	middle
Q9SE83	810	914	C-terminal
Q9SE97	1	663	N-terminal
Q9SE97	1000	1051	C-terminal
Q9SJD1	56	143	C-terminal
Q9SJM3	1	537	N-terminal
Q9SJM3	712	801	middle
Q9SJM3	919	949	C-terminal
Q9SJY7	1	131	IDP
Q9SKN1	1	178	N-terminal
Q9SKN1	459	492	middle
Q9SP32	1	245	N-terminal
Q9SP32	596	637	middle
Q9SP32	1441	1492	middle
Q9SP32	1797	1833	middle
Q9SRI3	1	60	N-terminal
Q9SRI3	283	319	C-terminal
Q9SUG6	1	222	N-terminal
Q9SUW3	1	100	N-terminal
Q9SVC7	1	104	N-terminal
Q9ZPW7	1	88	N-terminal
Q9ZPW7	148	198	middle
Q9ZUM9	305	347	middle
A0A178VBH8	1	37	N-terminal
A0A1I9LNA3	1	61	IDP
A0A1P8AVJ4	322	385	middle
A0A1P8BCS3	1	38	IDP
A0A1P8BEI2	163	329	middle
A0A1P8BEI2	391	445	C-terminal
A8MRD9	243	826	C-terminal
C0Z274	243	290	middle
F4HQ88	1	811	N-terminal
F4I507	1	91	N-terminal
F4I507	1006	1060	middle
F4I5Q5	1	139	N-terminal
F4I5Q5	319	384	C-terminal
F4I9U7	734	839	middle
F4INF6	1	128	IDP
F4IQG2	442	494	C-terminal
F4J982	178	300	middle
F4J982	466	529	C-terminal
F4JCC9	1	138	N-terminal
F4JCC9	257	385	middle
F4JCC9	932	993	C-terminal
F4JGH9	1	122	N-terminal
F4JP84	1	38	N-terminal
F4JSV3	1	310	N-terminal
F4JSV3	689	739	C-terminal
F4K2Y3	1	77	N-terminal
F4KD49	779	812	C-terminal
O03986	218	250	middle
O22248	310	351	C-terminal
O80986	1	309	IDP
P0DKC4	1	66	N-terminal
P14712	1	64	N-terminal
Q0WM93	1	144	N-terminal
Q0WM93	274	391	middle
Q0WM93	537	612	middle
Q0WVU7	1	113	N-terminal
Q0WVU7	181	239	middle
Q0WVU7	395	588	C-terminal
Q147F7	1	43	N-terminal
Q147F7	128	455	C-terminal
Q3E870	1	39	N-terminal
Q5Q0H6	112	193	C-terminal
Q7FZR1	749	811	C-terminal
Q84K47	914	983	C-terminal
Q84VX1	1	34	N-terminal
Q84WD3	1	85	N-terminal
Q8GY71	333	381	C-terminal
Q8GYM6	1	32	N-terminal
Q8GYM6	271	541	C-terminal
Q8H0Z9	1	96	N-terminal
Q8H0Z9	135	269	C-terminal
Q8L471	1	156	N-terminal
Q8RVQ9	1	78	N-terminal
Q8VWI7	1	54	N-terminal
Q8VWI7	512	720	middle
Q8VWI7	779	869	C-terminal
Q93VH1	1	109	N-terminal
Q949Q5	1	58	N-terminal
Q94AT5	1	85	N-terminal
Q94AT5	324	372	middle
Q94BT2	194	252	C-terminal
Q94BY4	1	178	N-terminal
Q94K80	1	355	N-terminal
Q94K80	453	523	C-terminal
Q9C590	389	449	C-terminal
Q9LI74	1	112	N-terminal
Q9LI74	368	764	middle
Q9LNL3	1	38	N-terminal
Q9LSB5	1	193	N-terminal
Q9LSB5	473	531	middle
Q9LSR8	641	725	middle
Q9LVJ7	1	171	N-terminal
Q9LVJ7	213	308	C-terminal
Q9M8T7	1	32	N-terminal
Q9M8T7	194	246	C-terminal
Q9M8X8	1	60	N-terminal
Q9MA83	1	36	N-terminal
Q9SB70	263	365	C-terminal
Q9SEU7	1	75	N-terminal
Q9SFZ2	94	232	C-terminal
Q9SHV0	1	117	N-terminal
Q9SHV0	290	362	C-terminal
Q9SIB4	91	244	C-terminal
Q9SIR0	1	35	N-terminal
Q9SIV5	1	598	N-terminal
Q9SIV5	733	804	middle
Q9SIV5	881	943	middle
Q9SIV5	1136	1311	middle
Q9SIV5	1378	1773	C-terminal
Q9SJZ3	1	46	N-terminal
Q9SMV7	1	251	N-terminal
Q9SV30	1	226	N-terminal
Q9SV30	268	322	C-terminal
Q9SX31	1	362	N-terminal
Q9SZL7	458	494	middle
A0A1P8B2W4	1	225	IDP
A0A1P8B457	67	252	C-terminal
B3H5T1	1	47	IDP
B3H6E2	1	41	IDP
F4HU55	1	36	N-terminal
F4HV06	89	462	middle
F4HYN6	1	129	N-terminal
F4HYN6	382	915	C-terminal
F4IAL1	1	60	N-terminal
F4IFH3	1	70	N-terminal
F4IIU2	60	240	middle
F4IIU2	279	333	middle
F4IUA7	1	325	IDP
F4IWG3	910	944	middle
F4J368	100	253	middle
F4JCU0	1	273	N-terminal
F4JCU0	353	426	middle
F4JCU0	515	1007	C-terminal
F4JCY2	656	712	C-terminal
F4JRK4	1	67	N-terminal
F4JRK4	334	389	C-terminal
F4K0Y5	1	593	N-terminal
F4K0Y5	1102	1165	C-terminal
F4KAH4	1	192	N-terminal
F4KCY1	1	54	N-terminal
F4KCY1	165	196	C-terminal
O04479	141	199	C-terminal
O65718	1	115	N-terminal
O65718	678	726	C-terminal
O80623	390	469	middle
P0CH03	1	33	N-terminal
P48001	1	112	N-terminal
P48001	230	271	middle
Q38870	1	172	N-terminal
Q56XE2	1	142	N-terminal
Q56Y85	1	88	N-terminal
Q67ZB3	114	156	middle
Q67ZB3	456	558	C-terminal
Q6A332	1	40	N-terminal
Q6A332	113	572	middle
Q6A332	768	844	middle
Q6A332	930	970	middle
Q6A332	1009	1061	middle
Q6NPR7	1	228	N-terminal
Q8GW57	1	39	N-terminal
Q8GZ67	1	78	N-terminal
Q8GZ67	134	188	middle
Q8GZ67	240	273	C-terminal
Q8H0U5	1	81	N-terminal
Q8H0U5	322	641	C-terminal
Q8H0W3	1	62	N-terminal
Q8H0W3	124	239	middle
Q8H0W3	301	331	C-terminal
Q8LF87	1	47	N-terminal
Q8LF87	106	198	C-terminal
Q8RY24	1	40	N-terminal
Q8RY24	115	148	middle
Q8RY24	430	467	middle
Q8RY24	685	766	middle
Q8S8C6	111	201	middle
Q8S8C6	237	296	C-terminal
Q8VZN3	148	195	C-terminal
Q93Z16	1	31	N-terminal
Q93Z16	548	579	middle
Q941D5	138	210	C-terminal
Q9C7S7	1	39	N-terminal
Q9C8W3	1	49	N-terminal
Q9CAR3	1	187	N-terminal
Q9FHY8	1	190	N-terminal
Q9FNB9	1	224	N-terminal
Q9FUA4	1	202	N-terminal
Q9FUA4	261	373	C-terminal
Q9FV49	1	89	N-terminal
Q9LDY8	167	317	C-terminal
Q9LEU8	1	60	N-terminal
Q9LN59	373	452	middle
Q9LN59	717	788	C-terminal
Q9LNJ5	244	433	middle
Q9LRW3	86	143	middle
Q9LTQ0	1	54	N-terminal
Q9LVG9	1	72	N-terminal
Q9LVT3	864	903	middle
Q9LYC7	1	164	N-terminal
Q9M8S5	1	38	N-terminal
Q9MAJ0	1	63	N-terminal
Q9S9N6	1	89	N-terminal
Q9SID1	110	238	C-terminal
Q9SIZ9	1	104	IDP
Q9SKB7	1	146	N-terminal
Q9SKB7	385	446	middle
Q9SKB7	756	786	middle
Q9SKB7	1005	1144	C-terminal
Q9SS93	1	43	N-terminal
Q9T070	1	37	N-terminal
Q9T074	1	142	N-terminal
Q9ZQF9	1	530	N-terminal
Q9ZR03	1	59	N-terminal
Q9ZUN9	1	103	N-terminal
A0A1I9LQF4	597	628	middle
A0A1I9LQF4	930	970	middle
A0A1P8ASY7	55	92	middle
A0A1P8B3C2	1	127	IDP
A0A1P8B3W6	1	121	IDP
A0A1P8B4E4	1	51	N-terminal
A0A1P8B4E4	1111	1144	middle
A0A1P8B4E4	1897	1929	middle
A0A1P8B4E4	2578	2624	C-terminal
A8MS20	352	401	C-terminal
A8MSD1	1	112	IDP
B3H4U6	1	34	IDP
F4HTS4	1	33	N-terminal
F4HYG2	1	249	N-terminal
F4HYG2	381	533	middle
F4HYG2	606	710	middle
F4HYG2	975	1016	middle
F4HYG2	1109	1235	C-terminal
F4I421	1	561	N-terminal
F4IMB2	1	297	N-terminal
F4ING4	1	1218	IDP
F4IU12	1	66	N-terminal
F4IU12	632	692	C-terminal
F4J264	1	39	N-terminal
F4JA67	226	258	C-terminal
F4JK43	1	154	IDP
F4JKZ3	248	281	middle
F4JPQ4	315	394	C-terminal
F4KIX0	1	90	N-terminal
F4KIX0	558	787	C-terminal
O23702	333	499	middle
O48523	125	273	middle
O48523	374	631	C-terminal
O49644	1	162	IDP
O49662	1	122	N-terminal
O49662	259	324	C-terminal
O65020	1	90	N-terminal
O65020	189	240	middle
P93302	1	122	IDP
Q02973	1	92	IDP
Q1PDP3	1	246	IDP
Q3E880	1	116	IDP
Q3ECI7	1	32	N-terminal
Q58FW4	1	171	N-terminal
Q58FW4	267	301	C-terminal
Q6NPL0	1	93	N-terminal
Q6NPL0	273	304	C-terminal
Q84W66	1	56	N-terminal
Q84W66	158	234	C-terminal
Q84WP3	107	207	middle
Q84WP3	249	647	middle
Q84WP3	712	751	middle
Q84WP3	804	920	C-terminal
Q8GW16	1	66	N-terminal
Q8GXA4	1	324	N-terminal
Q8GXM7	1	71	N-terminal
Q8GXM7	164	206	C-terminal
Q8H1F9	1	44	N-terminal
Q8LD26	1	137	IDP
Q8LFP7	1	37	N-terminal
Q8RWS8	1	57	N-terminal
Q8RWZ1	236	486	middle
Q8S8F2	1	37	N-terminal
Q8W4G6	244	317	middle
Q93WK5	1	62	N-terminal
Q93WK5	200	727	C-terminal
Q94AS5	1	64	N-terminal
Q94JU2	332	367	C-terminal
Q9C5V6	1	44	N-terminal
Q9C741	156	191	C-terminal
Q9C7G0	492	562	C-terminal
Q9C9P4	1	128	N-terminal
Q9CAP1	1	53	N-terminal
Q9FFS7	1	32	N-terminal
Q9FGD2	116	216	middle
Q9FH92	1	74	N-terminal
Q9FJ30	435	468	middle
Q9FKV0	1	34	N-terminal
Q9FRI1	254	387	middle
Q9FRI1	557	598	middle
Q9FX44	1	155	IDP
Q9FY87	247	297	C-terminal
Q9LFB9	1	568	IDP
Q9LSM5	384	643	C-terminal
Q9LU01	1	104	N-terminal
Q9LU01	200	280	C-terminal
Q9LZ82	1	34	N-terminal
Q9LZ82	198	237	middle
Q9SB36	1	61	N-terminal
Q9SJW5	115	188	C-terminal
Q9SRE6	1	49	N-terminal
Q9STN5	1	36	N-terminal
Q9SUD5	318	359	C-terminal
Q9XFR0	1	59	N-terminal
A0A1I9LRC5	1	97	IDP
A0A1P8ARB6	1	62	N-terminal
A0A1P8ARB6	102	163	C-terminal
A0A1P8B1Q0	1	106	IDP
B3H4E1	1	55	IDP
F4HSJ2	1	104	N-terminal
F4IB54	1	118	IDP
F4IQN9	1	39	N-terminal
F4IS91	1	479	N-terminal
F4IS91	718	1014	middle
F4IS91	1064	1269	middle
F4IT19	1	44	N-terminal
F4IZ10	1	174	IDP
F4JCS8	1	52	N-terminal
F4JCS8	187	262	middle
F4JCS8	412	1613	C-terminal
F4JIM4	1	73	N-terminal
F4JWE4	296	373	C-terminal
O22791	77	108	middle
O22791	186	404	C-terminal
O23116	1	82	N-terminal
O23116	283	567	C-terminal
O49393	166	247	middle
O80703	1	84	N-terminal
O82392	1	81	N-terminal
P0DKJ6	1	70	N-terminal
P93822	77	133	C-terminal
Q0WR90	1	45	IDP
Q2PE60	1	47	N-terminal
Q2PE60	115	234	middle
Q2V4F4	1	31	N-terminal
Q570Y5	1	59	IDP
Q6ICW9	1	85	N-terminal
Q7X9N2	1	37	N-terminal
Q7X9N2	142	287	C-terminal
Q84VG5	1	69	IDP
Q8GUN9	1	200	N-terminal
Q8GX78	1	121	N-terminal
Q8H151	1	70	N-terminal
Q8L7S3	1	165	N-terminal
Q8L7S3	631	697	middle
Q8W4D4	1	67	N-terminal
Q8W4F3	185	224	middle
Q8W4I9	1	218	N-terminal
Q8W4I9	370	728	middle
Q8W4I9	853	915	C-terminal
Q93V84	1	58	N-terminal
Q93V84	248	331	C-terminal
Q940S9	1	34	N-terminal
Q940S9	240	313	middle
Q94A94	1	65	N-terminal
Q94AM5	1	201	N-terminal
Q94CJ5	1	103	N-terminal
Q94JV0	1	122	N-terminal
Q94JX6	1	44	N-terminal
Q9C6T0	277	323	C-terminal
Q9FGH6	1	45	N-terminal
Q9FGS4	1	83	N-terminal
Q9FHA7	1	137	N-terminal
Q9FHA7	184	241	C-terminal
Q9FJP0	1	95	N-terminal
Q9FJP0	265	300	C-terminal
Q9FVW4	95	482	C-terminal
Q9FYL1	1	80	N-terminal
Q9LDG7	1	393	N-terminal
Q9LDG7	460	490	middle
Q9LDG7	720	883	C-terminal
Q9LH92	182	281	middle
Q9LH92	376	434	C-terminal
Q9LJY0	1	36	N-terminal
Q9LJY0	244	352	middle
Q9LUT0	1	45	N-terminal
Q9LX27	1	53	N-terminal
Q9M212	280	355	middle
Q9M2J7	115	218	C-terminal
Q9M439	1	33	N-terminal
Q9SA50	125	262	middle
Q9SK50	1	75	N-terminal
Q9SMZ3	1	64	N-terminal
Q9SUN2	1	140	IDP
Q9SUX0	1	31	N-terminal
Q9XEC4	1	46	N-terminal
Q9ZNZ7	1	85	N-terminal
A1L4X7	1	169	N-terminal
A1L4X7	288	411	C-terminal
A8MQL1	1	59	N-terminal
A8MQL1	357	389	middle
A8MQL1	440	1082	C-terminal
F4IK97	1	245	IDP
F4IN39	1	376	N-terminal
F4IN39	426	458	middle
F4IUQ8	1	160	N-terminal
F4J3M2	1	66	N-terminal
F4J3M2	580	740	middle
F4JKW0	1	126	N-terminal
F4JL64	1	105	N-terminal
F4JN35	154	512	C-terminal
F4JX00	1	44	N-terminal
F4JX00	147	201	middle
F4JX00	790	975	C-terminal
F4K000	1	36	N-terminal
F4KFA3	350	419	middle
O24621	1	145	N-terminal
O24621	198	280	middle
O64716	1	103	N-terminal
O64850	264	311	middle
O65267	103	317	C-terminal
P29525	1	43	N-terminal
P29525	123	173	C-terminal
P32746	1	61	N-terminal
P32746	215	249	middle
P49599	1	64	N-terminal
Q3ECH7	1	287	IDP
Q4FE45	392	513	C-terminal
Q4JL84	113	235	C-terminal
Q500V3	438	524	middle
Q56ZX8	1	89	IDP
Q84JA6	75	202	middle
Q84JA6	605	684	middle
Q8GYS0	1	154	IDP
Q8GYT9	286	358	C-terminal
Q8L7V7	1	151	N-terminal
Q8L7V7	268	364	middle
Q8L7V7	667	725	C-terminal
Q8RW96	1	90	N-terminal
Q93WV0	1	362	N-terminal
Q93WV0	426	557	C-terminal
Q93YN1	340	390	C-terminal
Q93ZG1	1	367	IDP
Q94AR6	69	204	C-terminal
Q94K00	1	63	N-terminal
Q96266	1	49	N-terminal
Q9C801	1	170	N-terminal
Q9C801	292	342	middle
Q9C8N5	1	75	N-terminal
Q9C8N5	138	228	middle
Q9C8N5	386	499	C-terminal
Q9FFY5	1	48	N-terminal
Q9FFY5	98	184	middle
Q9FGC8	1	36	N-terminal
Q9FGC8	211	287	middle
Q9FJ13	1	34	N-terminal
Q9FRI3	151	278	C-terminal
Q9FX43	1	47	N-terminal
Q9FXA9	1	41	N-terminal
Q9LRM0	1	37	N-terminal
Q9LU10	1	101	N-terminal
Q9LVU3	1	199	N-terminal
Q9LXI7	1	35	N-terminal
Q9LYF7	1	82	N-terminal
Q9LYU9	1	51	N-terminal
Q9M7T1	1	47	N-terminal
Q9M7T1	84	120	middle
Q9M8J5	1	76	N-terminal
Q9MA92	1	54	N-terminal
Q9MA92	253	335	middle
Q9S845	323	372	C-terminal
Q9SIU9	1	53	N-terminal
Q9SU24	1	167	N-terminal
Q9SU24	346	410	middle
Q9SZ06	1	141	N-terminal
Q9SZ06	188	268	C-terminal
Q9XIM8	1	41	N-terminal
Q9ZUX4	1	113	IDP
A0A1I9LNY2	1	32	N-terminal
A0A1P8B2V1	1	96	IDP
A3KPF3	1	32	N-terminal
B3H4J6	1	31	IDP
B3H7C0	1	33	IDP
B9DHD7	85	297	middle
F4I420	1	704	N-terminal
F4I5D7	265	509	C-terminal
F4I7J9	156	227	middle
F4I7J9	400	553	middle
F4I7J9	964	1080	middle
F4I7J9	1159	1296	middle
F4I7J9	1416	1569	middle
F4I7J9	1635	1738	middle
F4IRK9	1	124	IDP
F4J1R8	1	167	IDP
F4K0E2	1	253	N-terminal
F4K730	1	89	N-terminal
F4K9U0	1	109	N-terminal
F4K9U0	145	331	middle
O48722	1	129	N-terminal
O64777	766	806	C-terminal
O64827	1	64	N-terminal
O64827	292	422	middle
O64827	513	582	middle
O64827	809	950	middle
Q0WLY0	1	239	N-terminal
Q0WLY0	390	763	C-terminal
Q0WPW5	281	448	C-terminal
Q3EBP7	1	158	N-terminal
Q56WV9	45	117	C-terminal
Q58FU2	1	64	N-terminal
Q5XVL8	1	132	IDP
Q66GN3	1	82	N-terminal
Q67ZF8	1	293	IDP
Q6Q151	169	209	middle
Q6Q151	361	506	C-terminal
Q6R0A6	118	294	C-terminal
Q6RF46	94	127	C-terminal
Q84WU4	1	66	N-terminal
Q84WU4	112	181	middle
Q84WU4	309	360	middle
Q84WU4	608	712	C-terminal
Q8GUU2	1	60	N-terminal
Q8LEC2	139	173	C-terminal
Q8RXK8	1	113	N-terminal
Q8RXN6	1	50	N-terminal
Q8RXN6	332	485	C-terminal
Q8VYJ6	386	504	C-terminal
Q8VZF6	125	175	middle
Q8VZF6	402	489	middle
Q9C710	1	345	N-terminal
Q9C7S6	1	46	N-terminal
Q9C999	192	274	middle
Q9CA36	1	42	N-terminal
Q9CA36	80	152	C-terminal
Q9CAE0	995	1131	C-terminal
Q9FFG0	115	165	middle
Q9FHT3	375	415	middle
Q9FKB5	1	178	N-terminal
Q9FMM7	1	285	N-terminal
Q9FXD6	150	194	middle
Q9FXD6	259	521	C-terminal
Q9LJF6	1	153	IDP
Q9LJI2	1	105	N-terminal
Q9LJI2	304	396	middle
Q9LR64	1	72	N-terminal
Q9LSC7	1	149	N-terminal
Q9LT57	1	31	N-terminal
Q9LT57	255	491	C-terminal
Q9LTX9	1	83	N-terminal
Q9LTX9	563	718	C-terminal
Q9LTZ3	1	162	IDP
Q9LVU9	1	144	N-terminal
Q9LYF6	1	61	IDP
Q9LZ98	269	328	C-terminal
Q9LZV6	1	112	N-terminal
Q9LZV6	177	227	middle
Q9MA32	1	96	N-terminal
Q9S843	109	174	C-terminal
Q9SB80	106	155	middle
Q9SB80	246	305	middle
Q9SHI1	1	413	N-terminal
Q9SI72	1	34	N-terminal
Q9SIS2	1	120	N-terminal
Q9SIS2	307	354	C-terminal
Q9SJN2	1	46	N-terminal
Q9SQI8	1	56	N-terminal
Q9SQI8	139	255	middle
A0A1P8AN89	1	85	IDP
A0A1P8BEK1	1	62	IDP
A8MQG6	1	97	N-terminal
B3H7M7	68	170	C-terminal
C0SVG5	1	51	N-terminal
C0SVG5	110	234	middle
F4HPA7	1	34	N-terminal
F4HT41	1	44	N-terminal
F4HXQ7	164	895	middle
F4HXQ7	985	1022	middle
F4HZB2	1	72	N-terminal
F4HZB2	393	491	middle
F4HZB2	631	682	middle
F4HZB2	1289	1331	middle
F4HZB2	1495	1561	middle
F4HZB2	1949	2174	middle
F4HZB2	2585	2758	middle
F4IB52	1	93	IDP
F4ISN0	983	1044	middle
F4ISN0	1260	1325	middle
F4ISN0	1665	1790	middle
F4ISN0	1866	1908	middle
F4ISN0	2039	2157	middle
F4J389	1	32	N-terminal
F4J389	125	172	C-terminal
F4JKS9	1	65	N-terminal
O65476	1	31	N-terminal
O82733	293	331	C-terminal
P0C8P5	1	98	N-terminal
P93755	1	43	N-terminal
P93755	191	243	middle
P93755	364	716	C-terminal
Q0WV96	169	429	C-terminal
Q45GG2	1	43	N-terminal
Q45GG2	130	302	middle
Q494P0	502	535	C-terminal
Q4PSG2	1	51	N-terminal
Q58G10	68	270	middle
Q58G10	315	407	C-terminal
Q5Q0H2	178	248	C-terminal
Q7X9H6	172	249	C-terminal
Q84M99	1	42	N-terminal
Q8H107	1	88	N-terminal
Q8H107	162	239	middle
Q8H1S0	1	58	N-terminal
Q8L9S1	1	77	N-terminal
Q8LD98	1	57	N-terminal
Q8RY29	1	42	N-terminal
Q8VY76	1	100	N-terminal
Q8VY76	163	261	C-terminal
Q8VYM4	1	70	N-terminal
Q93ZM2	1	142	N-terminal
Q93ZM2	372	481	C-terminal
Q94AR8	1	67	N-terminal
Q95749	1	443	N-terminal
Q9ASQ7	1	129	N-terminal
Q9ASQ7	486	519	C-terminal
Q9C6S6	1	34	N-terminal
Q9C8B7	149	182	middle
Q9C9R6	1	325	N-terminal
Q9FGL9	330	429	C-terminal
Q9FHI2	554	630	middle
Q9FJQ0	1	226	N-terminal
Q9FKB1	1	34	N-terminal
Q9FKB1	137	175	C-terminal
Q9FNC0	1	115	N-terminal
Q9FX61	1	194	IDP
Q9FYE2	1	406	IDP
Q9LFN5	854	918	C-terminal
Q9LJF5	182	359	C-terminal
Q9LNJ0	1	69	N-terminal
Q9LNJ0	648	711	C-terminal
Q9LSK8	1	52	N-terminal
Q9LV48	1	256	N-terminal
Q9LV48	561	652	C-terminal
Q9LYR0	1	94	N-terminal
Q9LYR0	152	443	C-terminal
Q9M1C3	1	305	IDP
Q9SGI8	1	72	N-terminal
Q9SII9	85	156	middle
Q9SII9	259	375	middle
Q9SII9	437	492	middle
Q9SKE0	1	46	IDP
Q9SLB7	118	245	C-terminal
Q9SXA9	72	164	middle
Q9SXA9	243	304	middle
A0A1I9LLX4	202	324	C-terminal
A0A1I9LQ93	1	98	IDP
A0A1P8B877	182	256	C-terminal
A0A1P8BBP0	1	85	IDP
F4HT02	1	34	N-terminal
F4I9J7	1	92	N-terminal
F4I9J7	163	202	C-terminal
F4IDV2	1	35	N-terminal
F4IHJ0	1	76	N-terminal
F4IHJ0	382	538	middle
F4IQ31	73	169	C-terminal
F4JN57	309	527	C-terminal
F4KCX6	1	75	N-terminal
O22476	776	849	middle
O22977	1	169	N-terminal
O64564	1	59	N-terminal
O64693	1	172	N-terminal
O64738	126	165	middle
O65233	1	225	IDP
O80842	1	59	N-terminal
O80861	1	260	IDP
O82615	44	90	C-terminal
P29381	186	248	C-terminal
P93006	1	46	N-terminal
Q1G3L5	1	64	IDP
Q1G3S1	1	91	IDP
Q1G3Y6	1	115	IDP
Q1PDX9	1	32	N-terminal
Q1PE01	1	39	N-terminal
Q3E727	1	232	IDP
Q5BPT6	1	42	N-terminal
Q67YJ7	1	117	N-terminal
Q8GWW6	1	44	N-terminal
Q8GWW6	273	342	C-terminal
Q8GXD3	1	249	IDP
Q8GXX6	1	179	N-terminal
Q8GXX6	261	348	C-terminal
Q8GZM7	1	293	N-terminal
Q8GZM7	341	478	C-terminal
Q8LEN7	1	32	N-terminal
Q8VXY9	1	48	N-terminal
Q8VYI4	1	37	N-terminal
Q8VZV9	1	55	N-terminal
Q93Z04	1	79	N-terminal
Q93Z04	408	501	C-terminal
Q93Z74	240	340	C-terminal
Q949S5	173	207	middle
Q94BY9	1	108	N-terminal
Q94BY9	176	271	middle
Q9C6P3	1	59	N-terminal
Q9C8H6	619	660	C-terminal
Q9C8K8	1	148	N-terminal
Q9FGL6	1	81	N-terminal
Q9FLU9	1	35	N-terminal
Q9FXD4	544	664	C-terminal
Q9FY74	141	408	middle
Q9FY74	674	833	middle
Q9FY74	883	924	middle
Q9FY74	960	1007	C-terminal
Q9LD90	395	565	C-terminal
Q9LJB7	63	107	middle
Q9LK24	1	69	N-terminal
Q9LK99	186	217	C-terminal
Q9LU77	171	484	middle
Q9LUC3	392	598	C-terminal
Q9LY46	1	137	N-terminal
Q9LZT6	1	80	N-terminal
Q9LZT6	192	385	C-terminal
Q9M1V2	247	323	C-terminal
Q9M846	1	76	IDP
Q9M9E0	1	100	N-terminal
Q9M9P7	1	101	N-terminal
Q9S9Z2	175	365	C-terminal
Q9SQT9	1	125	IDP
Q9SRS2	1	76	N-terminal
Q9SRS2	136	235	C-terminal
Q9SUT9	1	80	N-terminal
Q9SVD6	1	178	IDP
Q9SZ10	1	50	N-terminal
Q9SZU4	1	121	N-terminal
Q9SZU4	190	471	C-terminal
Q9T038	1	166	IDP
A0A1P8AVR2	121	189	C-terminal
A8MQJ8	1	49	N-terminal
B3H4W2	1	31	IDP
B3H624	1	55	IDP
C0SUW8	1	485	N-terminal
F4I1Y9	90	122	C-terminal
F4IB79	1	78	IDP
F4IH25	1	152	N-terminal
F4INY4	64	151	middle
F4INY4	983	1044	middle
F4INY4	1118	1299	C-terminal
F4IWV2	1	60	N-terminal
F4JPE9	1	101	N-terminal
F4JPE9	328	383	middle
F4JZX8	1	66	N-terminal
F4K487	1	129	N-terminal
F4K487	277	345	middle
F4K487	653	689	middle
O48582	1	70	N-terminal
O48582	173	723	C-terminal
O64762	152	302	C-terminal
O80964	89	231	C-terminal
Q0WUG6	1	43	N-terminal
Q0WUG6	958	1038	C-terminal
Q0WUZ5	1	33	N-terminal
Q1G3L1	1	121	N-terminal
Q3EDH8	1	83	IDP
Q5RJC5	1	97	N-terminal
Q5RJC5	221	333	middle
Q5RJC5	371	435	C-terminal
Q7XJE5	1	113	N-terminal
Q7XJE5	382	418	C-terminal
Q84J39	92	163	middle
Q84J39	391	467	middle
Q84JE0	1	352	IDP
Q84JE5	239	342	C-terminal
Q84MB2	1	361	IDP
Q8GUP1	469	597	middle
Q8GUP1	638	734	C-terminal
Q8GY55	1	315	IDP
Q8H1H9	1	39	N-terminal
Q8L7R1	125	156	C-terminal
Q8LAV5	115	187	middle
Q8LDL9	1	71	N-terminal
Q8RW93	1	45	N-terminal
Q8VXW7	1	49	N-terminal
Q8VYI7	1	120	N-terminal
Q8VYS2	1	94	N-terminal
Q8VYS2	666	696	middle
Q8VZS9	1	153	N-terminal
Q93ZA0	1	71	N-terminal
Q94AC6	1	64	N-terminal
Q9FIJ6	1	41	N-terminal
Q9FIJ6	344	409	middle
Q9FL72	1	36	N-terminal
Q9LD44	201	364	C-terminal
Q9LFC0	1	62	N-terminal
Q9LFC0	147	360	C-terminal
Q9LRU1	1	31	N-terminal
Q9LSC4	1	41	N-terminal
Q9LUA2	1	137	N-terminal
Q9LUA2	184	332	C-terminal
Q9LY43	1	52	N-terminal
Q9LYD3	1	51	N-terminal
Q9LYD3	121	236	C-terminal
Q9LZ66	1	76	N-terminal
Q9LZ71	237	427	middle
Q9LZU4	243	333	middle
Q9LZU4	635	676	C-terminal
Q9M102	1	140	IDP
Q9M9V4	1	35	N-terminal
Q9SHH0	1	38	N-terminal
Q9SIH0	102	150	C-terminal
Q9SJG5	1	32	N-terminal
Q9SSF0	73	157	C-terminal
Q9STN7	74	135	middle
Q9STN7	224	293	C-terminal
Q9SXJ7	1	108	N-terminal
Q9SZF7	1	133	N-terminal
Q9XFD1	160	257	C-terminal
Q9ZV15	1	118	N-terminal
Q9ZVR0	1	66	N-terminal
A0A1P8B3N2	1	102	IDP
B3H4Y5	1	33	IDP
B3H5F5	1	41	IDP
F4HRK6	1	111	IDP
F4I321	80	347	C-terminal
F4J2C6	522	561	middle
F4J2C6	629	1078	C-terminal
F4J8G7	1416	2138	C-terminal
F4JLT3	1	49	N-terminal
F4K2E9	1	420	N-terminal
F4K2E9	1192	1255	C-terminal
F4KE50	1	417	N-terminal
F4KFG5	1	42	N-terminal
F4KG64	1	236	N-terminal
O04036	1	81	N-terminal
O04036	230	281	middle
O22907	1	111	N-terminal
O22907	609	760	C-terminal
O23081	628	665	C-terminal
O23683	1	137	IDP
O80366	149	234	C-terminal
O80536	1	355	N-terminal
O80536	402	524	C-terminal
O80982	1	44	N-terminal
O80982	236	345	C-terminal
O81126	65	200	C-terminal
P0CB16	1156	1201	C-terminal
P25697	1	54	N-terminal
P93747	1	108	N-terminal
Q0WPT7	1	72	N-terminal
Q0WPY0	1	67	N-terminal
Q0WPY0	275	314	middle
Q2UVJ5	1	131	N-terminal
Q56XJ7	1	124	N-terminal
Q56XJ7	201	255	C-terminal
Q56XU4	1	70	N-terminal
Q56XU4	115	413	C-terminal
Q5PNU4	119	196	middle
Q67XQ0	330	403	middle
Q67XQ0	445	494	C-terminal
Q681K7	1	56	N-terminal
Q681K7	534	593	C-terminal
Q6R8G2	37	97	middle
Q6R8G2	155	230	middle
Q7GB25	41	73	middle
Q7GB25	850	924	middle
Q7PC81	1	63	N-terminal
Q7Y1Z8	1	57	N-terminal
Q7Y1Z8	358	403	middle
Q8GWF1	1	289	IDP
Q8LAL6	1	88	IDP
Q8W458	1	255	IDP
Q947D2	124	236	middle
Q947D2	700	830	middle
Q947D2	908	1024	middle
Q9C581	1	50	N-terminal
Q9C8F8	1	161	N-terminal
Q9C8M0	1	46	N-terminal
Q9C8M0	85	123	middle
Q9CA56	1	63	N-terminal
Q9CAC3	319	413	C-terminal
Q9CAS9	1	109	IDP
Q9FE54	1	152	IDP
Q9FFG4	160	471	C-terminal
Q9FH91	1	65	N-terminal
Q9FJE6	1	32	N-terminal
Q9FKJ0	1	34	N-terminal
Q9FNZ5	1	142	IDP
Q9LFJ1	1	73	N-terminal
Q9LXC2	1	76	N-terminal
Q9LXN8	113	158	C-terminal
Q9M1R7	1	228	IDP
Q9M4P3	1	55	N-terminal
Q9M9U0	1	165	N-terminal
Q9SKY9	1	174	N-terminal
Q9SPG1	119	286	C-terminal
Q9SUR5	1	42	N-terminal
Q9ZVH8	91	200	middle
Q9ZVZ9	1	92	N-terminal
A0A1P8B1P2	495	780	middle
B3H5J4	1	66	IDP
F4I0K9	1	173	N-terminal
F4IN69	180	211	middle
F4IN69	383	465	middle
F4IN69	501	531	middle
F4IN69	767	798	middle
F4J5F2	1	91	IDP
F4JBJ9	1	73	N-terminal
F4JJ02	271	367	C-terminal
F4JL85	131	199	C-terminal
F4JXD2	1	85	N-terminal
F4JY73	1	84	N-terminal
F4K064	1	69	N-terminal
F4K064	300	338	middle
F4K064	646	677	C-terminal
O22126	332	420	C-terminal
O64823	1	69	N-terminal
O80574	1	60	N-terminal
P45951	1	253	N-terminal
P51567	1	80	N-terminal
P92556	1	205	IDP
Q08A72	1	47	N-terminal
Q08A72	124	252	middle
Q08A72	320	362	middle
Q1G3K4	62	101	C-terminal
Q3EDH7	71	195	C-terminal
Q5XF07	1	45	N-terminal
Q6NLS9	1	42	N-terminal
Q8GY51	1	812	N-terminal
Q8GY51	930	1017	middle
Q8GYU0	1	36	N-terminal
Q8H115	1	44	N-terminal
Q8H115	209	312	C-terminal
Q8LFD3	1	70	N-terminal
Q8LFD3	165	255	C-terminal
Q8LGF0	1	73	IDP
Q8LGG2	1	135	IDP
Q8RWH8	293	344	C-terminal
Q8RXT7	1	146	N-terminal
Q8S929	1	79	N-terminal
Q93YN0	1	101	N-terminal
Q94AK1	264	294	C-terminal
Q94AX4	1	98	N-terminal
Q94BY8	1	79	N-terminal
Q94JQ6	89	268	middle
Q94JQ6	650	712	middle
Q9ASW8	1	338	IDP
Q9C6V2	1	32	N-terminal
Q9C800	1	96	N-terminal
Q9C800	379	441	C-terminal
Q9C9T2	1	31	N-terminal
Q9C9T2	387	451	C-terminal
Q9FHE4	1	95	N-terminal
Q9FIU9	1	37	N-terminal
Q9FJ36	54	93	middle
Q9FKF5	1	134	IDP
Q9FLT9	1	109	N-terminal
Q9FT81	206	337	middle
Q9FWX0	1	76	N-terminal
Q9FX83	1	45	N-terminal
Q9LKV3	1	35	N-terminal
Q9LNR2	1	80	N-terminal
Q9LQU7	1	46	N-terminal
Q9LQU7	365	498	middle
Q9LQU7	558	604	C-terminal
Q9LRJ8	1	178	IDP
Q9LRP2	311	375	C-terminal
Q9LTS6	1	41	N-terminal
Q9LTS6	82	135	C-terminal
Q9LXV9	1	78	N-terminal
Q9LZ78	1	127	IDP
Q9M837	1	67	N-terminal
Q9M9E8	394	443	middle
Q9MA50	1	37	N-terminal
Q9S7Q2	1	71	N-terminal
Q9S7Q2	800	862	C-terminal
Q9SCW4	1	47	N-terminal
Q9SCW4	116	299	C-terminal
Q9SCZ4	415	519	middle
Q9SCZ4	818	895	C-terminal
Q9SIY7	1	65	N-terminal
Q9SS65	41	108	middle
Q9SST1	1	427	N-terminal
Q9SUG7	90	122	middle
Q9SUG7	537	587	middle
Q9SUG7	673	815	middle
Q9SUG7	1077	1148	C-terminal
Q9SZA1	1	54	IDP
A0A1I9LQK5	58	235	middle
A0A1I9LQK5	285	316	middle
A0A1I9LQK5	411	603	C-terminal
A0A1I9LQN4	1	125	IDP
A0A1I9LRJ4	1	44	N-terminal
A0A1P8AXQ6	1	206	IDP
A0A1P8B3L9	1	35	N-terminal
A0A1P8B4J0	1	287	IDP
A0A1P8BB42	1	102	N-terminal
A0A1P8BB42	159	275	middle
A0A1P8BB42	353	409	C-terminal
A8MR38	1	77	N-terminal
F4HU79	200	246	middle
F4HU79	513	572	C-terminal
F4HVZ5	1	279	IDP
F4IBK8	999	1050	C-terminal
F4IE60	144	784	middle
F4IF04	1	41	N-terminal
F4IJK6	1	85	N-terminal
F4IJK6	753	799	middle
F4IJK6	851	886	middle
F4IJK6	941	1083	C-terminal
F4INK3	533	757	C-terminal
F4J000	144	300	middle
F4J000	450	481	C-terminal
F4J2U9	1	197	N-terminal
F4J2U9	312	392	middle
F4J2U9	544	579	middle
F4J2U9	792	881	C-terminal
F4JLK2	1	62	N-terminal
F4JLK2	128	178	middle
F4JLK2	1008	1050	C-terminal
F4JTU7	731	813	C-terminal
F4JXV3	1	309	N-terminal
F4JXV3	350	533	middle
F4JXV3	689	873	C-terminal
F4K0B5	1	195	N-terminal
O22922	103	155	middle
O48773	395	440	C-terminal
O48946	1	34	N-terminal
O48946	85	265	middle
O48946	659	712	middle
O49597	1	125	IDP
O65694	109	150	C-terminal
O80358	284	390	C-terminal
O81028	1	44	N-terminal
P0C1T5	1	85	IDP
P51424	1	51	IDP
Q0WW43	1	46	N-terminal
Q38802	1	70	N-terminal
Q570J5	1	77	N-terminal
Q84JF5	1	73	N-terminal
Q8GX17	144	243	C-terminal
Q8GX37	1	463	N-terminal
Q8LCC1	1	60	IDP
Q8RX35	1	39	N-terminal
Q8RX35	93	134	middle
Q8RX35	401	916	C-terminal
Q8RXC4	876	950	middle
Q8RXC4	1074	1159	middle
Q8S8F3	1	39	N-terminal
Q8VYI5	67	108	C-terminal
Q9C545	1	39	N-terminal
Q9C5E4	1	324	IDP
Q9C5F4	1	82	N-terminal
Q9C6P8	1	36	N-terminal
Q9C6P8	114	288	middle
Q9C6P8	386	629	C-terminal
Q9FFI3	1	135	IDP
Q9FGQ2	220	294	C-terminal
Q9FHD8	1	130	N-terminal
Q9FK91	1	60	N-terminal
Q9LDL7	1	62	N-terminal
Q9LIJ8	1	134	N-terminal
Q9LIJ8	324	370	C-terminal
Q9LMX3	1	50	N-terminal
Q9LN69	1	34	N-terminal
Q9LN69	857	904	C-terminal
Q9LR74	173	281	C-terminal
Q9M9B9	164	217	middle
Q9M9B9	268	407	C-terminal
Q9M9L2	98	154	middle
Q9M9L2	715	777	C-terminal
Q9MA40	1	67	N-terminal
Q9SCK9	1	504	N-terminal
Q9SCK9	557	953	C-terminal
Q9SI87	1	63	N-terminal
Q9SJJ0	1	41	N-terminal
Q9SJJ0	102	255	C-terminal
Q9SJX1	1	72	N-terminal
Q9STM8	1	513	IDP
Q9SW63	1	34	N-terminal
Q9SW63	88	196	C-terminal
A0A1P8B5T9	1	111	IDP
A8MQH9	1	778	N-terminal
B3H4N8	1	69	IDP
B3H601	1	37	IDP
F4HPZ9	1	60	N-terminal
F4HPZ9	419	469	middle
F4HPZ9	517	639	middle
F4HPZ9	682	757	middle
F4HYV5	165	394	C-terminal
F4I5R5	913	943	middle
F4IBL4	1	51	N-terminal
F4ICS1	125	247	C-terminal
F4JED3	356	469	middle
F4JED3	535	677	C-terminal
F4JNR2	1	240	N-terminal
F4JNR2	785	841	C-terminal
O23157	1	173	IDP
O23273	1	85	N-terminal
O23273	630	680	middle
O23277	1	42	N-terminal
O23277	1242	1330	C-terminal
O80501	172	208	C-terminal
O80854	1	41	N-terminal
O80854	222	257	C-terminal
O82178	1	79	N-terminal
P0DKC0	1	67	N-terminal
P0DKC0	364	422	middle
P0DKC0	480	576	C-terminal
P27450	1	61	N-terminal
P27450	374	419	C-terminal
P41917	190	221	C-terminal
Q39244	108	174	middle
Q5XEY4	1	92	N-terminal
Q6J9N8	1	229	N-terminal
Q6J9N8	405	498	C-terminal
Q84JB8	1	40	N-terminal
Q84K46	1	33	N-terminal
Q8GXX7	1	42	N-terminal
Q8GXX7	154	269	middle
Q8GXX7	351	397	C-terminal
Q8GYG0	1	203	N-terminal
Q8H1Y0	1	40	N-terminal
Q8L5Y4	1	46	N-terminal
Q8L5Y4	803	861	middle
Q8L5Y4	1446	1509	C-terminal
Q8L762	1	66	N-terminal
Q8LCS6	1	147	IDP
Q8VZ58	1	91	N-terminal
Q944L3	1	59	N-terminal
Q944L3	207	446	C-terminal
Q944Q6	136	301	middle
Q94C53	1	182	N-terminal
Q94F23	1	62	N-terminal
Q9C5M5	1	120	N-terminal
Q9C9F7	169	201	C-terminal
Q9C9X1	1	54	N-terminal
Q9C9X1	249	282	middle
Q9FFX6	1	107	N-terminal
Q9FFX6	205	247	middle
Q9FI15	55	254	C-terminal
Q9FKL3	172	773	middle
Q9FLR1	125	336	C-terminal
Q9LIE8	1	1394	N-terminal
Q9LJK5	1	74	N-terminal
Q9LJK5	226	266	middle
Q9LJU0	1	52	N-terminal
Q9LMJ4	1	59	N-terminal
Q9LMN1	242	360	middle
Q9LPT3	1	34	N-terminal
Q9LPT3	347	390	middle
Q9LTE9	176	238	C-terminal
Q9M2I3	1	37	N-terminal
Q9M3C3	1	49	N-terminal
Q9S710	281	363	middle
Q9S710	681	712	middle
Q9SF09	1	32	N-terminal
Q9SJW9	1	113	N-terminal
Q9SJW9	228	432	middle
Q9SL54	1	145	N-terminal
Q9SUT5	121	158	middle
Q9SUT5	257	358	C-terminal
Q9SVT5	1	84	N-terminal
Q9T0A6	1	198	IDP
Q9XFH9	1	77	N-terminal
Q9XFR5	186	268	C-terminal
Q9ZQ70	1	407	N-terminal
Q9ZQ70	458	513	C-terminal
Q9ZVI7	1	146	N-terminal
A0A1P8B3Y4	57	94	C-terminal
B3H475	1	34	IDP
B3H5Z1	1	64	IDP
F4HSS8	208	247	middle
F4ITY5	1	34	N-terminal
F4IW47	1	78	N-terminal
F4JAP7	1	31	N-terminal
F4JMA6	64	490	middle
F4JZH9	1	31	N-terminal
F4JZH9	444	611	C-terminal
F4K4E3	79	129	C-terminal
O04539	161	308	middle
O04539	378	452	middle
O04539	713	1004	middle
O04539	1237	1326	C-terminal
O22845	1	63	N-terminal
O22914	1	124	IDP
O22920	796	831	C-terminal
O48828	1	58	N-terminal
O64879	1	33	N-terminal
O80988	1	100	N-terminal
O81832	434	471	middle
P52032	1	78	N-terminal
P82715	1	86	N-terminal
Q1G3Y1	1	52	N-terminal
Q2V2Q4	1	33	N-terminal
Q3ECH9	1	101	IDP
Q67YG7	1	148	IDP
Q6DSU0	1	89	N-terminal
Q6J9S1	98	253	C-terminal
Q8GWK1	1	49	N-terminal
Q8GWK1	111	221	C-terminal
Q8GYB1	1	86	N-terminal
Q8GYB1	126	159	middle
Q8H102	1	296	N-terminal
Q8LPF1	1	94	N-terminal
Q8VWG3	1	132	N-terminal
Q93ZM9	1	102	N-terminal
Q94AY3	88	304	middle
Q94C11	1	137	N-terminal
Q94C11	201	443	C-terminal
Q94CK1	76	193	middle
Q94LW6	1	38	N-terminal
Q9C4Z8	1	176	IDP
Q9C685	1	92	N-terminal
Q9C7Y4	1	43	N-terminal
Q9FFH6	187	247	C-terminal
Q9FGG5	563	711	C-terminal
Q9FHB7	1	438	IDP
Q9FJV9	1	201	IDP
Q9FMR6	1	82	N-terminal
Q9LJQ9	1	31	N-terminal
Q9LMW0	1	239	N-terminal
Q9LSA9	1	96	N-terminal
Q9LT36	1	134	IDP
Q9LV40	1	85	N-terminal
Q9LV40	439	523	C-terminal
Q9LVF3	1	171	N-terminal
Q9LW34	1	37	N-terminal
Q9S9Q9	178	217	middle
Q9S9Q9	374	407	middle
Q9S9Q9	520	665	C-terminal
Q9SA18	1	86	N-terminal
Q9SHU9	1	194	IDP
Q9SIX2	1	759	IDP
Q9SJT7	669	700	middle
Q9SJW0	148	286	C-terminal
Q9SQU6	1	89	N-terminal
Q9SRH4	1	120	N-terminal
Q9SU57	74	171	middle
Q9SUI7	1	83	N-terminal
Q9SW97	1	45	N-terminal
Q9SW97	878	953	C-terminal
Q9ZVC9	1	97	N-terminal
Q9ZVC9	141	190	middle
Q9ZVC9	638	705	middle
Q9ZVX3	1	197	N-terminal
A0A1P8AN25	1	73	N-terminal
A0A1P8ARI2	185	383	middle
A0A1P8BD72	1	247	N-terminal
A0A1P8BD72	434	507	middle
A0A1P8BFU6	1	104	N-terminal
B3H439	1	73	IDP
B6IDH3	1	110	N-terminal
C0SUZ3	1	175	N-terminal
C0SUZ3	263	300	C-terminal
F4HP54	1	72	IDP
F4HYB6	123	155	C-terminal
F4I5M8	162	301	middle
F4I5M8	690	753	C-terminal
F4JY37	264	563	middle
F4KAS1	78	108	middle
O22873	1	135	N-terminal
O22873	243	367	C-terminal
O22886	1	50	N-terminal
O64563	1	59	IDP
O64712	168	210	middle
O80751	123	196	middle
O80751	297	347	C-terminal
O80826	1	40	N-terminal
O81757	83	237	middle
O81757	286	342	C-terminal
P0DI06	1	32	N-terminal
P0DI06	394	433	C-terminal
P43298	438	561	middle
P43298	903	942	C-terminal
Q1G3K6	1	115	IDP
Q2QAV0	259	357	middle
Q3E6N7	1	92	IDP
Q56XQ6	1	40	N-terminal
Q5EAF2	1	44	N-terminal
Q6IDA6	1	162	IDP
Q6NLU6	1	106	IDP
Q6X7J3	1	36	N-terminal
Q6X7J3	95	204	middle
Q84WF0	1	50	N-terminal
Q8GY84	409	456	C-terminal
Q8GYP5	117	280	C-terminal
Q8LEP7	1	70	IDP
Q8RWE3	1	92	N-terminal
Q8RWE3	427	480	C-terminal
Q8RXU4	1	35	N-terminal
Q8RY67	1	44	N-terminal
Q8RY67	305	338	middle
Q8RY67	627	708	C-terminal
Q8W475	105	167	middle
Q8W475	264	415	middle
Q93XX8	1	64	IDP
Q93YU6	292	358	middle
Q9C512	1	39	N-terminal
Q9C6I6	1	87	N-terminal
Q9C6I6	197	240	middle
Q9C9H1	1	71	N-terminal
Q9C9H1	109	244	C-terminal
Q9FDZ8	1	173	N-terminal
Q9FKR7	986	1059	middle
Q9FL70	137	288	middle
Q9FM47	1	42	N-terminal
Q9FM47	203	423	C-terminal
Q9FN02	382	413	C-terminal
Q9FPS2	1	89	N-terminal
Q9FPS2	336	623	middle
Q9LEU7	278	382	middle
Q9LEY1	1	38	N-terminal
Q9LF79	1	34	N-terminal
Q9LIG2	534	579	middle
Q9LIG2	869	899	C-terminal
Q9LML3	1	167	N-terminal
Q9LW74	1	93	IDP
Q9M280	1	116	IDP
Q9SB75	586	634	middle
Q9SH36	1	181	N-terminal
Q9SH36	233	393	middle
Q9SN38	1	80	N-terminal
Q9SN38	367	431	C-terminal
Q9ZQE6	1	48	N-terminal
Q9ZUX5	1	33	N-terminal
Q9ZW89	98	297	middle
A0A1P8AST2	165	332	middle
A0A1P8AST2	668	700	C-terminal
A0A1P8B5P0	159	241	middle
A0A1P8B5P0	437	502	middle
A0A1P8B5P0	753	832	C-terminal
A4VCL8	1	32	N-terminal
B9DFS6	1	168	N-terminal
B9DFS6	277	314	middle
C0Z225	1	141	N-terminal
F4I954	1	115	IDP
F4IQ97	1	106	N-terminal
F4J3Y5	1	32	N-terminal
F4J7T2	1	540	N-terminal
F4J7T2	695	1043	middle
F4J7T2	1102	1907	C-terminal
F4JF07	400	430	C-terminal
F4JHN2	1	121	N-terminal
F4JHN2	198	534	C-terminal
F4K2K3	843	879	middle
F4K6N3	1	48	N-terminal
F4KDY1	475	600	C-terminal
O04376	1	74	N-terminal
O22152	94	144	middle
O22152	184	229	C-terminal
O23141	640	711	C-terminal
O49726	1	38	N-terminal
O81210	1	147	N-terminal
P0C042	1	33	N-terminal
P0C042	331	367	C-terminal
P0C7R0	1	35	N-terminal
P27323	214	254	middle
P46014	1	64	N-terminal
P56770	176	214	middle
P82646	1	33	N-terminal
P83483	1	76	N-terminal
P92544	1	106	IDP
Q0V865	1	405	N-terminal
Q1H5B1	1	90	N-terminal
Q39068	1	158	N-terminal
Q3EBA9	1	98	IDP
Q58FZ0	1	176	N-terminal
Q6AWW4	1	148	IDP
Q6NMR8	1	288	IDP
Q8GRX2	1	85	N-terminal
Q8GRX2	189	225	C-terminal
Q8L502	196	443	C-terminal
Q8L643	245	284	middle
Q8L643	547	613	C-terminal
Q8L7T5	417	802	C-terminal
Q8L7Z0	1	64	N-terminal
Q8L7Z0	639	720	C-terminal
Q8LAJ9	1	99	IDP
Q8LE84	1	144	IDP
Q8RWS4	1	122	N-terminal
Q8RWS4	410	444	C-terminal
Q93YS4	1	147	N-terminal
Q93YT1	808	912	C-terminal
Q94JV8	1	49	N-terminal
Q96511	1	38	N-terminal
Q9FKW6	1	70	N-terminal
Q9LFJ2	1	52	N-terminal
Q9LTY8	1	175	IDP
Q9LW00	63	254	C-terminal
Q9LXD9	1	40	N-terminal
Q9M150	1	31	N-terminal
Q9M2N8	165	237	middle
Q9M2Q7	1	222	N-terminal
Q9M907	1	31	N-terminal
Q9MAT3	53	208	middle
Q9MAT3	248	295	middle
Q9S7L6	209	484	middle
Q9SAH0	1	36	N-terminal
Q9SAH0	266	327	middle
Q9SD48	1	40	N-terminal
Q9SD48	260	293	middle
Q9SKC2	1	61	N-terminal
Q9SYG9	1	112	N-terminal
Q9SYG9	302	397	middle
Q9SYH2	101	183	C-terminal
Q9SYP1	1	114	N-terminal
Q9SYP1	188	272	middle
Q9SYP1	395	431	middle
Q9XIA4	1	96	N-terminal
Q9XIE2	1	50	N-terminal
Q9XIE2	800	861	middle
Q9ZPS1	1	31	N-terminal
B3H7M4	1	52	IDP
B9DFG5	1	100	N-terminal
C0LGL4	850	880	C-terminal
F4HQ87	1	796	N-terminal
F4I8G4	74	148	C-terminal
F4I907	1	60	N-terminal
F4J361	1	96	N-terminal
F4JKC9	1	54	IDP
F4JXC5	1	47	N-terminal
F4JZ53	205	545	C-terminal
F4K5K4	1	128	N-terminal
O04193	74	105	middle
O04573	1	150	IDP
O22807	1	102	N-terminal
O65278	1	92	N-terminal
O80490	1	150	IDP
O80719	1	54	N-terminal
O82299	1	94	N-terminal
O82299	270	308	C-terminal
Q0WQL0	447	478	C-terminal
Q1PFT0	1	34	N-terminal
Q38933	1	71	N-terminal
Q5XET6	1	80	N-terminal
Q66GQ3	1	69	N-terminal
Q680K2	1	59	N-terminal
Q6AWX6	114	821	C-terminal
Q84JI7	1	77	N-terminal
Q84WV9	1	66	N-terminal
Q8H0W1	1	101	N-terminal
Q8RWE5	1	79	N-terminal
Q8RWE5	306	383	C-terminal
Q8RWI2	153	262	C-terminal
Q8RXR2	1	118	N-terminal
Q8RXR2	550	600	middle
Q8S3W4	1	41	N-terminal
Q8VYN9	1	48	N-terminal
Q8VZ31	220	260	middle
Q8W4B1	1	65	N-terminal
Q8W4B1	250	317	middle
Q8W4B1	488	580	middle
Q8W4C3	445	476	middle
Q94A51	177	316	middle
Q94KJ2	1	319	N-terminal
Q96512	1	42	N-terminal
Q9C695	122	314	C-terminal
Q9C9Y8	223	320	middle
Q9C9Y8	607	640	C-terminal
Q9CAL2	1	31	N-terminal
Q9CAL2	605	646	C-terminal
Q9FFH0	1	149	N-terminal
Q9FFH0	219	386	C-terminal
Q9LF37	1	81	N-terminal
Q9LMG8	1	61	N-terminal
Q9LMG8	133	263	C-terminal
Q9LMQ2	1	56	N-terminal
Q9LRN0	1	84	N-terminal
Q9LU47	207	333	middle
Q9LU47	404	438	middle
Q9LV14	89	520	C-terminal
Q9LV87	1	92	IDP
Q9LYA5	1	70	N-terminal
Q9LYA5	211	256	C-terminal
Q9LYY5	1	42	N-terminal
Q9LZX9	1	100	N-terminal
Q9LZX9	379	433	middle
Q9LZX9	477	648	C-terminal
Q9SA80	1	430	IDP
Q9SHB0	1	137	N-terminal
Q9SR86	1	50	N-terminal
Q9SVY1	1	203	N-terminal
Q9SVY1	353	383	C-terminal
Q9XF67	1	35	N-terminal
Q9XF67	319	380	middle
Q9XI19	1	110	N-terminal
Q9ZQP5	72	115	C-terminal
A1L4Y1	1	75	N-terminal
B3H4C2	1	109	IDP
F4HVH9	1	98	N-terminal
F4HVH9	218	476	middle
F4I1G5	1	78	N-terminal
F4IGQ3	716	792	middle
F4J6I6	1	50	N-terminal
F4K499	1	52	N-terminal
F4K499	193	238	C-terminal
F4KFU8	1	118	N-terminal
F4KFU8	657	766	middle
F4KFU8	817	1013	middle
O04630	1	38	N-terminal
O23294	1	147	N-terminal
O48809	1	40	N-terminal
O48809	386	786	C-terminal
O64865	136	204	C-terminal
O81834	82	223	C-terminal
O82363	1	50	N-terminal
P18616	142	211	middle
P18616	1483	1839	C-terminal
P46248	1	56	N-terminal
Q0WN60	1	53	N-terminal
Q0WPK4	1	390	N-terminal
Q0WPK4	472	502	middle
Q0WRE7	1	85	IDP
Q0WX00	1	87	N-terminal
Q0WX00	195	334	middle
Q1JPL4	1	50	N-terminal
Q3EDB7	1	483	IDP
Q70II3	1	77	N-terminal
Q70II3	139	220	C-terminal
Q8GY87	1	268	N-terminal
Q8L604	1	49	N-terminal
Q8RWN9	1	122	N-terminal
Q8RWN9	193	300	middle
Q8RY99	1	54	N-terminal
Q8W033	1	68	N-terminal
Q8W465	1	98	N-terminal
Q940N7	1	55	N-terminal
Q940N7	200	477	C-terminal
Q949Y5	1	120	N-terminal
Q94B38	1	84	N-terminal
Q9C5X3	531	599	middle
Q9C8R8	1	169	N-terminal
Q9C8R8	273	308	middle
Q9C8R8	580	633	middle
Q9CAM1	1	146	N-terminal
Q9FF71	1	78	N-terminal
Q9FG04	56	196	C-terminal
Q9FG77	1	280	N-terminal
Q9FG77	327	466	middle
Q9FG77	539	687	C-terminal
Q9FGI1	1	56	N-terminal
Q9FIJ0	1	168	N-terminal
Q9FIY7	1	390	N-terminal
Q9FIY7	570	608	middle
Q9FPJ8	1	57	N-terminal
Q9FPJ8	225	262	middle
Q9FPJ8	323	387	C-terminal
Q9FT93	1	34	N-terminal
Q9FT93	246	391	C-terminal
Q9FVR3	1	105	N-terminal
Q9LFD1	555	586	C-terminal
Q9LFQ6	280	481	middle
Q9LFV5	1	94	N-terminal
Q9LHF4	1	50	N-terminal
Q9LK10	1	551	N-terminal
Q9LRR3	1	175	IDP
Q9LUK6	1	165	N-terminal
Q9LUK6	360	501	C-terminal
Q9LW17	306	341	C-terminal
Q9LYT5	1	69	N-terminal
Q9M0R4	73	357	C-terminal
Q9M1L7	234	343	middle
Q9M3D7	620	667	C-terminal
Q9M7Q3	1	358	N-terminal
Q9M9B2	1	329	IDP
Q9SAV1	292	338	middle
Q9SB38	1	33	N-terminal
Q9SCW5	1	45	N-terminal
Q9SCW5	203	428	middle
Q9SEY4	1	69	IDP
Q9SID8	170	207	C-terminal
Q9SRX3	1	39	N-terminal
Q9SVM8	1	43	N-terminal
Q9SVM8	86	158	C-terminal
Q9SW21	1	75	N-terminal
Q9XEC1	1	61	N-terminal
Q9XEC1	148	258	middle
Q9XEC1	299	350	C-terminal
A0A178VAW3	1	138	N-terminal
B3H6E3	1	31	IDP
B5X503	563	615	C-terminal
B9DHD3	1	56	N-terminal
F4HUC4	1	43	N-terminal
F4HW05	46	78	middle
F4HYR4	1	161	N-terminal
F4IIV5	426	807	middle
F4IRK4	1	74	N-terminal
F4IRK4	223	274	middle
F4ISY9	1	56	N-terminal
F4IVY6	1	57	N-terminal
F4JJT9	1	65	N-terminal
F4K727	1	68	N-terminal
O22040	1	65	N-terminal
O22040	328	666	C-terminal
O24454	134	166	middle
O64621	1	63	N-terminal
O64703	71	123	middle
O65659	1	290	IDP
O80340	88	222	C-terminal
O81347	1	54	N-terminal
O81778	107	168	middle
O81778	332	426	middle
P0DKB9	1	34	N-terminal
P25857	1	60	N-terminal
P56807	1	101	IDP
Q5XEV4	1	60	N-terminal
Q5XEV4	304	345	C-terminal
Q5XVC7	1	90	N-terminal
Q5XVC7	224	347	middle
Q5XVC7	387	518	C-terminal
Q84J71	1	72	N-terminal
Q84JV0	1	288	IDP
Q8H174	1	53	N-terminal
Q8L770	1	113	N-terminal
Q8LC53	1	67	N-terminal
Q8LGJ5	1	43	N-terminal
Q8RYD3	1	79	N-terminal
Q8RYD3	142	267	C-terminal
Q8S3D2	1	285	N-terminal
Q8S3D2	337	373	C-terminal
Q8VYT3	1	31	N-terminal
Q8VYT3	599	648	C-terminal
Q943Z6	108	145	C-terminal
Q94A41	1	81	N-terminal
Q94AH9	1	81	N-terminal
Q9C7C3	1	119	N-terminal
Q9C7G9	1	81	IDP
Q9C8V9	1	116	IDP
Q9CAE4	1	57	N-terminal
Q9CAE4	169	261	C-terminal
Q9CAY8	1	38	N-terminal
Q9FGW5	1	292	N-terminal
Q9FH55	1	46	N-terminal
Q9FHF9	1	36	N-terminal
Q9FI53	1	39	N-terminal
Q9FKV8	1	114	IDP
Q9FNC4	1	51	N-terminal
Q9FX58	1	176	IDP
Q9LF14	1	38	N-terminal
Q9LF60	1	42	N-terminal
Q9LHS0	311	544	C-terminal
Q9LSL8	1	33	N-terminal
Q9LV01	1	61	N-terminal
Q9LV01	151	207	middle
Q9LVC4	122	256	C-terminal
Q9M274	184	334	C-terminal
Q9MBA2	1	55	N-terminal
Q9S799	1	62	N-terminal
Q9SRM0	61	108	middle
Q9SW07	1	129	IDP
Q9ZUD1	1	31	N-terminal
Q9ZVX0	1	62	N-terminal
A0A178V7N9	56	122	middle
A0A178V7N9	194	267	middle
A0A178V7N9	340	386	middle
A0A1P8B268	1	41	IDP
B3H693	1	33	N-terminal
B3H693	303	489	C-terminal
B3H723	587	642	C-terminal
F4J8K6	1	114	N-terminal
F4J8K6	1521	1644	middle
F4JMF4	1	43	N-terminal
F4JMF4	356	660	middle
F4JTI1	1	36	N-terminal
F4JTI1	205	293	middle
F4JTI1	400	435	middle
F4JTW1	658	778	C-terminal
F4K645	1	99	N-terminal
F4K645	212	479	middle
O22959	1	41	N-terminal
O80569	1	632	IDP
O81123	1	44	N-terminal
O81123	154	193	middle
P92948	113	238	middle
P92948	277	623	middle
Q1PFB9	1	127	N-terminal
Q1PFB9	299	365	middle
Q1PFB9	504	555	C-terminal
Q3ECF8	1	48	IDP
Q4V397	218	266	middle
Q500V8	1	276	N-terminal
Q570M0	105	182	C-terminal
Q680Z7	1	31	N-terminal
Q6NQ79	1	42	N-terminal
Q6NQ79	191	232	middle
Q6NQ79	450	544	middle
Q7XA71	50	177	C-terminal
Q7XBQ8	1	145	N-terminal
Q84ZT9	1	91	N-terminal
Q84ZT9	149	202	C-terminal
Q8GX81	1	76	N-terminal
Q8GYC1	1	72	N-terminal
Q8GYC1	217	516	C-terminal
Q8RY59	173	246	middle
Q8RY59	458	508	middle
Q8VYY8	1	159	N-terminal
Q8VZK1	1	158	N-terminal
Q93W87	1	53	N-terminal
Q93W87	140	202	C-terminal
Q940U9	315	404	C-terminal
Q94AI7	203	362	middle
Q94AI7	684	750	middle
Q94AI7	1099	1131	C-terminal
Q9C5E6	1	44	N-terminal
Q9C5E6	211	259	C-terminal
Q9C5H6	357	405	C-terminal
Q9C616	1	214	N-terminal
Q9C616	269	388	C-terminal
Q9C9F6	101	755	C-terminal
Q9FGF5	89	175	C-terminal
Q9FGW2	1	40	N-terminal
Q9FGW2	93	145	C-terminal
Q9FI27	1	70	N-terminal
Q9FJ14	1	210	IDP
Q9FJX7	171	291	middle
Q9FN69	219	448	middle
Q9FN69	495	557	middle
Q9FPS9	1	114	N-terminal
Q9FPS9	169	405	middle
Q9FPS9	747	924	C-terminal
Q9FV52	1	98	N-terminal
Q9LFU3	1	75	N-terminal
Q9LFU3	154	186	C-terminal
Q9LHP2	1	39	N-terminal
Q9LHP2	117	262	C-terminal
Q9LMQ3	1	215	N-terminal
Q9LNU4	454	488	C-terminal
Q9LRZ6	1	58	N-terminal
Q9LUV4	404	532	C-terminal
Q9LV04	1	79	N-terminal
Q9LZR5	114	294	C-terminal
Q9M2Y0	1	79	IDP
Q9SIH4	1	38	N-terminal
Q9SIN9	1	86	N-terminal
Q9SIT5	665	697	middle
Q9SKA9	790	832	C-terminal
Q9SV93	1	35	N-terminal
Q9SVD1	1	83	N-terminal
Q9SX99	1	42	N-terminal
Q9SY95	764	802	C-terminal
Q9ZQC1	1	139	IDP
Q9ZV85	1	31	N-terminal
Q9ZW11	284	368	middle
A0A1P8AQT9	1	274	N-terminal
A0A1P8AWW1	1	42	N-terminal
A0A1P8BFD8	56	102	middle
B3H4R3	1	51	IDP
F4HV22	1	88	N-terminal
F4HZX7	1	175	N-terminal
F4IVV0	1	224	IDP
F4IZ60	1	69	IDP
F4J4G2	374	829	C-terminal
F4JNE2	424	454	middle
F4JNE2	906	941	middle
F4JNE2	1027	1200	middle
F4JNE2	1491	1536	middle
F4JNE2	1639	1675	middle
F4JNE2	1836	1872	middle
F4JNE2	3401	3435	middle
F4JPP0	1	57	N-terminal
F4JPP0	474	536	middle
F4JS91	227	316	C-terminal
F4KEI6	66	294	C-terminal
O04326	1	174	N-terminal
O04326	271	329	C-terminal
O23174	1	40	N-terminal
O23174	179	234	middle
O23174	452	536	C-terminal
O23342	1	129	N-terminal
O48790	1	82	N-terminal
O65270	1	146	N-terminal
O80685	317	411	C-terminal
O80760	1	43	N-terminal
O80856	296	378	C-terminal
O81913	1	359	IDP
O82638	226	264	C-terminal
P05466	1	78	N-terminal
P0C8A0	1	49	N-terminal
P0C8A0	598	638	C-terminal
P35631	187	256	C-terminal
P46643	1	38	N-terminal
P94032	1	42	N-terminal
P94032	202	241	C-terminal
Q00218	1	56	N-terminal
Q29Q26	1	52	N-terminal
Q29Q26	203	245	middle
Q3ECI5	1	38	N-terminal
Q42601	1	87	N-terminal
Q8H1U4	177	270	middle
Q8LEB6	46	143	middle
Q8LEB6	424	484	C-terminal
Q8LEQ0	59	113	C-terminal
Q8VZ22	1	190	N-terminal
Q8VZ22	236	301	C-terminal
Q8VZ68	1	84	N-terminal
Q8VZ68	127	182	middle
Q8VZT8	1	163	N-terminal
Q8W4I5	1	77	N-terminal
Q93Z13	418	448	middle
Q93Z13	602	732	C-terminal
Q9ASV5	1	74	N-terminal
Q9ASV5	116	318	middle
Q9C5S1	1	145	N-terminal
Q9C5S1	438	683	middle
Q9C8P8	1	191	N-terminal
Q9CAF9	1	40	N-terminal
Q9FFJ9	191	277	C-terminal
Q9FNI3	1	102	N-terminal
Q9FNI3	151	282	C-terminal
Q9LU05	1	168	IDP
Q9LVE2	1	105	N-terminal
Q9LVI9	1	49	N-terminal
Q9LVJ0	1	143	N-terminal
Q9LVJ0	277	324	middle
Q9LX99	1	59	N-terminal
Q9LX99	586	708	middle
Q9LX99	1130	1161	middle
Q9LYU8	1	83	N-terminal
Q9LZV7	586	667	middle
Q9M3G5	1	81	IDP
Q9SA19	141	277	C-terminal
Q9SI42	150	401	C-terminal
Q9SJI8	1	74	N-terminal
Q9SU64	1	44	N-terminal
Q9SU64	621	705	C-terminal
Q9SY74	1	219	N-terminal
Q9SY74	430	757	C-terminal
Q9SY88	88	218	middle
Q9XIA2	1	34	N-terminal
Q9ZUI7	220	386	C-terminal
A0A1I9LM99	152	355	middle
A0A1I9LM99	530	595	middle
A0A1I9LM99	697	744	C-terminal
A0A1P8B4T0	1	43	N-terminal
A0A1P8B8Y5	1	274	IDP
A5HEI1	1	236	N-terminal
A5HEI1	380	429	middle
A5HEI1	1355	1386	middle
A5HEI1	1484	1514	middle
A5HEI1	1605	1846	C-terminal
A8MRC6	1	47	N-terminal
C0LGK9	470	509	middle
F4HZK4	271	307	middle
F4HZK4	557	616	middle
F4HZK4	1076	1608	C-terminal
F4I7P0	710	786	middle
F4I924	1	173	N-terminal
F4I924	225	263	C-terminal
F4J4G9	235	842	C-terminal
F4JJJ3	1	54	N-terminal
F4K4C5	1	54	N-terminal
F4K4C5	534	765	C-terminal
F4K5T4	1	105	N-terminal
F4K5T4	230	388	middle
O23462	1	164	IDP
O49663	66	112	middle
O64770	1	33	N-terminal
O64770	768	804	C-terminal
O80338	1	117	N-terminal
O80338	175	243	C-terminal
O80492	305	428	C-terminal
O80813	1	93	N-terminal
P25269	1	72	N-terminal
Q0PW40	262	298	middle
Q0PW40	636	673	C-terminal
Q0WQ41	1	68	N-terminal
Q0WQ41	142	323	middle
Q1G3T6	1	72	IDP
Q38967	1	35	N-terminal
Q39162	1	84	N-terminal
Q39187	1	38	N-terminal
Q43866	1	49	N-terminal
Q5Q0F0	82	141	middle
Q5Q0F0	204	463	C-terminal
Q5XEN4	145	207	C-terminal
Q5XV52	1	88	N-terminal
Q5XV52	452	526	C-terminal
Q66GQ1	1	66	N-terminal
Q682I1	1	71	N-terminal
Q7XJU0	168	368	middle
Q8GYN8	1	131	IDP
Q8L707	1	85	N-terminal
Q8L707	451	525	C-terminal
Q8L719	1	96	N-terminal
Q8L719	187	292	C-terminal
Q8L829	1	43	N-terminal
Q8L829	510	552	C-terminal
Q8LBB2	1	62	N-terminal
Q8LBB2	129	162	middle
Q8RWG0	1	150	N-terminal
Q8RWG0	190	253	middle
Q8RWG0	389	523	middle
Q8RWG0	968	1007	C-terminal
Q8RWH3	1	35	N-terminal
Q8RWH3	468	956	C-terminal
Q8W486	1	84	N-terminal
Q940N9	1	36	N-terminal
Q949Y0	351	408	middle
Q9C8G6	1	103	N-terminal
Q9FF54	1	109	N-terminal
Q9FG97	229	352	middle
Q9FKK1	1	71	N-terminal
Q9FLG1	1	33	N-terminal
Q9FN11	121	250	C-terminal
Q9FNM7	1	381	N-terminal
Q9FT45	184	245	middle
Q9FT45	397	436	C-terminal
Q9FWW5	1	63	N-terminal
Q9FWW5	109	147	middle
Q9LF27	204	268	middle
Q9LQM5	1	160	N-terminal
Q9LY05	48	104	middle
Q9LY05	168	207	C-terminal
Q9LZJ7	1	173	N-terminal
Q9M1V3	1	59	N-terminal
Q9SW18	1	52	N-terminal
Q9SX67	1	36	N-terminal
Q9XI55	1	56	N-terminal
Q9ZP59	1	54	N-terminal
Q9ZP59	215	413	middle
Q9ZWA8	1	34	N-terminal
Q9ZWA8	192	247	C-terminal
A0A1I9LQ53	255	369	middle
A0A1I9LSP4	1	34	N-terminal
A0A1P8B019	1	45	IDP
A0A1P8B223	1	74	N-terminal
B3H5A7	1	35	IDP
F4I0Z0	1	136	N-terminal
F4I0Z0	426	466	C-terminal
F4I1T9	1	51	N-terminal
F4I1T9	458	859	C-terminal
F4JN30	827	1050	C-terminal
F4JX46	1	268	N-terminal
F4K465	1	762	IDP
O04652	1	68	N-terminal
O22951	101	133	middle
O23339	1	96	N-terminal
O23339	162	352	middle
O23379	88	330	C-terminal
O64745	1	33	N-terminal
O80500	1	313	IDP
O80571	1	101	IDP
P0CAY6	1	46	N-terminal
P46602	1	164	N-terminal
P46602	265	315	C-terminal
P82765	1	35	N-terminal
Q1G3B1	1	74	IDP
Q1PE84	1	249	IDP
Q39013	161	289	C-terminal
Q3EAF8	1	127	N-terminal
Q4PSD8	78	262	C-terminal
Q4PSE2	122	187	C-terminal
Q7DMA9	1	40	N-terminal
Q7DMA9	542	635	C-terminal
Q84JS7	1	93	N-terminal
Q8GWG0	1	45	N-terminal
Q8GY96	89	125	middle
Q8GZ63	520	574	C-terminal
Q8LD15	1	405	IDP
Q93WX6	1	49	N-terminal
Q94A06	1	57	N-terminal
Q94AG7	1	80	N-terminal
Q94BM7	1	35	N-terminal
Q94BM7	115	170	middle
Q94BM7	340	451	middle
Q94CC1	1	34	N-terminal
Q94F08	134	198	middle
Q94F08	651	696	C-terminal
Q9C872	1	54	N-terminal
Q9FF49	1	69	N-terminal
Q9FF49	125	249	middle
Q9FF49	635	704	C-terminal
Q9FFX0	1	174	N-terminal
Q9FGG3	329	359	C-terminal
Q9FGQ5	278	441	middle
Q9FGQ5	605	650	middle
Q9FHP2	1	62	IDP
Q9FKH0	1	105	N-terminal
Q9FM53	1	65	N-terminal
Q9FM53	401	494	C-terminal
Q9LMH5	1	45	N-terminal
Q9LQX2	1	52	N-terminal
Q9LYK3	1	40	IDP
Q9LZK0	1	46	N-terminal
Q9LZQ0	1	64	IDP
Q9M008	485	551	middle
Q9M0A4	1	100	N-terminal
Q9M2Y9	147	310	C-terminal
Q9SAB4	1	46	N-terminal
Q9SFC6	1	66	N-terminal
Q9SKK2	894	930	middle
Q9SL91	1	69	N-terminal
Q9SLI4	1	92	N-terminal
Q9SLT5	1	263	N-terminal
Q9SSS0	1	114	IDP
Q9STG2	1	34	N-terminal
Q9STJ9	1	70	N-terminal
Q9SVN2	1	34	N-terminal
Q9SVN2	712	758	middle
Q9SZ15	147	373	middle
Q9T069	1	532	IDP
Q9T0I5	163	448	C-terminal
Q9ZVD2	1	63	N-terminal
A0A178VQ59	1	65	N-terminal
A0A1P8B531	1	98	N-terminal
A0A1P8B684	1	93	IDP
B3H5P4	1	54	IDP
C0LGV1	1	52	N-terminal
C0LGV1	1066	1135	C-terminal
F4HPY1	1	372	N-terminal
F4HQA2	50	101	middle
F4JLV4	1	172	N-terminal
F4JLV4	251	293	middle
F4JQ75	1	55	N-terminal
F4JQ75	563	644	middle
F4JQ75	718	817	C-terminal
F4KBH1	1	53	N-terminal
O04547	1	76	N-terminal
O23222	172	248	C-terminal
O23593	1	360	IDP
O64602	100	266	middle
O64602	344	424	middle
O64602	474	510	C-terminal
O64741	328	378	middle
O80462	1	224	N-terminal
O82261	1	106	N-terminal
P48623	1	33	N-terminal
P93739	1	31	N-terminal
P93739	77	212	middle
Q3EB32	1	68	IDP
Q6NQ72	1	60	N-terminal
Q6NQ72	197	288	C-terminal
Q7X6A5	1	100	N-terminal
Q8GWV5	315	477	middle
Q8GY61	1	181	N-terminal
Q8GY61	245	335	C-terminal
Q8LD48	1	34	N-terminal
Q8RU59	1	76	N-terminal
Q8W569	200	455	C-terminal
Q940C2	1	85	N-terminal
Q940C2	289	360	C-terminal
Q949W6	1	117	N-terminal
Q949W6	156	485	C-terminal
Q9AT00	1	77	N-terminal
Q9CAT1	1	61	N-terminal
Q9FE52	198	303	middle
Q9FE52	467	538	C-terminal
Q9FGU8	1	40	N-terminal
Q9FL48	1	173	N-terminal
Q9FL48	209	274	C-terminal
Q9FLY5	240	310	middle
Q9FLY5	907	971	middle
Q9FVT2	208	258	middle
Q9FY99	1	103	N-terminal
Q9LK30	1	63	N-terminal
Q9LPD9	1	195	N-terminal
Q9LQ32	1	66	N-terminal
Q9LT45	1	140	N-terminal
Q9LTJ3	36	209	middle
Q9LTJ3	247	287	C-terminal
Q9M240	1	49	N-terminal
Q9M315	1	39	N-terminal
Q9M9R9	1	73	IDP
Q9MAU3	399	505	middle
Q9S7B5	1	81	N-terminal
Q9S808	180	248	middle
Q9SIK7	1	65	N-terminal
Q9SIK7	220	303	middle
Q9SK91	1	108	N-terminal
Q9SK91	171	228	middle
Q9SRT8	137	227	C-terminal
Q9SS40	1	54	N-terminal
Q9SUP6	1	155	N-terminal
Q9SUP6	223	324	C-terminal
A0A1I9LLB7	1	120	IDP
A0A1P8AUL5	1	38	N-terminal
A0A1P8AW32	1	32	N-terminal
A0A1P8B2F9	1	87	IDP
A0A1P8B3W3	51	86	C-terminal
A0A1P8BG42	1	292	IDP
B3H528	1	91	IDP
F4II29	560	798	C-terminal
F4J3G5	1	96	N-terminal
F4J4H2	235	842	C-terminal
F4J8S4	1	58	N-terminal
F4J8S4	263	293	middle
F4JD24	1	240	N-terminal
F4JY55	78	176	middle
F4K5Q9	1	52	N-terminal
F4K5Q9	153	272	middle
F4KAV2	1	189	N-terminal
O22953	41	83	middle
O80528	1	233	N-terminal
O81629	1	77	N-terminal
P50318	1	82	N-terminal
Q0WQH3	150	268	middle
Q0WQH3	373	442	middle
Q1G3X0	1	96	IDP
Q2V2S7	1	81	N-terminal
Q3EAN0	1	64	IDP
Q5XVC1	1	124	IDP
Q681Y3	1	98	N-terminal
Q84RK2	1	210	N-terminal
Q84W41	845	903	C-terminal
Q8GWG9	335	502	C-terminal
Q8GWN6	1	72	IDP
Q8GXC9	183	246	middle
Q8H0Z0	302	468	middle
Q8H0Z0	507	670	C-terminal
Q8H126	1	84	N-terminal
Q8LBP4	1	67	N-terminal
Q8LBP4	362	462	C-terminal
Q8RWA2	1	154	N-terminal
Q8RWC9	285	318	middle
Q8RWN7	1	268	N-terminal
Q8RWN7	336	503	middle
Q8RWN7	603	663	middle
Q8RWY6	224	272	middle
Q8RWY6	500	792	middle
Q8RWY6	1036	1231	middle
Q8VY60	1	100	N-terminal
Q94JL3	1	278	N-terminal
Q94JL3	328	393	C-terminal
Q94KB9	101	140	middle
Q94KB9	452	508	C-terminal
Q9C5V5	857	947	C-terminal
Q9C6X0	1	183	N-terminal
Q9C7E6	1	136	N-terminal
Q9C9E3	1	101	N-terminal
Q9C9E3	137	269	C-terminal
Q9C9L7	1	177	IDP
Q9C9X6	1	269	IDP
Q9FHR7	1	274	IDP
Q9FI16	430	481	C-terminal
Q9FI49	1	41	N-terminal
Q9FIL9	1	35	N-terminal
Q9FIL9	96	128	middle
Q9FIL9	218	288	C-terminal
Q9FLF3	1	107	N-terminal
Q9FLF3	237	281	C-terminal
Q9FLJ4	1	45	N-terminal
Q9FLR0	189	281	middle
Q9FMW4	1	72	N-terminal
Q9LHD2	1	47	N-terminal
Q9M290	75	228	C-terminal
Q9S7R9	181	306	middle
Q9S7R9	365	397	C-terminal
Q9SZD6	1	134	N-terminal
Q9SZD6	200	295	middle
Q9SZD6	357	536	middle
Q9SZD6	722	758	middle
Q9SZV6	1	33	N-terminal
Q9XGM3	181	212	middle
Q9XGM3	1137	1217	C-terminal
A0A1P8AXI7	77	136	C-terminal
B3H6L2	1	80	N-terminal
F4HWC3	1	786	N-terminal
F4HWC3	1060	1364	C-terminal
F4I8D6	124	165	C-terminal
F4JP52	87	197	middle
F4JP52	235	280	middle
F4JP52	349	826	C-terminal
F4KA29	179	211	middle
F4KA29	247	294	middle
O04486	181	217	C-terminal
O04574	1	121	IDP
O04576	1	85	N-terminal
O23029	149	186	C-terminal
O64717	1	89	N-terminal
O82503	1	75	N-terminal
O82503	141	287	C-terminal
P0DI02	1	32	N-terminal
P0DI02	394	433	C-terminal
P42763	1	185	IDP
Q1PDN7	1	115	IDP
Q1PDW1	1	256	IDP
Q2V472	1	80	IDP
Q39219	1	106	N-terminal
Q4PSR5	166	233	C-terminal
Q6R2K2	1	34	N-terminal
Q6R2K2	233	402	middle
Q6S7B0	199	329	middle
Q6S7B0	620	669	C-terminal
Q84WE4	1	35	N-terminal
Q8H128	1	48	N-terminal
Q8LLD0	191	316	middle
Q8RWQ5	203	266	middle
Q8RX85	1	779	N-terminal
Q8VZ17	1	303	N-terminal
Q8W1E8	1	36	N-terminal
Q8W1E8	88	152	C-terminal
Q9C6Y0	1	90	IDP
Q9C7B1	1	324	N-terminal
Q9C7B1	385	511	middle
Q9C8F3	1	75	IDP
Q9C9V6	359	406	middle
Q9C9V6	516	631	C-terminal
Q9FFG9	1	60	N-terminal
Q9FH77	1	32	N-terminal
Q9FH77	101	571	C-terminal
Q9FKV3	1	112	N-terminal
Q9FKV3	165	293	middle
Q9FLZ1	294	355	middle
Q9FLZ1	537	571	C-terminal
Q9FMH8	1	41	N-terminal
Q9FYR1	1	112	IDP
Q9LDD8	1	41	N-terminal
Q9LFM6	1	92	N-terminal
Q9LFM6	525	602	C-terminal
Q9LHE8	1	57	N-terminal
Q9LHE8	285	318	middle
Q9LHI7	293	485	middle
Q9LHK4	604	661	middle
Q9LJH8	1	53	N-terminal
Q9LJH8	222	262	middle
Q9LJH8	338	427	C-terminal
Q9LPJ2	1	64	N-terminal
Q9LQ92	165	239	middle
Q9LQK0	357	399	C-terminal
Q9LVP2	1	36	N-terminal
Q9LVZ6	1	66	N-terminal
Q9S7I7	78	212	middle
Q9S7I7	259	289	C-terminal
Q9SAG7	1	333	N-terminal
Q9SAG7	599	640	middle
Q9SAG7	852	900	C-terminal
Q9SB65	107	143	C-terminal
Q9SCU9	1	40	N-terminal
Q9SGN6	511	565	middle
Q9SJF1	1	111	N-terminal
Q9SJF1	470	589	C-terminal
Q9SST2	1	73	N-terminal
Q9SUX3	1	50	N-terminal
Q9SY37	1	119	N-terminal
Q9XEA0	1	74	N-terminal
Q9ZUY1	1	128	N-terminal
Q9ZVB5	1	164	N-terminal
A0A1P8ANT2	1	46	IDP
A0A1P8ANX4	1	178	N-terminal
A2RVK8	1	39	N-terminal
B3H5I7	1	32	IDP
B3H5N8	1	36	IDP
C0LGS2	733	824	middle
F4HYA7	315	366	middle
F4HYA7	453	563	middle
F4HYA7	864	1005	C-terminal
F4I3C6	98	203	middle
F4I3C6	239	279	C-terminal
F4IK98	1	610	N-terminal
F4IQ10	97	171	middle
F4IQ10	543	573	C-terminal
F4JLP5	1	80	N-terminal
F4JWB3	1	34	N-terminal
F4JWB3	323	393	middle
F4JWB3	486	536	middle
F4JWB3	733	782	middle
F4K8B2	1	36	N-terminal
O04209	1	85	N-terminal
O04209	176	258	C-terminal
O49255	201	268	C-terminal
O82391	301	360	C-terminal
P93744	1	136	N-terminal
P93744	193	425	C-terminal
Q2V3K0	1	38	N-terminal
Q3E9B1	1	96	IDP
Q501H5	1	69	N-terminal
Q501H5	353	437	middle
Q5Q0C5	1	259	IDP
Q6E279	1	81	N-terminal
Q6NL17	1	128	N-terminal
Q6NL17	175	207	C-terminal
Q6NQH9	1	175	IDP
Q8GW17	1	287	IDP
Q8GXL7	1	297	IDP
Q8GXT3	1	348	N-terminal
Q8GXT3	393	454	C-terminal
Q8GY03	1	48	N-terminal
Q8L6Z4	1	201	N-terminal
Q8L7E9	230	295	middle
Q8L9R7	1	92	N-terminal
Q8LEJ6	1	84	N-terminal
Q8LEJ6	183	246	C-terminal
Q8LGU6	171	402	middle
Q8VYP0	1	177	N-terminal
Q93YU2	1	49	N-terminal
Q9C524	1	64	N-terminal
Q9C5W3	1	86	N-terminal
Q9C5W3	381	664	middle
Q9C7U7	122	282	C-terminal
Q9FGC7	1	80	N-terminal
Q9FJX5	1	41	N-terminal
Q9FK29	167	243	C-terminal
Q9FNY2	1	106	N-terminal
Q9FNY2	295	385	C-terminal
Q9LK47	1	99	N-terminal
Q9LQK7	1	116	N-terminal
Q9LRY7	1	816	N-terminal
Q9LV55	1	86	IDP
Q9M0K4	118	283	C-terminal
Q9M2M5	1	37	N-terminal
Q9M2U4	1	31	N-terminal
Q9M2U4	75	183	C-terminal
Q9M896	1	125	N-terminal
Q9M8Y0	1	38	N-terminal
Q9M9P4	1	31	N-terminal
Q9M9P4	75	204	middle
Q9S7S4	1	99	N-terminal
Q9SF14	1	51	N-terminal
Q9SF14	164	383	middle
Q9SF14	435	504	C-terminal
Q9SI37	1	105	N-terminal
Q9SI37	219	293	middle
Q9SI37	352	487	C-terminal
Q9SID6	1	61	N-terminal
Q9SIL3	71	164	middle
Q9SK19	1	66	IDP
Q9SN53	103	159	C-terminal
Q9SSD2	1	55	N-terminal
Q9SWI1	1	439	IDP
Q9T065	434	469	C-terminal
A0A1I9LS99	1	61	IDP
A0A1P8AQC2	1	65	IDP
A0A1P8BDM5	1	171	IDP
A0A1P8BET4	1	1193	IDP
A3KPF2	491	528	C-terminal
B3H5D6	1	70	IDP
B3H6C0	1	43	IDP
F4HTX0	1	83	N-terminal
F4HTX0	406	699	C-terminal
F4HUE2	1	47	IDP
F4IUE7	1	57	N-terminal
F4IZ80	1	124	IDP
F4J0F6	284	357	middle
F4JTD2	327	821	C-terminal
F4JYZ8	1	57	N-terminal
F4JYZ8	196	450	C-terminal
F4K185	1	63	N-terminal
F4K4J0	1	39	N-terminal
F4K4J0	279	337	middle
F4K4J0	531	655	middle
F4K4W6	190	448	C-terminal
O48840	1	41	N-terminal
O64711	1	36	N-terminal
O80934	1	74	N-terminal
O82202	1	67	N-terminal
P10896	1	84	N-terminal
P53665	1	42	N-terminal
P56762	230	278	middle
P93015	1	51	N-terminal
Q38825	1	128	N-terminal
Q39019	1	76	N-terminal
Q39147	1	49	N-terminal
Q56YQ1	1	71	IDP
Q5M729	1	122	N-terminal
Q5M729	195	304	middle
Q6DBH2	1	35	N-terminal
Q6DBH2	73	146	middle
Q6DBH2	182	250	C-terminal
Q6NPG3	1	128	IDP
Q6WWW4	1	192	N-terminal
Q6WWW4	507	545	middle
Q6WWW4	659	729	middle
Q6WWW4	964	1317	middle
Q6WWW4	1820	1851	middle
Q84W89	1	148	N-terminal
Q84W89	552	633	C-terminal
Q84WG1	446	503	C-terminal
Q8GW35	1	35	N-terminal
Q8GY42	199	323	C-terminal
Q8GYM2	1	47	N-terminal
Q8L5Y5	72	136	middle
Q8L5Y5	315	718	C-terminal
Q8L7B5	1	35	N-terminal
Q8L7B5	552	585	C-terminal
Q8RXD6	1	33	N-terminal
Q8RXD6	100	164	middle
Q8S8M2	1	103	IDP
Q8S8S1	133	213	middle
Q8VWQ5	1	98	N-terminal
Q8VYD9	1	82	N-terminal
Q8VYD9	371	405	C-terminal
Q93VG8	169	224	C-terminal
Q94A18	1	37	N-terminal
Q94A18	774	804	middle
Q9C5C0	396	615	C-terminal
Q9C629	388	475	C-terminal
Q9C7J3	1	45	N-terminal
Q9C9E6	1	39	N-terminal
Q9C9E6	445	509	C-terminal
Q9CAY6	1	37	N-terminal
Q9FM14	1	34	N-terminal
Q9FM14	276	314	C-terminal
Q9FY46	1	56	N-terminal
Q9FY46	654	685	C-terminal
Q9LET1	1	106	N-terminal
Q9LF10	1	187	N-terminal
Q9LQ27	1	84	N-terminal
Q9LSE9	1	187	N-terminal
Q9LZI7	138	298	C-terminal
Q9M0V0	1	83	N-terminal
Q9M7Q5	1	307	N-terminal
Q9M9L6	1	155	N-terminal
Q9M9S9	1	107	N-terminal
Q9MA36	1	457	IDP
Q9SB89	1	151	N-terminal
Q9SCQ2	516	598	middle
Q9SKN6	1	188	N-terminal
Q9SKN6	249	291	C-terminal
Q9SLB9	62	221	middle
Q9SLB9	412	450	C-terminal
Q9SLD2	1	125	N-terminal
Q9STJ6	1	44	N-terminal
Q9STJ6	107	160	middle
Q9SU17	250	285	C-terminal
Q9SVL9	1	48	N-terminal
Q9SW65	1	143	IDP
Q9ZUI6	593	748	middle
A0A1I9LQ65	1	824	N-terminal
A0A1I9LQ65	909	969	middle
A0A1I9LQ65	1055	1100	middle
A0A1I9LQ65	1279	1428	middle
A0A1I9LQ65	2996	3075	middle
A0A1I9LTT2	52	179	C-terminal
A0A1P8B275	1	51	IDP
B3H6U7	1	34	IDP
F4HXW9	1	58	N-terminal
F4I532	1	87	N-terminal
F4ISL7	1	92	N-terminal
F4ISL7	235	595	middle
F4ISL7	1604	1651	middle
F4JL03	1	33	N-terminal
F4K310	1	118	IDP
F4K933	311	483	C-terminal
F4KHQ2	1	143	N-terminal
O23034	337	431	C-terminal
O23126	187	219	middle
O49423	656	739	middle
O64883	497	560	C-terminal
O80575	1	55	N-terminal
O80725	1	44	N-terminal
O80725	623	704	middle
O80910	143	231	middle
O80910	314	671	C-terminal
O81316	1	202	N-terminal
P0CAP4	1	62	N-terminal
P0CAP4	283	338	middle
Q0WQ09	1	78	IDP
Q0WQA4	72	148	middle
Q0WQA4	185	313	middle
Q0WQA4	802	877	C-terminal
Q3E6W9	1	48	N-terminal
Q570L6	1	55	N-terminal
Q66GR0	1	43	N-terminal
Q66GR0	198	264	middle
Q67YN2	1	287	N-terminal
Q6NMK2	1	275	IDP
Q6NQC3	1	328	IDP
Q8GXE9	153	258	C-terminal
Q8GXR9	1	73	N-terminal
Q8GXT7	1	37	N-terminal
Q8S2T1	189	252	middle
Q93Z34	1	41	N-terminal
Q9C518	1	73	N-terminal
Q9C518	113	401	C-terminal
Q9C636	1	124	N-terminal
Q9C636	254	288	middle
Q9C778	1	42	N-terminal
Q9FGI2	1	51	N-terminal
Q9FGI2	186	230	C-terminal
Q9FM18	1	124	IDP
Q9FN12	90	209	middle
Q9FN19	99	251	middle
Q9FYD1	1	146	N-terminal
Q9FYD1	369	551	C-terminal
Q9LIQ6	126	172	middle
Q9LJ43	1	602	N-terminal
Q9LNC9	118	246	C-terminal
Q9LRU5	128	276	C-terminal
Q9LRW6	382	415	C-terminal
Q9LS23	1	34	N-terminal
Q9LS23	385	466	middle
Q9LXD7	1	50	N-terminal
Q9LZ89	1	133	N-terminal
Q9M844	108	198	C-terminal
Q9S7U5	1	39	N-terminal
Q9S7U5	208	374	C-terminal
Q9SAA2	1	82	N-terminal
Q9SEU4	1	35	N-terminal
Q9SEU4	117	287	C-terminal
Q9SFW6	1	165	N-terminal
Q9SK28	343	809	middle
Q9SYI3	598	634	middle
Q9ZPX5	1	35	N-terminal
Q9ZQF1	1	42	N-terminal
Q9ZQZ6	72	183	middle
Q9ZR13	1	185	IDP
Q9ZW00	1	317	N-terminal
Q9ZW00	376	511	middle
Q9ZW00	922	1138	C-terminal
A0A1P8AP59	85	140	middle
A0A1P8B4J1	1	57	N-terminal
A3KPF8	1	104	N-terminal
B5X0I6	891	1091	C-terminal
F4HRS2	1122	1169	middle
F4HRS2	1952	2222	C-terminal
F4I6P0	113	185	middle
F4I6P0	707	750	C-terminal
F4IE66	1	35	N-terminal
F4IE66	187	223	middle
F4IIS6	1	98	IDP
F4ILW4	1	35	N-terminal
F4ILW4	523	592	middle
F4ILW4	838	875	middle
F4ILW4	935	1025	C-terminal
F4IVU7	1	876	N-terminal
F4IVU7	953	990	middle
F4IVU7	1143	1274	middle
F4JLL3	1	39	N-terminal
F4JNF8	1	109	N-terminal
F4JNF8	241	343	C-terminal
F4JUP6	298	558	C-terminal
F4KAD6	103	138	C-terminal
O22757	121	164	middle
O22757	478	593	C-terminal
O80553	1	185	IDP
O80798	1	68	N-terminal
O82354	1	36	N-terminal
P0DI05	1	32	N-terminal
P0DI05	394	433	C-terminal
Q1G3U5	1	105	N-terminal
Q2V3L3	1	73	N-terminal
Q2V3L3	254	387	C-terminal
Q39070	1	161	N-terminal
Q3E8P4	77	107	C-terminal
Q56FQ1	1	39	N-terminal
Q6DBE8	1	76	N-terminal
Q6NMF0	1	107	IDP
Q6X7K0	1	40	N-terminal
Q6X7K0	138	350	C-terminal
Q84JL6	1	180	N-terminal
Q84JN2	1	31	N-terminal
Q84K38	304	347	middle
Q84K38	532	586	C-terminal
Q84TE6	182	324	C-terminal
Q84WZ8	1	70	N-terminal
Q84WZ8	125	169	middle
Q8GW63	396	537	C-terminal
Q8H0U2	1	48	N-terminal
Q8L4R9	1	119	N-terminal
Q8L4R9	301	331	middle
Q8LCT2	1	154	N-terminal
Q8RWL2	1	75	N-terminal
Q8S9G8	1	96	N-terminal
Q8S9G8	198	322	middle
Q8S9G8	665	755	middle
Q8VY21	1	45	N-terminal
Q8VY21	202	317	middle
Q8VZG4	160	258	middle
Q8VZG4	321	360	middle
Q8VZG4	705	756	C-terminal
Q93ZT2	1	83	N-terminal
Q94C15	163	202	C-terminal
Q9C8T4	136	292	middle
Q9C8T4	340	374	middle
Q9C8T4	874	905	middle
Q9C9C4	1	53	N-terminal
Q9FID8	416	500	middle
Q9FID8	805	873	C-terminal
Q9FLH2	1	61	N-terminal
Q9FMC4	1	67	N-terminal
Q9FMC4	196	419	middle
Q9FMC4	644	683	middle
Q9FRL5	1	73	N-terminal
Q9FRL5	129	244	middle
Q9FX56	1	35	N-terminal
Q9LDP7	1	141	IDP
Q9LJJ9	1	136	N-terminal
Q9LJJ9	218	257	C-terminal
Q9LM91	1	60	N-terminal
Q9LN86	126	209	C-terminal
Q9LS79	1	32	N-terminal
Q9LV42	1	102	N-terminal
Q9LVP1	739	807	middle
Q9LVP1	843	926	C-terminal
Q9LXZ0	1	110	IDP
Q9LZD3	159	195	middle
Q9M0Y3	221	251	middle
Q9M107	216	437	middle
Q9M126	156	411	middle
Q9M1Y7	1	115	N-terminal
Q9S7M2	1	119	N-terminal
Q9S7M2	156	249	C-terminal
Q9SCZ3	1	79	N-terminal
Q9SCZ3	1210	1253	C-terminal
Q9SHX9	1	59	N-terminal
Q9SKH6	516	546	middle
Q9SKH6	643	693	C-terminal
Q9SRT7	1	33	N-terminal
Q9SSA1	134	206	C-terminal
Q9SZW4	697	951	C-terminal
Q9ZPY0	1	81	N-terminal
Q9ZPY0	119	369	C-terminal
A0A1I9LQF0	1	39	N-terminal
A0A1P8AQX1	1	44	N-terminal
A0A1P8B8F8	1	63	N-terminal
B3H434	1	70	IDP
F4IEH1	100	211	middle
F4IHS2	75	279	middle
F4IHS2	322	477	middle
F4IHS2	1215	3574	C-terminal
F4J1Q3	1	116	N-terminal
F4J7F3	336	596	C-terminal
F4JYH0	1	99	N-terminal
F4JZ68	432	871	middle
F4K946	1	470	N-terminal
F4K946	590	703	middle
F4K946	1013	1113	C-terminal
F4KBP5	1	74	N-terminal
F4KBP5	134	544	middle
F4KBP5	1166	1704	middle
F4KBP5	1755	2223	C-terminal
F4KGY6	1	44	N-terminal
F4KGY6	105	387	C-terminal
O04342	1	166	N-terminal
O22789	1	98	IDP
O82259	82	133	middle
P0CB25	1	105	N-terminal
P27140	1	64	N-terminal
Q0WPH8	271	881	middle
Q5XV40	1	274	N-terminal
Q67Y69	1	328	N-terminal
Q67Y69	381	478	C-terminal
Q681J0	1	135	IDP
Q6AWX4	1	77	N-terminal
Q84TF7	1	39	N-terminal
Q8GWP3	1	41	N-terminal
Q8GXX5	393	488	C-terminal
Q8LBC0	276	317	C-terminal
Q93WU9	1	194	IDP
Q93Z37	1	321	IDP
Q941Q3	1	143	N-terminal
Q941Q3	296	338	middle
Q94JX1	1	78	N-terminal
Q94JX1	218	292	middle
Q94JX1	332	455	middle
Q94JX1	514	824	C-terminal
Q9C615	319	416	C-terminal
Q9C7W1	1	178	IDP
Q9C9Q4	1	541	N-terminal
Q9FEB5	1	77	N-terminal
Q9FEB5	331	379	C-terminal
Q9FFK2	1	294	IDP
Q9FM80	1	162	N-terminal
Q9FN09	477	579	C-terminal
Q9FZ19	1	46	N-terminal
Q9FZE6	55	867	C-terminal
Q9LPC2	1	61	N-terminal
Q9LQM8	1	52	N-terminal
Q9LSK9	1	136	IDP
Q9LY91	1	150	IDP
Q9M291	1	360	N-terminal
Q9M9H4	1	148	N-terminal
Q9M9H4	470	500	C-terminal
Q9SIB6	1	51	N-terminal
Q9SIB6	382	424	C-terminal
Q9SJ72	1	72	IDP
Q9SJU5	107	172	C-terminal
Q9SRD6	129	244	C-terminal
Q9SU98	1	543	N-terminal
Q9SU98	758	806	C-terminal
Q9SVC4	1	64	IDP
Q9SYB9	185	247	middle
Q9ZUB8	82	149	middle
Q9ZUB8	402	475	C-terminal
Q9ZVT6	1	55	N-terminal
Q9ZVT6	119	152	middle
Q9ZVT6	250	470	C-terminal
A0A178VY62	1	64	N-terminal
A0A178VY62	708	744	middle
A0A178VY62	846	982	middle
A0A178VY62	1220	1254	middle
A0A178VY62	1614	1674	C-terminal
A0A1P8AV76	112	265	C-terminal
A0A1P8B399	99	236	C-terminal
A0A1P8BFS0	1	189	IDP
B3H703	1	72	IDP
F4HQ20	631	666	C-terminal
F4HSY9	1	49	N-terminal
F4I543	213	270	C-terminal
F4IEY4	54	119	middle
F4IEY4	192	225	middle
F4IHN9	1	173	N-terminal
F4IHN9	209	373	middle
F4IHN9	518	600	middle
F4IM67	75	179	C-terminal
F4IP69	637	731	middle
F4JJC7	1	32	N-terminal
F4JRF6	1	172	N-terminal
F4K0A6	1	148	N-terminal
F4K0A6	969	1013	middle
F4K0A6	1066	1220	C-terminal
F4K4A6	1	32	N-terminal
F4K4W1	1	382	N-terminal
F4K4W1	450	523	middle
F4K4W1	749	805	C-terminal
F4KDA6	1	108	N-terminal
F4KDR7	1	44	N-terminal
O23471	1	42	IDP
O65369	1	56	N-terminal
O80690	1	31	N-terminal
O82155	1	31	N-terminal
O82155	74	194	C-terminal
P49598	1	139	N-terminal
Q0WM46	1	369	IDP
Q0WML0	1	59	N-terminal
Q2V3Q6	1	118	IDP
Q3E914	168	256	middle
Q4V3A2	1	131	N-terminal
Q6DBD7	1	76	N-terminal
Q7Y224	1	50	N-terminal
Q84VW1	1	121	IDP
Q8L7Y8	1	81	N-terminal
Q8L7Y8	463	864	middle
Q8L7Y8	1011	1044	middle
Q8L7Y8	1237	1313	C-terminal
Q8LGN1	1	35	N-terminal
Q8S9L2	236	308	C-terminal
Q8VY73	1	33	N-terminal
Q8VZ95	1	193	N-terminal
Q93ZD8	39	71	middle
Q93ZR3	1	84	N-terminal
Q93ZR3	264	316	middle
Q93ZR3	624	768	C-terminal
Q9C5U2	1	231	N-terminal
Q9CAA4	1	55	N-terminal
Q9CAA4	106	311	C-terminal
Q9FGP9	1	151	N-terminal
Q9FGZ3	1	118	N-terminal
Q9FGZ3	228	272	middle
Q9FGZ3	485	533	middle
Q9FHY5	328	374	C-terminal
Q9FII5	1	43	N-terminal
Q9FII5	641	700	middle
Q9FKP0	1	106	IDP
Q9FLN4	1	71	N-terminal
Q9FY78	104	158	C-terminal
Q9LNP2	1	49	N-terminal
Q9LQN3	85	202	C-terminal
Q9LVV3	142	228	middle
Q9LVZ5	1	52	N-terminal
Q9M1B6	1	34	N-terminal
Q9M305	1	188	N-terminal
Q9M892	1	68	IDP
Q9M8L9	1	70	N-terminal
Q9M9R4	160	206	C-terminal
Q9SHQ2	1	40	N-terminal
Q9SJH1	1	224	IDP
Q9SLH1	133	427	C-terminal
Q9SRL5	1	55	N-terminal
Q9STT1	1	35	N-terminal
Q9STT1	125	207	middle
Q9ZQA8	398	526	middle
A0A1P8B9Q6	1	89	N-terminal
A0A1P8B9Q6	285	320	C-terminal
B0F9L4	619	653	middle
B0F9L4	696	770	middle
B0F9L4	833	914	C-terminal
B3H4Y2	1	80	IDP
B3H5H2	1	57	IDP
B3H6L3	1	44	IDP
F4IN32	260	299	C-terminal
F4J7V3	1	32	N-terminal
F4J7V3	243	295	middle
F4J7V3	337	405	C-terminal
F4J800	300	434	C-terminal
F4JBG1	54	165	middle
F4JBG1	271	330	C-terminal
F4JIU4	1	96	N-terminal
F4JIU4	912	943	middle
F4JIU4	1013	1134	C-terminal
F4JYN2	1	48	N-terminal
F4JYN2	170	246	C-terminal
O48916	1	32	N-terminal
O48947	89	266	middle
O48947	653	715	middle
O49498	1	316	N-terminal
O49498	459	526	middle
O49498	707	837	middle
O65541	118	160	C-terminal
O81027	1	173	N-terminal
O81469	1	482	N-terminal
P29197	1	33	N-terminal
P92522	1	107	IDP
P93732	1	41	N-terminal
Q2HIG7	1	83	N-terminal
Q2V3B2	1	43	N-terminal
Q2V3B2	282	323	C-terminal
Q38821	156	203	middle
Q38821	438	474	middle
Q5XF11	1	159	N-terminal
Q5XF11	227	321	C-terminal
Q6NKW7	1	68	N-terminal
Q7XJM2	1	55	N-terminal
Q84R16	1	93	N-terminal
Q84WV4	1	150	N-terminal
Q8GWC9	1	111	IDP
Q8H125	1	213	N-terminal
Q8LE43	1	50	N-terminal
Q8LE43	93	288	C-terminal
Q8S8D2	254	372	C-terminal
Q93VQ7	1	136	IDP
Q94C21	1	578	IDP
Q9FHB2	45	79	middle
Q9FHB2	217	273	C-terminal
Q9FI95	1	71	N-terminal
Q9FJH7	1	55	N-terminal
Q9FJH7	487	539	C-terminal
Q9FMT4	1	148	N-terminal
Q9FVI6	1	59	N-terminal
Q9FVI6	167	208	middle
Q9FYB5	1	60	N-terminal
Q9LES8	1	61	N-terminal
Q9LFU0	557	607	C-terminal
Q9LJU1	132	203	C-terminal
Q9LQ83	1	66	N-terminal
Q9LQ83	129	224	C-terminal
Q9LQP9	1	31	N-terminal
Q9LQP9	123	176	middle
Q9LSB9	1	102	N-terminal
Q9LSB9	231	411	middle
Q9LSB9	723	755	C-terminal
Q9LT77	1	31	N-terminal
Q9LUB2	1	66	N-terminal
Q9LVM0	1	39	N-terminal
Q9LVM0	244	339	middle
Q9LYR4	1	77	N-terminal
Q9M149	219	327	middle
Q9M2V9	1	37	N-terminal
Q9SCY0	1	80	N-terminal
Q9SD52	1	57	N-terminal
Q9SJ41	67	155	middle
Q9SJ41	396	536	C-terminal
Q9SPG9	125	214	C-terminal
Q9SRM4	139	193	middle
Q9STQ3	1	59	IDP
Q9STW1	1	146	N-terminal
Q9SUH5	1	415	N-terminal
Q9SV41	1	78	N-terminal
Q9T0K5	364	760	C-terminal
Q9XI71	1	43	N-terminal
Q9XI71	446	479	C-terminal
A0A1P8AP43	1	144	N-terminal
A0A1P8AZN4	1	168	IDP
A0A1P8B048	1	251	IDP
C0LGU1	585	617	middle
C0LGU1	907	959	C-terminal
F4HP43	89	167	middle
F4HYC8	1	88	N-terminal
F4I8B9	1	77	N-terminal
F4I8B9	1158	1345	C-terminal
F4IBX8	1	46	N-terminal
F4IBX8	127	222	C-terminal
F4ID24	1	58	N-terminal
F4J5U9	144	184	middle
F4JA39	1	178	N-terminal
F4JC18	192	434	middle
F4K2V4	152	231	middle
F4KCK0	252	337	middle
F4KCK0	380	437	C-terminal
F4KI39	1	118	IDP
F4KIJ2	828	938	middle
O22056	1	273	N-terminal
O22533	1	238	IDP
O23629	1	57	N-terminal
O48711	1	38	N-terminal
Q1PF11	1	118	N-terminal
Q1PF11	257	552	C-terminal
Q3E7L7	1	142	N-terminal
Q43284	1	33	N-terminal
Q58G44	74	271	C-terminal
Q5XVH7	1	56	IDP
Q700E4	1	175	N-terminal
Q8GW96	437	495	C-terminal
Q8GWM8	1	87	IDP
Q8GXB4	333	374	C-terminal
Q8GXJ1	1	82	N-terminal
Q8H0Z6	1	104	N-terminal
Q8H0Z6	203	384	middle
Q8H1D6	1	87	N-terminal
Q8H1D6	433	467	C-terminal
Q8L960	1	149	N-terminal
Q8LB10	1	88	N-terminal
Q8RWV3	256	416	C-terminal
Q8W4S5	1	57	N-terminal
Q93YQ0	1	45	N-terminal
Q9C9Q8	1	76	N-terminal
Q9FFI0	1	34	N-terminal
Q9FFI0	108	229	middle
Q9FHD4	248	287	C-terminal
Q9FI56	1	83	N-terminal
Q9FI56	897	929	C-terminal
Q9FIV0	1	69	N-terminal
Q9FIV0	199	297	C-terminal
Q9FIV6	1	106	N-terminal
Q9FKE3	161	210	middle
Q9FKE3	247	325	middle
Q9FKK9	1	84	N-terminal
Q9FY56	1	217	IDP
Q9FY84	1	40	N-terminal
Q9LDX1	1	205	N-terminal
Q9LVA9	1	127	N-terminal
Q9LVA9	346	420	C-terminal
Q9LZF8	1	66	N-terminal
Q9LZF8	368	420	C-terminal
Q9M099	1	33	N-terminal
Q9M644	1	211	IDP
Q9S7P8	1	122	IDP
Q9SGH2	1	90	N-terminal
Q9SGH2	145	244	middle
Q9SGH2	330	398	middle
Q9SGH2	480	574	middle
Q9SGH2	689	935	middle
Q9SGH2	1010	1045	middle
Q9SGH2	1452	1603	middle
Q9SGH2	1736	2056	middle
Q9SGH2	2130	2176	C-terminal
Q9SI15	1	41	N-terminal
Q9SI15	119	171	C-terminal
Q9SJE1	1	77	N-terminal
Q9SJE1	396	537	middle
Q9SJX8	118	249	C-terminal
Q9SK01	1	78	IDP
Q9SSB4	1	66	N-terminal
Q9STF3	1	49	N-terminal
Q9SUA9	74	210	C-terminal
Q9SV69	168	236	middle
Q9SYJ8	115	372	C-terminal
Q9T0J1	247	329	middle
Q9T0J1	628	665	C-terminal
Q9XI20	200	355	middle
A0A1P8B0S1	1	109	IDP
C0SVM5	103	183	C-terminal
F4I5U6	1	119	N-terminal
F4I878	1	43	N-terminal
F4I878	189	273	C-terminal
F4IK69	280	556	middle
F4IK69	620	766	C-terminal
F4IL68	1	100	N-terminal
F4IL68	516	549	middle
F4IL68	925	1162	middle
F4IPZ8	1	530	IDP
F4J9T2	1	77	N-terminal
F4JCB2	245	330	middle
F4JDQ6	1	73	N-terminal
O04656	365	450	C-terminal
O04846	244	284	C-terminal
P92983	1	69	N-terminal
Q0IGM1	1	83	N-terminal
Q147M4	1	114	N-terminal
Q147M4	195	301	C-terminal
Q1PET7	1	355	IDP
Q5Q0E6	438	473	C-terminal
Q5Q0I9	1	126	IDP
Q67Z93	1	56	N-terminal
Q67Z93	98	144	middle
Q681W7	1	68	N-terminal
Q681W7	182	231	C-terminal
Q6DBG0	1	43	N-terminal
Q6NNJ2	1	208	IDP
Q6STH5	1	77	N-terminal
Q84W11	1	94	IDP
Q8GZB6	1	90	N-terminal
Q8H1P9	1	82	N-terminal
Q8H1P9	237	505	C-terminal
Q8RX77	1	50	N-terminal
Q8VYC8	385	537	middle
Q8VZJ1	1	66	N-terminal
Q93W77	1	74	N-terminal
Q9FFB3	153	229	C-terminal
Q9FGV5	132	310	middle
Q9FGV5	363	749	C-terminal
Q9FKG1	1	90	N-terminal
Q9FKG1	155	241	C-terminal
Q9FKU2	1	84	N-terminal
Q9FLM3	103	137	middle
Q9FLM3	301	410	C-terminal
Q9FMZ6	1	53	N-terminal
Q9FPR2	1	209	IDP
Q9FVR6	1	54	N-terminal
Q9FYE1	142	182	middle
Q9LJE5	1	425	N-terminal
Q9LJE5	607	667	C-terminal
Q9LM46	187	335	C-terminal
Q9LM59	1	120	N-terminal
Q9LMA2	1	60	N-terminal
Q9LMR3	1	34	N-terminal
Q9LMR3	320	358	C-terminal
Q9LS02	1	80	N-terminal
Q9LS95	1	318	N-terminal
Q9LS95	607	700	C-terminal
Q9LU02	1	31	N-terminal
Q9LZE2	1	116	N-terminal
Q9LZE2	454	546	middle
Q9M243	1	248	N-terminal
Q9M243	411	458	C-terminal
Q9M9V8	1	38	N-terminal
Q9SCX5	1	59	N-terminal
Q9SCX5	737	822	middle
Q9SII6	1	64	N-terminal
Q9SII6	374	414	C-terminal
Q9SJ96	1	62	N-terminal
Q9SRZ8	164	631	C-terminal
Q9SVH7	1	219	N-terminal
Q9SVH7	479	529	C-terminal
Q9SXA5	1	67	N-terminal
Q9SYX2	1	283	N-terminal
Q9SYX2	330	438	middle
Q9SYX2	589	683	middle
Q9ZT72	1	65	N-terminal
Q9ZT72	716	751	C-terminal
Q9ZUP0	1	81	N-terminal
A0A1P8AUK0	1	65	IDP
A0A1P8AW47	356	469	C-terminal
A0A1P8AYB6	1	57	N-terminal
A0A1P8AYB6	189	221	middle
A0A1P8AYB6	429	471	middle
A0A1P8AZA3	1	99	IDP
A0A1P8BDM1	1	66	N-terminal
A7REH6	1	37	N-terminal
F4JLJ3	1	182	N-terminal
F4JLJ3	341	685	C-terminal
F4JLN1	1	118	N-terminal
F4K5Y5	152	198	middle
F4K5Y5	301	1237	C-terminal
F4KH50	433	554	C-terminal
O04619	1	36	N-terminal
O22208	1	242	N-terminal
O22208	283	473	middle
O22208	545	683	middle
O23252	1	64	N-terminal
O48696	1	129	N-terminal
O48696	492	525	C-terminal
O48716	1	75	N-terminal
O48716	431	465	C-terminal
O80885	1	78	N-terminal
O80925	126	456	C-terminal
O80949	102	189	C-terminal
O82813	1	64	IDP
Q06AN9	156	375	middle
Q147F4	1	89	N-terminal
Q1PF74	1	66	N-terminal
Q2V333	1	58	IDP
Q39134	1	31	N-terminal
Q67XU1	1	112	IDP
Q6DR03	286	565	C-terminal
Q6S591	1	48	N-terminal
Q6S591	91	253	C-terminal
Q84JF9	1	137	N-terminal
Q84JF9	248	287	middle
Q8GW22	1	77	N-terminal
Q8GW53	1	36	N-terminal
Q8L743	1	110	N-terminal
Q8LCU9	1	48	N-terminal
Q8RXF1	1	59	N-terminal
Q8RXF1	123	172	middle
Q8RXF1	314	399	middle
Q8RXF1	479	692	middle
Q93ZF6	1	80	N-terminal
Q9C821	1	119	N-terminal
Q9C821	430	509	C-terminal
Q9C8C8	1	44	N-terminal
Q9C8C8	141	270	C-terminal
Q9FHH1	109	197	middle
Q9FHI6	1	123	N-terminal
Q9FJS9	1	87	N-terminal
Q9FJS9	138	233	C-terminal
Q9FJX6	1	527	N-terminal
Q9FJX6	862	899	C-terminal
Q9FNR1	1	36	N-terminal
Q9FNR1	116	309	C-terminal
Q9FXE4	1	129	N-terminal
Q9FXE4	345	407	middle
Q9FZ86	107	184	C-terminal
Q9LF57	90	149	C-terminal
Q9LP52	1	577	IDP
Q9LPZ9	788	830	C-terminal
Q9LQQ4	1	56	N-terminal
Q9LUI0	1	339	N-terminal
Q9LUQ3	62	148	middle
Q9LUQ3	216	325	middle
Q9LVB9	1	172	IDP
Q9LZM8	1	231	N-terminal
Q9LZM8	300	347	middle
Q9LZM8	419	575	C-terminal
Q9M0J3	1	108	N-terminal
Q9M0J3	195	292	C-terminal
Q9MAJ1	1	499	N-terminal
Q9SF49	1	90	N-terminal
Q9SGS5	1	272	IDP
Q9SJ34	1	34	IDP
Q9SLC0	1	36	N-terminal
Q9SLD4	67	143	middle
Q9SSJ7	100	195	C-terminal
Q9STI7	1	42	N-terminal
Q9SW23	1	344	IDP
Q9SZ69	1	110	N-terminal
Q9ZQE7	1	37	N-terminal
Q9ZW32	1	541	N-terminal
Q9ZW32	788	839	C-terminal
Q9ZWC4	1	45	N-terminal
A0A1P8B891	1	206	N-terminal
A0A1R7T3J3	1	72	IDP
F4I392	1	48	N-terminal
F4K1C7	1	34	N-terminal
F4K1C7	807	983	C-terminal
F4KFX2	646	690	C-terminal
F4KGC9	1	65	IDP
O04983	1	57	N-terminal
O22130	1	106	N-terminal
O22130	243	317	C-terminal
O64476	1	232	N-terminal
O81791	150	239	middle
P42776	1	279	N-terminal
P42776	320	382	C-terminal
Q0WQK2	105	135	middle
Q0WQK2	299	443	C-terminal
Q1PED2	95	150	middle
Q1PF33	1	50	N-terminal
Q1PF33	129	168	middle
Q39194	1	133	IDP
Q3EAT4	1	148	IDP
Q3EBI7	1	51	N-terminal
Q4PSN6	1	36	N-terminal
Q5BPG8	216	251	C-terminal
Q5BPJ1	1	254	N-terminal
Q5BPJ1	318	387	middle
Q5BPJ1	430	470	C-terminal
Q5XF33	1	76	N-terminal
Q84P23	1	33	N-terminal
Q8GUI9	1	31	N-terminal
Q8GUI9	899	957	C-terminal
Q8L586	1	46	N-terminal
Q8L766	1	45	N-terminal
Q8L766	210	289	middle
Q8L766	350	409	C-terminal
Q8LBB5	1	57	IDP
Q8RXF0	265	586	C-terminal
Q93ZY3	447	511	middle
Q940N4	1	356	IDP
Q9C6U2	1	76	N-terminal
Q9CA76	1	45	N-terminal
Q9CA76	108	182	middle
Q9CAX1	1	89	N-terminal
Q9FF66	159	251	C-terminal
Q9FFP9	295	360	C-terminal
Q9FGT9	691	753	C-terminal
Q9FGW6	1	104	IDP
Q9FHJ2	1	51	N-terminal
Q9FHJ2	313	346	C-terminal
Q9FIQ1	1	149	N-terminal
Q9FIQ1	493	732	C-terminal
Q9FME3	1	77	N-terminal
Q9FME3	121	360	C-terminal
Q9FPE7	1	307	N-terminal
Q9FPE7	492	528	C-terminal
Q9LDG2	1	105	N-terminal
Q9LFR0	1	113	N-terminal
Q9LFR0	1139	1173	C-terminal
Q9LN61	1	107	N-terminal
Q9LN61	484	605	C-terminal
Q9LUF8	272	312	middle
Q9LUG9	803	833	middle
Q9LX93	1	97	N-terminal
Q9LX93	185	301	C-terminal
Q9M5K2	1	43	N-terminal
Q9M891	1	77	N-terminal
Q9MA87	1	67	N-terminal
Q9MAC9	1	77	N-terminal
Q9SA72	804	849	C-terminal
Q9SCP9	1	56	N-terminal
Q9SD98	204	313	middle
Q9SD98	390	454	C-terminal
Q9SJ60	1	192	IDP
Q9SKH1	1	223	IDP
Q9SU44	1	493	IDP
Q9SUA3	1	101	N-terminal
Q9SUA3	280	359	middle
Q9SUA3	471	506	C-terminal
Q9SVQ6	1	61	N-terminal
Q9SZ50	1	100	IDP
Q9SZE1	1	32	N-terminal
Q9SZW6	67	292	middle
Q9SZW6	343	401	middle
Q9SZW6	638	725	C-terminal
Q9T076	133	349	C-terminal
Q9ZSM8	1	113	N-terminal
Q9ZSM8	320	492	middle
Q9ZSM8	536	601	middle
A0A1I9LQW7	1	37	IDP
A2RVQ4	1	55	N-terminal
B6ETT7	1	190	N-terminal
B6ETT7	550	693	C-terminal
F4HZQ7	337	389	C-terminal
F4JLV7	1	480	N-terminal
F4KCH4	1	65	N-terminal
F4KCH4	103	261	middle
F4KFT6	123	177	middle
F4KFT6	239	330	middle
O23212	1	232	N-terminal
O49465	282	417	C-terminal
O80456	1	55	N-terminal
O81058	64	110	middle
O81322	116	220	C-terminal
O82775	1	174	N-terminal
O82775	224	256	C-terminal
P0C035	61	96	middle
P0C035	167	310	C-terminal
P0C8Q8	1	44	N-terminal
P34791	1	90	N-terminal
P61839	1	33	IDP
P92511	1	62	N-terminal
P92511	109	145	middle
P92536	1	41	N-terminal
P92536	96	153	C-terminal
P92561	1	33	N-terminal
P92964	162	264	C-terminal
P93300	1	152	IDP
Q2HIQ2	1	83	IDP
Q4PT42	1	51	N-terminal
Q5XVG3	1	287	IDP
Q682D3	251	281	middle
Q6DBA5	1	80	N-terminal
Q6DBN4	1	59	N-terminal
Q84JV2	130	221	C-terminal
Q84WW1	148	258	middle
Q8GYM4	334	387	middle
Q8L440	1	68	N-terminal
Q8L5W7	1	363	IDP
Q8L5Y2	1	151	N-terminal
Q8L5Y2	227	471	C-terminal
Q8L6Y3	1	86	N-terminal
Q8L7E5	1	221	N-terminal
Q8L7E5	610	703	C-terminal
Q8LPN3	1	76	N-terminal
Q8LPN3	260	293	middle
Q8RY06	1	35	N-terminal
Q8S307	1	37	N-terminal
Q8S307	93	336	C-terminal
Q8W1E3	1	51	N-terminal
Q8W1E3	94	298	C-terminal
Q93XY5	42	74	middle
Q93XY5	210	270	C-terminal
Q93Z91	1	106	N-terminal
Q944S1	1	68	N-terminal
Q944S1	280	344	middle
Q94A28	1	85	N-terminal
Q94C37	1	68	N-terminal
Q94C37	154	235	middle
Q94JS4	1	47	N-terminal
Q9C6H2	1	40	N-terminal
Q9C9A5	101	195	C-terminal
Q9C9L3	699	841	middle
Q9C9L3	898	979	middle
Q9FR97	1	44	N-terminal
Q9FR97	185	553	C-terminal
Q9FRK9	1	44	N-terminal
Q9FRK9	213	315	C-terminal
Q9LH38	1	40	N-terminal
Q9LKA1	1	200	N-terminal
Q9LPW0	1	60	N-terminal
Q9LXE1	115	210	middle
Q9M0F7	1	71	N-terminal
Q9M0Q0	1	58	N-terminal
Q9M210	1	77	N-terminal
Q9M210	138	212	middle
Q9M324	1	34	N-terminal
Q9MA56	1	96	N-terminal
Q9MA56	342	585	middle
Q9MA56	634	740	middle
Q9MA56	822	928	middle
Q9S772	1	33	N-terminal
Q9SA55	1	100	N-terminal
Q9SA55	160	212	middle
Q9SHK2	1	45	N-terminal
Q9SL79	1	225	N-terminal
Q9SL79	453	558	middle
Q9SL79	597	701	C-terminal
Q9SLK2	1	34	N-terminal
Q9SYB1	246	341	C-terminal
Q9SZQ2	1	660	N-terminal
Q9SZQ2	703	866	middle
Q9SZQ2	984	1211	C-terminal
Q9XIH1	1	157	N-terminal
Q9XII3	185	219	middle
Q9ZV65	1	73	N-terminal
Q9ZV65	202	245	middle
A0A1P8AQ20	1	76	IDP
A0A1P8AUP0	1	34	N-terminal
A0A1P8AUP0	161	298	middle
A0A1R7T3I3	1	175	N-terminal
A0A1R7T3I3	269	352	middle
F4HSZ1	341	423	middle
F4HSZ1	464	703	middle
F4HSZ1	937	982	middle
F4HSZ1	1273	1325	C-terminal
F4HW92	1	57	N-terminal
F4HW92	125	159	middle
F4HW92	306	351	middle
F4HW92	463	735	C-terminal
F4I824	1	59	N-terminal
F4IGS5	120	240	C-terminal
F4J0G0	1	49	N-terminal
F4J0G0	108	150	C-terminal
F4J339	1	104	N-terminal
F4J339	1163	1194	C-terminal
F4JNI8	1	33	N-terminal
F4JNL5	607	645	middle
F4JNL5	701	736	middle
F4JNL5	1014	1131	C-terminal
F4JYE9	1	44	N-terminal
O23304	325	417	middle
O23530	1353	1437	C-terminal
O64728	1	452	N-terminal
O64728	796	909	middle
O64728	996	1218	C-terminal
O65468	1	43	N-terminal
O65468	263	338	middle
O65468	637	676	C-terminal
O80502	1	84	N-terminal
P42797	1	117	N-terminal
P49063	1	85	N-terminal
P93319	100	209	middle
Q0V819	1	78	IDP
Q0WQF4	743	828	C-terminal
Q39096	55	163	C-terminal
Q5XET4	1	155	N-terminal
Q6PQQ3	1	205	N-terminal
Q6PQQ3	376	558	C-terminal
Q6XAT2	918	967	C-terminal
Q8LDU5	1	52	N-terminal
Q8LJW3	200	245	middle
Q8LJW3	408	451	C-terminal
Q8LPR5	1	54	N-terminal
Q8LPR5	118	420	C-terminal
Q8VYG5	1	100	N-terminal
Q8VZT4	55	831	C-terminal
Q940Q1	1	42	N-terminal
Q946J8	1	104	N-terminal
Q946J8	158	375	middle
Q94C95	272	419	middle
Q94JT6	1	68	N-terminal
Q9ASW1	1	71	N-terminal
Q9CAL6	284	320	C-terminal
Q9CAY5	1	141	N-terminal
Q9FH80	1	98	N-terminal
Q9FH80	152	217	middle
Q9FHN9	1	39	N-terminal
Q9FJ24	1	159	N-terminal
Q9FJF5	1	37	N-terminal
Q9FJF5	138	423	C-terminal
Q9FKQ9	1	131	IDP
Q9FL53	1	45	N-terminal
Q9FNR0	1	241	N-terminal
Q9FNR0	335	384	middle
Q9FNR0	443	590	C-terminal
Q9FY50	1	48	N-terminal
Q9LHB3	1	56	N-terminal
Q9LHB3	137	305	middle
Q9LR10	1	178	N-terminal
Q9LR10	338	462	C-terminal
Q9LSP9	1	36	N-terminal
Q9LT23	1	63	N-terminal
Q9LT23	162	337	C-terminal
Q9LVV5	1	78	N-terminal
Q9LXU1	1	33	N-terminal
Q9M081	1	367	N-terminal
Q9M886	130	263	C-terminal
Q9MA39	1	87	N-terminal
Q9MA39	127	189	C-terminal
Q9S7C9	1	109	N-terminal
Q9S7C9	245	311	C-terminal
Q9S9M3	1	41	N-terminal
Q9S9M3	689	730	C-terminal
Q9S9M8	1	124	N-terminal
Q9SH88	62	318	C-terminal
Q9SKP9	169	321	C-terminal
Q9SM27	158	382	C-terminal
Q9STG9	1	81	N-terminal
Q9T0F9	1	121	N-terminal
Q9T0F9	426	649	C-terminal
Q9ZU40	440	495	C-terminal
Q9ZWJ9	149	219	middle
Q9ZWJ9	276	664	C-terminal
A0A1P8AYP1	1	136	IDP
A0A1R7T3C4	1	55	IDP
A8MR59	1	206	IDP
B3H4K7	1	64	N-terminal
B3H4K7	360	589	C-terminal
B3H5C0	1	82	IDP
B3H7A5	1	45	IDP
B3H7K4	1	41	IDP
B4F7Q0	1	189	N-terminal
B4F7Q0	232	267	middle
F4HYD7	1	45	N-terminal
F4I7U9	170	243	C-terminal
F4I9T0	82	115	middle
F4I9T0	1620	1868	middle
F4IBM1	1	32	N-terminal
F4JRI9	1	48	N-terminal
F4JT89	130	312	C-terminal
F4JXY6	1	79	N-terminal
F4JXY6	147	232	middle
F4JXY6	598	665	middle
F4JXY6	706	759	middle
F4JXY6	905	962	middle
F4JXY6	1202	1266	middle
O23544	89	674	C-terminal
O64509	1	58	N-terminal
O64820	1	92	IDP
O80705	1	56	N-terminal
O81013	1	46	N-terminal
O81013	149	286	C-terminal
P0CB26	1	120	N-terminal
P0CB26	183	280	C-terminal
Q08466	1	50	N-terminal
Q0WRU9	349	405	C-terminal
Q0WSY2	1	38	N-terminal
Q0WSY2	293	342	middle
Q0WSY2	404	575	middle
Q0WSY2	666	726	middle
Q0WSY2	848	982	C-terminal
Q0WWW9	1	91	N-terminal
Q4PSK1	129	163	C-terminal
Q5XVJ4	1	159	N-terminal
Q6DST1	1	86	N-terminal
Q6NM69	175	295	C-terminal
Q84JP1	1	190	IDP
Q84JZ7	1	55	N-terminal
Q84JZ7	133	190	middle
Q84X43	1	32	N-terminal
Q8GWK7	1	157	N-terminal
Q8LDC8	1	88	N-terminal
Q8LDC8	168	218	C-terminal
Q8LFH3	1	43	N-terminal
Q8LK56	1	993	N-terminal
Q8LK56	1050	1475	middle
Q8LK56	1654	1849	middle
Q8RWY7	169	837	C-terminal
Q8RXD3	113	204	middle
Q93ZV8	1	138	N-terminal
Q940H3	1	48	N-terminal
Q94AY1	1	75	N-terminal
Q9C4Z7	1	77	N-terminal
Q9C682	1	97	N-terminal
Q9C682	166	226	C-terminal
Q9C6H3	1	35	N-terminal
Q9C6H3	279	313	C-terminal
Q9C6W6	1	85	N-terminal
Q9CAC7	255	305	C-terminal
Q9FG67	1	65	N-terminal
Q9FHD1	146	272	middle
Q9FKC6	1	36	N-terminal
Q9FKE6	1	41	N-terminal
Q9FKE6	270	579	C-terminal
Q9FL61	260	316	C-terminal
Q9FMH5	1	79	N-terminal
Q9FVT5	303	362	C-terminal
Q9LKI5	337	387	middle
Q9LKI5	460	599	middle
Q9LKI5	682	724	middle
Q9LU39	1	60	N-terminal
Q9LXL9	161	309	middle
Q9LYH2	1	154	N-terminal
Q9M8K3	1	106	N-terminal
Q9M9C5	1	31	N-terminal
Q9M9C5	230	345	middle
Q9M9C5	636	670	C-terminal
Q9M9P6	108	166	C-terminal
Q9M9V6	1	86	N-terminal
Q9M9V6	128	158	middle
Q9SJV5	1	105	N-terminal
Q9SSN0	761	795	C-terminal
Q9XEF0	1	58	N-terminal
Q9XEF0	222	254	C-terminal
Q9XI42	1	64	IDP
Q9ZR07	1	72	N-terminal
Q9ZU79	106	171	middle
Q9ZU79	299	344	C-terminal
A0A1I9LQZ6	447	498	C-terminal
A0A1I9LTU3	397	731	middle
A0A1P8AWX3	1	61	N-terminal
A0A1P8BD36	1	78	IDP
A8MQL7	1	72	IDP
F4HZZ6	224	316	middle
F4HZZ6	546	672	middle
F4HZZ6	874	994	middle
F4HZZ6	1358	1405	C-terminal
F4I348	1	101	N-terminal
F4IEK8	1	128	N-terminal
F4IQK9	198	230	middle
O04308	1	70	N-terminal
O23684	1	76	N-terminal
O50072	175	210	middle
O64562	1	75	IDP
O82760	1	148	IDP
P46309	1	84	N-terminal
Q08682	212	298	C-terminal
Q0WNP3	1	79	N-terminal
Q0WNZ5	1	56	N-terminal
Q0WNZ5	422	468	middle
Q3E983	1	36	N-terminal
Q3E983	230	269	middle
Q42112	282	320	C-terminal
Q6NLP2	1	82	N-terminal
Q6NLP2	258	520	C-terminal
Q6NPP2	1	41	N-terminal
Q6QJ72	1	63	N-terminal
Q8GXC6	1	74	N-terminal
Q8GXC6	364	525	middle
Q8H184	1	64	N-terminal
Q8H184	383	414	C-terminal
Q8LG05	1	138	N-terminal
Q8RXK6	1	103	N-terminal
Q8W1W6	1	32	N-terminal
Q8W1W6	168	520	C-terminal
Q940T9	120	362	C-terminal
Q9C5P1	1	175	N-terminal
Q9C659	1	32	N-terminal
Q9C659	87	162	C-terminal
Q9FG70	349	398	C-terminal
Q9FGD6	76	225	C-terminal
Q9FX36	111	243	C-terminal
Q9FXG8	1	227	N-terminal
Q9FXG8	424	538	C-terminal
Q9LDE2	1	179	N-terminal
Q9LFG8	382	415	middle
Q9LFV9	73	108	middle
Q9LHE4	1	251	N-terminal
Q9LHE4	336	413	middle
Q9LHE4	480	536	middle
Q9LHE4	799	891	middle
Q9LJM6	1	41	N-terminal
Q9LJM6	222	299	middle
Q9LJM6	352	447	middle
Q9LK31	1	80	N-terminal
Q9LMT1	1	77	N-terminal
Q9LQF2	1	79	N-terminal
Q9LUG5	231	314	C-terminal
Q9LUI6	1	32	N-terminal
Q9LVW2	1	52	N-terminal
Q9LVW2	155	189	middle
Q9LVW2	287	331	C-terminal
Q9LX86	1	170	IDP
Q9LZ26	1	65	N-terminal
Q9M1R1	1	48	N-terminal
Q9S752	1	135	N-terminal
Q9SJH6	1	43	N-terminal
Q9SKU8	1	59	N-terminal
Q9SX22	1	72	N-terminal
Q9ZUR8	1	194	IDP
A0A1P8BH19	1	54	IDP
A0A1P8BH59	1	485	N-terminal
A0A1P8BH59	590	851	middle
A0A1P8BH59	938	1140	middle
A0A1P8BH59	1227	1386	middle
B3H721	1	47	IDP
F4HV08	1	51	N-terminal
F4HV08	155	208	C-terminal
F4HXY7	1	32	N-terminal
F4I3M3	1	44	N-terminal
F4I5N6	1	220	IDP
F4IIA9	1	116	IDP
F4JG50	1	186	IDP
O64565	1	77	IDP
O65390	1	53	N-terminal
O81836	1	314	IDP
O82175	1	309	N-terminal
P93740	1	77	N-terminal
Q2PE70	1	47	N-terminal
Q2PE70	127	208	C-terminal
Q6AWW6	1	109	N-terminal
Q6AWW6	291	512	C-terminal
Q8GWU3	167	334	middle
Q8GWU3	381	422	middle
Q8GWU3	737	780	C-terminal
Q8GY06	1	73	IDP
Q8GY88	1	85	N-terminal
Q8GYF1	1	52	N-terminal
Q8L8Z4	1	81	IDP
Q8RWN4	1	129	N-terminal
Q8RWW7	305	337	C-terminal
Q8W494	1	200	IDP
Q93VM6	1	85	N-terminal
Q93VM6	172	245	C-terminal
Q93VT6	1	88	N-terminal
Q940U6	1	122	N-terminal
Q943Z4	209	272	C-terminal
Q94B78	1	91	N-terminal
Q9CAN9	1	87	N-terminal
Q9CAN9	154	248	C-terminal
Q9FE98	1	33	N-terminal
Q9FEA2	1	54	N-terminal
Q9FJ17	1	38	N-terminal
Q9FJ17	115	211	C-terminal
Q9LF05	1	60	N-terminal
Q9LPF1	329	370	C-terminal
Q9LQ29	1	104	N-terminal
Q9LQ29	417	614	C-terminal
Q9LS44	1	55	N-terminal
Q9LUL9	1	31	N-terminal
Q9LVZ7	1	72	N-terminal
Q9LXT9	1	33	N-terminal
Q9LXV5	1	171	N-terminal
Q9LXV5	207	272	C-terminal
Q9LZQ7	1	67	N-terminal
Q9LZQ7	177	333	middle
Q9LZQ7	399	479	C-terminal
Q9SAJ6	1	88	N-terminal
Q9SD74	1	142	N-terminal
Q9SD74	186	547	C-terminal
Q9SGY7	1	352	N-terminal
Q9SGY7	668	718	C-terminal
Q9SR77	1	71	N-terminal
Q9SR77	174	229	middle
Q9SRT3	587	625	middle
Q9ZU66	200	363	C-terminal
Q9ZUU2	1	70	N-terminal
Q9ZVU2	1	34	N-terminal
Q9ZVU2	100	201	middle
A0A1I9LPY7	1	33	N-terminal
A0A1P8B5Z9	1	122	IDP
A0A1P8BCS2	1	172	IDP
A0A1P8BHW0	1	71	IDP
A8MR80	1	55	N-terminal
B3H707	1	111	N-terminal
F4I0M4	1	52	N-terminal
F4I0M4	96	896	C-terminal
F4IC29	78	159	C-terminal
F4JYU0	1	53	N-terminal
F4JYU0	344	375	middle
F4JYU0	677	796	C-terminal
F4JZV9	1	60	N-terminal
F4JZV9	306	522	middle
F4JZW5	1	32	N-terminal
F4JZW5	103	160	C-terminal
F4K741	1	59	N-terminal
F4KBJ3	1	56	N-terminal
F4KHI3	1104	1168	C-terminal
O22928	1	52	N-terminal
O22928	237	301	middle
O64778	451	483	middle
O64778	764	807	C-terminal
O81849	1	60	N-terminal
O82344	1	39	N-terminal
O82344	79	160	middle
O82344	335	468	C-terminal
P26569	1	62	N-terminal
P26569	129	273	C-terminal
P42731	1	34	N-terminal
P42731	408	544	middle
P69834	1	42	N-terminal
Q0WML3	1	93	IDP
Q0WN95	1	31	IDP
Q1JPN7	1	68	N-terminal
Q1PE15	1	66	N-terminal
Q39261	1	150	IDP
Q3S4A7	1	73	N-terminal
Q3S4A7	615	779	middle
Q5BPJ9	1	102	N-terminal
Q5HZ03	1	46	N-terminal
Q5HZ03	181	405	C-terminal
Q5M731	1	34	N-terminal
Q6DUW6	1	93	IDP
Q84MA1	1	46	N-terminal
Q84MA1	368	458	middle
Q8GUN1	1	42	N-terminal
Q8GXF6	1	35	N-terminal
Q8GYU3	1	352	N-terminal
Q8GYU3	1092	1141	middle
Q8L9Y3	140	201	middle
Q8L9Y3	261	382	C-terminal
Q8LEV0	1	118	N-terminal
Q8LPN7	53	217	middle
Q8LPN7	258	328	C-terminal
Q8VY53	1	36	N-terminal
Q93VP9	1	53	N-terminal
Q93VP9	349	411	C-terminal
Q93YN3	124	324	C-terminal
Q93ZV7	189	311	middle
Q93ZV7	393	433	C-terminal
Q9C5J5	117	319	C-terminal
Q9C6I4	1	41	N-terminal
Q9FF61	1	51	N-terminal
Q9FF61	304	352	middle
Q9FF61	678	714	middle
Q9FFG1	425	466	C-terminal
Q9FKJ9	88	135	middle
Q9LDH0	1	77	N-terminal
Q9LDR8	129	350	C-terminal
Q9LJL4	1	38	N-terminal
Q9LMJ7	1	71	N-terminal
Q9LRN9	68	139	middle
Q9LSJ6	597	652	middle
Q9M1K5	314	477	C-terminal
Q9M331	1	31	N-terminal
Q9MAT0	274	319	middle
Q9MAT0	820	901	middle
Q9MAT0	949	1001	C-terminal
Q9S7S5	1	87	IDP
Q9SHL5	191	244	middle
Q9SK46	1	81	N-terminal
Q9SKI5	1	88	N-terminal
Q9SKM6	1	225	N-terminal
Q9STR4	1	38	N-terminal
Q9SV05	1	42	N-terminal
Q9SZZ6	177	252	C-terminal
Q9T029	1	36	N-terminal
Q9ZTX8	363	807	middle
Q9ZTX8	885	935	C-terminal
A0A1I9LT65	1	63	IDP
A0A1P8ANJ1	1	111	IDP
A0A1P8AUV6	287	317	middle
A0A1P8AWX0	1	168	IDP
B3H6D0	84	166	C-terminal
F4IIN7	494	788	C-terminal
F4ISC6	1	159	N-terminal
F4JDV4	1	481	N-terminal
F4JDV4	889	938	C-terminal
F4JET1	1	59	N-terminal
F4JET1	200	236	middle
F4JET1	343	383	C-terminal
F4JQE2	1	57	N-terminal
O23215	321	503	C-terminal
O48844	276	319	middle
O48844	819	914	middle
O48844	956	1004	C-terminal
O80560	1	141	N-terminal
O80560	376	427	middle
O80560	745	781	middle
O80560	1098	1316	C-terminal
O80673	1	79	N-terminal
O81626	143	173	C-terminal
O82222	139	173	C-terminal
O82762	1	131	N-terminal
O82762	305	632	C-terminal
P42752	1	62	N-terminal
P42752	289	361	C-terminal
P54144	462	501	C-terminal
Q38954	1	116	N-terminal
Q3E6S8	1	119	N-terminal
Q3EBG4	1	63	N-terminal
Q588V7	1	512	N-terminal
Q588V7	662	692	middle
Q588V7	1306	1473	middle
Q5XEZ0	333	365	C-terminal
Q5XVE4	1	54	N-terminal
Q7XA06	360	420	middle
Q84K34	1	106	N-terminal
Q8GUJ5	1	381	N-terminal
Q8GUJ5	575	677	C-terminal
Q8GY23	668	713	middle
Q8GY23	876	992	middle
Q8GY23	1311	1361	middle
Q8GY23	1695	1804	middle
Q8GY23	2013	2787	middle
Q8GY23	2971	3013	middle
Q8GY23	3082	3144	middle
Q8GY23	3214	3268	middle
Q8L4M6	1	171	N-terminal
Q8RY22	201	233	middle
Q8RY22	487	612	middle
Q8VYC6	1	104	N-terminal
Q9FGC9	1	162	IDP
Q9FME2	140	301	middle
Q9FME2	340	460	C-terminal
Q9FZD0	91	197	C-terminal
Q9FZP6	53	155	C-terminal
Q9LHL2	181	358	C-terminal
Q9LNU1	1	31	N-terminal
Q9LPW6	1	213	IDP
Q9LQB2	1	40	N-terminal
Q9LQB2	84	122	middle
Q9LSD5	1	92	N-terminal
Q9LSD5	128	314	C-terminal
Q9LT96	916	946	C-terminal
Q9LZ47	1	76	IDP
Q9M0C5	83	231	middle
Q9M0C5	397	559	middle
Q9M0C5	759	808	middle
Q9M0C5	882	924	C-terminal
Q9M7Q2	1	348	N-terminal
Q9SAF6	1	66	N-terminal
Q9SAF6	756	1128	C-terminal
Q9SAU9	1	135	N-terminal
Q9SAU9	377	573	C-terminal
Q9SFT9	166	219	middle
Q9SIV3	1	155	N-terminal
Q9SIV3	229	420	C-terminal
Q9SJF0	1	119	N-terminal
Q9SJF0	463	611	middle
Q9SJF0	969	1018	C-terminal
Q9SLI8	55	116	middle
Q9SMX4	1	164	IDP
Q9STM4	1	109	N-terminal
Q9STM4	232	343	middle
Q9STM4	409	448	C-terminal
Q9SU83	1	47	N-terminal
Q9SUM5	75	112	middle
Q9SV01	387	454	C-terminal
Q9SZD2	1	158	IDP
Q9ZSI6	1	35	N-terminal
Q9ZVU5	175	283	middle
A0A178VUB9	1	73	IDP
A0A1P8AU04	1	40	IDP
A0A1P8B0B8	1	40	N-terminal
A4FVS4	1	137	N-terminal
A4FVS4	246	331	middle
A4FVS4	437	580	C-terminal
B3H634	1	50	IDP
B9DGC0	1	85	N-terminal
F4J7B4	1	113	N-terminal
F4J7B4	209	312	middle
F4JGI8	369	405	C-terminal
O22281	1	183	N-terminal
O22281	298	363	middle
O22832	1	57	N-terminal
O23166	1	93	N-terminal
O23166	218	261	C-terminal
O23913	1	73	N-terminal
O49725	1	38	N-terminal
O82207	58	125	C-terminal
P46312	1	92	N-terminal
P55826	1	51	N-terminal
Q39117	1	46	N-terminal
Q39117	103	257	middle
Q39117	335	398	middle
Q39117	491	575	C-terminal
Q3E912	1	104	N-terminal
Q3E936	1	341	IDP
Q3ED38	1	220	IDP
Q56ZZ7	1	103	N-terminal
Q58CN2	1	165	IDP
Q6NM27	175	290	C-terminal
Q84J43	1	31	N-terminal
Q84J48	1	190	N-terminal
Q84J48	510	540	C-terminal
Q8GYM5	1	67	IDP
Q8L7K0	121	178	C-terminal
Q8S8L6	1	100	IDP
Q8VY00	96	204	middle
Q8VY00	279	344	middle
Q8VY62	1	37	N-terminal
Q8VYY4	1	83	N-terminal
Q8W589	1	55	N-terminal
Q93VK7	1	87	N-terminal
Q93XW7	1	131	N-terminal
Q93XW7	241	437	C-terminal
Q93XY7	1	91	N-terminal
Q93ZY1	1	250	N-terminal
Q941L3	1	33	N-terminal
Q94IU8	1	75	N-terminal
Q96316	117	222	C-terminal
Q9FG73	1	208	N-terminal
Q9FG73	565	682	C-terminal
Q9FHK7	238	327	middle
Q9FJ28	1	85	N-terminal
Q9FJ33	1	288	IDP
Q9FJW3	1	82	IDP
Q9FKY5	1	35	N-terminal
Q9FKY5	113	152	middle
Q9FKY5	460	569	C-terminal
Q9FNK5	76	161	middle
Q9FWY7	1	71	N-terminal
Q9FWY7	502	538	C-terminal
Q9FZ82	421	556	C-terminal
Q9LEU3	1	272	IDP
Q9LFG3	1	169	N-terminal
Q9LFY0	1	395	N-terminal
Q9LT11	1	216	N-terminal
Q9LT11	342	384	middle
Q9LT87	202	314	middle
Q9LT87	608	663	C-terminal
Q9M0E2	1	143	IDP
Q9M169	1	35	N-terminal
Q9MAP1	377	491	middle
Q9S9T0	361	391	C-terminal
Q9SA31	1	81	N-terminal
Q9SFC4	1	161	N-terminal
Q9SIJ3	1	36	N-terminal
Q9SLF7	64	115	C-terminal
Q9SLI0	1	43	N-terminal
Q9SQT8	1	89	N-terminal
Q9SS82	1	58	N-terminal
Q9SUP7	1	43	N-terminal
Q9SUP7	111	142	middle
Q9SUP7	356	398	middle
Q9ZRZ8	1	153	N-terminal
Q9ZRZ8	610	789	C-terminal
A0A1I9LP11	74	193	C-terminal
A0A1P8AME0	1	44	N-terminal
A0A1P8AME0	95	211	C-terminal
A0A1P8AST1	386	505	middle
A0A1P8AST1	605	662	C-terminal
A0A1P8AZY1	1	64	IDP
A0A1P8BCW9	400	431	C-terminal
B3H4D4	1	33	IDP
B3H674	1	87	IDP
F4HPT1	85	163	middle
F4HPT1	243	300	middle
F4HX15	884	1013	middle
F4HX15	1182	1261	middle
F4I037	1	56	N-terminal
F4I6V2	1	41	N-terminal
F4I6V2	199	233	middle
F4I6V2	342	595	C-terminal
F4IB60	505	563	middle
F4J6S0	1	369	IDP
F4KAF8	1	282	IDP
O64466	1	72	IDP
O80720	1	34	N-terminal
O80739	1	77	N-terminal
O80739	702	754	middle
P0DI77	1	55	N-terminal
P40602	1	197	N-terminal
P93014	1	70	N-terminal
P93019	1	267	IDP
Q0WN69	1	130	N-terminal
Q0WN69	875	1025	C-terminal
Q0WPZ0	268	372	middle
Q38871	1	68	N-terminal
Q3E920	1	83	IDP
Q3EBR2	1	52	IDP
Q5PP37	114	178	middle
Q6DST3	1	56	N-terminal
Q84K31	1	145	N-terminal
Q84K31	257	362	C-terminal
Q84RQ7	1	82	N-terminal
Q84TE9	1	49	N-terminal
Q84TE9	100	257	C-terminal
Q8GUP2	1	62	N-terminal
Q8GYI4	1	77	N-terminal
Q8H0W2	383	426	C-terminal
Q8L4S3	1	180	N-terminal
Q8L4S3	260	309	middle
Q8L623	1	165	N-terminal
Q8LBI1	252	301	C-terminal
Q8LEE7	1	66	N-terminal
Q8RWQ8	1	50	N-terminal
Q8RY17	1	35	N-terminal
Q8RY17	688	751	C-terminal
Q8VYV9	452	513	C-terminal
Q8W4Q5	382	532	middle
Q949X7	1	60	N-terminal
Q94AK9	1	57	N-terminal
Q94BQ9	1	54	N-terminal
Q94F16	349	397	middle
Q9C7N7	1	91	N-terminal
Q9C8H1	839	892	middle
Q9FIU5	1	84	N-terminal
Q9FIU5	385	440	C-terminal
Q9FKF0	181	306	middle
Q9FKF0	648	957	C-terminal
Q9FMC2	1	77	N-terminal
Q9FQ04	727	947	C-terminal
Q9LFC7	262	353	C-terminal
Q9LMU1	1	107	N-terminal
Q9LQI6	1	37	N-terminal
Q9LQM7	1	49	N-terminal
Q9LQM7	126	156	middle
Q9LQM7	229	485	C-terminal
Q9LS39	1	105	N-terminal
Q9LTV0	429	499	C-terminal
Q9LU65	1	40	N-terminal
Q9LVG5	1	31	N-terminal
Q9LVR6	1	91	N-terminal
Q9LVR6	356	387	middle
Q9LW25	1	184	N-terminal
Q9M364	1	181	N-terminal
Q9M364	288	341	middle
Q9M364	746	813	middle
Q9M9B3	82	195	middle
Q9MAA1	1	34	N-terminal
Q9S7L2	1	217	N-terminal
Q9S7L2	309	427	C-terminal
Q9SFU2	1	48	N-terminal
Q9SFU2	89	312	middle
Q9SGD1	1	222	N-terminal
Q9SHF2	1	340	N-terminal
Q9SHF2	1151	1194	C-terminal
Q9SIB9	1	87	N-terminal
Q9SJ12	1	37	N-terminal
Q9SKT7	1	60	N-terminal
Q9SND3	1	35	N-terminal
Q9SND3	209	312	middle
Q9SVS8	1	40	N-terminal
Q9XFI1	1	92	N-terminal
Q9ZT95	139	180	middle
Q9ZUE0	1	355	N-terminal
Q9ZUE0	680	720	C-terminal
A0A1I9LQY7	156	293	middle
A0A1P8AX58	1	181	IDP
A0A1P8B460	62	99	middle
B3H4U2	1	38	IDP
B3H4V8	1	37	IDP
F4HQI8	1	67	N-terminal
F4IMF2	185	219	middle
F4IMF2	557	598	middle
F4IMF2	1136	1195	C-terminal
F4IPY2	1	63	N-terminal
F4IXW2	1	92	N-terminal
F4IXW2	238	280	middle
F4IXW2	500	576	middle
F4IXW2	1401	1535	middle
F4J220	1	86	N-terminal
F4J355	1	75	N-terminal
F4JGB6	759	811	C-terminal
F4K4N0	232	271	middle
F4K4N0	402	433	middle
F4KG14	1	41	N-terminal
F4KG14	949	1022	middle
O04544	1	98	N-terminal
O04544	150	261	C-terminal
O22227	1	113	N-terminal
O22775	40	115	middle
O22879	1	41	N-terminal
O49006	1	57	N-terminal
P15458	1	95	N-terminal
P25863	1	128	IDP
Q4V3C1	196	524	C-terminal
Q5EAF6	1	51	N-terminal
Q6NLQ4	1	40	N-terminal
Q7G8T1	1	398	IDP
Q8GW47	256	293	middle
Q8GYD9	1	35	N-terminal
Q8GYD9	830	1002	C-terminal
Q8L845	1	42	N-terminal
Q8S8N4	1	39	N-terminal
Q8S8N4	274	340	middle
Q8S8N4	595	633	C-terminal
Q8VZS6	71	567	C-terminal
Q8W207	1	47	N-terminal
Q940U5	135	239	middle
Q9ASS2	1	311	N-terminal
Q9C9L4	1	109	N-terminal
Q9FFV9	151	349	C-terminal
Q9FGI9	1	67	N-terminal
Q9FGI9	297	344	C-terminal
Q9FJT8	389	467	C-terminal
Q9FJU4	1	44	N-terminal
Q9FK16	1	63	IDP
Q9FN34	1	106	N-terminal
Q9FYK5	1	69	N-terminal
Q9FYK5	116	306	C-terminal
Q9LJ42	1	60	N-terminal
Q9LJE6	214	246	C-terminal
Q9LK62	198	234	middle
Q9LK62	851	901	middle
Q9LK96	1	44	N-terminal
Q9LRR0	1	62	N-terminal
Q9LSC2	324	361	C-terminal
Q9LVX6	1	99	IDP
Q9M1L9	1	97	N-terminal
Q9M1L9	214	372	C-terminal
Q9M1Y3	1	88	N-terminal
Q9M2K7	1	112	N-terminal
Q9M2K7	214	264	middle
Q9M2K7	334	474	C-terminal
Q9M374	1	315	IDP
Q9S763	1	49	N-terminal
Q9SCQ6	1	50	N-terminal
Q9SCQ6	195	452	C-terminal
Q9SF87	1	439	N-terminal
Q9SF87	531	781	C-terminal
Q9SGI3	1	53	N-terminal
Q9SJW6	298	378	C-terminal
Q9SK32	472	509	C-terminal
Q9SK34	1	143	N-terminal
Q9SK34	448	537	C-terminal
Q9SZ67	1	96	N-terminal
Q9SZ67	396	646	middle
Q9SZ67	1454	1498	middle
Q9SZ67	1555	1587	middle
Q9ZPV3	1	101	IDP
Q9ZPY9	200	310	middle
Q9ZQZ7	1	33	N-terminal
A0A1I9LLE1	1	59	N-terminal
A0A1P8AUR6	42	104	C-terminal
A0A1P8B5U0	1	31	N-terminal
A0A1P8BB09	1	249	IDP
A0A1P8BB71	1	77	N-terminal
A0A1P8BH24	1	80	IDP
A8MQN6	105	222	C-terminal
B3H5U2	1	59	IDP
B6IDH2	1	87	N-terminal
F4HQX6	1	45	N-terminal
F4HQX6	243	299	middle
F4HWB0	106	242	middle
F4HWB0	451	601	C-terminal
F4I394	1	124	N-terminal
F4J6D7	1	309	N-terminal
F4J6D7	519	645	middle
F4JBT8	1	38	N-terminal
F4JEB4	85	136	middle
F4JQR9	60	565	middle
F4JQR9	601	758	C-terminal
F4JW93	1	232	IDP
O22285	1	174	N-terminal
O22727	859	967	C-terminal
O49500	1	509	N-terminal
O64517	146	219	middle
P0DKC3	1	66	N-terminal
P22738	1	33	N-terminal
P33078	1	54	N-terminal
P58051	1	33	N-terminal
Q3ECV8	1	55	N-terminal
Q5S4W8	1	269	N-terminal
Q67Y03	1	99	N-terminal
Q7X6P3	1	169	N-terminal
Q84JG2	1	52	N-terminal
Q84JG2	140	173	middle
Q84JG2	275	388	middle
Q8L402	179	381	C-terminal
Q8L5Y0	378	494	middle
Q8L5Y0	806	870	middle
Q8LAL2	1	154	N-terminal
Q8LD49	1	75	N-terminal
Q8LFZ9	1	66	N-terminal
Q8LFZ9	293	408	middle
Q940M2	1	47	N-terminal
Q94AN2	668	700	C-terminal
Q94EH8	1	80	N-terminal
Q94EH8	186	295	C-terminal
Q9FFI4	1	73	N-terminal
Q9FFI4	336	384	middle
Q9FFI4	726	758	middle
Q9FFZ4	1	70	N-terminal
Q9FGD7	169	230	middle
Q9FIS1	170	210	C-terminal
Q9FKC3	1	107	N-terminal
Q9FKS3	1	64	N-terminal
Q9FZ41	1	47	N-terminal
Q9FZF2	139	184	C-terminal
Q9LRR7	1	84	N-terminal
Q9LSA5	1	46	N-terminal
Q9LW77	333	492	C-terminal
Q9LXC6	1	38	N-terminal
Q9LXC6	143	235	middle
Q9LXC6	309	531	C-terminal
Q9LYN3	1	88	N-terminal
Q9LZ91	1	33	N-terminal
Q9M0A0	129	344	middle
Q9M1I1	53	127	middle
Q9M1I1	438	577	middle
Q9M1I1	1101	1185	middle
Q9SIA8	1	320	N-terminal
Q9SIN2	1	45	N-terminal
Q9SU33	1	94	N-terminal
Q9SVG5	1	34	N-terminal
Q9SY09	86	116	C-terminal
Q9XES1	1	36	N-terminal
Q9ZRT1	273	588	C-terminal
A0A1I9LT82	347	401	C-terminal
A0A1P8B2C8	1	81	IDP
A8MRZ2	1	122	N-terminal
B3H4I2	1	42	IDP
F4IJK5	217	275	middle
F4IJK5	444	632	C-terminal
F4JIP9	1	37	N-terminal
F4JIP9	183	220	middle
F4JQ51	404	834	middle
F4JQ51	884	944	middle
F4JVA9	351	404	middle
F4K1Q9	1	53	N-terminal
F4K1Q9	141	195	C-terminal
F4KF14	1	89	N-terminal
O80704	1	76	N-terminal
P0C7R2	1	46	N-terminal
P16180	1	149	IDP
P21238	1	46	N-terminal
P92566	1	105	IDP
P92981	1	79	N-terminal
P93825	1	34	N-terminal
Q0WR59	567	738	middle
Q1EBS5	1	64	IDP
Q39072	1	273	N-terminal
Q39089	1	57	N-terminal
Q3EBR6	1	54	N-terminal
Q42093	830	902	middle
Q42093	1461	1541	middle
Q42593	1	80	N-terminal
Q56XX3	1	86	N-terminal
Q56XX3	291	432	C-terminal
Q8H1Q1	1	160	N-terminal
Q8H1Q1	226	280	C-terminal
Q8L757	1	205	IDP
Q8L999	89	342	C-terminal
Q8RWM9	330	361	C-terminal
Q8RX80	1	38	N-terminal
Q8RX80	257	323	middle
Q8RX80	629	659	C-terminal
Q8W1Y0	96	564	middle
Q8W1Y0	641	949	middle
Q93YP9	1	38	N-terminal
Q941I6	338	677	middle
Q941I6	893	923	C-terminal
Q949T8	1	76	N-terminal
Q94A40	819	929	middle
Q94AM1	1	100	N-terminal
Q94BT6	1	33	N-terminal
Q94F58	165	340	C-terminal
Q94K61	1	70	N-terminal
Q9C5L3	255	287	middle
Q9C673	82	142	C-terminal
Q9C8M9	242	396	middle
Q9C8N9	364	515	middle
Q9C9X7	1	61	N-terminal
Q9C9X7	196	313	middle
Q9C9X7	370	419	C-terminal
Q9FK02	1	52	N-terminal
Q9FK02	280	322	middle
Q9FLG2	113	147	middle
Q9FLG2	230	274	middle
Q9FMU5	1	137	N-terminal
Q9LP68	155	500	middle
Q9LP68	584	643	C-terminal
Q9LQZ4	152	187	middle
Q9LTD4	251	337	middle
Q9LTF2	89	179	C-terminal
Q9LTK7	1	163	IDP
Q9LW03	1	135	IDP
Q9LXR9	1	72	N-terminal
Q9M651	499	545	C-terminal
Q9M9E9	300	343	C-terminal
Q9S762	1	74	N-terminal
Q9S7T1	1	45	N-terminal
Q9S7T1	236	311	middle
Q9S7T1	376	461	C-terminal
Q9SD24	92	186	C-terminal
Q9SG80	1	37	N-terminal
Q9SIC9	1	172	N-terminal
Q9SR91	70	145	middle
Q9SVM3	1	44	N-terminal
Q9SVM3	752	802	middle
Q9SZ70	1	135	N-terminal
Q9SZ70	269	339	C-terminal
Q9XI27	1	96	IDP
Q9ZR14	1	90	N-terminal
Q9ZVC2	57	89	middle
Q9ZVC2	398	491	C-terminal
A0A1I9LM77	1	152	N-terminal
A0A1P8AUV5	1	81	IDP
A1A6I1	103	205	C-terminal
A4FVS9	1	141	N-terminal
A4FVS9	451	484	C-terminal
F4I1T7	1	44	N-terminal
F4I1T7	420	749	middle
F4I1T7	868	1819	C-terminal
F4I2H2	1	108	N-terminal
F4I2H2	483	515	middle
F4I2H2	718	820	middle
F4I994	1	35	N-terminal
F4IAT8	1	34	N-terminal
F4IH52	1	117	N-terminal
F4IH52	450	486	middle
F4JJF6	1	37	N-terminal
F4JR77	146	556	C-terminal
F4JYG0	395	760	C-terminal
O48802	1	37	N-terminal
O48802	167	283	middle
O48802	362	447	middle
O48802	634	676	middle
O65036	1	39	N-terminal
O65036	166	245	C-terminal
O80834	1	160	N-terminal
O80834	287	348	C-terminal
O81833	779	815	C-terminal
P0CJ48	1	51	N-terminal
Q1G3U2	1	75	N-terminal
Q1H568	1	59	N-terminal
Q39115	1	177	IDP
Q39192	331	362	C-terminal
Q3EAR7	1	76	N-terminal
Q43383	1	100	N-terminal
Q6IDS6	54	99	middle
Q6NPE4	116	292	C-terminal
Q84RR2	1	39	N-terminal
Q84RR2	510	593	C-terminal
Q84TH4	1	77	N-terminal
Q84TH4	152	382	C-terminal
Q84WW3	811	859	middle
Q8GZ07	1	71	IDP
Q8LAP8	1	52	N-terminal
Q8LAP8	93	342	C-terminal
Q8LPL5	1	167	N-terminal
Q8RX04	1	35	N-terminal
Q8S8Q2	1	55	N-terminal
Q8S8Q2	469	579	C-terminal
Q8VY49	1	47	N-terminal
Q8VY80	1	71	N-terminal
Q8VYU5	631	700	C-terminal
Q93XZ6	1	386	N-terminal
Q93XZ6	430	584	middle
Q9C6S4	1	34	N-terminal
Q9FH17	1	151	N-terminal
Q9FH17	353	439	middle
Q9FJL4	1	315	N-terminal
Q9FJL4	383	498	C-terminal
Q9FQ24	149	257	C-terminal
Q9FUD3	1	133	N-terminal
Q9FUD3	214	277	C-terminal
Q9FZ92	1	201	N-terminal
Q9LEW0	409	472	middle
Q9LK29	1	71	N-terminal
Q9LQE3	360	518	middle
Q9LT56	301	356	C-terminal
Q9LV23	1	149	N-terminal
Q9M2V1	1	94	N-terminal
Q9M3C9	174	280	C-terminal
Q9M8K6	62	123	middle
Q9M8L6	1	83	N-terminal
Q9M8L6	298	351	middle
Q9SG12	1	130	N-terminal
Q9SH08	1	83	N-terminal
Q9SLM4	1	35	N-terminal
Q9SLM4	252	297	middle
Q9SN74	128	240	C-terminal
Q9SNB6	1	206	N-terminal
Q9SNB6	308	395	C-terminal
Q9SUZ8	1	58	N-terminal
Q9ZQB9	1	118	N-terminal
Q9ZQB9	601	643	middle
A0A178VR03	1	45	N-terminal
A0A1P8AM75	160	211	C-terminal
A0A1P8B4P1	300	387	middle
A0A1P8B4P1	1114	1168	C-terminal
A0A1P8B947	1	64	N-terminal
A0A1P8B947	222	261	C-terminal
A8MQW3	202	340	C-terminal
B3H4Z4	1	35	IDP
B6IDH7	1	41	IDP
B9DGX7	141	174	middle
B9DGX7	385	468	middle
F4HVK3	142	225	middle
F4ID96	139	182	middle
F4IDI6	1	146	N-terminal
F4IDI6	256	310	middle
F4IG60	1	83	N-terminal
F4IJY5	1	104	IDP
F4IK44	1	252	IDP
F4IRZ1	1	619	IDP
F4KDF5	1	147	N-terminal
O64885	1	87	N-terminal
O80516	1	60	N-terminal
O82230	1	72	N-terminal
O82663	1	40	N-terminal
O82730	1	57	N-terminal
P0C5B6	1	31	N-terminal
P0C6E7	168	220	middle
P38666	1	163	IDP
P46690	1	41	N-terminal
P55852	64	100	C-terminal
P94077	131	189	C-terminal
Q1PDG8	1	32	N-terminal
Q39002	1	103	N-terminal
Q39002	589	624	C-terminal
Q39033	265	312	middle
Q41969	1	102	N-terminal
Q4TU35	1	142	N-terminal
Q4TU35	241	286	middle
Q6IMT0	99	132	middle
Q6IMT0	186	295	middle
Q6IMT0	781	829	middle
Q6IMT0	1565	1804	middle
Q6IMT0	2237	2362	middle
Q6IMT0	2427	2587	C-terminal
Q8LPT1	1	68	N-terminal
Q8LPT1	650	819	middle
Q94BS8	82	119	C-terminal
Q9ASS7	1	36	N-terminal
Q9ASS7	427	475	middle
Q9C6R4	1	91	IDP
Q9C9V7	1	91	IDP
Q9CAM8	1	49	N-terminal
Q9CAN7	1	148	IDP
Q9FFA0	303	373	middle
Q9FG35	1	237	N-terminal
Q9FGG7	1	139	N-terminal
Q9FHF0	1105	1165	C-terminal
Q9FJ82	1	31	N-terminal
Q9FNN5	1	58	N-terminal
Q9FPH3	1	43	N-terminal
Q9LHS8	110	177	C-terminal
Q9LI85	109	160	C-terminal
Q9LKB9	1039	1101	middle
Q9LKB9	1183	1232	middle
Q9LKB9	1448	1505	C-terminal
Q9LPN5	152	235	C-terminal
Q9LSP7	179	309	C-terminal
Q9LVX8	1	39	N-terminal
Q9LW59	1	500	N-terminal
Q9LXZ7	1	181	N-terminal
Q9LXZ7	381	434	C-terminal
Q9LYW5	1	118	N-terminal
Q9LZW2	1	210	N-terminal
Q9M174	253	294	middle
Q9M548	1	62	N-terminal
Q9M548	152	202	middle
Q9M548	246	284	middle
Q9SBB2	78	174	middle
Q9SJT8	142	174	C-terminal
Q9SL70	1	120	N-terminal
Q9SL70	167	201	middle
Q9SL70	267	332	middle
Q9SL70	370	571	C-terminal
Q9SS43	1	101	N-terminal
Q9STG6	1	63	N-terminal
Q9SZ11	1	32	N-terminal
Q9SZ11	692	759	C-terminal
Q9SZZ9	1	32	N-terminal
Q9ZSY8	1	184	N-terminal
Q9ZW06	1	615	N-terminal
A0A1I9LTB9	1	38	IDP
A0A1P8B4S5	1	63	N-terminal
A2RVS6	82	117	middle
A2RVS6	197	300	C-terminal
F4HPR9	275	688	C-terminal
F4I2S4	253	297	middle
F4I3K4	1	34	N-terminal
F4I3K4	609	672	middle
F4I3K4	1000	1039	C-terminal
F4I7Y4	1	46	N-terminal
F4IPZ0	1	204	N-terminal
F4J0L0	1	155	IDP
F4JC74	1	39	N-terminal
F4JC74	596	657	C-terminal
F4JJC3	181	282	C-terminal
F4JJY3	1	63	N-terminal
F4JTD8	1	88	N-terminal
F4K5Q4	1	177	IDP
O04130	1	77	N-terminal
O22145	1	75	N-terminal
O64776	747	792	C-terminal
O65707	106	268	C-terminal
O80829	1	547	N-terminal
Q04996	1	172	N-terminal
Q04996	339	723	C-terminal
Q0WMJ4	1	41	N-terminal
Q0WMJ4	135	193	middle
Q1PDW9	1	58	N-terminal
Q2HIV9	1	62	N-terminal
Q39193	286	361	C-terminal
Q5Q0B2	1	119	IDP
Q7XA73	74	313	C-terminal
Q84J57	1	42	N-terminal
Q84J57	409	467	C-terminal
Q84J91	1	334	IDP
Q8GXY6	1	88	N-terminal
Q8H0U8	1	472	N-terminal
Q8H0U8	930	1043	middle
Q8L3W1	130	227	middle
Q8LDQ8	1	75	IDP
Q8RYE2	1	131	N-terminal
Q8VYP8	1	397	IDP
Q94BT0	1	48	N-terminal
Q94BT0	107	150	middle
Q94BT0	667	758	middle
Q9C9Z9	1	114	N-terminal
Q9C9Z9	465	533	C-terminal
Q9FF29	618	665	C-terminal
Q9FHM4	487	707	C-terminal
Q9FIU1	1	233	N-terminal
Q9FJ93	1	50	N-terminal
Q9FJ93	138	224	C-terminal
Q9FJP8	1	362	IDP
Q9FJT7	302	346	C-terminal
Q9FKK2	177	299	C-terminal
Q9FKZ3	114	313	C-terminal
Q9FVR9	1	49	N-terminal
Q9FX32	821	942	C-terminal
Q9LIE1	86	172	middle
Q9LIE1	676	761	C-terminal
Q9LKU5	1	131	IDP
Q9LM71	1	81	N-terminal
Q9LMB0	46	85	middle
Q9LTS8	1	31	N-terminal
Q9LUH2	1	32	N-terminal
Q9LVR5	1	61	N-terminal
Q9LX28	1	451	IDP
Q9LYQ8	282	312	middle
Q9LZA6	579	825	C-terminal
Q9M148	155	250	C-terminal
Q9M2H4	172	219	middle
Q9M339	218	249	C-terminal
Q9SAF4	1	40	N-terminal
Q9SEU8	1	78	N-terminal
Q9SFB3	1	88	N-terminal
Q9SHQ5	1	115	IDP
Q9SIT9	1	41	N-terminal
Q9SIT9	131	215	C-terminal
Q9SK51	1	113	N-terminal
Q9SK53	103	294	C-terminal
Q9SN35	183	214	C-terminal
Q9SV20	482	537	middle
Q9SVA1	1	32	N-terminal
Q9SVS0	1	80	N-terminal
Q9XI97	194	238	middle
Q9ZVH3	192	284	C-terminal
A0A1P8AUJ0	1	66	IDP
A0A1P8AVN7	330	361	C-terminal
B3H4Y0	1	68	N-terminal
B3H7E1	1	35	IDP
F4I526	536	589	C-terminal
F4IN23	1	187	N-terminal
F4IN23	287	321	C-terminal
F4ISV9	1	31	N-terminal
F4ITY1	1	118	N-terminal
F4ITY1	272	310	C-terminal
F4IZM8	112	847	middle
F4IZM8	993	1347	C-terminal
F4J5D3	1	197	N-terminal
F4J5D3	235	478	middle
F4J5D3	563	638	C-terminal
F4J5Q3	1	72	N-terminal
F4JM19	1052	1106	middle
F4JM19	1193	1241	middle
F4JM19	1463	1516	C-terminal
F4JSL7	1	423	N-terminal
F4K0E6	1	55	N-terminal
F4K6W1	466	501	C-terminal
F4K6X6	98	198	middle
F4KIN1	131	180	middle
F4KIN1	266	336	C-terminal
O04198	1	64	N-terminal
O04198	278	636	C-terminal
O23049	1	45	N-terminal
Q17TI5	1	133	N-terminal
Q17TI5	203	290	middle
Q1PEG5	69	178	middle
Q2NNE0	1	146	N-terminal
Q2NNE0	228	484	C-terminal
Q38838	1	109	N-terminal
Q38838	174	221	C-terminal
Q43309	431	474	C-terminal
Q4PSZ8	129	177	C-terminal
Q4V3E0	1	81	N-terminal
Q4V3E0	196	318	C-terminal
Q6DUW8	1	111	IDP
Q6R8G7	38	110	middle
Q6R8G7	189	295	middle
Q84LK0	1	72	N-terminal
Q8GXZ5	1	153	N-terminal
Q8GY91	1	94	N-terminal
Q8LC69	62	93	middle
Q8RWT4	1	176	N-terminal
Q944H5	1	63	N-terminal
Q94AS9	1	76	N-terminal
Q94JW9	1	82	N-terminal
Q94JW9	126	189	C-terminal
Q94KE0	215	248	middle
Q9C5U0	1	121	N-terminal
Q9C5U0	618	654	middle
Q9C5U0	845	877	middle
Q9C5X8	154	196	middle
Q9C6N1	1	48	N-terminal
Q9C9A0	1	326	IDP
Q9CB03	1	47	N-terminal
Q9FFT9	1	59	N-terminal
Q9FFT9	520	739	C-terminal
Q9FI00	457	573	C-terminal
Q9FIP0	165	245	C-terminal
Q9FJV1	1	33	N-terminal
Q9FNM0	1	164	IDP
Q9LIJ9	176	223	C-terminal
Q9LME2	1	42	N-terminal
Q9LME2	705	871	C-terminal
Q9LSB4	1	413	N-terminal
Q9LSB4	454	587	middle
Q9LT31	263	350	middle
Q9LT31	389	520	C-terminal
Q9M2F8	114	159	middle
Q9M384	1	139	N-terminal
Q9M384	191	266	middle
Q9S7D9	1	84	N-terminal
Q9S7D9	457	502	middle
Q9SB47	1	319	IDP
Q9SCQ4	1	32	N-terminal
Q9SJF3	141	334	middle
Q9SNC3	356	420	C-terminal
Q9SV04	1	52	N-terminal
Q9SZG3	1	123	IDP
Q9ZVQ9	1	41	N-terminal
A0A1P8APV7	128	260	C-terminal
A0A1P8AV25	97	148	middle
A0A1P8AV25	783	1073	middle
A0A1P8AV25	1200	1269	C-terminal
B3H574	1	75	IDP
B3H670	1	57	IDP
F4IFY5	1	68	N-terminal
F4IKG5	1	734	IDP
F4IT21	1	113	N-terminal
F4J5Z7	1	118	N-terminal
F4J8D3	1084	1176	C-terminal
F4JGT3	1	70	IDP
F4JZU2	227	280	middle
F4K599	1	36	N-terminal
F4K5J1	948	985	middle
F4K5J1	1045	1113	middle
F4K5J1	1198	1240	middle
F4K5J1	1469	1531	C-terminal
O23188	1	312	N-terminal
O23188	371	427	C-terminal
O23344	1	47	N-terminal
O64647	1	89	N-terminal
O64647	132	356	C-terminal
O64789	876	925	C-terminal
O80783	1	89	N-terminal
O82618	68	126	middle
O82618	203	273	C-terminal
P49211	1	35	N-terminal
P92524	1	187	IDP
Q0WKZ3	1	46	N-terminal
Q1PDG7	1	51	N-terminal
Q1PDG7	92	147	C-terminal
Q2V2W6	1	53	N-terminal
Q38873	1	35	N-terminal
Q39100	1	46	N-terminal
Q39142	1	48	N-terminal
Q3EBY6	238	288	middle
Q42404	1	96	N-terminal
Q42404	215	427	C-terminal
Q5BPG9	1	240	N-terminal
Q5XF75	1	73	N-terminal
Q5XUX6	1	97	N-terminal
Q5XUX6	277	482	middle
Q5XVB0	1	388	IDP
Q680B9	1	31	N-terminal
Q6GKW8	186	443	C-terminal
Q8GTS2	1	85	N-terminal
Q8GTS2	154	249	C-terminal
Q8GUN5	1	234	N-terminal
Q8GUN5	365	413	C-terminal
Q8GWP5	1	70	N-terminal
Q8GWS0	1	74	N-terminal
Q8L3R2	1	66	N-terminal
Q8LA14	1	81	IDP
Q8LFP9	1	65	N-terminal
Q8RYC3	1	92	N-terminal
Q8VY07	164	560	C-terminal
Q93W93	1	76	N-terminal
Q940T5	1	189	N-terminal
Q940T5	242	407	C-terminal
Q94BZ7	1	92	N-terminal
Q9C7F8	592	664	middle
Q9C9S1	1	104	N-terminal
Q9C9S1	163	293	middle
Q9CA46	1	61	N-terminal
Q9CA69	150	298	middle
Q9CAA7	1	240	N-terminal
Q9CAA7	840	879	middle
Q9CAK4	178	359	middle
Q9FFW8	1	66	N-terminal
Q9FM06	100	161	C-terminal
Q9FN45	1	90	N-terminal
Q9FN45	145	179	middle
Q9FN45	219	277	C-terminal
Q9FNJ8	1	116	N-terminal
Q9FPW6	1	151	N-terminal
Q9LKG8	165	451	C-terminal
Q9LKW9	1	33	N-terminal
Q9LKW9	917	1146	C-terminal
Q9LNX4	1	82	IDP
Q9LW15	1	98	N-terminal
Q9LXH7	81	170	C-terminal
Q9LYC0	1	68	N-terminal
Q9LYC0	105	141	middle
Q9M085	1	85	N-terminal
Q9M336	1	76	N-terminal
Q9SK37	673	734	middle
Q9T014	1	310	N-terminal
Q9T014	364	452	middle
Q9XIA5	1	39	N-terminal
Q9ZUA3	1	69	N-terminal
Q9ZUA3	389	523	middle
Q9ZUA3	582	629	C-terminal
Q9ZUS1	335	380	C-terminal
A0A1I9LPG2	1	31	IDP
A0A1P8B2M8	1	39	N-terminal
A0A1P8B2M8	94	202	middle
A8MRU6	1	92	IDP
F4HYM3	68	108	middle
F4IB55	1	66	N-terminal
F4ICF4	1	126	N-terminal
F4IQ85	1	132	N-terminal
F4IS71	1	44	N-terminal
F4JC28	1	150	N-terminal
F4JC28	221	264	C-terminal
F4JJ97	94	124	C-terminal
O24495	1	60	N-terminal
O65704	1	31	N-terminal
O80926	1	54	N-terminal
O80926	201	341	middle
O82268	1	59	N-terminal
O82268	174	219	C-terminal
P92528	107	215	C-terminal
Q1JPL7	1	56	N-terminal
Q24JK4	1	57	N-terminal
Q24JK4	151	201	middle
Q38854	1	63	N-terminal
Q39128	1	46	N-terminal
Q39128	503	616	middle
Q43348	1	76	N-terminal
Q7X9B9	1	100	N-terminal
Q7X9B9	523	650	middle
Q7X9B9	720	869	middle
Q84KJ5	1	50	N-terminal
Q84KJ5	538	569	C-terminal
Q8GWB3	1	90	N-terminal
Q8GXM1	1	53	IDP
Q8GZA1	1	42	N-terminal
Q8GZA1	392	805	C-terminal
Q8H0X5	1	168	IDP
Q8H0Z8	172	361	middle
Q8L633	1	45	N-terminal
Q8L7W8	1	40	N-terminal
Q8LDS4	1	249	N-terminal
Q8RUZ5	1	69	N-terminal
Q8S8N7	1	31	N-terminal
Q8S8T8	1	47	N-terminal
Q8VWG0	1	132	N-terminal
Q8VWG0	243	337	C-terminal
Q8VYZ1	1	693	IDP
Q940Y3	1	497	N-terminal
Q940Y3	596	677	middle
Q94AG2	214	256	middle
Q9C6K3	1	57	N-terminal
Q9C6K3	128	250	middle
Q9C6K3	330	411	middle
Q9C6K3	499	603	C-terminal
Q9C6S7	1	72	N-terminal
Q9C6S7	393	430	middle
Q9C865	256	366	middle
Q9CAR0	172	253	C-terminal
Q9FJ98	1	62	N-terminal
Q9FLJ6	1	42	N-terminal
Q9FUG4	1	56	N-terminal
Q9FUG4	196	297	middle
Q9FUG4	669	766	C-terminal
Q9LK58	1	72	N-terminal
Q9LK58	405	551	C-terminal
Q9LU92	1	53	N-terminal
Q9LU92	151	230	middle
Q9LW80	1	104	N-terminal
Q9M386	1	45	N-terminal
Q9M9F0	1	311	IDP
Q9M9L7	1	72	N-terminal
Q9M9L7	666	729	middle
Q9MBG7	180	289	middle
Q9MBG7	414	445	C-terminal
Q9S972	1	34	N-terminal
Q9S972	463	502	middle
Q9S972	795	847	C-terminal
Q9S9N4	1	36	N-terminal
Q9S9N4	264	328	middle
Q9SF38	1	85	N-terminal
Q9SF38	350	400	middle
Q9SJW1	1	46	N-terminal
Q9SJW1	271	515	C-terminal
Q9SK03	1	153	N-terminal
Q9SK03	242	449	C-terminal
Q9STF5	360	396	middle
Q9T0K8	147	404	middle
A0A1I9LNT0	40	97	C-terminal
A0A1I9LNY7	1	45	N-terminal
A0A1I9LNY7	123	160	C-terminal
A0A1P8ANL4	1	94	IDP
A0A1P8B9R1	75	156	middle
A0A1P8B9R1	210	414	C-terminal
A1A6K6	1	129	N-terminal
B3H4H0	1	103	IDP
B3H555	1	47	IDP
C0SUT9	1	114	N-terminal
C0SUT9	196	267	middle
C0SUT9	692	971	middle
C0SUT9	1077	1168	middle
F4HUV0	1	47	N-terminal
F4HUV0	327	388	C-terminal
F4IGM0	1	113	N-terminal
F4K253	1	70	N-terminal
F4K253	275	456	middle
F4K6Z1	1	55	N-terminal
F4K6Z1	513	638	middle
F4K6Z1	733	888	middle
F4K6Z1	941	1025	C-terminal
O22755	59	100	middle
O23120	1	144	IDP
O24409	1	80	N-terminal
O49698	130	171	middle
O80793	1	188	N-terminal
O80793	344	530	C-terminal
P15455	1	32	N-terminal
P25851	1	72	N-terminal
Q1PEW0	1	71	N-terminal
Q1PEW0	185	247	C-terminal
Q42534	1	49	N-terminal
Q56Y48	1	125	N-terminal
Q6NNI6	1	204	IDP
Q6NPP4	138	460	middle
Q6NPP4	767	801	middle
Q6NPP4	934	966	middle
Q6NPP4	1003	1050	C-terminal
Q6NQ80	1	211	N-terminal
Q6NQ80	262	497	middle
Q6NQ80	540	630	middle
Q8GYX9	1	128	N-terminal
Q8GYX9	185	286	C-terminal
Q8LB29	1	76	IDP
Q8RUI8	96	130	middle
Q8RY73	1	193	N-terminal
Q8S9K1	1	122	N-terminal
Q8S9K1	330	545	C-terminal
Q8W103	1	353	N-terminal
Q8W103	978	1011	middle
Q93Y22	160	282	middle
Q9C597	1	66	N-terminal
Q9CAH0	1	38	N-terminal
Q9CAT5	1	36	N-terminal
Q9CAT5	90	137	middle
Q9FHI7	1	60	N-terminal
Q9FHI7	324	354	C-terminal
Q9FI59	1	35	N-terminal
Q9FID6	776	813	C-terminal
Q9FIH9	1	70	N-terminal
Q9FKQ3	1	41	N-terminal
Q9FNA4	1152	1228	middle
Q9FWA5	1	236	N-terminal
Q9LF41	426	464	middle
Q9LF41	1008	1038	C-terminal
Q9LFP6	165	201	middle
Q9LIB2	1	83	N-terminal
Q9LIB2	518	558	middle
Q9LQX4	1	102	N-terminal
Q9LQX4	151	366	C-terminal
Q9LRP6	1	145	N-terminal
Q9LS48	1	102	N-terminal
Q9LYL9	1	70	N-terminal
Q9LZY4	1	48	N-terminal
Q9MA15	1	68	N-terminal
Q9SHV1	858	920	C-terminal
Q9SJ84	619	652	C-terminal
Q9SJJ3	1	319	N-terminal
Q9SJJ3	498	584	C-terminal
Q9SSE9	1	143	N-terminal
Q9SSE9	346	410	middle
Q9SSE9	888	1027	C-terminal
Q9SYM4	1	62	N-terminal
Q9SYM4	813	893	middle
Q9SZU2	1	38	N-terminal
Q9ZUD0	1	80	N-terminal
A0A1I9LPZ1	1	438	N-terminal
A0A1I9LPZ1	558	2160	C-terminal
A0A1P8AVE4	1	37	N-terminal
A0A1P8B5D8	1	440	N-terminal
A0A1P8B9R0	234	753	middle
A0A1P8BC53	1	120	IDP
A0A1P8BDT1	1	194	IDP
A0A1P8BHA8	1	113	N-terminal
A0A1P8BHA8	290	324	C-terminal
B3H5L8	1	43	IDP
F4I232	1	171	N-terminal
F4I983	1	786	N-terminal
F4I983	845	1495	C-terminal
F4I9V7	702	802	middle
F4IRM4	1	40	N-terminal
F4IRM4	207	263	middle
F4IRM4	364	401	middle
F4IYH7	1	168	IDP
F4J0F5	258	300	middle
F4JGJ8	1	167	IDP
F4JV81	1	78	N-terminal
F4JV81	140	228	middle
F4JV81	585	746	middle
F4JV81	896	951	middle
F4JV81	1188	1237	middle
F4K2U6	1	103	IDP
O22900	1	337	IDP
O23373	1	332	N-terminal
O23373	728	785	C-terminal
O48814	1	48	N-terminal
O48814	356	395	C-terminal
O65547	1	44	IDP
O65655	58	458	middle
O65655	539	633	C-terminal
O80386	111	153	middle
O80386	235	1058	C-terminal
O82593	161	302	C-terminal
P49572	1	72	N-terminal
Q3E984	1	40	N-terminal
Q3E984	815	850	C-terminal
Q84LG2	1	314	N-terminal
Q84LG2	356	389	C-terminal
Q8H0X4	294	499	C-terminal
Q8H1D7	1	127	N-terminal
Q8H1D7	250	334	middle
Q8H1D7	397	487	C-terminal
Q8LJT8	1	50	N-terminal
Q8LJT8	166	313	middle
Q8LJT8	434	743	C-terminal
Q8RV72	1	83	IDP
Q8RV83	1	126	N-terminal
Q8RWW3	376	453	C-terminal
Q8RX83	637	667	middle
Q8RXY0	1	47	N-terminal
Q8SAA5	1	31	N-terminal
Q8SAB7	69	127	middle
Q8SAB7	279	442	middle
Q8VX13	1	95	N-terminal
Q93WI1	1	78	IDP
Q940G8	151	335	C-terminal
Q940J7	1	84	N-terminal
Q949U2	1	245	N-terminal
Q949U2	378	449	C-terminal
Q949U4	1	58	N-terminal
Q949U4	493	572	C-terminal
Q94BP7	296	418	middle
Q94BP7	455	741	C-terminal
Q9C7P2	1	63	N-terminal
Q9C877	1	42	N-terminal
Q9C878	161	305	C-terminal
Q9C8G5	108	138	middle
Q9C9B4	191	222	middle
Q9FHB3	1	56	N-terminal
Q9FHI4	1	93	N-terminal
Q9FHI4	166	201	middle
Q9FHI4	550	1053	middle
Q9FJB4	350	381	C-terminal
Q9FJQ5	1	98	N-terminal
Q9FJQ5	309	557	C-terminal
Q9FLJ2	177	336	C-terminal
Q9FYC1	1	43	N-terminal
Q9FYR6	1	60	N-terminal
Q9LD84	1	416	IDP
Q9LE44	1	86	IDP
Q9LFG9	146	225	C-terminal
Q9LFT9	171	207	C-terminal
Q9LRZ3	1	77	N-terminal
Q9LRZ3	414	476	middle
Q9LS22	383	450	middle
Q9LVI4	1	352	IDP
Q9M2C8	1	31	N-terminal
Q9SAC0	1	83	N-terminal
Q9SCP2	1	33	N-terminal
Q9SSA8	1	128	N-terminal
Q9SSA8	177	358	C-terminal
Q9ZVM9	1	90	N-terminal
Q9ZVM9	403	572	C-terminal
Q9ZVT9	124	255	middle
A0A178UQR8	1	83	IDP
A0A178V165	1	73	N-terminal
A0A178VQE8	1	50	IDP
A0A1P8AU44	1	73	IDP
A0A1P8B423	1	74	IDP
A2RVU4	1	212	IDP
B3H7D9	1	47	IDP
C0LGW6	931	966	C-terminal
F4HSA3	126	228	C-terminal
F4HVV7	817	956	middle
F4HVV7	1152	1259	middle
F4HVV7	1425	1615	middle
F4HVV7	1794	1850	middle
F4HWR0	1	33	N-terminal
F4I9A2	1	80	N-terminal
F4I9A2	1145	1217	middle
F4I9A2	1625	1716	middle
F4I9C1	1	55	N-terminal
F4I9C1	104	308	middle
F4I9G9	48	162	middle
F4IFM0	1	303	N-terminal
F4IGA5	1	82	N-terminal
F4IGA5	519	588	middle
F4IGA5	1228	1285	C-terminal
F4IXC9	1	43	N-terminal
F4IXC9	269	493	C-terminal
F4J4N6	1	120	N-terminal
F4J4N6	309	546	middle
F4J738	887	964	middle
F4JCM1	94	145	C-terminal
O48526	1	141	IDP
O64632	1	136	N-terminal
O80345	180	293	middle
O80345	424	479	C-terminal
O81015	1	134	N-terminal
O81015	262	646	C-terminal
P42804	1	77	N-terminal
P93743	1	269	IDP
Q2PE59	88	156	C-terminal
Q2V3K5	1	146	IDP
Q56XC6	1	65	N-terminal
Q5RM09	1	150	N-terminal
Q66GJ0	1	104	N-terminal
Q66GJ0	421	456	middle
Q66WT5	1	58	N-terminal
Q84TG1	1	108	N-terminal
Q8H1S7	1	207	N-terminal
Q8H1S7	326	421	middle
Q8H1S7	698	771	middle
Q8L5Z7	1	165	N-terminal
Q8RYD9	208	252	C-terminal
Q8S8K8	1	97	N-terminal
Q8VYS5	1	173	N-terminal
Q8VYY5	130	173	middle
Q8VYY5	502	565	C-terminal
Q8VZC8	1	180	N-terminal
Q8VZC8	282	391	middle
Q93ZE2	1	92	N-terminal
Q9C6F6	1	84	N-terminal
Q9CAS2	1	39	N-terminal
Q9CAS2	150	204	middle
Q9FF95	1	129	N-terminal
Q9FIE3	1	39	N-terminal
Q9FIE3	295	535	middle
Q9FII7	793	852	middle
Q9FIP9	1	48	N-terminal
Q9FIP9	100	142	middle
Q9FIP9	237	422	middle
Q9FIP9	472	511	middle
Q9FJB8	1	365	IDP
Q9FLH5	180	211	C-terminal
Q9FMS0	245	452	C-terminal
Q9FX99	210	313	middle
Q9FX99	623	663	C-terminal
Q9LFF4	1	203	IDP
Q9LHE9	1	101	N-terminal
Q9LHE9	1014	1074	middle
Q9LHE9	1136	1166	C-terminal
Q9LM92	93	131	C-terminal
Q9LS54	1	285	IDP
Q9LTS7	1	323	N-terminal
Q9LTS7	426	675	C-terminal
Q9LU08	1	98	IDP
Q9LX79	1	56	N-terminal
Q9LX79	342	393	C-terminal
Q9M0M2	583	672	middle
Q9M2U8	1	31	N-terminal
Q9M2U8	70	203	middle
Q9M9S4	326	422	middle
Q9SA25	332	380	middle
Q9SA25	665	720	C-terminal
Q9SFX3	530	614	C-terminal
Q9SJ81	1	43	N-terminal
Q9SJ81	196	254	C-terminal
Q9XF50	185	218	C-terminal
Q9XGZ0	1	31	N-terminal
Q9XIF5	76	149	middle
Q9XIR4	1	87	N-terminal
Q9XIR4	255	287	middle
A0A1P8AYI7	1	239	IDP
A8MQK2	1	33	N-terminal
A8MRK9	1	47	N-terminal
B9DFZ0	1	168	N-terminal
F4I3V3	1	52	N-terminal
F4J1U2	1	133	N-terminal
F4J2K2	1	78	N-terminal
F4JLQ2	1	48	N-terminal
F4JLQ2	479	522	middle
F4K0T3	80	132	middle
F4K0T3	228	264	middle
F4KBF5	1	78	N-terminal
O23305	140	325	middle
O49733	430	549	middle
O81067	1	51	N-terminal
O81067	429	463	middle
O81067	754	786	C-terminal
P40228	1	102	N-terminal
P47735	968	999	C-terminal
P54968	1	38	N-terminal
Q0WUC5	1	115	N-terminal
Q29PT3	1	88	N-terminal
Q2V4J8	1	100	IDP
Q39112	1	42	N-terminal
Q3EAE7	1	43	N-terminal
Q680Q4	77	108	middle
Q680Q4	461	884	C-terminal
Q6GKX7	1	44	N-terminal
Q6NNI8	1	104	N-terminal
Q7X9V2	1	49	N-terminal
Q7X9V2	158	523	middle
Q7X9V2	1240	1380	middle
Q7X9V2	1433	1650	middle
Q7X9V2	1788	2055	C-terminal
Q84WP6	184	365	C-terminal
Q8GYA5	1	106	IDP
Q8S8N0	1	80	IDP
Q8VYS4	128	160	middle
Q8VYS4	713	761	middle
Q8VYW7	103	150	middle
Q8VYW7	301	449	middle
Q8VYW7	1108	1180	C-terminal
Q93YN8	1	177	N-terminal
Q9C6S5	1	46	N-terminal
Q9C7Y9	1	198	IDP
Q9FHM3	1	75	N-terminal
Q9FIP7	1	237	IDP
Q9FL80	1	48	N-terminal
Q9FNN0	1	121	N-terminal
Q9FWT4	1	70	N-terminal
Q9LMH0	270	302	C-terminal
Q9LPG3	1	250	N-terminal
Q9LPG3	443	509	middle
Q9LSP8	128	286	middle
Q9LU78	1	62	IDP
Q9LZ56	1	84	N-terminal
Q9LZ56	138	399	C-terminal
Q9M277	1	47	N-terminal
Q9M2F9	1	128	N-terminal
Q9M2F9	542	646	C-terminal
Q9M2V7	369	419	middle
Q9M667	127	157	middle
Q9SJR4	1	60	N-terminal
Q9SL05	1	76	N-terminal
Q9SL41	156	365	C-terminal
Q9SS53	1	91	N-terminal
Q9SS53	702	810	middle
Q9SZV2	501	557	middle
Q9ZVE7	1	92	N-terminal
A0A1P8B5J9	1	37	N-terminal
A0A1P8B5J9	79	188	C-terminal
A0A1P8BGF0	1	189	N-terminal
A0A1P8BGF0	239	283	middle
B3H5V2	1	43	IDP
B3H7I7	1	61	IDP
F4I0U4	1	42	IDP
F4IHL3	1	134	N-terminal
F4IHL3	606	641	C-terminal
F4JQJ7	358	408	C-terminal
F4KAF2	1	88	N-terminal
F4KAF2	550	707	middle
F4KH89	1	52	N-terminal
F4KH89	92	135	middle
O49429	1	54	N-terminal
O49429	180	419	C-terminal
O49680	1	79	N-terminal
O82347	1	83	N-terminal
O82782	1	50	N-terminal
P46667	1	70	N-terminal
P46667	175	312	C-terminal
Q058P6	1	98	N-terminal
Q08298	1	109	N-terminal
Q0V7V2	1	46	N-terminal
Q39127	1	42	N-terminal
Q39127	102	218	C-terminal
Q3E7N2	1	78	IDP
Q501B3	315	417	C-terminal
Q8H1E6	1	50	N-terminal
Q8L710	265	301	middle
Q8L710	634	686	C-terminal
Q8LCC6	1	53	N-terminal
Q8W4R7	1	257	N-terminal
Q93Z55	1	67	N-terminal
Q9C7X2	1	427	N-terminal
Q9CA68	1	67	N-terminal
Q9CA98	1	240	IDP
Q9FF90	1	155	N-terminal
Q9FKZ4	1	75	N-terminal
Q9LDH3	1	47	N-terminal
Q9LE54	1	110	IDP
Q9LF45	1	119	N-terminal
Q9LXK2	1	52	N-terminal
Q9M065	1	48	N-terminal
Q9M098	1	70	N-terminal
Q9M373	1	39	N-terminal
Q9M3A8	1	81	N-terminal
Q9M3A8	568	629	C-terminal
Q9MA74	1	71	N-terminal
Q9S9N7	1	142	N-terminal
Q9SB79	108	181	middle
Q9SB79	263	302	middle
Q9SB79	402	472	middle
Q9SF40	1	200	N-terminal
Q9SJM0	1	58	N-terminal
Q9STM3	394	721	middle
Q9STM3	842	1245	middle
Q9SZK4	1	84	N-terminal
Q9XI82	1	84	N-terminal
Q9ZQE3	1	65	N-terminal
Q9ZUL5	1	156	N-terminal
Q9ZUP8	75	133	C-terminal
A0A1P8AZZ2	1	31	N-terminal
A0A1P8B2L4	117	277	middle
B3H615	131	200	middle
B3H686	108	167	middle
F4IJ79	1	170	N-terminal
F4ISE1	1	72	IDP
F4IYM6	1	65	N-terminal
F4IYM6	268	320	middle
F4JIK2	1	41	N-terminal
F4JTN2	402	485	C-terminal
F4K723	1	169	N-terminal
O22798	161	268	C-terminal
O23119	1	161	IDP
O49434	1	81	N-terminal
O82281	1	138	N-terminal
O82281	201	282	middle
P25856	1	41	N-terminal
P43273	1	49	N-terminal
P46640	1	55	N-terminal
P46640	169	207	middle
P49637	1	35	N-terminal
P61430	1	42	N-terminal
P61430	705	856	C-terminal
Q1HDT2	1	50	N-terminal
Q3EB68	1	95	IDP
Q4V389	1	42	N-terminal
Q4V389	667	703	C-terminal
Q500W8	1	34	N-terminal
Q52QU1	1	41	N-terminal
Q52QU1	112	225	C-terminal
Q5PP32	348	385	C-terminal
Q6DBH0	1	71	N-terminal
Q6DBH0	333	392	middle
Q84UV0	1	66	N-terminal
Q84WV6	1	31	N-terminal
Q84WV6	484	573	middle
Q8GXC5	1	53	N-terminal
Q8GXC5	195	257	C-terminal
Q8L7N8	1	43	N-terminal
Q8L7N8	120	239	middle
Q8L7N8	309	375	C-terminal
Q8RW95	148	258	middle
Q8RX66	273	568	C-terminal
Q8S9J8	157	225	middle
Q8S9J8	359	635	C-terminal
Q8VZ55	1	145	IDP
Q93YW4	1	532	IDP
Q94B60	1	75	N-terminal
Q94K48	1	79	N-terminal
Q96502	97	347	C-terminal
Q9ASQ5	1	40	N-terminal
Q9ASQ5	107	220	middle
Q9FG96	1	40	N-terminal
Q9FJX9	1	189	N-terminal
Q9FJX9	476	508	middle
Q9FN77	457	533	C-terminal
Q9FY94	220	292	C-terminal
Q9FYF4	1	33	N-terminal
Q9LFJ5	1	37	N-terminal
Q9LFT5	1	47	N-terminal
Q9LG02	194	245	middle
Q9LG02	295	337	C-terminal
Q9LHJ4	44	221	C-terminal
Q9LJU7	1	32	N-terminal
Q9LKU3	772	917	C-terminal
Q9LNW6	275	322	C-terminal
Q9LPK8	1	323	IDP
Q9LRZ4	1	58	N-terminal
Q9LS00	62	199	middle
Q9LS00	251	357	C-terminal
Q9LS06	1	33	N-terminal
Q9LTR0	1	52	N-terminal
Q9LTT9	1	142	N-terminal
Q9LTT9	544	918	middle
Q9LTT9	1091	1143	middle
Q9LV03	1	92	N-terminal
Q9LV03	1648	1697	middle
Q9LVT8	1	357	IDP
Q9LW88	1	331	N-terminal
Q9LYT7	1	67	N-terminal
Q9LZT0	1	52	N-terminal
Q9LZT8	159	192	C-terminal
Q9M2T9	1	69	N-terminal
Q9M2T9	582	616	C-terminal
Q9S7D1	1	113	N-terminal
Q9S9N2	1	123	IDP
Q9SMN1	1	48	N-terminal
Q9SV06	1	80	N-terminal
Q9T0J6	1	105	N-terminal
Q9T0J6	203	326	middle
A0A1I9LPY2	1	107	N-terminal
A0A1P8AW93	113	143	C-terminal
A0A1P8AZJ4	1	275	N-terminal
A0A1P8B2B4	1	90	IDP
B3H5J9	1	36	IDP
B3H6V4	1	44	IDP
B3H6Z2	1	40	N-terminal
F4HTT6	1	86	N-terminal
F4IJJ8	1	63	N-terminal
F4IV99	1	427	N-terminal
F4IV99	1125	1246	middle
F4IV99	1451	1527	middle
F4IV99	1629	1724	C-terminal
F4JJC8	1	36	N-terminal
F4JMK5	1	155	N-terminal
F4JQZ7	1	237	N-terminal
F4JQZ7	295	339	middle
F4JXB6	313	347	middle
F4JY67	185	331	C-terminal
O04324	46	205	C-terminal
O22874	1	31	N-terminal
O23553	1	39	N-terminal
O49354	1	77	N-terminal
O65924	1	33	N-terminal
O65924	841	881	C-terminal
O81821	1	34	N-terminal
O81821	207	481	C-terminal
P11832	1	106	N-terminal
P11832	510	543	middle
P37107	1	75	N-terminal
P37107	512	564	C-terminal
P82625	1	34	N-terminal
Q05153	445	646	C-terminal
Q0WL44	1	79	N-terminal
Q0WQN4	188	229	C-terminal
Q0WV90	204	363	middle
Q0WV90	684	738	middle
Q0WV90	1089	1120	C-terminal
Q1PET6	1	65	N-terminal
Q39008	1	350	N-terminal
Q39190	1	150	N-terminal
Q42384	1	146	N-terminal
Q5HZ38	1	65	N-terminal
Q84JS8	1	82	N-terminal
Q84JS8	129	204	C-terminal
Q84MC0	161	200	C-terminal
Q8H1E2	1	68	N-terminal
Q8H1F3	1	585	IDP
Q8L403	1	101	N-terminal
Q8L403	219	278	C-terminal
Q8L9S3	1	38	N-terminal
Q8RWL0	101	149	middle
Q8RWL0	241	306	middle
Q8VZJ5	166	209	middle
Q8VZJ5	562	593	C-terminal
Q8W4D6	1	118	N-terminal
Q940T0	1	39	N-terminal
Q94JM3	1	52	N-terminal
Q94JM3	378	744	middle
Q94JM3	822	859	C-terminal
Q9C5E8	1	31	N-terminal
Q9C6B6	1	89	N-terminal
Q9C7H3	150	300	middle
Q9C8C1	1	40	N-terminal
Q9FG74	1	86	N-terminal
Q9FG74	270	347	middle
Q9FG74	463	498	C-terminal
Q9FLC6	1	31	N-terminal
Q9FLP3	1	112	N-terminal
Q9FNH2	1	125	N-terminal
Q9FZD4	1	119	N-terminal
Q9LD57	1	83	N-terminal
Q9LJ64	1	31	N-terminal
Q9LJ64	358	956	C-terminal
Q9LMC0	1	118	N-terminal
Q9LNQ6	1	77	IDP
Q9LPJ1	64	121	middle
Q9LPJ1	282	327	C-terminal
Q9LPJ7	1	61	N-terminal
Q9LS09	144	218	C-terminal
Q9LUC7	1	237	IDP
Q9LV59	1	73	N-terminal
Q9LV59	301	333	C-terminal
Q9LV80	1	221	N-terminal
Q9LY09	1	50	N-terminal
Q9LY09	145	543	C-terminal
Q9M8X2	1	56	N-terminal
Q9M8X2	383	422	middle
Q9M8X2	473	712	C-terminal
Q9S9T8	1	253	N-terminal
Q9SA52	1	75	N-terminal
Q9SA76	1	430	N-terminal
Q9SHY3	1	99	N-terminal
Q9SHY3	144	180	C-terminal
Q9SU70	1	237	N-terminal
Q9SZE4	143	219	C-terminal
Q9XFM6	173	220	C-terminal
Q9XI12	1	403	N-terminal
A0A178V5Q1	1	75	IDP
A0A178VM33	1	106	IDP
A0A1P8BDU6	1	118	N-terminal
A0JPZ8	1	56	N-terminal
A0JPZ8	205	260	middle
A8MR74	1	71	IDP
B3H6P1	1	45	IDP
F4HSU3	1	64	N-terminal
F4HSU3	491	564	C-terminal
F4IN63	102	152	middle
F4IN63	362	438	C-terminal
F4J8C6	816	862	middle
F4JH53	195	228	middle
F4JT92	83	290	middle
F4JT92	373	408	middle
F4K087	1	119	N-terminal
O22921	1	162	N-terminal
O22921	220	315	middle
O24629	1	179	N-terminal
O24629	387	419	middle
O64700	1	62	N-terminal
O65376	1	75	N-terminal
O80439	1	118	IDP
O82190	82	135	middle
P48622	1	82	N-terminal
Q08A69	1	70	N-terminal
Q0WNP7	1	95	N-terminal
Q0WSF1	1	65	N-terminal
Q1G3U9	1	97	IDP
Q39111	1	59	N-terminal
Q3E9B4	1	163	N-terminal
Q42371	920	976	C-terminal
Q67XZ3	1	31	N-terminal
Q6NKU9	1	41	N-terminal
Q84J81	329	363	C-terminal
Q8GT74	147	195	middle
Q8L923	1	75	IDP
Q8LPG9	1	319	N-terminal
Q8LPG9	398	668	C-terminal
Q8RWN3	1	593	N-terminal
Q8RWR2	1	314	N-terminal
Q8RWR2	412	452	C-terminal
Q8RXN4	1	44	N-terminal
Q8VY77	1	91	IDP
Q8W463	1	108	N-terminal
Q93XX2	1	131	N-terminal
Q940A7	1	530	N-terminal
Q940A7	600	683	C-terminal
Q941F1	1	74	N-terminal
Q9ASV6	1	100	N-terminal
Q9ASV6	171	202	C-terminal
Q9C593	1	264	IDP
Q9C6V3	154	339	C-terminal
Q9C8B5	84	171	C-terminal
Q9FHG2	1	33	N-terminal
Q9FJL0	359	389	middle
Q9FJL0	688	723	middle
Q9FKS6	1	139	N-terminal
Q9FM73	72	154	C-terminal
Q9FNG8	1	132	N-terminal
Q9FNG8	569	607	middle
Q9FVS2	67	138	middle
Q9FVS2	612	660	C-terminal
Q9FYM4	86	147	middle
Q9FYM4	220	293	C-terminal
Q9LEX8	1	159	N-terminal
Q9LEX8	414	539	middle
Q9LEX8	749	798	C-terminal
Q9LFC6	1	186	N-terminal
Q9LFC6	594	631	C-terminal
Q9LII3	1	125	N-terminal
Q9LII3	164	195	C-terminal
Q9LJX8	1	41	N-terminal
Q9LNN7	1	49	N-terminal
Q9LPD5	228	261	C-terminal
Q9LSI7	141	317	C-terminal
Q9LVC8	1	39	N-terminal
Q9M7Y1	1	147	IDP
Q9M8S6	1	39	N-terminal
Q9SAA0	1	33	N-terminal
Q9SAD0	1	169	N-terminal
Q9SAD0	349	429	C-terminal
Q9SF29	117	169	middle
Q9SHL4	1	76	N-terminal
Q9SHL4	125	275	C-terminal
Q9SMP6	1	110	N-terminal
Q9SSL9	747	811	middle
Q9SSP6	1	197	N-terminal
Q9SSP6	462	507	middle
Q9STP1	1	58	N-terminal
Q9STP1	161	292	middle
Q9SY66	1	42	N-terminal
Q9ZQ18	95	165	middle
A0A178W0K0	1	79	N-terminal
A0A1I9LTK0	95	142	C-terminal
A0A1P8ASF8	1	68	N-terminal
A0A1P8AZS0	1	149	IDP
A0A1P8B2L3	1	84	N-terminal
A0A1P8BHB4	1	60	IDP
A8MS05	1	155	IDP
B3H5W9	1	48	IDP
B5X0N6	1	161	N-terminal
F4ISV4	1	325	IDP
F4JN00	1	40	N-terminal
F4K8L8	199	241	C-terminal
O04491	1	44	N-terminal
O22282	1	37	N-terminal
O22943	1	95	N-terminal
O23298	1	49	N-terminal
O65312	1	121	N-terminal
O65312	244	334	middle
O65312	398	430	middle
O65434	1	49	N-terminal
P0CAP5	113	155	middle
P0CAP5	253	301	middle
P0CAP5	391	459	middle
P0CAP5	565	636	middle
P0CAP5	738	809	middle
Q0WPW8	89	442	middle
Q147R9	1	53	N-terminal
Q6NMD6	1	55	N-terminal
Q84TI3	1	685	N-terminal
Q84TI3	973	1052	middle
Q8RWI9	267	315	middle
Q8RWI9	556	587	middle
Q8RWI9	634	691	C-terminal
Q8RWY5	1	158	N-terminal
Q8RWY5	244	316	middle
Q8RXH8	1	168	N-terminal
Q8RXS6	1	182	N-terminal
Q8RXS6	462	578	middle
Q8RXS6	1388	1507	C-terminal
Q8VY15	1	195	N-terminal
Q8VY15	298	783	middle
Q8W031	1	166	N-terminal
Q93ZF5	153	282	middle
Q9C811	1	68	N-terminal
Q9C811	1295	1330	middle
Q9FGJ6	1	33	N-terminal
Q9FHZ4	1	67	IDP
Q9FKW2	1	56	N-terminal
Q9FKW2	159	381	C-terminal
Q9FZ42	1	32	N-terminal
Q9LDT0	646	700	C-terminal
Q9LF39	1	429	N-terminal
Q9LFS2	1	33	N-terminal
Q9LFS2	493	641	C-terminal
Q9LIH2	1	39	N-terminal
Q9LIH2	308	365	C-terminal
Q9LP18	1	286	IDP
Q9LR65	1	73	N-terminal
Q9LR65	366	462	C-terminal
Q9LRP3	45	129	middle
Q9LRP3	424	467	C-terminal
Q9LS51	1	236	N-terminal
Q9LS51	791	848	C-terminal
Q9LZJ5	1	93	N-terminal
Q9LZJ5	866	957	middle
Q9M879	1	48	N-terminal
Q9M9Z2	1	70	N-terminal
Q9SAE0	1	134	N-terminal
Q9SG17	1	60	N-terminal
Q9SI86	141	176	middle
Q9SJP7	1	84	N-terminal
Q9SP35	1	243	IDP
Q9SRB0	120	370	C-terminal
Q9SSE5	75	372	C-terminal
Q9STG0	1	90	N-terminal
Q9SVU4	41	97	middle
Q9SVU4	221	281	C-terminal
Q9SW04	1	66	N-terminal
Q9SZR3	1	222	N-terminal
Q9SZR3	447	640	middle
Q9SZR3	800	886	middle
Q9T020	1	43	N-terminal
Q9T020	466	511	middle
Q9T020	806	878	C-terminal
Q9ZQ23	174	280	C-terminal
Q9ZSR7	1	93	N-terminal
A0A1P8APR3	1	127	IDP
A0A1P8AUK9	1	80	IDP
A0A1P8AVP6	1	68	IDP
A8MQE4	1	38	N-terminal
A8MR65	1	201	IDP
B8XCH5	151	323	middle
F4HY84	1	563	IDP
F4I5Q6	1027	1156	middle
F4I5Q6	1221	1278	middle
F4I5Q6	1362	1410	middle
F4I5Q6	1448	1526	middle
F4I5Q6	1663	1730	C-terminal
F4IK40	1	101	N-terminal
F4JG82	1	113	IDP
F4KAB4	1	72	N-terminal
O04339	1	171	IDP
O22131	1	39	N-terminal
O22131	142	262	C-terminal
O22957	413	553	C-terminal
Q0IGM7	104	242	C-terminal
Q0WLR1	1	53	N-terminal
Q0WLR1	105	157	middle
Q1PFQ9	1	52	N-terminal
Q29PV4	1	86	IDP
Q2HIQ5	1	77	IDP
Q2V2W2	1	43	N-terminal
Q38908	308	343	C-terminal
Q56ZI2	1	343	N-terminal
Q6NMK6	1	50	N-terminal
Q6TLJ2	1	69	N-terminal
Q84JF7	1	58	N-terminal
Q84WB7	723	765	C-terminal
Q8GXL3	1	184	N-terminal
Q8GXL3	255	333	C-terminal
Q8H1F2	417	459	C-terminal
Q8RWV9	1	562	N-terminal
Q8RWV9	817	852	middle
Q8RXZ8	1	43	N-terminal
Q8VZU9	218	266	C-terminal
Q94AW8	1	118	N-terminal
Q94AW8	366	420	C-terminal
Q9C691	1	61	N-terminal
Q9C6F8	1	127	N-terminal
Q9C6F8	176	284	C-terminal
Q9C8I1	180	252	C-terminal
Q9FFE4	1	46	N-terminal
Q9FKA9	1	73	N-terminal
Q9FKW1	81	181	middle
Q9FKW1	258	309	C-terminal
Q9FL54	196	284	C-terminal
Q9FL63	275	318	middle
Q9FMI2	1	33	N-terminal
Q9FMI2	261	340	middle
Q9FNP2	1	43	N-terminal
Q9FT76	1	164	IDP
Q9FVP7	1	179	N-terminal
Q9FVR4	1	53	N-terminal
Q9LFL3	183	229	middle
Q9LFL3	312	407	C-terminal
Q9LG26	1	38	N-terminal
Q9LG26	624	689	C-terminal
Q9LML4	1	69	N-terminal
Q9LSJ8	586	637	middle
Q9LTP9	1	86	N-terminal
Q9LTP9	178	265	C-terminal
Q9LUB7	1	84	N-terminal
Q9LUB7	522	574	C-terminal
Q9LVE9	1	136	IDP
Q9LZD5	1	292	IDP
Q9M345	642	677	C-terminal
Q9MAQ7	76	885	middle
Q9MAQ7	938	1068	C-terminal
Q9SHJ5	1	101	N-terminal
Q9SHP5	1	41	N-terminal
Q9SJC2	126	187	middle
Q9SJM8	1	92	N-terminal
Q9SRS3	1	81	N-terminal
Q9SV19	1	214	IDP
Q9SVQ3	1	77	N-terminal
Q9SVQ3	417	517	C-terminal
Q9SX93	1	34	N-terminal
Q9SZ65	1	59	N-terminal
Q9T0G2	1	53	N-terminal
Q9ZQP3	1	48	N-terminal
Q9ZQP3	114	194	C-terminal
Q9ZSB9	1	158	N-terminal
A0A1P8BDX7	81	217	C-terminal
B3H4G7	1	61	IDP
B3H4T7	1	64	N-terminal
B3H5Q7	1	65	IDP
F4HYL8	1	572	N-terminal
F4IH21	1	77	N-terminal
F4IPM3	400	599	C-terminal
F4IRB6	1	34	N-terminal
F4IRB6	97	198	C-terminal
F4J8L1	433	495	middle
F4JJ05	1	159	IDP
F4JPR4	1	1166	N-terminal
F4JPR4	1219	1291	middle
F4JY12	1	140	N-terminal
F4JY12	557	678	middle
F4JY12	1184	1233	middle
F4JY12	1370	1410	middle
F4K3K4	90	214	middle
O04212	1	33	N-terminal
O48679	1	124	N-terminal
O81053	1	63	N-terminal
O82368	150	223	middle
P42698	1	278	N-terminal
P93009	1	74	N-terminal
Q05466	1	135	N-terminal
Q05466	230	284	C-terminal
Q0WPH4	727	769	C-terminal
Q0WQD5	253	960	C-terminal
Q0WWT7	1	59	N-terminal
Q39010	1	61	N-terminal
Q3E7V3	1	42	N-terminal
Q3ECI4	1	53	N-terminal
Q42556	860	954	C-terminal
Q500W4	74	106	middle
Q500W4	178	213	C-terminal
Q5BPY8	1	135	IDP
Q5XF85	1	109	N-terminal
Q5XF85	170	432	C-terminal
Q66GR3	1	287	N-terminal
Q84TG2	1	387	IDP
Q84VW0	1	40	N-terminal
Q8GW20	1	90	N-terminal
Q8GW20	488	523	C-terminal
Q8GXN9	1	396	N-terminal
Q8GXN9	460	930	C-terminal
Q8GYN5	1	211	IDP
Q8L9Q7	1	33	N-terminal
Q8LD28	1	120	IDP
Q8RWU2	1	36	N-terminal
Q8RWU2	204	355	middle
Q8RWW8	238	269	middle
Q8RWW8	501	718	middle
Q8RWW8	847	963	C-terminal
Q8S8I4	1	49	N-terminal
Q96253	1	70	IDP
Q9C9Z2	1	102	N-terminal
Q9FK59	1	43	N-terminal
Q9FLX4	1	326	IDP
Q9FRK5	1	60	N-terminal
Q9FRK5	472	617	C-terminal
Q9FRL0	1	131	IDP
Q9LF65	73	192	C-terminal
Q9LFH0	1	87	N-terminal
Q9LFH0	797	845	middle
Q9LH89	1	248	N-terminal
Q9LH89	387	428	C-terminal
Q9LQ55	1	38	N-terminal
Q9LQ55	507	660	middle
Q9LQ55	818	920	C-terminal
Q9LTV3	1	53	N-terminal
Q9LVG1	118	230	middle
Q9M0I9	1	256	IDP
Q9M8K9	1	79	IDP
Q9MAI8	1	300	IDP
Q9S7E6	85	128	C-terminal
Q9SGE3	1	146	N-terminal
Q9SI55	1	101	N-terminal
Q9SJG2	53	159	middle
Q9SJG2	439	494	C-terminal
Q9SJY4	1	124	IDP
Q9SKI0	1	207	N-terminal
Q9SKI1	147	220	middle
Q9SN78	121	333	C-terminal
Q9SPN3	1	50	N-terminal
Q9SPN3	213	394	middle
Q9SUE0	1	69	N-terminal
Q9SVZ6	72	119	C-terminal
Q9SXJ6	1	77	N-terminal
Q9SY91	1	65	N-terminal
Q9SY91	388	424	C-terminal
Q9T0G9	158	261	C-terminal
Q9ZU48	1	74	N-terminal
Q9ZU48	213	720	C-terminal
A0A178V490	1	57	N-terminal
A0A178V490	284	362	middle
A0A1P8AWD0	1	64	IDP
A0A1P8AWF9	1	173	N-terminal
A0A1P8AWF9	333	390	middle
A0A1P8AXM6	1	42	IDP
A0A1P8B276	1	111	IDP
A0A1P8B8X3	1	179	IDP
A0A1P8BB81	1	70	N-terminal
A1L4W5	1	38	N-terminal
A1L4W5	380	415	C-terminal
B3H6E1	1	71	IDP
B9DF92	1	316	N-terminal
B9DF92	358	494	C-terminal
F4HTR3	128	189	middle
F4HZB5	102	203	middle
F4HZB5	1408	1733	C-terminal
F4I3J4	1	153	IDP
F4IPZ3	517	590	middle
F4IPZ3	888	933	C-terminal
F4JLS1	1	211	N-terminal
F4JLS1	272	367	middle
F4JLS1	471	613	middle
F4JLS1	1268	1555	middle
F4JNX2	1	65	N-terminal
F4JNX2	141	219	middle
F4JNX2	416	448	C-terminal
O23627	1	59	N-terminal
O48684	1	81	N-terminal
O48832	1	66	N-terminal
O48832	382	452	C-terminal
O80632	1	64	N-terminal
O82812	1	69	N-terminal
Q1PDN3	1	41	N-terminal
Q1PDN3	189	282	C-terminal
Q39176	1	85	N-terminal
Q3EB24	1	67	IDP
Q6IWA9	84	124	C-terminal
Q84JF8	300	379	middle
Q84K05	1	44	N-terminal
Q84K41	247	300	C-terminal
Q8GW31	254	373	C-terminal
Q8LFP1	1	61	N-terminal
Q8LG39	1	70	IDP
Q96287	1	134	N-terminal
Q9C595	213	251	C-terminal
Q9C5A5	1	87	N-terminal
Q9C5A5	474	529	middle
Q9C5A5	662	719	C-terminal
Q9C5G2	1	160	N-terminal
Q9C5G2	338	423	C-terminal
Q9FG29	69	119	middle
Q9FG29	191	237	middle
Q9FH61	105	400	middle
Q9FHK9	66	130	middle
Q9FHK9	219	436	C-terminal
Q9FX45	1	77	N-terminal
Q9LJE9	41	103	middle
Q9LJE9	269	315	C-terminal
Q9LNK8	1	64	N-terminal
Q9LNT0	248	316	C-terminal
Q9LSX7	64	112	middle
Q9LXU6	1	84	N-terminal
Q9LXU6	146	231	middle
Q9LXU6	303	439	C-terminal
Q9LZ65	1	51	N-terminal
Q9LZB8	1	64	N-terminal
Q9LZZ4	1	90	N-terminal
Q9M1Z4	1	35	N-terminal
Q9M1Z4	90	186	C-terminal
Q9M2P9	1	40	N-terminal
Q9M2P9	112	178	middle
Q9M2P9	230	367	C-terminal
Q9M9X2	1	403	N-terminal
Q9M9X2	556	883	C-terminal
Q9S757	1	40	N-terminal
Q9S7Z2	1	243	N-terminal
Q9SK09	1	88	N-terminal
Q9SL03	1	32	N-terminal
Q9SV12	208	272	C-terminal
Q9SVP7	1	81	N-terminal
Q9SZ30	1	61	N-terminal
Q9T0E8	1	87	IDP
Q9XER9	112	774	middle
Q9XER9	909	1392	C-terminal
Q9XI93	1	38	N-terminal
Q9XI93	97	155	C-terminal
Q9ZUN3	1	150	N-terminal
B3H5K0	1	40	IDP
B3H614	1	46	IDP
B9DG54	1	82	N-terminal
F4ISL5	1	312	N-terminal
F4ISL5	416	590	middle
F4ITH6	1	50	N-terminal
F4J1T4	1	98	IDP
F4JFN7	185	495	C-terminal
F4JNI1	1	80	N-terminal
F4JNI1	135	204	middle
F4JU03	1	62	N-terminal
F4K0E8	1	72	N-terminal
F4KAS6	1	51	N-terminal
F4KBG5	1	74	N-terminal
O22799	228	623	C-terminal
O64816	1	90	N-terminal
O65272	1	148	N-terminal
O65272	346	539	middle
O65272	1134	1174	C-terminal
P0CB23	1004	1050	C-terminal
P82280	1	69	N-terminal
Q0WKY2	1	84	N-terminal
Q0WKY2	303	379	middle
Q1G393	1	76	IDP
Q1PE74	1	81	N-terminal
Q1PEP5	1	386	N-terminal
Q1PEP5	543	636	C-terminal
Q2V414	1	41	N-terminal
Q3E911	1	67	N-terminal
Q3E9N0	1	134	IDP
Q6NKP9	1	41	N-terminal
Q8VZL0	1	66	N-terminal
Q8W4K3	409	453	middle
Q8W4K5	1	249	N-terminal
Q8W4K5	332	362	middle
Q93YV6	1	71	N-terminal
Q940B9	1	32	N-terminal
Q940B9	234	324	middle
Q940B9	578	663	C-terminal
Q941D3	1	61	N-terminal
Q9C933	1	121	N-terminal
Q9CA41	1	41	N-terminal
Q9FKI4	149	192	C-terminal
Q9FKM3	303	344	middle
Q9FKM3	459	520	C-terminal
Q9FLX8	1	155	N-terminal
Q9FLX8	217	348	C-terminal
Q9FM85	1	46	N-terminal
Q9FT53	1	51	N-terminal
Q9FT53	241	430	C-terminal
Q9FZ43	1	91	N-terminal
Q9LJW3	177	318	C-terminal
Q9LM55	1	47	N-terminal
Q9LM55	421	475	C-terminal
Q9LPF0	1	122	N-terminal
Q9LTW3	1	58	N-terminal
Q9LVX0	1	45	N-terminal
Q9LW04	1	47	N-terminal
Q9LW04	145	199	C-terminal
Q9LYB8	1	37	N-terminal
Q9M3G7	270	306	middle
Q9M3G7	394	734	middle
Q9M3G7	1118	1148	middle
Q9M3G7	1624	1673	middle
Q9M3G7	2678	2711	middle
Q9M3G7	2830	2860	middle
Q9M903	1	77	N-terminal
Q9MA46	1	79	N-terminal
Q9S733	1	34	N-terminal
Q9SFV2	121	222	middle
Q9SKN3	1	31	N-terminal
Q9SKZ1	170	220	middle
Q9STP2	95	220	middle
Q9SU39	1	43	N-terminal
Q9SVV6	1	142	N-terminal
Q9SZ28	1	75	N-terminal
Q9ZQ89	176	210	middle
Q9ZT71	1	205	N-terminal
Q9ZU01	1	148	N-terminal
Q9ZUC1	1	71	N-terminal
Q9ZUN1	293	347	C-terminal
Q9ZV31	327	357	middle
A0A178UN75	222	364	C-terminal
A0A178V3G1	1	42	N-terminal
A0A178V3G1	91	126	middle
A0A1I9LQ12	1	189	IDP
A0A1P8AU29	559	638	middle
A0A1P8AVQ4	1	91	IDP
A7REF0	1	35	N-terminal
F4HXP9	950	1123	middle
F4HXP9	1204	1256	middle
F4HXP9	1484	1538	C-terminal
F4J3N2	1	160	N-terminal
F4JIJ1	1	37	N-terminal
F4JIJ1	808	918	middle
F4JIJ1	1269	1335	middle
F4JIJ1	1448	1484	C-terminal
F4JWD4	1	54	N-terminal
F4JWD4	92	126	middle
F4KED5	1	45	N-terminal
F4KED5	89	128	middle
O22187	384	466	middle
O22187	771	834	C-terminal
O23507	1	40	N-terminal
O23507	327	364	C-terminal
O23596	277	317	middle
O64768	1	959	N-terminal
O80493	1	66	N-terminal
O80874	1	69	N-terminal
O80941	59	96	middle
O80941	500	532	C-terminal
P0DKL0	1	64	N-terminal
P0DKL0	167	231	middle
P42043	1	73	N-terminal
Q0WL81	1	92	N-terminal
Q0WPQ2	1	34	N-terminal
Q0WPQ2	513	641	middle
Q501D5	157	217	middle
Q66GQ2	1	192	N-terminal
Q66GQ2	411	623	C-terminal
Q6DBQ2	240	280	C-terminal
Q6NLE5	1	187	IDP
Q6NMN6	226	260	middle
Q7X9V3	1	88	N-terminal
Q84TD6	146	359	C-terminal
Q8GWJ4	1	75	N-terminal
Q8L9A0	1	120	N-terminal
Q8L9A0	240	270	C-terminal
Q8LBL1	1	66	N-terminal
Q8LBL1	332	363	C-terminal
Q8VY27	1	37	N-terminal
Q8VY27	130	169	middle
Q8VY89	527	558	C-terminal
Q8VYC9	1	135	N-terminal
Q8VZ11	1	35	N-terminal
Q8VZ11	88	195	C-terminal
Q8VZS7	1	262	IDP
Q94AB8	1	37	N-terminal
Q9C6S1	405	884	middle
Q9C6S1	1199	1230	C-terminal
Q9C8W7	1	55	N-terminal
Q9C9E9	104	165	C-terminal
Q9FFC0	1	53	N-terminal
Q9FGY8	1	106	N-terminal
Q9FGY8	353	399	middle
Q9FGY8	614	695	C-terminal
Q9FJB1	1	38	IDP
Q9FLG8	1	81	N-terminal
Q9FRH7	1	57	N-terminal
Q9FRH7	205	343	middle
Q9FT64	1	60	N-terminal
Q9FT64	154	241	C-terminal
Q9LI79	1	92	N-terminal
Q9LI79	225	255	middle
Q9LST3	123	245	middle
Q9LUZ6	1	64	N-terminal
Q9LW56	1	54	N-terminal
Q9LXV3	1	85	N-terminal
Q9LZW0	1	215	IDP
Q9M0V6	1	81	N-terminal
Q9M591	1	63	N-terminal
Q9SCU7	118	323	C-terminal
Q9SF10	1	430	N-terminal
Q9SSE7	1	103	N-terminal
Q9SSE8	1	80	N-terminal
Q9SZ34	1	144	IDP
Q9XIL1	1	127	N-terminal
Q9ZPI1	1	84	N-terminal
Q9ZUU0	1	361	N-terminal
A0A1I9LLM0	356	458	C-terminal
A0A1P8ASY1	1	251	N-terminal
A0A1P8BC48	1	238	IDP
A0A1P8BC51	46	150	middle
B3H4N1	1	54	IDP
B3H641	1	33	N-terminal
B3H641	87	239	C-terminal
F4I0F1	65	176	C-terminal
F4I3A0	1	68	N-terminal
F4I4V4	71	117	middle
F4I4V4	167	254	C-terminal
F4I6Q0	1	263	IDP
F4IHT0	366	515	middle
F4IT02	1	120	N-terminal
F4IT02	279	328	C-terminal
F4JAA5	1	338	N-terminal
F4JAA5	561	631	middle
F4JD67	1	133	N-terminal
F4KD14	1	152	IDP
O22194	1	185	IDP
O64794	286	394	middle
O64794	568	614	middle
P0DKG3	1	48	N-terminal
P92540	1	107	IDP
P93287	1	107	IDP
Q0WLC6	1	405	N-terminal
Q0WLC6	1046	1089	C-terminal
Q0WRX7	1	44	N-terminal
Q2V4B9	1	52	N-terminal
Q3E7J3	1	36	N-terminal
Q3EDD5	1	75	IDP
Q45GL6	166	216	C-terminal
Q5XPK0	157	2028	C-terminal
Q6ID76	1	110	IDP
Q84M93	386	486	C-terminal
Q8GUK7	1	175	N-terminal
Q8L5T5	1	107	N-terminal
Q8L5T5	155	224	C-terminal
Q8RWF2	1	214	N-terminal
Q8VY20	1	245	N-terminal
Q8VY20	298	346	middle
Q8VYS0	1	33	N-terminal
Q94AU5	1	45	N-terminal
Q94EG4	1	68	N-terminal
Q94ID3	1	63	N-terminal
Q9ASU8	298	344	C-terminal
Q9C7J8	689	752	C-terminal
Q9C819	1	128	IDP
Q9C9V4	1	47	N-terminal
Q9FL03	1	215	N-terminal
Q9FLB0	510	593	C-terminal
Q9FYK3	1	31	N-terminal
Q9FYR8	1	41	N-terminal
Q9LF26	1	239	IDP
Q9LFP3	1	120	N-terminal
Q9LHA8	618	650	C-terminal
Q9LJE4	1	56	N-terminal
Q9LSF7	1	196	N-terminal
Q9LV05	1	846	N-terminal
Q9LV05	945	1181	C-terminal
Q9LX81	1	136	N-terminal
Q9LXY7	1	48	N-terminal
Q9LXY7	209	319	C-terminal
Q9LYD7	1	94	N-terminal
Q9LZN3	62	297	middle
Q9LZN3	399	493	C-terminal
Q9M1Q9	1	62	N-terminal
Q9M1Q9	639	712	middle
Q9SF12	1	93	N-terminal
Q9SIL7	1	33	N-terminal
Q9SIL7	188	247	C-terminal
Q9SKH9	1	110	N-terminal
Q9SKH9	214	336	C-terminal
Q9SSQ8	1	90	N-terminal
Q9SSQ8	165	232	C-terminal
Q9STN2	1	32	N-terminal
Q9XEF1	232	371	C-terminal
Q9XGZ3	1	62	N-terminal
Q9ZU65	1	208	N-terminal
A0A1P8AWR9	1	102	N-terminal
A0A1P8AWR9	232	708	middle
A0JPZ2	1	134	IDP
B3H4W3	1	33	IDP
B3H758	1	36	IDP
B3H7I1	1	78	IDP
F4HP69	1	113	N-terminal
F4HP69	176	340	middle
F4HP69	668	772	middle
F4I3V6	1	95	N-terminal
F4INP9	1	379	N-terminal
F4ITI0	476	520	C-terminal
F4IUX9	1	247	N-terminal
F4IUX9	558	604	middle
F4JHB3	1	87	N-terminal
F4JY59	1	56	N-terminal
F4K0K4	74	150	C-terminal
F4KCH0	1	93	N-terminal
F4KCH0	194	271	middle
F4KCY3	365	433	C-terminal
O22993	1	137	N-terminal
O48538	1	198	N-terminal
O49139	1	62	N-terminal
O49139	302	336	middle
O64572	1	55	N-terminal
O64572	149	871	middle
O64572	981	1211	C-terminal
O64842	1	61	N-terminal
O64842	377	424	C-terminal
O65693	1	58	N-terminal
O65693	180	215	C-terminal
O81740	1	125	N-terminal
O81740	347	420	middle
O81740	706	738	middle
O81761	1	218	N-terminal
P46897	1	36	N-terminal
P46897	132	258	C-terminal
P55737	218	251	middle
Q39242	1	57	N-terminal
Q5BPT7	1	36	N-terminal
Q5BPT7	119	194	middle
Q6IDA3	1	48	N-terminal
Q6NLQ8	380	508	C-terminal
Q6NMC6	178	321	C-terminal
Q8GYQ9	1	111	N-terminal
Q8GYQ9	294	453	C-terminal
Q8L638	205	260	middle
Q8L774	1	37	N-terminal
Q8L8V7	1	125	IDP
Q8W0Z1	1	66	N-terminal
Q8W586	315	379	C-terminal
Q94F54	1	423	N-terminal
Q9C809	1	40	N-terminal
Q9C8L8	1	101	IDP
Q9CA73	1	37	N-terminal
Q9FFL9	1	53	N-terminal
Q9FFL9	247	282	C-terminal
Q9FIP3	1	63	N-terminal
Q9FJH8	1	48	N-terminal
Q9FRS7	1	123	IDP
Q9FVW9	1	232	IDP
Q9FXG2	1	55	N-terminal
Q9FXG2	420	463	C-terminal
Q9FZG2	61	96	C-terminal
Q9LFA2	1	514	N-terminal
Q9LFA2	693	782	middle
Q9LNS5	1	64	IDP
Q9LQ06	1	35	N-terminal
Q9LQ06	245	343	C-terminal
Q9LXE5	1	57	N-terminal
Q9LXE5	157	190	middle
Q9LXE5	246	276	middle
Q9M1F3	302	348	C-terminal
Q9M2S1	1	35	N-terminal
Q9M2S1	167	222	middle
Q9MAQ0	1	74	N-terminal
Q9S810	186	218	C-terminal
Q9SA22	1	38	N-terminal
Q9SA22	380	447	middle
Q9SHD0	41	189	middle
Q9SHD0	261	314	C-terminal
Q9SJT4	90	229	middle
Q9SJT4	409	559	middle
Q9SJT4	648	704	middle
Q9SJT4	824	1003	C-terminal
Q9SKB3	392	451	middle
Q9SLC2	1	112	N-terminal
Q9SLC2	308	510	middle
Q9SSS6	1	117	IDP
Q9STQ6	91	121	middle
Q9SVU7	1	445	IDP
Q9SYI0	1	91	N-terminal
Q9SYI0	983	1022	C-terminal
Q9T0F7	1	56	N-terminal
Q9ZPR7	166	198	middle
A0A1I9LPK7	1	106	IDP
A0A1P8AV46	1	63	N-terminal
A0A1P8AW67	497	570	middle
A0A1P8BCW1	1	144	IDP
B3H4M6	1	44	IDP
C0LGD7	551	604	middle
C0LGD7	904	953	C-terminal
E0X9N4	55	134	middle
F4I5B1	1	186	N-terminal
F4I5B1	388	593	C-terminal
F4IIZ9	1	75	N-terminal
F4IJ77	418	491	C-terminal
F4IUX6	310	464	middle
F4IUX6	891	1181	C-terminal
F4IZW8	1	132	N-terminal
F4JI85	1	226	N-terminal
F4JYV3	1	115	N-terminal
F4JYV3	364	449	C-terminal
O22262	1	73	N-terminal
O48682	1	124	N-terminal
O48682	162	318	middle
O48682	728	763	C-terminal
O81905	1	33	N-terminal
O81905	466	510	middle
O81905	810	850	C-terminal
O82258	1	75	N-terminal
P51102	338	382	C-terminal
P52420	1	95	N-terminal
Q02166	1	102	N-terminal
Q08AA3	166	448	C-terminal
Q1PFD8	109	147	C-terminal
Q3EC44	97	151	middle
Q4V3D2	1	63	N-terminal
Q5XVH5	1	360	N-terminal
Q5XVK1	1	91	N-terminal
Q5XVK1	152	272	middle
Q67Z79	1	294	N-terminal
Q682U6	1	93	N-terminal
Q8GW66	1	62	IDP
Q8L8A7	1	380	IDP
Q8LEK4	1	83	N-terminal
Q8RWD9	485	520	middle
Q8RWK8	90	402	middle
Q8RWK8	469	608	C-terminal
Q8RXU9	130	243	middle
Q8S8S7	188	311	middle
Q8VZM1	577	642	middle
Q8VZM1	852	897	C-terminal
Q8W4J2	397	567	C-terminal
Q940S3	1	32	N-terminal
Q9CAX3	1	38	N-terminal
Q9FJQ2	1	103	N-terminal
Q9FJQ2	185	277	C-terminal
Q9FK61	120	205	middle
Q9FMR3	183	235	C-terminal
Q9FMW6	1	73	N-terminal
Q9FNH0	1	146	IDP
Q9FNQ5	92	224	C-terminal
Q9FYC7	1	81	N-terminal
Q9FYC7	365	431	middle
Q9LJW7	639	711	C-terminal
Q9LK48	1	202	N-terminal
Q9LK48	263	371	C-terminal
Q9LMA8	1	123	N-terminal
Q9LMA8	172	253	C-terminal
Q9LPL5	1	78	N-terminal
Q9LSN5	1	89	N-terminal
Q9LSN5	157	219	C-terminal
Q9LTT7	1	49	N-terminal
Q9LXK7	161	191	middle
Q9M0R1	65	133	C-terminal
Q9M1V5	243	282	C-terminal
Q9SIU4	233	338	C-terminal
Q9SIV2	1	43	N-terminal
Q9SJH0	1	58	N-terminal
Q9SLK6	1	39	N-terminal
Q9SLK6	476	525	middle
Q9SLK6	1210	1240	C-terminal
Q9SM02	1	57	N-terminal
Q9STH3	1	55	N-terminal
Q9SUA1	1	320	N-terminal
Q9SUA1	454	680	middle
Q9SUA1	732	763	C-terminal
Q9ZSB4	385	435	middle
Q9ZVT8	1	87	N-terminal
Q9ZVT8	216	478	middle
A0A1I9LM04	467	531	middle
A0A1I9LM04	859	901	middle
A0A1I9LM04	1216	1410	C-terminal
F4HRJ4	1	214	N-terminal
F4HRJ4	466	609	C-terminal
F4HXI8	1	74	N-terminal
F4IAL8	1	149	N-terminal
F4IHS9	303	342	C-terminal
F4ISA8	1	67	N-terminal
F4J1R5	1	64	N-terminal
F4J1R5	173	305	C-terminal
F4J2C8	1	45	N-terminal
F4J2C8	393	427	middle
F4J2C8	601	656	C-terminal
F4J390	1	40	N-terminal
F4JF58	1	65	N-terminal
F4JG70	1	59	N-terminal
F4JN05	259	290	middle
F4JN05	461	556	middle
F4JN05	934	987	middle
F4JNI7	1	31	N-terminal
O04584	1	57	N-terminal
O23082	340	379	C-terminal
O48766	1	36	N-terminal
O49581	1	72	N-terminal
O82379	1	34	N-terminal
P0CAY2	1	53	IDP
P29385	184	246	C-terminal
P42762	1	84	N-terminal
P42762	233	269	middle
P42762	556	587	middle
P43294	384	443	C-terminal
P68209	1	47	N-terminal
Q0WPX7	1	35	N-terminal
Q0WPX7	215	285	C-terminal
Q0WUQ1	1	61	N-terminal
Q0WUQ1	241	342	C-terminal
Q4V3C7	327	362	middle
Q4V3C7	450	495	C-terminal
Q5BPV4	1	276	IDP
Q5S4T6	1	35	N-terminal
Q700C7	1	108	N-terminal
Q700C7	169	274	middle
Q7XA72	1	61	N-terminal
Q7XJR9	1	83	N-terminal
Q8GZ51	1	76	N-terminal
Q8L5W8	1	231	N-terminal
Q8L5W8	286	416	C-terminal
Q8L9Z1	1	70	IDP
Q8LEJ9	1	86	N-terminal
Q8RY89	214	296	middle
Q8RY89	602	637	middle
Q8W5S1	297	336	C-terminal
Q93XX1	1	62	N-terminal
Q9C5S9	250	336	middle
Q9C8C4	1	47	N-terminal
Q9CAJ7	176	232	C-terminal
Q9FGY3	158	307	C-terminal
Q9FIJ7	1	61	N-terminal
Q9FKP2	248	292	middle
Q9FLU0	1	118	IDP
Q9FZA2	1	219	N-terminal
Q9LES7	1	99	N-terminal
Q9LES7	287	332	C-terminal
Q9LFT0	1	52	N-terminal
Q9LFU5	59	114	middle
Q9LFU5	481	593	C-terminal
Q9LH84	63	120	middle
Q9LH84	307	342	middle
Q9LH84	428	530	C-terminal
Q9LHF0	1	202	N-terminal
Q9LHF0	248	312	C-terminal
Q9LNK7	312	368	C-terminal
Q9LTP5	1	174	IDP
Q9LTY9	1	132	IDP
Q9LU00	1	423	IDP
Q9LVJ2	1	44	N-terminal
Q9LX73	391	499	middle
Q9LY32	877	961	C-terminal
Q9LYQ9	1	159	IDP
Q9SGJ6	134	181	C-terminal
Q9SGT0	1	112	N-terminal
Q9SGT0	151	398	C-terminal
Q9SNV9	1	49	N-terminal
Q9STU1	1	43	N-terminal
Q9T0L2	1	31	N-terminal
Q9XFB1	78	156	middle
Q9XFB1	195	240	C-terminal
Q9XII5	1	76	IDP
Q9ZT96	1	108	N-terminal
Q9ZT96	497	541	C-terminal
A0A1I9LRY8	1	66	IDP
A0A1P8BER4	1	72	IDP
A0A1P8BF70	1	94	N-terminal
A0A1P8BGY1	553	586	C-terminal
B3H5G3	114	628	C-terminal
B3H6H2	1	68	IDP
F4I6U7	1	957	IDP
F4IV21	1	50	N-terminal
F4J8D9	1	84	IDP
F4JGZ1	1	86	N-terminal
F4JGZ1	835	1040	middle
F4JGZ1	1129	1205	middle
F4JGZ1	1242	1278	C-terminal
F4JP86	375	407	middle
F4JP86	1531	1645	middle
I3XHK1	1	100	N-terminal
I3XHK1	600	1344	C-terminal
O04192	180	367	C-terminal
O22759	1	69	N-terminal
O22759	215	402	C-terminal
O23085	105	314	C-terminal
O48781	1	62	N-terminal
O48781	192	222	middle
O49508	76	152	middle
O64825	235	371	middle
O82174	1	96	N-terminal
O82746	1	139	N-terminal
O82746	321	394	middle
P10795	1	60	N-terminal
P46875	1	42	N-terminal
P92935	1	99	N-terminal
P92935	587	618	C-terminal
Q05609	1	209	N-terminal
Q05609	424	542	middle
Q07187	1	152	IDP
Q0WQN9	257	298	C-terminal
Q1G3Q5	106	249	C-terminal
Q1H563	1	57	N-terminal
Q1PDW5	1	92	N-terminal
Q29PU2	1	46	N-terminal
Q3EAF9	1	96	N-terminal
Q5XEZ5	729	771	C-terminal
Q5XV66	1	102	N-terminal
Q6NKQ5	226	259	C-terminal
Q6NPN3	1	465	IDP
Q6NQ74	1	661	N-terminal
Q8GX77	1	81	N-terminal
Q8GX77	145	185	C-terminal
Q8H1G6	1	57	N-terminal
Q8RX37	1	120	N-terminal
Q8RXQ2	206	247	middle
Q8VY05	1	115	N-terminal
Q8VY05	239	301	middle
Q8VY05	421	506	middle
Q8VY05	591	822	middle
Q8VY05	914	985	C-terminal
Q8VYV0	1	101	N-terminal
Q8VYV0	552	599	C-terminal
Q8W037	1	39	N-terminal
Q93VQ6	1	35	N-terminal
Q96273	1	97	IDP
Q9C908	1	316	IDP
Q9FIM2	1	326	N-terminal
Q9LHQ4	1	76	N-terminal
Q9LIH7	309	345	C-terminal
Q9LPR8	1	36	N-terminal
Q9LPR8	288	338	middle
Q9LQ25	1	34	N-terminal
Q9LQI9	1	44	N-terminal
Q9LQI9	215	258	middle
Q9LQI9	329	419	C-terminal
Q9LV16	1	121	N-terminal
Q9M0S5	1	79	N-terminal
Q9M394	1	88	N-terminal
Q9M9G6	82	420	middle
Q9SD04	1	45	N-terminal
Q9SD81	1	42	N-terminal
Q9SJW3	1	119	IDP
Q9SX76	100	189	C-terminal
Q9SZ66	1178	1219	C-terminal
Q9SZD1	1	132	N-terminal
Q9SZD1	280	492	middle
Q9SZD1	532	603	C-terminal
Q9XH75	1	86	N-terminal
Q9XH75	143	260	C-terminal
Q9XIB6	359	847	C-terminal
Q9ZPJ8	1	38	N-terminal
Q9ZPJ8	467	514	C-terminal
A0A1I9LM76	1	36	IDP
A0A1I9LSA7	792	1173	C-terminal
A0A1P8AQE4	1	75	N-terminal
A0A1P8AQE4	624	678	C-terminal
A0A1P8AWD6	1	303	N-terminal
A0A1P8B1X0	78	245	C-terminal
A8MR54	1	93	IDP
F4HQD4	503	585	middle
F4HQD4	756	831	C-terminal
F4IN30	1	96	N-terminal
F4IUS3	1	316	N-terminal
F4IUS3	445	691	C-terminal
F4JRC5	1	84	IDP
F4JY92	1	41	N-terminal
F4K4F5	1	36	N-terminal
F4KA15	205	243	middle
F4KIU0	1	135	IDP
O22181	1	86	IDP
O22971	1	51	N-terminal
O22971	325	371	middle
O64888	1	60	N-terminal
O82197	147	213	C-terminal
P38420	833	896	middle
Q0WNX9	1	154	N-terminal
Q1JPL5	1	232	N-terminal
Q1JPL5	444	595	C-terminal
Q3E9Q9	1	65	IDP
Q5E913	371	532	middle
Q6NQ88	1	67	N-terminal
Q6NQ88	507	557	C-terminal
Q7FGZ2	491	522	C-terminal
Q7X843	150	181	middle
Q7X843	262	349	C-terminal
Q7XJU2	1	42	N-terminal
Q7XJU2	109	149	C-terminal
Q8GX46	1	222	N-terminal
Q8GX46	274	321	middle
Q8GXT2	514	590	C-terminal
Q8RY16	1	67	N-terminal
Q8RY16	598	661	middle
Q8VYN4	78	255	middle
Q8W481	1	92	N-terminal
Q8W595	80	156	middle
Q8W595	460	492	C-terminal
Q945S5	1	44	N-terminal
Q949R3	1	118	IDP
Q94B35	1	55	N-terminal
Q94CD1	1	42	N-terminal
Q94KB2	87	131	middle
Q94KB2	443	478	C-terminal
Q9ASZ4	1	104	N-terminal
Q9ASZ4	145	283	middle
Q9ASZ4	331	442	middle
Q9ASZ4	541	782	middle
Q9C995	1	43	N-terminal
Q9C9T6	1	225	N-terminal
Q9FF85	201	235	C-terminal
Q9FHL2	1	111	IDP
Q9FIC2	1	71	N-terminal
Q9FIC2	358	596	middle
Q9FIC2	669	727	middle
Q9FIC2	803	924	C-terminal
Q9FZG4	1	45	N-terminal
Q9LEQ7	1	127	N-terminal
Q9LM88	1	175	N-terminal
Q9LM88	275	372	middle
Q9LM88	470	652	C-terminal
Q9LR09	145	177	C-terminal
Q9M2R4	241	330	middle
Q9M3B1	1	31	N-terminal
Q9SR17	1	100	N-terminal
Q9SR17	240	315	C-terminal
Q9SW24	1	133	N-terminal
Q9SW95	1	90	N-terminal
Q9SY89	1	39	N-terminal
Q9SY89	422	531	middle
Q9SY89	812	842	C-terminal
Q9SZU9	1	32	N-terminal
Q9ZSA2	1	67	N-terminal
Q9ZU97	610	743	C-terminal
Q9ZWC0	1	152	IDP
A0A1I9LLD6	1	31	N-terminal
A0A1I9LP79	1	211	IDP
A0A1I9LPQ3	1	93	IDP
A0A1P8AT89	1	134	N-terminal
A0A1P8AT89	248	281	C-terminal
A2RVN9	1	87	N-terminal
A2RVN9	427	469	C-terminal
B9DFX7	1	67	N-terminal
C0LGG4	536	571	middle
C0LGP2	506	558	middle
C0LGP2	843	878	C-terminal
F4HRC7	73	129	C-terminal
F4I179	1	126	IDP
F4I1X2	1	32	N-terminal
F4I1X2	121	241	C-terminal
F4IW24	1	42	N-terminal
F4JZW7	1	148	N-terminal
F4K964	183	294	middle
F4KIA8	1	184	N-terminal
F4KIA8	609	947	C-terminal
O22211	1	41	N-terminal
O81914	162	362	C-terminal
O82256	74	161	middle
O82256	218	332	C-terminal
P0DKL4	812	852	middle
P92960	1	60	N-terminal
P92960	545	614	middle
Q1G3V8	1	36	N-terminal
Q1JPP0	1	81	N-terminal
Q1PFV8	1	49	N-terminal
Q2V338	302	364	middle
Q38813	1	47	N-terminal
Q38896	1	201	IDP
Q39044	1	47	N-terminal
Q39254	1	65	N-terminal
Q3E7D0	1	153	N-terminal
Q5XEN5	1	45	N-terminal
Q6DST9	1	315	IDP
Q6EWX0	1	42	N-terminal
Q6EWX0	340	474	middle
Q6X5V0	1	51	IDP
Q7DM58	1	94	N-terminal
Q7DM58	867	939	middle
Q7XJT7	1	38	N-terminal
Q7XJT7	283	324	middle
Q8GWA9	1	111	N-terminal
Q8GXN7	88	136	middle
Q8GXN7	201	246	middle
Q8H1E1	227	316	middle
Q8H1E1	373	473	C-terminal
Q8S8K5	1	56	IDP
Q94CK9	1	112	N-terminal
Q94CK9	153	225	middle
Q94CK9	274	320	C-terminal
Q94GA6	121	266	C-terminal
Q94K36	1	69	IDP
Q9C690	1	289	N-terminal
Q9C958	303	361	C-terminal
Q9FFC2	1	43	N-terminal
Q9FJ70	623	714	C-terminal
Q9FY48	74	175	middle
Q9FZ93	163	266	C-terminal
Q9LD37	1	127	N-terminal
Q9LD39	1	41	N-terminal
Q9LD39	133	381	C-terminal
Q9LM72	83	183	C-terminal
Q9LMK8	1	67	N-terminal
Q9LMK8	348	401	middle
Q9LTE0	68	111	C-terminal
Q9LX64	114	187	middle
Q9LX64	365	529	middle
Q9LX64	674	712	C-terminal
Q9LXU4	1	31	N-terminal
Q9M1U2	1	109	N-terminal
Q9M1U2	157	204	C-terminal
Q9S9N8	1	31	N-terminal
Q9S9N8	488	527	C-terminal
Q9SAL0	1	52	N-terminal
Q9SHS1	228	394	C-terminal
Q9SNB7	1	117	N-terminal
Q9SNB9	1	281	N-terminal
Q9SNB9	346	447	middle
Q9SR32	1	70	N-terminal
Q9SR32	139	170	C-terminal
Q9SRE5	1	431	IDP
Q9STN3	1	174	N-terminal
Q9STN3	657	714	middle
Q9STN3	758	933	middle
Q9XID4	362	521	middle
Q9ZPR4	1	52	N-terminal
Q9ZPR4	244	302	middle
Q9ZVH7	1	103	N-terminal
A0A1I9LT75	1	65	N-terminal
A0A1I9LTQ8	1	57	IDP
A0A1P8ATR6	1	142	N-terminal
A0A1P8B5V8	1	139	N-terminal
A0A1P8BAW7	1	62	IDP
A3EWL3	1	85	N-terminal
A3EWL3	184	367	middle
A3EWL3	730	974	middle
B3H5I2	1	55	IDP
B9DFK5	1	155	N-terminal
D0EL35	1	61	N-terminal
D0EL35	697	736	middle
D0EL35	837	937	middle
F4I6H7	210	567	C-terminal
F4I8P5	1	67	N-terminal
F4IZ00	51	102	C-terminal
F4JH46	1	73	N-terminal
F4JL11	1	80	N-terminal
F4JL11	505	535	C-terminal
F4K208	1	79	N-terminal
F4KBM7	1	34	N-terminal
O04621	1	85	N-terminal
O22209	132	229	middle
O22209	267	351	C-terminal
O23474	1	32	N-terminal
O49515	1	108	N-terminal
O49515	183	303	C-terminal
O64633	1	69	N-terminal
Q1KPV0	1	74	N-terminal
Q2V468	1	35	N-terminal
Q38893	1	46	N-terminal
Q3E966	1	443	IDP
Q3EDB8	1	58	N-terminal
Q56WF8	1	34	N-terminal
Q5XUX8	1	329	N-terminal
Q67XX3	1	59	N-terminal
Q682V0	214	264	C-terminal
Q8GSA7	139	461	middle
Q8GSA7	769	853	middle
Q8GSA7	916	949	middle
Q8GSA7	992	1032	C-terminal
Q8L763	1	179	N-terminal
Q8L8Y3	1	91	IDP
Q8LB88	1	63	N-terminal
Q8LB88	343	386	middle
Q8LE06	1	68	IDP
Q8RXI0	1	96	N-terminal
Q8S8D6	1	135	IDP
Q8S9J5	1	103	N-terminal
Q8S9J5	336	438	C-terminal
Q8W591	95	131	middle
Q93WB2	1	220	IDP
Q93ZN9	1	59	N-terminal
Q940F4	269	331	middle
Q94F62	1	42	N-terminal
Q94F62	184	264	middle
Q96327	356	392	C-terminal
Q9C6W5	1	45	N-terminal
Q9CAL9	1	35	N-terminal
Q9FEA0	1	137	N-terminal
Q9FEA0	239	275	middle
Q9FFU3	1	34	N-terminal
Q9FKJ5	1	32	N-terminal
Q9FLJ7	1	104	N-terminal
Q9FNC9	1	99	IDP
Q9FY95	1	208	N-terminal
Q9LDK4	71	118	middle
Q9LFB6	82	141	middle
Q9LFB6	204	267	C-terminal
Q9LJW6	1	37	N-terminal
Q9LJZ4	105	175	middle
Q9LPQ3	1	41	N-terminal
Q9LQ02	1	39	N-terminal
Q9LTS1	1	187	IDP
Q9LXT3	1	77	N-terminal
Q9LZ21	158	215	C-terminal
Q9M342	287	366	middle
Q9M5A9	1	89	N-terminal
Q9S9X7	1	83	N-terminal
Q9S9X7	172	330	C-terminal
Q9SF50	1	36	N-terminal
Q9SF50	123	165	middle
Q9SIX3	77	149	C-terminal
Q9SJ05	1	85	N-terminal
Q9SJA1	1	58	N-terminal
Q9SJA1	106	148	middle
Q9SJA1	480	672	C-terminal
Q9SMU9	269	307	C-terminal
Q9SNE2	1	148	IDP
Q9SUU7	1	154	N-terminal
Q9SZR1	1	37	N-terminal
Q9ZQI8	109	169	C-terminal
Q9ZRV4	376	457	middle
Q9ZRV4	646	681	middle
Q9ZVS8	330	393	middle
Q9ZVS8	457	499	C-terminal
B3H530	1	95	IDP
B9DHK3	1	123	N-terminal
B9DHK3	219	547	C-terminal
F4HNU8	1	246	N-terminal
F4HWC5	1	67	N-terminal
F4HWC5	173	210	middle
F4HWC5	281	319	C-terminal
F4I718	2102	2136	C-terminal
F4IAG4	312	351	middle
F4IAG4	459	495	middle
F4IAG4	583	644	C-terminal
F4IFD0	478	667	C-terminal
F4IFN6	1144	1264	middle
F4J4Y5	77	122	middle
F4J4Y5	184	342	middle
F4JHJ7	1	37	IDP
F4KD45	181	215	middle
F4KD45	1148	1261	C-terminal
O23077	1	116	N-terminal
O48549	75	250	C-terminal
O64380	1	47	N-terminal
O64380	424	592	middle
O65569	1	34	N-terminal
O65573	1	49	N-terminal
O65573	88	194	middle
O65573	230	350	middle
Q0WR07	62	101	middle
Q2V3L0	1	36	N-terminal
Q38826	1	195	N-terminal
Q38913	1	373	IDP
Q3E960	340	416	middle
Q3E9B5	1	51	N-terminal
Q43349	1	96	N-terminal
Q43349	170	260	middle
Q5BPR0	1	186	N-terminal
Q5BPR9	1	75	N-terminal
Q6DYC5	158	225	middle
Q7PC84	1	64	N-terminal
Q7PC84	801	848	middle
Q7Y225	1	118	N-terminal
Q84WK0	1	279	N-terminal
Q8GXR6	102	229	middle
Q8L5Y6	311	341	middle
Q8S8F8	1	121	N-terminal
Q93V99	1	71	N-terminal
Q94F00	1	69	N-terminal
Q9CAD2	1	375	N-terminal
Q9CAD2	411	509	middle
Q9FF69	1	82	N-terminal
Q9FFR6	1	34	N-terminal
Q9FJ57	1	54	N-terminal
Q9FJ57	814	882	middle
Q9FJ57	1093	1125	middle
Q9FJ57	1283	1318	middle
Q9FJH4	1	364	N-terminal
Q9FK37	1	543	N-terminal
Q9FK56	1	102	N-terminal
Q9FK56	177	213	middle
Q9FKT1	131	168	C-terminal
Q9FZ37	1	54	N-terminal
Q9LDD1	1	132	N-terminal
Q9LDD1	241	277	middle
Q9LDX3	314	349	C-terminal
Q9LHL1	1	111	IDP
Q9LI89	1	36	N-terminal
Q9LJQ6	1	74	N-terminal
Q9LJQ6	258	295	middle
Q9LMM8	117	247	C-terminal
Q9LSF1	172	247	middle
Q9LSF1	380	421	C-terminal
Q9LT75	1	125	N-terminal
Q9LT75	460	611	C-terminal
Q9LV91	1	60	N-terminal
Q9LYN0	1	53	N-terminal
Q9LYU3	1	45	N-terminal
Q9LYU3	93	212	C-terminal
Q9M199	1	155	N-terminal
Q9M199	309	517	C-terminal
Q9M5K3	1	43	N-terminal
Q9MAC6	1	191	N-terminal
Q9MAC6	397	713	C-terminal
Q9SJQ2	1	107	N-terminal
Q9SJQ2	178	574	C-terminal
Q9SRT2	1	268	N-terminal
Q9SRT2	334	456	C-terminal
Q9SU63	1	49	N-terminal
Q9SW48	1	106	N-terminal
Q9SZ56	1	117	N-terminal
Q9SZ56	437	518	C-terminal
Q9ZSD4	1	45	N-terminal
Q9ZSD4	310	346	C-terminal
Q9ZVD3	141	228	middle
Q9ZVD3	292	572	C-terminal
A0A1P8B0V7	190	332	middle
A0A1P8B8R8	1	146	IDP
F4HX06	1	38	N-terminal
F4HZV5	1	178	IDP
F4I3P9	1	221	N-terminal
F4J1W7	1	40	N-terminal
F4K940	125	551	C-terminal
F4KAG0	1	135	N-terminal
O50055	87	355	C-terminal
O64545	1	396	IDP
O80933	1	165	N-terminal
O80933	304	340	middle
O80960	280	323	middle
P31167	1	78	N-terminal
P49677	1	76	N-terminal
P59278	117	597	C-terminal
P82874	137	202	C-terminal
Q84JZ6	1	82	N-terminal
Q84JZ6	196	244	C-terminal
Q84VP8	1	82	N-terminal
Q8GUH5	244	279	middle
Q8GUH5	425	519	C-terminal
Q8GZ79	1	114	N-terminal
Q8L920	1	80	N-terminal
Q8LFL4	1	81	IDP
Q8RXK2	423	468	middle
Q8RXK2	560	609	middle
Q8RXT4	280	498	middle
Q8VYD6	1	47	N-terminal
Q94AH7	129	233	middle
Q9C5S2	1	68	N-terminal
Q9C5S2	286	382	middle
Q9C7Z2	1	33	N-terminal
Q9C9N4	1	109	IDP
Q9FF15	1	173	N-terminal
Q9FF15	554	722	C-terminal
Q9FFW5	1	324	N-terminal
Q9FFW5	649	681	C-terminal
Q9FLA5	1	61	N-terminal
Q9FLM7	1	303	N-terminal
Q9FX76	1	392	N-terminal
Q9FX76	463	845	C-terminal
Q9FXA3	1	76	N-terminal
Q9FXA3	135	204	middle
Q9LLL8	1	31	N-terminal
Q9LNC4	1	267	N-terminal
Q9LNC4	349	418	middle
Q9LNC4	545	618	middle
Q9LNC4	688	766	C-terminal
Q9LNX0	1	182	IDP
Q9LR26	1	62	N-terminal
Q9LS50	157	314	C-terminal
Q9LSF2	222	281	C-terminal
Q9LT67	1	153	N-terminal
Q9LT67	233	270	C-terminal
Q9LYH0	1	362	IDP
Q9M8M9	1	204	N-terminal
Q9M9G1	1	74	N-terminal
Q9M9G1	362	470	C-terminal
Q9S7G6	1	42	N-terminal
Q9S7G6	747	925	middle
Q9SAD3	1	110	IDP
Q9SHI9	1	34	N-terminal
Q9SI09	1	73	N-terminal
Q9SIK2	1	36	N-terminal
Q9SJR3	1	366	N-terminal
Q9SMY6	49	93	middle
Q9SN25	1	54	N-terminal
Q9SRM8	1	252	IDP
Q9SS87	1	42	N-terminal
Q9SU56	1	89	N-terminal
Q9SUF2	1	42	N-terminal
Q9SUT8	1	190	N-terminal
Q9SUT8	763	803	middle
A0A1P8B5X7	1	81	N-terminal
A0A1P8BEZ4	1	119	N-terminal
A0A1P8BEZ4	159	328	middle
A2RVJ6	1	141	IDP
A8MRC5	1	118	IDP
B3H619	1	33	IDP
F4HXH4	1	121	N-terminal
F4HXH4	335	394	C-terminal
F4I9G5	227	324	middle
F4I9G5	986	1039	middle
F4J061	1	82	N-terminal
F4J061	258	422	C-terminal
F4J1D9	1	307	N-terminal
F4J9G6	1	146	N-terminal
F4J9G6	534	565	middle
F4JHH5	750	787	C-terminal
F4KDJ9	1	312	N-terminal
F4KDJ9	478	528	C-terminal
F4KFM6	1	67	N-terminal
O64538	1	58	N-terminal
O65220	1	37	N-terminal
O65640	317	400	middle
O82400	263	325	C-terminal
O82500	1010	1095	C-terminal
P51412	1	88	N-terminal
Q1PEV9	497	573	C-terminal
Q2V3Z5	1	39	N-terminal
Q4F883	80	115	middle
Q56Y63	405	504	C-terminal
Q5HZ05	1	95	N-terminal
Q8L610	1	133	N-terminal
Q8L778	86	256	middle
Q8L778	637	716	middle
Q8LC33	1	99	IDP
Q8LEU3	1	71	N-terminal
Q8LGC7	1	44	N-terminal
Q8RWL6	107	181	middle
Q8VZ42	139	208	middle
Q93VK5	1	49	N-terminal
Q94CH7	1	38	N-terminal
Q94K07	230	260	middle
Q94K07	298	374	C-terminal
Q9ASZ1	1	57	N-terminal
Q9ASZ1	129	234	middle
Q9C6L0	74	137	middle
Q9CA42	1	37	N-terminal
Q9CA42	717	1085	C-terminal
Q9FGV2	1	451	N-terminal
Q9FGV2	495	637	C-terminal
Q9FI11	1	119	IDP
Q9FKY2	116	215	C-terminal
Q9FMJ1	160	356	C-terminal
Q9FNV9	116	246	C-terminal
Q9FPT1	1	51	N-terminal
Q9FXJ4	1	38	N-terminal
Q9LE38	1	55	N-terminal
Q9LE38	449	556	middle
Q9LE38	622	740	middle
Q9LG23	1	52	N-terminal
Q9LK35	394	488	middle
Q9LK35	789	855	C-terminal
Q9LU68	1	435	IDP
Q9LV17	1	160	N-terminal
Q9LV17	225	281	C-terminal
Q9LZU5	1	48	N-terminal
Q9LZU5	796	845	middle
Q9LZU5	976	1058	C-terminal
Q9M1F8	161	211	C-terminal
Q9M1U4	73	165	C-terminal
Q9M303	1	221	N-terminal
Q9M9U5	1	41	N-terminal
Q9M9U5	170	235	middle
Q9SF34	1	60	N-terminal
Q9SHV7	72	307	middle
Q9SHV7	401	768	middle
Q9SR02	601	836	middle
Q9SR02	1011	1042	middle
Q9SR02	1120	1208	middle
Q9SR02	1254	1340	middle
Q9SVH3	1	89	N-terminal
Q9SZ45	1	120	N-terminal
Q9XGM2	502	720	C-terminal
Q9XQC7	1	107	N-terminal
Q9XQC7	294	326	C-terminal
Q9ZU94	235	288	C-terminal
A0A1I9LLR6	1	75	N-terminal
A0A1I9LLR6	581	614	C-terminal
A0A1P8B7I6	325	359	C-terminal
B3H428	1	46	IDP
B3H4Y3	1	255	IDP
B3H6B7	1	49	IDP
F4I048	1	311	N-terminal
F4IMB5	98	174	middle
F4IY62	1	83	N-terminal
F4JBP3	282	506	middle
F4JSE7	113	175	middle
F4JSE7	404	496	middle
O22772	146	224	middle
O49684	1	31	N-terminal
O49684	95	187	C-terminal
O65397	1	108	IDP
O80365	140	225	C-terminal
O80512	1	58	N-terminal
O80512	154	296	middle
O82462	175	205	middle
Q0WWQ1	90	178	middle
Q304A0	218	259	middle
Q3ECP1	1	72	IDP
Q6NLQ6	1	37	N-terminal
Q6NLT2	62	133	middle
Q84JG5	1	42	N-terminal
Q84JG5	151	196	C-terminal
Q8GW60	1	70	IDP
Q8LE59	1	52	N-terminal
Q8LE59	172	266	middle
Q8RX78	1	373	N-terminal
Q8RX78	556	684	C-terminal
Q93VB4	1	54	N-terminal
Q93VB4	226	314	middle
Q93VS8	642	673	middle
Q93VS8	823	854	middle
Q94A34	1	39	N-terminal
Q94A34	315	489	middle
Q94JX5	73	106	middle
Q9C641	1	50	N-terminal
Q9FE20	1	58	N-terminal
Q9FE20	368	456	C-terminal
Q9FGF0	249	282	C-terminal
Q9FH94	96	184	C-terminal
Q9FJH9	73	125	middle
Q9FJH9	247	289	middle
Q9FJH9	499	738	C-terminal
Q9FK54	1	38	N-terminal
Q9FMZ4	1	71	N-terminal
Q9LK32	1	234	IDP
Q9LT27	1	97	N-terminal
Q9LT27	206	242	middle
Q9LUZ4	158	197	middle
Q9LUZ4	310	607	C-terminal
Q9LYL8	1	222	IDP
Q9M080	90	221	C-terminal
Q9M340	1	70	N-terminal
Q9M8M3	1	45	N-terminal
Q9MA60	77	533	middle
Q9SAB1	506	569	middle
Q9SAB1	676	763	C-terminal
Q9SD64	631	706	middle
Q9SKP0	92	448	C-terminal
Q9SMW7	1	37	N-terminal
Q9SMW7	122	165	C-terminal
Q9STS7	1	84	N-terminal
Q9SUR3	1	91	N-terminal
Q9SX79	1	103	N-terminal
Q9SX79	267	306	middle
Q9SX79	371	432	C-terminal
Q9SZD4	1	114	N-terminal
Q9XED8	1	155	N-terminal
Q9XED8	333	539	middle
Q9ZP55	1	31	N-terminal
A0A1P8AMV0	1	76	N-terminal
A0A1P8AMV0	350	424	C-terminal
A0A1P8AP45	1	359	N-terminal
A0A1P8B0Q4	212	256	middle
A0A1P8BA72	420	475	middle
A0A1P8BFJ4	1	107	N-terminal
A0A1P8BH58	1	54	N-terminal
A4IJ27	1	97	N-terminal
B3H6B4	1	67	IDP
C0LGD6	1	32	N-terminal
C0LGD6	524	554	middle
F4HP88	1	63	N-terminal
F4HP88	356	522	middle
F4HQ17	228	316	middle
F4HQ17	622	663	C-terminal
F4I7D7	1	161	IDP
F4IDB4	204	1163	C-terminal
F4IIM1	1	59	N-terminal
F4IIM1	987	1023	middle
F4ISS7	208	254	middle
F4ISS7	304	353	C-terminal
F4JBR5	1	50	N-terminal
F4JMN0	1	53	N-terminal
O04504	1	38	N-terminal
O48849	1	33	N-terminal
O48849	820	852	middle
O65687	1	199	IDP
O82353	1	135	N-terminal
O82353	182	214	C-terminal
P0DN97	1	87	IDP
P98204	1	60	N-terminal
Q0WKW1	63	144	middle
Q0WKW1	382	779	C-terminal
Q1PF10	1	34	N-terminal
Q38864	1	48	N-terminal
Q39253	1	51	N-terminal
Q42581	1	82	N-terminal
Q4PSU4	1	85	N-terminal
Q4PSU4	228	264	C-terminal
Q6NQ64	1	87	N-terminal
Q6NQ64	148	259	middle
Q84W85	1	33	N-terminal
Q8GYC7	1	76	N-terminal
Q8GYC7	269	313	C-terminal
Q8GYF7	1	119	N-terminal
Q8GYQ7	1	68	IDP
Q8LGH4	1	83	N-terminal
Q8RXF8	589	648	C-terminal
Q93V47	62	100	C-terminal
Q93ZE3	1	61	N-terminal
Q944B6	1	47	N-terminal
Q94CE3	1	78	N-terminal
Q9C9T8	1	52	N-terminal
Q9CAF5	1	86	N-terminal
Q9FGJ4	1	131	IDP
Q9FL94	1	86	N-terminal
Q9FL94	153	219	middle
Q9FL94	530	607	C-terminal
Q9FN57	1	60	N-terminal
Q9LNJ3	1	134	N-terminal
Q9LPM5	1	43	N-terminal
Q9LPM5	343	382	middle
Q9LS25	1	113	N-terminal
Q9LUD9	1	60	N-terminal
Q9LYJ0	1	47	N-terminal
Q9LYJ0	332	368	C-terminal
Q9M015	1	33	N-terminal
Q9M2K4	1	206	N-terminal
Q9S7I8	1	114	N-terminal
Q9SAJ2	1	176	N-terminal
Q9SAJ2	282	953	middle
Q9SGU3	115	296	C-terminal
Q9SII8	77	165	middle
Q9SII8	264	385	middle
Q9SII8	453	505	middle
Q9T055	1	74	IDP
Q9XI21	1	127	N-terminal
A0A1P8B8R6	116	220	C-terminal
A0A1P8BGS0	1	86	IDP
B3H4A9	1	75	IDP
B3H5W5	1	36	IDP
B6EUA9	1	211	N-terminal
B6EUA9	266	399	middle
B6EUA9	773	958	C-terminal
B9DGK6	1	35	N-terminal
B9DGK6	112	192	middle
F4HY09	1	92	IDP
F4I6H2	65	150	C-terminal
F4IDG2	162	323	middle
F4J5F9	1	168	IDP
F4JRB0	96	217	middle
F4JRB0	269	363	C-terminal
F4JTL0	1	71	N-terminal
O03982	70	138	middle
O22286	365	408	C-terminal
O49696	378	479	middle
O64948	622	681	middle
O82083	149	228	C-terminal
O82251	1	54	N-terminal
O82305	1	280	IDP
P0DI07	1	56	N-terminal
P56763	547	581	middle
Q0WVU3	1	190	N-terminal
Q0WVU3	327	375	C-terminal
Q1G363	161	276	middle
Q39102	1	131	N-terminal
Q39102	221	256	middle
Q42606	1	76	N-terminal
Q4PSD1	1	193	N-terminal
Q5Q0E7	143	177	C-terminal
Q67X99	1	64	N-terminal
Q6IDB0	1	193	IDP
Q7Y219	1	69	N-terminal
Q7Y219	230	609	middle
Q7Y219	681	727	middle
Q7Y219	898	976	C-terminal
Q8GY17	1	163	IDP
Q8H110	1	52	N-terminal
Q8H110	102	170	middle
Q8H1E3	1	66	N-terminal
Q8H1E3	383	442	C-terminal
Q8L7S5	1	82	N-terminal
Q8L7S5	197	388	middle
Q8LDF9	76	121	middle
Q8LDF9	175	241	C-terminal
Q8VZV8	1	38	N-terminal
Q94AM8	1	75	N-terminal
Q94C75	1	73	N-terminal
Q94FL6	133	231	middle
Q94FL6	305	436	C-terminal
Q9C5S8	254	322	middle
Q9C5S8	627	659	C-terminal
Q9FHH8	109	355	C-terminal
Q9FI12	1	88	N-terminal
Q9FI63	1	35	N-terminal
Q9FIS0	1	483	N-terminal
Q9FLM0	170	212	C-terminal
Q9FLU1	1	278	N-terminal
Q9FLU1	376	454	C-terminal
Q9FVU7	1	103	IDP
Q9FWX7	1	40	N-terminal
Q9FWX7	622	693	middle
Q9FYE6	1	69	N-terminal
Q9LDH8	1	41	N-terminal
Q9LFG1	874	937	C-terminal
Q9LTH9	1	51	N-terminal
Q9LV89	46	171	C-terminal
Q9LVL4	1	224	N-terminal
Q9LXB7	1	130	IDP
Q9M1B4	1	45	N-terminal
Q9MAC5	344	399	C-terminal
Q9S9L3	1	42	N-terminal
Q9S9L3	227	273	middle
Q9SHW4	66	96	middle
Q9SIF7	1	491	IDP
Q9SK08	1	50	N-terminal
Q9SK08	178	232	C-terminal
Q9SU16	1	122	N-terminal
Q9SUW1	1	33	N-terminal
Q9SW33	1	122	N-terminal
Q9T028	94	277	C-terminal
Q9ZVK7	451	502	middle
Q9ZVK7	586	629	C-terminal
Q9ZWA1	1	77	N-terminal
Q9ZWA1	182	393	C-terminal
A0A1P8B6A7	112	172	C-terminal
C0SV51	1	36	N-terminal
C0SV51	396	622	C-terminal
F4HQJ2	309	345	C-terminal
F4HTY4	1	51	N-terminal
F4HTY4	341	401	middle
F4HZT7	1	462	IDP
F4IJB8	1	42	N-terminal
F4IME1	1	223	N-terminal
F4IME1	400	479	middle
F4JD25	1	64	N-terminal
F4JP07	274	309	middle
F4K735	935	974	middle
F4K975	1	44	N-terminal
O22288	1	39	N-terminal
O80580	90	121	middle
O80580	447	496	C-terminal
O81908	1	68	N-terminal
O82499	1	69	N-terminal
P25855	1	39	N-terminal
Q0WMJ7	1	223	IDP
Q0WQM3	158	642	middle
Q0WQM3	719	797	C-terminal
Q0WTY4	168	222	C-terminal
Q38931	1	32	N-terminal
Q3MK94	1	203	N-terminal
Q52K81	169	215	C-terminal
Q56YP2	1	64	N-terminal
Q6NLD7	141	191	C-terminal
Q8RY94	1	73	N-terminal
Q8W495	1	42	N-terminal
Q8W495	381	460	C-terminal
Q944A2	139	315	C-terminal
Q9C5G0	68	315	middle
Q9C7P1	1	134	N-terminal
Q9C7P1	182	307	middle
Q9C7P4	1	55	N-terminal
Q9C7P4	109	266	middle
Q9C884	1	89	N-terminal
Q9C8X8	1	86	N-terminal
Q9C9V8	1	67	IDP
Q9CAI6	1	81	N-terminal
Q9FDW1	107	305	C-terminal
Q9FF87	1	51	N-terminal
Q9FGB0	1	102	N-terminal
Q9FGB0	155	269	middle
Q9FIA9	1	81	IDP
Q9FK21	1	340	N-terminal
Q9FK21	415	447	middle
Q9FK21	707	825	C-terminal
Q9FKZ6	1	81	N-terminal
Q9FKZ6	271	551	C-terminal
Q9FNM5	1	76	N-terminal
Q9FQ19	96	641	middle
Q9FXD1	521	651	C-terminal
Q9LFL0	1	139	N-terminal
Q9LFL0	177	281	middle
Q9LFL0	725	767	middle
Q9LM90	1	81	N-terminal
Q9LRH6	1	211	N-terminal
Q9LRH6	256	309	C-terminal
Q9LU73	199	275	middle
Q9LU73	393	427	middle
Q9LU73	464	670	middle
Q9LU73	830	914	middle
Q9LVP0	719	782	middle
Q9LVU2	1	150	IDP
Q9LZL3	1	50	N-terminal
Q9M0W9	116	165	middle
Q9M2Z8	1	55	N-terminal
Q9M3B8	1	162	N-terminal
Q9M3B8	340	597	C-terminal
Q9M9E1	1	40	N-terminal
Q9M9E1	780	818	middle
Q9SA05	1	43	N-terminal
Q9SA05	657	731	middle
Q9SF41	1	338	N-terminal
Q9SF41	766	861	middle
Q9SGQ0	66	199	middle
Q9SGQ0	404	486	C-terminal
Q9SKH2	1	131	N-terminal
Q9SKU2	1	35	N-terminal
Q9SR72	1	58	N-terminal
Q9SRN1	1	48	N-terminal
Q9STU3	85	117	middle
Q9SXE6	1	64	N-terminal
Q9ZW31	1	153	IDP
A0A178UUY0	1	111	N-terminal
A0A1P8AWJ9	1	54	IDP
A0A1P8B0A1	160	254	C-terminal
F4I893	1	48	N-terminal
F4I893	897	948	middle
F4IV24	1	213	IDP
F4J077	1	485	N-terminal
F4JGF3	301	335	middle
F4K493	223	716	middle
F4K9L7	1	45	N-terminal
F4K9L7	102	137	C-terminal
O04310	128	273	middle
O04589	1	91	N-terminal
O04643	1	164	IDP
O22795	1	89	N-terminal
O22947	1	119	IDP
O49695	1	118	N-terminal
O64614	1	110	N-terminal
O81242	1	58	N-terminal
O81242	165	355	C-terminal
P33077	1	94	N-terminal
P93042	755	802	C-terminal
P93278	119	212	middle
Q08AA5	1	36	N-terminal
Q0WPN0	1	145	N-terminal
Q0WPN0	223	294	middle
Q1G3P4	1	68	N-terminal
Q1KS66	1	46	N-terminal
Q1KS66	400	493	C-terminal
Q3EAY2	1	79	IDP
Q45GQ7	1	59	N-terminal
Q45GQ7	161	349	C-terminal
Q501A1	126	160	middle
Q501D2	1	103	N-terminal
Q501D2	172	572	C-terminal
Q6DR65	237	307	C-terminal
Q6DSR3	1	52	N-terminal
Q84K42	1	46	N-terminal
Q8GUJ1	303	353	C-terminal
Q8L7S4	1	69	N-terminal
Q8L7S4	391	532	middle
Q8L7S4	597	634	C-terminal
Q8LAA7	1	173	IDP
Q8LEW6	1	81	IDP
Q8LLD4	1	90	N-terminal
Q8RYE6	1	193	IDP
Q8S8G6	1	117	N-terminal
Q8W498	598	632	middle
Q945P2	1	54	N-terminal
Q94AU9	1	52	N-terminal
Q94K88	1	72	N-terminal
Q94K88	141	214	middle
Q94K88	324	492	C-terminal
Q96276	120	219	C-terminal
Q9C8J8	632	678	C-terminal
Q9FF34	260	336	C-terminal
Q9FGC3	1	105	N-terminal
Q9FIZ5	1	164	N-terminal
Q9FJY6	1	43	N-terminal
Q9FRI9	1	129	IDP
Q9FWR1	1	100	N-terminal
Q9FWR1	288	324	C-terminal
Q9FWX9	1	290	IDP
Q9FY93	161	252	C-terminal
Q9FY96	1	35	N-terminal
Q9FY96	162	267	C-terminal
Q9LG15	1	99	N-terminal
Q9LQ10	1	124	N-terminal
Q9LYG5	1	78	N-terminal
Q9M1E5	440	481	C-terminal
Q9M237	1	56	N-terminal
Q9M237	318	363	middle
Q9M237	405	615	C-terminal
Q9M8Y7	1	269	IDP
Q9S7V5	1	541	IDP
Q9SCR1	1	166	IDP
Q9SKM9	1	115	IDP
Q9STK5	1	48	N-terminal
Q9SVL8	101	152	C-terminal
Q9ZPQ8	211	250	middle
Q9ZPQ8	422	456	C-terminal
Q9ZPX8	169	250	C-terminal
Q9ZQR5	1	52	N-terminal
Q9ZSI9	570	615	middle
Q9ZUJ5	301	360	C-terminal
Q9ZVI3	69	130	middle
Q9ZVI3	255	286	C-terminal
A0A178WDK9	1	146	N-terminal
A8MQ81	1	112	IDP
A8MRV7	1	152	IDP
B3H524	1	40	IDP
B5X4Z9	148	235	middle
B5X4Z9	556	617	C-terminal
F4HZZ2	1	49	N-terminal
F4IRD4	1	99	N-terminal
F4IRD4	138	170	C-terminal
F4JA80	1	32	N-terminal
F4JA80	69	100	C-terminal
F4JFZ4	1	51	N-terminal
O23587	1	187	N-terminal
O48788	231	333	middle
O48788	619	658	C-terminal
O48843	1	41	N-terminal
O49420	1	36	N-terminal
O82632	1	187	N-terminal
Q03250	71	176	C-terminal
Q0WMJ8	1	41	N-terminal
Q0WRF4	184	264	C-terminal
Q0WVJ0	146	289	middle
Q1PDZ2	1	50	N-terminal
Q1PDZ2	93	149	C-terminal
Q38798	211	313	middle
Q38798	489	532	C-terminal
Q39123	111	157	middle
Q39123	591	628	middle
Q3E954	404	451	middle
Q3E954	596	671	C-terminal
Q6X5T8	1	46	IDP
Q84N34	1	31	N-terminal
Q84TI2	1	85	N-terminal
Q852U6	1	160	N-terminal
Q8GUH8	1	34	N-terminal
Q8GYY1	1	47	N-terminal
Q8GYY1	246	412	C-terminal
Q8H112	1	82	N-terminal
Q8H118	1	81	N-terminal
Q8LCW1	1	31	N-terminal
Q8LCX3	1	69	IDP
Q8LFT2	519	643	middle
Q8LFT2	739	780	C-terminal
Q8LKS5	1	45	N-terminal
Q8VZT9	1	88	IDP
Q940Q4	1	44	N-terminal
Q940Q4	195	472	C-terminal
Q944C1	256	328	middle
Q94AL8	1	80	N-terminal
Q9C613	1	37	N-terminal
Q9CA19	1	42	N-terminal
Q9CA19	115	154	C-terminal
Q9CA30	111	233	C-terminal
Q9CAA9	1	315	N-terminal
Q9CAA9	385	486	C-terminal
Q9CAR4	65	387	C-terminal
Q9FG23	241	374	middle
Q9FH02	1	119	N-terminal
Q9FII1	260	340	middle
Q9FK96	1	66	N-terminal
Q9FKP6	1	177	N-terminal
Q9FM98	38	245	middle
Q9FM98	302	396	C-terminal
Q9FYF9	1	41	N-terminal
Q9LF06	139	476	C-terminal
Q9LHD9	145	322	middle
Q9LIG8	1	52	N-terminal
Q9LR03	1	33	N-terminal
Q9LT24	156	206	middle
Q9LT24	452	554	C-terminal
Q9LVE4	724	756	C-terminal
Q9LXZ5	1	37	N-terminal
Q9LZ14	1	52	N-terminal
Q9M236	1	34	N-terminal
Q9M2K6	128	180	C-terminal
Q9S9M2	687	761	C-terminal
Q9SD86	1	1287	N-terminal
Q9SIC3	1	69	N-terminal
Q9SIC3	171	244	C-terminal
Q9SN75	230	332	C-terminal
Q9SSG2	273	308	middle
Q9ZQX3	501	551	middle
Q9ZUT4	1	110	N-terminal
A0A1P8AXW3	1	74	IDP
A0A1P8BBZ0	1	127	N-terminal
A0A1P8BGN4	1	38	IDP
A0JQ11	1	47	N-terminal
B3H578	61	278	middle
B3H5F8	1	43	IDP
F4I0J7	319	350	middle
F4I0K2	1	199	N-terminal
F4I0K2	544	614	C-terminal
F4I3B3	1	117	N-terminal
F4I3B3	287	445	C-terminal
F4IDF1	1	537	N-terminal
F4IDF1	595	630	C-terminal
F4ILN3	1	231	N-terminal
F4ITF9	188	937	C-terminal
F4KCH7	1	77	N-terminal
F4KCH7	153	185	middle
F4KHL6	69	111	C-terminal
O04084	1	46	N-terminal
O22965	1	70	IDP
O81415	1	50	N-terminal
O82302	1	230	N-terminal
O82302	328	488	middle
O82302	557	614	middle
P0C2F6	1	110	N-terminal
Q0WSZ8	1	180	N-terminal
Q0WSZ8	244	403	C-terminal
Q29Q28	314	345	C-terminal
Q38842	1	80	IDP
Q3EDG5	317	361	middle
Q3EDG5	437	500	C-terminal
Q42344	1	41	N-terminal
Q42344	106	138	C-terminal
Q501D4	1	187	N-terminal
Q501D4	529	580	C-terminal
Q58G01	166	558	middle
Q66GR8	82	158	middle
Q6NPQ1	1	35	N-terminal
Q6NPQ1	193	296	middle
Q84XV2	1	107	N-terminal
Q84XV2	340	386	C-terminal
Q8H0S2	1	105	N-terminal
Q8L7I0	502	535	middle
Q8LF97	201	351	C-terminal
Q8RWS6	632	665	middle
Q8RX22	1	64	N-terminal
Q8RX22	204	366	middle
Q8RX22	597	632	middle
Q8RXN0	665	703	C-terminal
Q8RXU6	123	161	middle
Q8RXU6	719	760	middle
Q8VWQ4	1	104	N-terminal
Q8VYY6	1	86	IDP
Q8VZG8	1	56	N-terminal
Q8VZG8	688	756	middle
Q8W036	1	33	N-terminal
Q94BR5	1	194	N-terminal
Q94BR5	277	344	middle
Q94BR5	406	466	middle
Q94BR5	740	825	middle
Q9C5K8	1	54	N-terminal
Q9C5K8	91	187	C-terminal
Q9C606	1	64	N-terminal
Q9C637	1	35	N-terminal
Q9C637	926	994	C-terminal
Q9C7I8	1	44	N-terminal
Q9C864	1	32	N-terminal
Q9C9K4	190	230	middle
Q9FGK4	166	206	middle
Q9FGM2	136	193	middle
Q9FGM2	238	488	middle
Q9FGM2	688	755	C-terminal
Q9FK51	1	63	N-terminal
Q9FK51	173	206	middle
Q9FV53	1	77	N-terminal
Q9FWA4	1	63	N-terminal
Q9FZ88	1	55	N-terminal
Q9LJT9	1	58	N-terminal
Q9LJT9	201	255	C-terminal
Q9LQI8	187	1061	C-terminal
Q9LSR4	1	162	N-terminal
Q9LTD9	1	73	N-terminal
Q9LV09	73	144	middle
Q9LV09	236	304	C-terminal
Q9LV33	1	34	N-terminal
Q9LVY0	1	72	N-terminal
Q9M0F8	1	158	N-terminal
Q9M0F8	215	498	C-terminal
Q9M152	267	306	C-terminal
Q9M2R1	1	177	N-terminal
Q9M9V9	1	50	N-terminal
Q9S6Z8	1	111	N-terminal
Q9SGQ6	1	54	N-terminal
Q9SSL0	1	49	N-terminal
Q9SVV4	1	99	IDP
Q9SVY0	148	300	middle
Q9SVY0	1313	1439	middle
Q9SYC9	127	158	middle
Q9SYC9	268	336	middle
Q9XIN5	1	83	N-terminal
Q9XIN5	144	190	middle
Q9XIN5	355	427	C-terminal
Q9ZQ85	83	236	middle
Q9ZQ85	286	432	C-terminal
A0A1P8AQ19	1	253	IDP
A0A1P8BA53	1	78	N-terminal
A0JPU2	1	93	N-terminal
B3H4P9	1	77	N-terminal
C0LGG8	603	678	middle
C0LGG8	935	1038	C-terminal
F4I7D4	1	48	N-terminal
F4I9R1	1	233	N-terminal
F4I9R1	327	374	C-terminal
F4IIS8	1	62	N-terminal
F4IR55	89	127	middle
F4IR55	180	210	C-terminal
F4IXU3	1	397	N-terminal
F4IXU3	560	673	C-terminal
F4JPI4	1	41	N-terminal
F4JPI4	356	388	C-terminal
O22230	1	32	N-terminal
O22230	131	244	C-terminal
O22682	1	98	N-terminal
O22787	1	43	N-terminal
O22787	167	272	middle
O22787	338	501	middle
O49839	1	62	N-terminal
O49839	373	426	C-terminal
O64884	1	133	N-terminal
O80674	1	59	N-terminal
P92538	70	107	C-terminal
Q0WQB7	1	146	N-terminal
Q0WQB7	683	726	middle
Q38827	1	205	N-terminal
Q38829	1	133	N-terminal
Q39057	95	373	C-terminal
Q42545	1	71	N-terminal
Q42545	398	433	C-terminal
Q67XD9	1	86	N-terminal
Q6JDV7	451	671	C-terminal
Q6NQ19	160	218	C-terminal
Q6NQK9	1	54	N-terminal
Q84X40	1	178	IDP
Q8GZ92	1	142	N-terminal
Q8GZ92	215	334	middle
Q8L5X9	1	184	N-terminal
Q8L5X9	262	307	C-terminal
Q8L814	1	53	N-terminal
Q8L814	102	156	middle
Q8LEF3	83	120	C-terminal
Q8RX33	165	233	C-terminal
Q8RY65	590	635	C-terminal
Q8S9N6	1	156	N-terminal
Q8S9N6	229	275	C-terminal
Q8VZ14	187	219	middle
Q8VZ14	273	448	C-terminal
Q8VZQ9	102	150	middle
Q8VZQ9	255	288	middle
Q8VZQ9	381	442	middle
Q8W488	1	31	N-terminal
Q94JR1	1	156	N-terminal
Q94JR1	231	284	middle
Q9C924	1	38	N-terminal
Q9CAG8	1	38	N-terminal
Q9FFQ1	1	219	N-terminal
Q9FGF6	1	79	IDP
Q9FI33	195	369	C-terminal
Q9FKJ4	1	134	N-terminal
Q9LIE4	80	134	middle
Q9LIE4	318	706	C-terminal
Q9LJS0	819	890	C-terminal
Q9LME7	86	291	C-terminal
Q9LR47	1	70	N-terminal
Q9LR47	150	342	middle
Q9LY03	630	681	middle
Q9LZD4	182	216	C-terminal
Q9M1K1	1	110	N-terminal
Q9SCZ2	1071	1226	C-terminal
Q9SD46	1	44	N-terminal
Q9SGG3	1	57	N-terminal
Q9SGG3	1193	1228	C-terminal
Q9SHI4	709	756	C-terminal
Q9SJ56	1	261	N-terminal
Q9SJ56	461	680	C-terminal
Q9SQT7	128	186	middle
Q9SQT7	229	431	middle
Q9SQT7	643	673	C-terminal
Q9SY29	347	382	C-terminal
Q9T012	1	43	N-terminal
Q9T012	346	376	middle
Q9XID1	1	104	N-terminal
A0A1P8AMQ6	143	251	C-terminal
B9DGJ0	1	109	N-terminal
F4HYF3	1	40	N-terminal
F4I129	82	205	middle
F4I129	276	650	C-terminal
F4I396	1	176	IDP
F4I7I0	1	70	N-terminal
F4IBB2	1	52	N-terminal
F4IIQ1	389	445	middle
F4IVR7	1004	1143	middle
F4IVR7	1382	1430	middle
F4IVR7	1467	1567	middle
F4IVR7	1703	1770	C-terminal
F4IVU1	297	374	C-terminal
F4J6F6	1	305	N-terminal
F4J6F6	450	777	middle
F4J6F6	1032	1068	middle
F4J6F6	1187	1296	C-terminal
F4JFJ3	1	90	N-terminal
F4K5V1	1	54	N-terminal
F4K6G6	1	96	N-terminal
O49341	1	92	IDP
O49389	1	181	IDP
O64760	439	549	middle
O80698	1	203	IDP
O80888	272	304	middle
P34066	237	278	C-terminal
P40283	1	57	N-terminal
P59226	1	41	N-terminal
P69781	1	220	N-terminal
P81760	1	83	N-terminal
P83291	1	42	N-terminal
Q3EDF8	1	107	N-terminal
Q41931	258	320	C-terminal
Q6DUW9	1	95	IDP
Q6NPF8	1	40	N-terminal
Q7X8C5	687	748	C-terminal
Q8GWP9	1	84	IDP
Q8H124	1	45	N-terminal
Q8H1D8	1	43	N-terminal
Q8L7Q9	1	102	N-terminal
Q8VWJ1	1	95	N-terminal
Q940A2	323	369	middle
Q94A56	1	115	N-terminal
Q9C609	212	310	C-terminal
Q9C6A9	1	98	N-terminal
Q9CA78	1	84	N-terminal
Q9CAC5	1	45	N-terminal
Q9CAL8	1	337	N-terminal
Q9CAL8	628	710	C-terminal
Q9FG62	127	193	middle
Q9FGD4	1	51	N-terminal
Q9FGJ3	1	33	N-terminal
Q9FGJ3	118	190	C-terminal
Q9FGW9	1	61	N-terminal
Q9FGW9	97	151	middle
Q9FGW9	268	1061	C-terminal
Q9FGZ4	1	207	N-terminal
Q9FGZ4	263	399	C-terminal
Q9FLW1	1	65	N-terminal
Q9FWS4	1	40	N-terminal
Q9LNW0	1	157	IDP
Q9LX31	1	73	N-terminal
Q9LX31	225	265	C-terminal
Q9MAV4	1	70	IDP
Q9S7H8	1	66	N-terminal
Q9S9P8	1	88	N-terminal
Q9SKM7	1	46	N-terminal
Q9SKT0	1	70	N-terminal
Q9SKT0	270	300	C-terminal
Q9STY2	133	221	C-terminal
Q9SUB1	78	194	C-terminal
Q9SZ60	225	256	middle
Q9XIL0	1	143	N-terminal
Q9ZNX9	1	183	N-terminal
Q9ZTX9	1	64	N-terminal
Q9ZTX9	151	188	middle
Q9ZTX9	400	680	middle
Q9ZTX9	758	788	C-terminal
Q9ZV53	1	37	N-terminal
Q9ZV53	192	423	C-terminal
A0A1P8ASI1	1	135	N-terminal
A0A1P8B981	1	69	IDP
A0A1P8BCA2	129	230	middle
A0A1P8BCA2	698	818	middle
A0A1P8BCA2	894	1005	middle
A0A1P8BFD5	1	43	N-terminal
A4FVS5	1	319	N-terminal
A4FVS5	406	589	C-terminal
B3H484	1	39	IDP
B3H633	1	47	IDP
B7SY83	1	58	N-terminal
B7SY83	152	1238	middle
B7SY83	1312	1351	middle
F4IEE1	1	51	N-terminal
F4IEE1	295	348	middle
F4J364	1	1176	IDP
F4JE35	1	151	N-terminal
O22146	1	31	N-terminal
O22213	1	52	N-terminal
O22213	542	575	C-terminal
O23361	288	350	middle
O23361	616	667	middle
O49675	1	78	N-terminal
O82324	1	70	N-terminal
P0C8Q3	1	80	N-terminal
P31414	41	74	middle
Q08AA8	1	44	N-terminal
Q0V7S1	1	103	N-terminal
Q0WNJ6	1648	1705	C-terminal
Q0WTI8	71	121	middle
Q0WUZ1	1	147	N-terminal
Q3E7C3	1	41	N-terminal
Q500Z7	170	273	C-terminal
Q7XA76	1	85	IDP
Q8GX84	1	124	N-terminal
Q8GY68	1	52	N-terminal
Q8GZ43	1	288	IDP
Q8H148	1	107	N-terminal
Q8L835	1	96	N-terminal
Q8LCL8	1	101	IDP
Q8VYW1	1	36	N-terminal
Q8VYW1	494	741	C-terminal
Q93Y39	1	188	N-terminal
Q93Y39	387	449	middle
Q93Y39	778	826	C-terminal
Q94CG2	1	36	N-terminal
Q9C7F2	595	663	middle
Q9C8C2	1	51	N-terminal
Q9FF62	1	201	IDP
Q9FFY3	106	151	C-terminal
Q9FG61	1	50	N-terminal
Q9FG61	393	448	C-terminal
Q9FGG2	1	59	N-terminal
Q9FGG2	227	268	middle
Q9FGG2	346	841	C-terminal
Q9FK07	1	158	N-terminal
Q9FK07	507	579	C-terminal
Q9FKM7	1	65	N-terminal
Q9FKW0	1	124	N-terminal
Q9FKW0	240	385	middle
Q9FKW0	468	522	C-terminal
Q9FL81	1	36	N-terminal
Q9FLK3	71	557	C-terminal
Q9FLY7	315	347	middle
Q9FLY7	536	566	C-terminal
Q9FMG8	1	91	IDP
Q9FMQ8	142	172	C-terminal
Q9FPH0	275	319	middle
Q9FZC7	1	47	N-terminal
Q9LHN9	1	60	N-terminal
Q9LHN9	365	605	C-terminal
Q9LK61	1	88	N-terminal
Q9LK83	1	218	N-terminal
Q9LK83	327	364	middle
Q9LKU8	1	35	N-terminal
Q9LM60	1	61	N-terminal
Q9LMK6	1	155	IDP
Q9LP48	52	193	C-terminal
Q9LS46	1	66	N-terminal
Q9LS46	434	527	middle
Q9LUA0	1	31	N-terminal
Q9LUA0	86	172	middle
Q9LUA0	219	372	C-terminal
Q9LVA1	162	348	C-terminal
Q9LVE6	1	32	N-terminal
Q9LVE6	325	374	C-terminal
Q9LVK2	1	318	N-terminal
Q9LVM3	1	71	N-terminal
Q9S829	1	75	N-terminal
Q9SLA7	130	192	middle
Q9SLA7	239	404	middle
Q9SU31	1	461	IDP
Q9SZ92	176	207	middle
Q9ZQZ8	1	34	N-terminal
Q9ZUW8	179	718	C-terminal
Q9ZVD0	1	194	N-terminal
Q9ZVD0	279	380	middle
Q9ZVD0	544	720	C-terminal
Q9ZVN2	1	75	N-terminal
Q9ZW96	1	50	N-terminal
Q9ZW96	107	233	C-terminal
A0A1P8ASG6	1	133	IDP
A0A1P8B3X9	1	101	N-terminal
A0A1P8B9V7	1101	1145	C-terminal
A0A1P8BEX4	1	59	N-terminal
A0A1P8BEX4	319	365	C-terminal
B5X561	339	388	middle
F4HPG8	63	98	middle
F4HV07	1	35	N-terminal
F4I1P7	1	36	N-terminal
F4I1P7	624	657	C-terminal
F4INJ6	1	585	N-terminal
F4JHT3	1	64	N-terminal
F4JHT3	384	496	middle
F4JHT3	633	683	middle
F4JHT3	1446	1519	middle
F4JHT3	1903	2117	middle
F4JHT3	2578	2698	middle
F4JHT3	3176	3210	middle
F4JRE0	1	34	N-terminal
F4K5V3	1	184	N-terminal
O22980	140	250	C-terminal
P21240	1	62	N-terminal
Q04088	1	193	N-terminal
Q04836	1	147	N-terminal
Q0JXE7	1	150	N-terminal
Q0V817	1	80	IDP
Q3E6Z0	1	49	N-terminal
Q5HZ31	1	201	N-terminal
Q5HZ31	260	305	middle
Q5IBC5	405	440	middle
Q5IBC5	1244	1343	middle
Q5IBC5	1655	1742	middle
Q5IBC5	2075	2180	C-terminal
Q5Q0I0	1	128	IDP
Q6DYE4	1	53	N-terminal
Q84JM4	189	332	middle
Q84JM4	668	730	middle
Q84JM4	1063	1108	C-terminal
Q84MA3	1	54	N-terminal
Q84MA3	723	763	C-terminal
Q84VG6	1	40	N-terminal
Q8GTS0	1	84	N-terminal
Q8GTS0	147	279	middle
Q8GZ72	1	247	IDP
Q8H1G5	111	173	middle
Q8H1G5	261	404	C-terminal
Q8L951	1	94	IDP
Q8L9W8	1	240	IDP
Q8S8Q0	1	42	IDP
Q8VZ78	1	57	N-terminal
Q94A43	1	31	N-terminal
Q94A43	83	318	C-terminal
Q94F04	60	94	middle
Q94K75	1	401	IDP
Q94KK6	119	168	middle
Q94KK6	209	267	C-terminal
Q9C565	1	80	N-terminal
Q9C6B2	1	64	N-terminal
Q9FFK1	1	53	N-terminal
Q9FFK1	161	248	middle
Q9FH36	1	95	N-terminal
Q9FMU6	1	56	N-terminal
Q9FMY2	1	55	N-terminal
Q9FNB1	164	198	middle
Q9LIA0	1	60	N-terminal
Q9LIK9	1	46	N-terminal
Q9LSG6	162	205	middle
Q9LTX7	672	965	middle
Q9LY90	267	369	C-terminal
Q9LYN6	1	145	N-terminal
Q9M041	1	67	N-terminal
Q9M041	409	451	middle
Q9M041	650	712	middle
Q9M0Y6	1	39	N-terminal
Q9M132	1	39	N-terminal
Q9M2W3	1	37	N-terminal
Q9MAC8	1	298	N-terminal
Q9S834	1	100	N-terminal
Q9SD00	231	505	middle
Q9SH38	1	635	IDP
Q9SHE9	122	172	C-terminal
Q9SU78	1	48	N-terminal
Q9SU78	236	268	middle
Q9SY06	1	271	IDP
Q9SY22	193	239	C-terminal
Q9ZQN8	1	34	N-terminal
Q9ZW74	132	323	middle
Q9ZW74	397	531	C-terminal
A0A1I9LMH3	1	103	N-terminal
A0A1I9LMH3	152	276	middle
A0A1I9LSQ8	1	105	IDP
A0A1P8AT27	746	859	middle
A0A1P8AT27	1258	1306	C-terminal
A0A1P8ATQ1	1	32	N-terminal
A0A1P8B4K0	1	69	N-terminal
A0A1P8B9E3	312	449	C-terminal
A0A1P8B9Z1	1	31	N-terminal
A0A1P8B9Z1	74	213	middle
A0A1P8B9Z1	356	526	middle
F4I5D4	92	149	middle
F4I5D4	369	403	middle
F4I5D4	749	799	C-terminal
F4JI72	1	31	N-terminal
F4JI72	74	507	C-terminal
F4JN48	1	56	N-terminal
F4KCY0	1	53	N-terminal
O04196	1	65	N-terminal
O04603	1	51	N-terminal
O04603	231	262	C-terminal
O04616	1	74	N-terminal
O22138	270	397	middle
O22773	1	77	N-terminal
O49282	1	52	IDP
O49329	1	46	N-terminal
O64840	1	47	N-terminal
O82359	1	49	N-terminal
P0C884	1	244	N-terminal
P0DH87	1	35	N-terminal
P46310	1	89	N-terminal
Q0WN54	1	76	N-terminal
Q0WN54	141	187	middle
Q0WN54	431	500	C-terminal
Q27IK6	1	176	N-terminal
Q27IK6	565	612	middle
Q27IK6	831	861	middle
Q27IK6	1327	1408	middle
Q27IK6	2335	2432	middle
Q27IK6	2723	2771	C-terminal
Q4PSA3	480	549	C-terminal
Q56WM6	1	125	N-terminal
Q56WM6	270	300	middle
Q56WM6	489	576	C-terminal
Q84JU6	671	927	C-terminal
Q8GRN0	1	82	N-terminal
Q8GYD0	1	65	N-terminal
Q8GYD0	474	513	C-terminal
Q8GZQ3	1	83	N-terminal
Q8GZQ3	833	922	C-terminal
Q8L4H0	1	236	N-terminal
Q8LFJ8	1	39	N-terminal
Q8LFJ8	169	214	middle
Q8S3N1	1	34	N-terminal
Q8VY59	123	174	C-terminal
Q944Q9	1	336	N-terminal
Q9C521	305	336	C-terminal
Q9C963	141	201	C-terminal
Q9C9Q6	1	53	N-terminal
Q9FF51	1	126	N-terminal
Q9FGA2	103	159	C-terminal
Q9FGI6	1	59	N-terminal
Q9FGS7	312	346	C-terminal
Q9FJJ4	1	38	N-terminal
Q9FRK4	1	62	N-terminal
Q9FRS4	1	112	N-terminal
Q9LKA5	1	84	N-terminal
Q9LKA5	210	395	C-terminal
Q9LKR7	1	31	N-terminal
Q9LPG2	1	130	N-terminal
Q9LSE4	1	57	N-terminal
Q9LSG0	1	74	IDP
Q9LUJ3	1	40	N-terminal
Q9LV75	1	56	N-terminal
Q9LX20	1	54	N-terminal
Q9LX20	450	528	C-terminal
Q9LZL1	1	106	N-terminal
Q9M2W8	1	64	N-terminal
Q9M2W8	332	517	C-terminal
Q9MAP8	1	76	N-terminal
Q9SIT1	440	564	middle
Q9SIT1	900	943	C-terminal
Q9SSJ0	1	225	N-terminal
Q9SUF5	1	100	N-terminal
Q9SV46	1	73	N-terminal
Q9SW31	57	115	middle
Q9XJ35	1	169	N-terminal
Q9XJ35	354	387	C-terminal
Q9ZT92	129	219	middle
Q9ZT92	443	569	C-terminal
Q9ZUJ3	1	81	N-terminal
A0A1P8AUY4	4532	5119	middle
A0A1P8B6G5	1	126	IDP
A0MFL4	1	33	N-terminal
B3H479	61	178	middle
F4HTM3	1	42	N-terminal
F4HYK7	1	32	N-terminal
F4HYK7	70	125	middle
F4I8E9	520	557	C-terminal
F4IB35	1	357	IDP
F4IPV3	1	593	IDP
F4JEH7	1	59	N-terminal
F4JEH7	115	174	middle
F4JI53	1	76	N-terminal
F4JKT0	1	61	N-terminal
F4JSI0	1	206	N-terminal
F4K4L3	1	59	N-terminal
F4K4L3	423	459	middle
F4K9U7	1	142	N-terminal
O04534	1	32	N-terminal
O04534	634	666	C-terminal
O49619	1	51	N-terminal
O49840	1	60	N-terminal
O49840	368	426	C-terminal
O65719	618	649	C-terminal
O81072	1	284	N-terminal
O81775	1	158	IDP
P0DH85	115	157	middle
P0DH85	371	463	middle
P46668	1	59	N-terminal
P46668	156	311	C-terminal
P51407	63	115	C-terminal
P93022	367	1055	middle
P93022	1127	1164	C-terminal
Q1G388	1	167	IDP
Q1PFJ4	1	32	N-terminal
Q3EBA4	266	338	C-terminal
Q67Y99	1	90	N-terminal
Q6DBN2	1	61	N-terminal
Q6NMJ9	1	101	N-terminal
Q6NQK0	143	185	middle
Q6NQK0	258	446	C-terminal
Q6R3L0	1	41	N-terminal
Q8GYF4	510	542	C-terminal
Q8GYH9	348	471	C-terminal
Q8GYJ4	1	66	N-terminal
Q8GYJ4	112	162	C-terminal
Q8L8Q8	1	43	N-terminal
Q8LPH6	124	352	C-terminal
Q8S8Y9	287	338	middle
Q8S8Y9	414	508	middle
Q8VZ20	1	81	N-terminal
Q8VZ20	153	253	middle
Q8W3M7	1	265	IDP
Q93VP2	100	152	C-terminal
Q94A22	1	86	IDP
Q94AB7	1	154	N-terminal
Q9AST4	1	51	N-terminal
Q9C8N7	364	517	middle
Q9C941	307	344	middle
Q9C941	398	454	C-terminal
Q9C9I8	1	143	IDP
Q9FFU6	1	31	N-terminal
Q9FFU6	138	172	middle
Q9FFU6	860	907	C-terminal
Q9FGG4	1	344	IDP
Q9FJA3	1	112	N-terminal
Q9FLQ7	339	1310	middle
Q9FLS1	88	230	C-terminal
Q9FZ54	1	93	IDP
Q9LDA7	1	34	N-terminal
Q9LHH3	1	121	N-terminal
Q9LP59	363	409	C-terminal
Q9LSZ4	1	102	N-terminal
Q9M024	1	98	N-terminal
Q9S9X6	1	168	IDP
Q9SCK6	160	469	C-terminal
Q9SEL7	1	94	N-terminal
Q9SEZ3	1	129	N-terminal
Q9SEZ3	174	399	C-terminal
Q9SIJ1	1	63	N-terminal
Q9SJU8	1	98	IDP
Q9SK63	1	34	N-terminal
Q9SL67	1	113	N-terminal
Q9SYM2	108	299	C-terminal
Q9ZQD8	1	315	IDP
Q9ZTA1	178	275	middle
A0A1I9LMY1	1	53	N-terminal
A0A1I9LMY1	485	576	C-terminal
A0A1I9LT28	186	248	C-terminal
A0A1P8AYJ0	1	66	N-terminal
A0A1P8AYJ0	180	905	C-terminal
B4F7N8	147	229	middle
B9DFZ2	1	181	N-terminal
C0Z2J1	1	35	N-terminal
C0Z2J1	195	242	C-terminal
F4HUX8	1	55	N-terminal
F4I1X8	121	225	middle
F4I3A1	88	181	C-terminal
F4ICK8	1	220	N-terminal
F4ICK8	378	440	middle
F4J262	465	560	C-terminal
F4JCR3	1	53	N-terminal
F4JCR3	230	329	middle
F4JCR3	455	515	middle
F4JCR3	601	707	middle
F4JCR3	804	839	middle
F4JCR3	931	1271	middle
F4JF21	1	60	N-terminal
F4JF21	609	668	C-terminal
F4JJA3	301	367	C-terminal
F4JLE5	1	54	N-terminal
F4JP00	107	143	C-terminal
F4K1G7	1	115	N-terminal
F4K4M9	123	364	middle
F4K4M9	780	848	C-terminal
F4KH28	1	31	N-terminal
O04203	1	35	N-terminal
O64586	1	39	N-terminal
O80450	1	36	N-terminal
O80450	136	202	middle
Q0WVM5	822	859	middle
Q0WVM5	1005	1053	C-terminal
Q2HIW6	148	245	C-terminal
Q38819	1	172	N-terminal
Q39119	1	48	N-terminal
Q56X52	1	93	N-terminal
Q56X52	304	351	C-terminal
Q56XP9	1	109	N-terminal
Q56XP9	192	226	C-terminal
Q5BPM7	1	125	IDP
Q5FV35	1	45	N-terminal
Q5FV35	479	572	middle
Q6NQ81	1	84	N-terminal
Q6NQ81	783	821	C-terminal
Q7PC86	1	51	N-terminal
Q7PC86	801	831	middle
Q8LBZ7	1	47	N-terminal
Q8LPQ1	98	174	middle
Q8LPQ1	278	332	middle
Q8LPQ1	380	540	middle
Q8LPQ1	796	848	C-terminal
Q8VYS8	274	407	C-terminal
Q94A99	1	96	N-terminal
Q94AM9	1	41	N-terminal
Q94AM9	103	595	C-terminal
Q94BY7	1	86	N-terminal
Q9C562	279	359	middle
Q9C669	1	443	IDP
Q9C8Y4	1	98	N-terminal
Q9FHD7	1	43	N-terminal
Q9FHE2	1	37	N-terminal
Q9FHG4	276	308	middle
Q9FI87	1	153	N-terminal
Q9FIM0	156	294	C-terminal
Q9FIQ4	159	226	C-terminal
Q9FK49	1	33	N-terminal
Q9FL00	1	183	IDP
Q9FLH0	1	38	N-terminal
Q9FLH0	771	1010	C-terminal
Q9FML2	395	471	C-terminal
Q9FT69	53	153	middle
Q9FT69	398	460	middle
Q9FT69	820	858	C-terminal
Q9LD47	1	82	N-terminal
Q9LIB6	1	34	N-terminal
Q9LNN0	1	86	N-terminal
Q9LNN0	413	694	C-terminal
Q9LRJ4	1	143	N-terminal
Q9LSH5	172	246	C-terminal
Q9LXM9	1	32	N-terminal
Q9LXM9	113	163	C-terminal
Q9LXN4	395	554	middle
Q9LXN4	943	1024	C-terminal
Q9LYZ7	1	118	N-terminal
Q9LYZ7	803	952	middle
Q9LZS6	1	31	N-terminal
Q9LZU9	1	139	N-terminal
Q9LZU9	728	774	middle
Q9M1J1	139	170	C-terminal
Q9M2Q3	90	145	middle
Q9SA47	118	274	C-terminal
Q9SH87	1	89	N-terminal
Q9SI52	1	46	N-terminal
Q9SI52	92	136	middle
Q9SI52	453	650	C-terminal
Q9SL96	1	318	IDP
Q9SMQ6	183	224	C-terminal
Q9SUE7	1	202	N-terminal
Q9SUE7	778	861	middle
Q9SUF3	1	99	IDP
Q9SY05	1	177	N-terminal
Q9SY05	293	333	C-terminal
A0A1P8AUL6	1	71	IDP
A0A1P8AYJ3	1	87	IDP
F4I045	1	78	N-terminal
F4I045	292	335	middle
F4I045	389	594	C-terminal
F4IBG4	1	87	IDP
F4J517	1	130	N-terminal
F4J517	256	555	middle
F4JA38	1	41	N-terminal
F4JFN3	1	96	N-terminal
F4JFN3	765	799	C-terminal
F4JVV9	220	563	middle
F4JZT9	151	291	middle
F4JZT9	690	731	C-terminal
O04492	208	419	C-terminal
O49639	1	40	N-terminal
O82081	124	261	C-terminal
P40941	1	77	N-terminal
Q147G2	1	299	N-terminal
Q2V4A5	1	31	N-terminal
Q3E9A1	1	175	IDP
Q3EAL1	1	73	N-terminal
Q6E2A4	1	143	N-terminal
Q84VQ4	1	77	N-terminal
Q84VQ4	178	218	C-terminal
Q84WW6	1	35	N-terminal
Q84WW6	251	385	middle
Q8L7F0	1	42	N-terminal
Q8LAD2	1	42	N-terminal
Q8LEJ7	1	53	N-terminal
Q8LF20	157	245	middle
Q8LF20	377	653	C-terminal
Q8RWU6	464	535	C-terminal
Q8RXD9	1	62	N-terminal
Q8RXD9	921	955	C-terminal
Q8RXG5	1	84	N-terminal
Q8RXT5	1	118	N-terminal
Q8RXT5	279	327	middle
Q8RXT5	364	401	middle
Q8RXT5	538	587	C-terminal
Q8VXY1	1	148	IDP
Q8W4D0	1	52	N-terminal
Q8W4D0	437	472	middle
Q93ZB6	1	71	N-terminal
Q9C5J8	1	159	N-terminal
Q9C6R9	1	75	N-terminal
Q9C754	1	97	IDP
Q9C9G7	153	286	C-terminal
Q9C9M7	292	348	C-terminal
Q9C9T1	1	121	N-terminal
Q9CA45	1	147	IDP
Q9FGP8	1	40	N-terminal
Q9FGP8	181	212	C-terminal
Q9FJ16	166	226	middle
Q9FJW2	374	486	C-terminal
Q9FKN5	87	1342	C-terminal
Q9FXA8	1	123	N-terminal
Q9LID0	1	43	N-terminal
Q9LSX8	1	39	N-terminal
Q9LSZ8	1	219	N-terminal
Q9LU60	1	41	N-terminal
Q9LUV7	385	428	C-terminal
Q9LVQ4	1	50	N-terminal
Q9LVQ4	582	649	C-terminal
Q9LW07	408	456	C-terminal
Q9M0P0	1	31	N-terminal
Q9M0V9	1	280	N-terminal
Q9M0V9	406	474	middle
Q9M0V9	537	624	middle
Q9M0V9	695	735	C-terminal
Q9M206	1	45	N-terminal
Q9M9W9	1	38	N-terminal
Q9SR33	1	66	N-terminal
Q9SR33	365	458	C-terminal
Q9SV91	1	46	N-terminal
Q9SY77	74	172	middle
Q9XE58	1	389	N-terminal
Q9XI77	1	75	N-terminal
Q9XI90	1	399	N-terminal
Q9XI90	454	514	C-terminal
Q9ZPW3	1	191	N-terminal
Q9ZPW3	288	337	C-terminal
Q9ZVN8	1	166	IDP
A0A1I9LNN0	1070	1394	middle
A0A1P8B9B9	1	104	N-terminal
A8MRN4	1	192	N-terminal
B3DN87	304	338	C-terminal
F4I3E6	1	133	N-terminal
F4ICX9	1	298	N-terminal
F4ICX9	459	573	middle
F4IDZ7	377	549	C-terminal
F4J4A1	145	181	middle
F4JPS4	963	1013	C-terminal
F4K2M9	1	54	N-terminal
F4K7T1	1	267	N-terminal
F4K7T1	479	593	middle
F4KBW5	1	177	N-terminal
F4KCR0	1012	1042	middle
F4KCR0	1147	1202	middle
O04478	1	68	N-terminal
O04928	1	40	N-terminal
O64685	1	40	N-terminal
O80866	1	38	N-terminal
O80866	120	174	middle
O80866	280	386	middle
O80919	1	58	N-terminal
O81764	37	67	C-terminal
O82617	107	162	C-terminal
P37271	1	80	N-terminal
P94088	234	334	C-terminal
Q00IB6	1	74	N-terminal
Q1PE68	1	35	N-terminal
Q1PEE4	1	153	N-terminal
Q1PF03	176	345	middle
Q1PF03	752	788	C-terminal
Q3E7J8	1	49	N-terminal
Q3E7J8	146	187	C-terminal
Q52T38	1	32	N-terminal
Q52T38	527	620	C-terminal
Q56Y15	1	167	N-terminal
Q5Q0F5	1	80	N-terminal
Q5Q0F5	174	206	C-terminal
Q67Y48	39	105	middle
Q67YT8	1	56	N-terminal
Q6NLW5	1	300	IDP
Q84JF2	1	80	N-terminal
Q84VQ1	1	83	N-terminal
Q8GXR1	86	276	middle
Q8GXR1	415	605	C-terminal
Q8L785	1	65	N-terminal
Q8LAN3	1	36	N-terminal
Q8LBS4	1	83	N-terminal
Q8W483	1	71	IDP
Q94A82	1	66	N-terminal
Q94A82	386	438	C-terminal
Q94B71	1	300	N-terminal
Q94B71	584	624	middle
Q9C6K9	571	629	C-terminal
Q9C843	1	80	N-terminal
Q9FIL1	1	35	N-terminal
Q9FL26	1	180	N-terminal
Q9FL26	229	326	C-terminal
Q9FT74	71	184	middle
Q9LDE4	1	244	IDP
Q9LIQ9	1	356	N-terminal
Q9LIQ9	520	591	middle
Q9LIQ9	661	714	C-terminal
Q9LPP4	1	128	IDP
Q9LXC5	1	203	N-terminal
Q9LXV2	126	280	C-terminal
Q9LY93	1	45	N-terminal
Q9M0B8	323	373	C-terminal
Q9M0W4	77	188	middle
Q9M0W4	269	304	middle
Q9M3B6	1	102	N-terminal
Q9SCZ5	1	438	IDP
Q9SQZ0	1	45	N-terminal
Q9STF1	127	191	middle
Q9XF04	47	96	C-terminal
Q9XH18	95	198	C-terminal
Q9ZU92	118	156	C-terminal
Q9ZVA0	1	42	N-terminal
Q9ZVA0	159	195	C-terminal
Q9ZWA6	1	66	N-terminal
Q9ZWA6	212	506	C-terminal
A0A1P8BD97	1	651	N-terminal
A0A1P8BD97	813	1007	C-terminal
A8MQN4	1	49	N-terminal
A8MQN4	380	491	middle
F4HZB9	99	171	C-terminal
F4I444	1	434	IDP
F4IQL7	1	84	N-terminal
F4IQL7	221	271	middle
F4IXJ7	1	32	N-terminal
F4IXJ7	209	298	C-terminal
F4J7T3	1	541	N-terminal
F4J7T3	690	1043	middle
F4J7T3	1101	1144	middle
F4J7T3	1223	1957	C-terminal
F4JGI5	1	292	N-terminal
F4K1G2	563	637	middle
F4KDE6	118	330	middle
O23115	1	44	N-terminal
O23115	452	518	C-terminal
O80452	1	223	N-terminal
O81304	1	32	N-terminal
P42036	102	150	C-terminal
P46600	1	139	N-terminal
P46600	230	282	C-terminal
P55034	243	386	C-terminal
P82629	1	38	N-terminal
P93299	1	106	IDP
Q1G3A6	1	80	IDP
Q1G3N1	1	53	N-terminal
Q3E7I5	1	42	N-terminal
Q3E7I5	127	213	middle
Q3E7I5	297	331	middle
Q5CCK4	106	255	middle
Q5CCK4	382	504	middle
Q5CCK4	542	780	C-terminal
Q5S4W1	1	58	N-terminal
Q5S4W1	109	480	C-terminal
Q5XPJ6	91	1170	C-terminal
Q8GWD1	1	59	N-terminal
Q8GWD1	99	133	middle
Q8L5Y8	1	79	N-terminal
Q8L726	1	32	N-terminal
Q8L8L9	1	60	N-terminal
Q8L8L9	121	163	C-terminal
Q8RWZ6	181	451	middle
Q8RY18	1	65	N-terminal
Q8RY18	304	379	middle
Q8RY18	430	1055	C-terminal
Q8S8Y8	450	567	C-terminal
Q8VZC0	1	113	N-terminal
Q8W4M2	1	77	N-terminal
Q93VA8	139	350	C-terminal
Q93XY2	1	165	N-terminal
Q94BZ5	205	466	C-terminal
Q9C7F4	1	38	N-terminal
Q9C9F5	98	212	middle
Q9C9J7	1	72	N-terminal
Q9FGT8	154	186	C-terminal
Q9FKM4	1	89	N-terminal
Q9FKM4	230	409	middle
Q9FKW4	1	45	N-terminal
Q9FMA3	1	453	N-terminal
Q9FYB7	76	284	C-terminal
Q9LHC4	1	152	N-terminal
Q9LK64	208	298	middle
Q9LK64	865	930	middle
Q9LKL2	151	618	C-terminal
Q9LSX5	1	50	N-terminal
Q9LSX5	983	1068	C-terminal
Q9LT81	1	177	N-terminal
Q9LT81	220	386	C-terminal
Q9LTD6	1	172	IDP
Q9LTE3	66	118	C-terminal
Q9M0G2	1	40	N-terminal
Q9M0G2	193	356	C-terminal
Q9M155	1	298	N-terminal
Q9M155	368	570	middle
Q9M812	1	72	N-terminal
Q9M847	1	79	IDP
Q9SAG6	1	119	N-terminal
Q9SFE4	1	55	N-terminal
Q9SFE4	108	230	C-terminal
Q9SMQ3	375	615	C-terminal
Q9SRG3	476	508	C-terminal
Q9SU34	1	98	N-terminal
Q9SUZ4	52	362	C-terminal
Q9SW11	176	347	middle
Q9SW11	424	460	middle
Q9SZ22	1	41	N-terminal
Q9XIL5	1	146	N-terminal
Q9XIL5	812	849	C-terminal
Q9XIW0	290	343	middle
B3H5J8	1	31	IDP
B3H713	1	44	IDP
B3H7H1	94	175	middle
F4HRU0	132	183	middle
F4IGK0	1	363	N-terminal
F4IGK0	484	550	C-terminal
F4K518	187	671	middle
F4KGN5	241	282	middle
O48719	68	145	C-terminal
O64763	1	94	N-terminal
O64763	184	378	C-terminal
O65479	248	329	middle
O65479	627	666	C-terminal
O81838	1	36	N-terminal
O82754	1	71	N-terminal
O82754	211	463	middle
P92949	627	677	middle
Q0WW94	1	86	N-terminal
Q0WW94	239	273	middle
Q0WW94	344	399	middle
Q0WW94	491	735	C-terminal
Q2PS26	1	329	N-terminal
Q2V3S8	1	83	IDP
Q501A3	1	64	N-terminal
Q6DBP8	1	217	N-terminal
Q6DBP8	271	303	C-terminal
Q7XJ58	1	210	IDP
Q8GWH3	252	282	C-terminal
Q8LB17	240	364	middle
Q8RWH9	1	97	N-terminal
Q8RWH9	207	250	middle
Q8RWH9	345	513	C-terminal
Q8RWU4	1	71	N-terminal
Q8RWU4	147	244	middle
Q8RWU4	675	707	middle
Q8RX89	1	57	N-terminal
Q8RX89	138	182	middle
Q8S8C9	1	54	N-terminal
Q8VZ24	149	287	C-terminal
Q8VZ63	192	431	C-terminal
Q8VZM2	145	1000	C-terminal
Q94C33	1	200	N-terminal
Q94C33	239	521	C-terminal
Q94K74	1	75	N-terminal
Q9C813	1	223	N-terminal
Q9C813	526	639	middle
Q9C813	876	910	middle
Q9C8E1	582	622	C-terminal
Q9C8K1	1	39	N-terminal
Q9C9W9	1	39	N-terminal
Q9FIN7	1	38	N-terminal
Q9FIN7	1204	1253	middle
Q9FIN7	1955	1987	middle
Q9FIN7	2068	2110	middle
Q9FIN7	2344	2376	C-terminal
Q9FK36	1	128	N-terminal
Q9FNP1	260	293	middle
Q9FNP1	1078	1130	C-terminal
Q9FZ33	1	43	N-terminal
Q9FZ33	436	473	C-terminal
Q9FZE5	1	399	N-terminal
Q9LI65	328	364	C-terminal
Q9LSF0	250	281	middle
Q9LU18	1	62	N-terminal
Q9LU18	128	236	C-terminal
Q9LVF2	923	955	C-terminal
Q9LVG4	1	51	N-terminal
Q9LVG4	185	495	C-terminal
Q9LX53	445	475	C-terminal
Q9LZU8	1	36	N-terminal
Q9M1E4	226	989	C-terminal
Q9S714	1	87	N-terminal
Q9SIU3	187	284	C-terminal
Q9SKC4	1	32	N-terminal
Q9SKZ4	100	254	C-terminal
Q9SUA4	1	40	N-terminal
Q9T050	440	507	middle
Q9ZU32	1	35	N-terminal
Q9ZUP2	1	57	N-terminal
Q9ZUP2	383	430	C-terminal
A0A178VZV5	162	223	C-terminal
A0A1P8B590	1	151	N-terminal
A0A1P8B590	231	446	C-terminal
A0A1P8BGN2	1	79	N-terminal
B3H529	1	39	IDP
B9DGI8	1	166	N-terminal
B9DGI8	240	314	C-terminal
C0LGI2	884	929	C-terminal
C0LGS3	278	440	middle
C0LGS3	602	660	middle
F4I3A8	191	312	middle
F4IIG2	1	39	N-terminal
F4ITP1	1	40	N-terminal
F4ITP1	280	404	middle
F4JC91	318	383	C-terminal
F4JFS3	211	752	middle
F4JFS3	791	1270	C-terminal
F4K1C5	1	87	IDP
F4K5V2	1	92	N-terminal
F4KH86	198	322	middle
O04017	172	375	C-terminal
O04208	1	80	N-terminal
O22939	1	41	N-terminal
O23169	1	37	N-terminal
O65404	1	40	N-terminal
P0DKC1	1	67	N-terminal
P0DKC1	364	422	middle
P0DKC1	480	576	C-terminal
P42748	146	187	C-terminal
Q0WVF7	1	82	N-terminal
Q1PFW4	1	65	IDP
Q39083	96	206	C-terminal
Q39264	1	56	N-terminal
Q39264	98	211	C-terminal
Q5PP23	214	245	middle
Q5XF80	1	58	N-terminal
Q682E0	1	62	N-terminal
Q8GYE0	362	398	C-terminal
Q8L7R8	241	272	middle
Q8L7W1	1	90	N-terminal
Q8L7W1	489	678	C-terminal
Q8S904	1	76	N-terminal
Q8VY23	1	107	N-terminal
Q8VY23	169	215	middle
Q8VY23	306	363	middle
Q8VY23	404	453	C-terminal
Q8W191	1	76	N-terminal
Q8W461	1	184	N-terminal
Q8W461	268	344	middle
Q8W461	438	481	C-terminal
Q93ZH7	1	106	N-terminal
Q93ZH7	243	461	C-terminal
Q940X9	1	268	N-terminal
Q940X9	355	667	middle
Q94KE2	1	1550	IDP
Q9C535	1	81	N-terminal
Q9C6Z9	116	225	middle
Q9C7H2	1	58	N-terminal
Q9C7H2	529	601	C-terminal
Q9C7X6	112	183	C-terminal
Q9FIW0	1	76	IDP
Q9FL76	1	88	N-terminal
Q9FMB4	75	119	middle
Q9FMB4	361	395	middle
Q9FMC5	145	235	C-terminal
Q9FMF8	1	80	N-terminal
Q9FN37	659	728	middle
Q9FXK2	1	258	IDP
Q9LI95	1	110	N-terminal
Q9LI95	147	276	middle
Q9LMN6	698	738	C-terminal
Q9LP57	1	77	N-terminal
Q9LT72	1	91	N-terminal
Q9LT72	384	477	C-terminal
Q9LYA9	1	76	N-terminal
Q9SCJ9	1	39	N-terminal
Q9SCJ9	382	461	middle
Q9SCJ9	653	684	middle
Q9SQR8	1	135	N-terminal
Q9SS38	1	90	N-terminal
Q9SWG0	1	37	N-terminal
Q9SY03	1	34	N-terminal
Q9SY03	429	506	C-terminal
Q9XFS9	1	79	N-terminal
Q9XID3	1	36	N-terminal
Q9XID3	746	829	C-terminal
Q9ZQN7	105	256	middle
Q9ZQR4	314	423	C-terminal
Q9ZVX6	1019	1109	C-terminal
A0A1P8AME8	1	33	N-terminal
A0A1P8AP52	1	38	N-terminal
A0A1P8AQK1	1	59	IDP
A0A1P8B1C5	1	71	IDP
A0A1P8B1H3	1	116	N-terminal
A0A1P8B1H3	420	450	middle
A0A1P8BHY2	1	103	IDP
F4HUS5	1	37	N-terminal
F4HUS5	393	441	C-terminal
F4HY32	97	423	middle
F4HY32	501	581	middle
F4HY32	773	1247	C-terminal
F4I8L6	198	252	C-terminal
F4JFR7	1	216	N-terminal
F4K0C4	420	530	middle
F4K0C4	1224	1259	C-terminal
F4K682	1	97	N-terminal
F4KGF3	1	177	N-terminal
F4KGF3	453	484	C-terminal
F4KHM5	1	99	N-terminal
O22150	1	73	N-terminal
O22607	1	66	N-terminal
O23661	1	51	N-terminal
O23661	383	608	C-terminal
O64868	1	188	IDP
O65680	1	244	N-terminal
O81051	1	58	N-terminal
O81803	1	48	N-terminal
P0C026	1	51	N-terminal
Q06850	1	137	N-terminal
Q0WNB1	1	61	N-terminal
Q0WNQ5	1	780	N-terminal
Q0WNW2	1	193	N-terminal
Q0WNW2	493	540	C-terminal
Q0WPJ7	1	89	N-terminal
Q0WPJ7	213	450	middle
Q0WPJ7	709	754	middle
Q1G3Z4	1	76	IDP
Q1PEU2	1	169	N-terminal
Q4V3B8	142	183	middle
Q6NMK1	1	51	N-terminal
Q84W21	1	227	IDP
Q84W92	486	535	C-terminal
Q8L3S7	1	56	N-terminal
Q8W5R6	1	72	N-terminal
Q8W5R6	497	624	middle
Q8W5R6	764	811	middle
Q94JV9	1	165	IDP
Q9FFQ0	152	186	middle
Q9FFQ0	267	447	C-terminal
Q9FGV1	1	62	N-terminal
Q9FGV1	366	712	middle
Q9FJ66	1	33	N-terminal
Q9FRH9	137	272	C-terminal
Q9FW03	1	121	N-terminal
Q9LDI9	132	269	middle
Q9LDI9	357	427	C-terminal
Q9LH02	1	159	N-terminal
Q9LJ66	1	37	N-terminal
Q9LPH1	1	80	N-terminal
Q9LQW3	62	110	middle
Q9LUE2	1	76	N-terminal
Q9LZ59	1	250	N-terminal
Q9LZ59	338	385	middle
Q9LZ59	449	498	middle
Q9LZ59	759	905	C-terminal
Q9M0B5	1	107	IDP
Q9M880	1	60	N-terminal
Q9S9P0	241	571	middle
Q9S9P0	619	990	C-terminal
Q9SCZ1	1	180	N-terminal
Q9SCZ1	310	390	C-terminal
Q9SIJ7	1	50	N-terminal
Q9SK10	1	116	N-terminal
Q9SK10	307	372	C-terminal
Q9SMR5	110	178	C-terminal
Q9SX27	1	167	N-terminal
Q9SYG4	1	56	N-terminal
Q9SYG4	231	264	middle
Q9SYG4	342	426	C-terminal
Q9SYM1	1	232	N-terminal
Q9SYM1	411	484	middle
Q9XEB2	116	166	C-terminal
Q9XID5	1	152	N-terminal
Q9XID5	528	657	C-terminal
A0A178UDM7	1	54	N-terminal
A0A178UDM7	108	171	C-terminal
A0A1P8AY40	375	405	middle
A0A1P8BD07	154	297	middle
A8MRE9	1	45	IDP
C0LGJ9	1	36	N-terminal
C0LGJ9	334	432	middle
F4HV99	152	314	C-terminal
F4IQ39	574	669	C-terminal
F4JAX0	140	278	middle
F4K1B4	297	335	C-terminal
O22864	1	157	N-terminal
O22864	503	612	middle
O22864	692	851	middle
O24600	1	125	N-terminal
O64519	139	177	middle
O80837	1	71	N-terminal
O80929	1	36	N-terminal
O80962	1	36	N-terminal
O80962	615	655	middle
P31170	1	129	N-terminal
Q0V7T5	1	61	N-terminal
Q0WR27	1	95	IDP
Q570K8	42	75	C-terminal
Q5PP33	1	98	N-terminal
Q5XET5	359	511	C-terminal
Q6IM93	1	79	IDP
Q6NM31	268	311	C-terminal
Q7XYY2	238	556	middle
Q7XYY2	680	836	C-terminal
Q84TH5	1	33	N-terminal
Q84V03	1	415	N-terminal
Q8GZ81	621	677	C-terminal
Q8H1Q4	1	60	N-terminal
Q8H1Q4	537	585	C-terminal
Q8L4N1	1	46	N-terminal
Q8L4N1	93	126	middle
Q8L4N1	209	260	C-terminal
Q8L925	73	181	C-terminal
Q8LGS1	1	136	N-terminal
Q8RXC2	1	160	N-terminal
Q8RXC2	426	509	middle
Q8RXC2	625	773	middle
Q8RXC2	815	891	middle
Q8RXE8	1	106	N-terminal
Q8VZW8	1	85	IDP
Q93V72	86	222	C-terminal
Q94C27	1	64	N-terminal
Q94CL8	1	33	N-terminal
Q94FN2	228	275	middle
Q94FN2	498	599	middle
Q94FN2	818	855	middle
Q94FN2	1072	1141	middle
Q94FN2	1396	1453	middle
Q94FN2	1834	1978	C-terminal
Q96282	1	66	N-terminal
Q9C5M1	1	56	N-terminal
Q9C835	1	75	N-terminal
Q9CAL3	618	649	C-terminal
Q9FHM6	1	100	N-terminal
Q9FHU3	127	876	C-terminal
Q9FJD1	1	34	N-terminal
Q9FL64	1	61	N-terminal
Q9FL64	120	270	C-terminal
Q9FND0	149	314	middle
Q9FND0	390	450	C-terminal
Q9FNZ2	1	100	N-terminal
Q9LIH6	1	65	N-terminal
Q9LQV4	155	340	middle
Q9LR55	1	56	N-terminal
Q9LT89	1	74	N-terminal
Q9LT89	113	293	C-terminal
Q9LW33	1	83	N-terminal
Q9LW33	257	343	middle
Q9LZC0	74	109	middle
Q9LZP9	1	131	IDP
Q9LZW9	1	85	N-terminal
Q9LZW9	713	812	middle
Q9LZW9	852	972	middle
Q9LZY2	1	36	N-terminal
Q9M622	277	310	C-terminal
Q9SGY1	600	646	middle
Q9SHZ0	1	70	N-terminal
Q9SI38	183	234	C-terminal
Q9SIP1	1	46	N-terminal
Q9SJ89	1	35	N-terminal
Q9SKW7	1	132	IDP
Q9SS80	1	685	IDP
Q9ZW91	409	450	C-terminal
A0A1P8AXC3	195	229	middle
A0A1P8B0U4	318	353	C-terminal
A0A1P8B7K8	1	534	N-terminal
A0A1P8BH65	1	59	N-terminal
A0A1P8BH65	178	243	middle
A0A1P8BH65	464	569	middle
F4HTG1	1	530	N-terminal
F4HTG1	604	669	middle
F4HTG1	728	776	middle
F4HTG1	1029	1113	middle
F4JH02	1	86	N-terminal
F4JLP8	1	44	N-terminal
F4K613	1	111	N-terminal
O23310	112	161	C-terminal
O64636	1	41	N-terminal
O64636	480	512	C-terminal
O65023	1	39	N-terminal
P43254	1	47	N-terminal
P43254	218	336	middle
Q0WPS2	1	52	N-terminal
Q0WPS2	239	284	C-terminal
Q3E906	1	35	N-terminal
Q56XE4	65	207	C-terminal
Q5XVB2	1	91	N-terminal
Q6NL08	1	236	IDP
Q6NN02	1	125	IDP
Q7PC88	1	82	N-terminal
Q7Y229	1	63	N-terminal
Q7Y229	111	155	middle
Q7Y229	451	492	C-terminal
Q84JK1	1	117	N-terminal
Q84JK1	294	538	C-terminal
Q8GY73	1	64	N-terminal
Q8H1D2	85	182	C-terminal
Q8H1G3	1	175	N-terminal
Q8L6Y8	1	162	N-terminal
Q8LG50	356	389	C-terminal
Q8VY16	1	123	N-terminal
Q8VY16	434	691	middle
Q8VZ56	1	73	N-terminal
Q8W469	1	35	N-terminal
Q93W28	138	271	middle
Q93WY4	1	131	N-terminal
Q93YQ1	1	91	N-terminal
Q93YQ1	750	825	middle
Q93YQ1	866	962	middle
Q93ZG9	101	368	middle
Q941L0	70	251	middle
Q941L0	634	693	middle
Q945F0	1	88	N-terminal
Q94BR1	1	118	N-terminal
Q9C9A3	94	152	C-terminal
Q9C9B9	428	494	middle
Q9C9B9	531	563	middle
Q9C9B9	605	643	C-terminal
Q9FI09	1	40	N-terminal
Q9FIW1	1	82	IDP
Q9FJX2	1	38	N-terminal
Q9FK63	270	379	middle
Q9FL66	1	244	IDP
Q9FMI0	1	35	N-terminal
Q9LH41	1	163	N-terminal
Q9LH41	433	485	C-terminal
Q9LJL3	1	94	N-terminal
Q9LSS0	636	668	C-terminal
Q9LUA7	1	37	N-terminal
Q9LUA7	273	322	C-terminal
Q9LX57	1	65	IDP
Q9LYW9	430	482	C-terminal
Q9LZ61	130	322	C-terminal
Q9STK4	108	145	middle
Q9STN8	1	56	N-terminal
Q9SVL0	1	57	N-terminal
Q9SVL0	119	163	middle
Q9SY20	70	104	middle
Q9XGR4	1	125	N-terminal
Q9ZSB8	1	86	N-terminal
Q9ZSB8	558	597	C-terminal
Q9ZUP4	298	433	C-terminal
A0A1P8BAD1	1	161	N-terminal
A0A1P8BFG8	130	160	C-terminal
B3H5A4	1	66	IDP
B3H6X1	1	65	IDP
F4HTB2	1	48	IDP
F4HX10	1	101	N-terminal
F4HX10	157	299	C-terminal
F4HXV6	288	464	middle
F4HXV6	613	650	middle
F4HXV6	1049	1082	middle
F4HXV6	1136	1219	middle
F4I6B2	492	811	C-terminal
F4I839	1	48	N-terminal
F4IE14	1	88	N-terminal
F4JN77	1	85	N-terminal
O23160	113	320	C-terminal
O50039	1	69	N-terminal
O65282	1	59	N-terminal
O81424	138	183	middle
O81424	331	388	middle
P47999	1	69	N-terminal
P59583	1	318	N-terminal
P59583	388	466	C-terminal
Q0WQ57	1	761	N-terminal
Q0WT48	610	687	C-terminal
Q0WVD6	1	54	N-terminal
Q0WVD6	145	235	middle
Q1PFN9	1	240	N-terminal
Q3E8Z8	1	55	N-terminal
Q3E8Z8	564	732	C-terminal
Q3E9F0	1	84	N-terminal
Q6NLF4	126	163	C-terminal
Q7PC85	767	814	middle
Q84WM9	74	140	middle
Q8GWU4	1	32	N-terminal
Q8L836	502	603	C-terminal
Q8L8W6	1	51	IDP
Q8LBZ1	1	69	IDP
Q8RWF9	1	268	N-terminal
Q8RWF9	340	421	C-terminal
Q8RX29	1	114	N-terminal
Q8RXK7	1	31	N-terminal
Q8VZJ7	1	73	N-terminal
Q8W1Y3	741	1087	C-terminal
Q94AW5	1	181	IDP
Q9ASY2	1	49	N-terminal
Q9C7W2	1	136	N-terminal
Q9C7W2	228	335	C-terminal
Q9C8G9	204	244	middle
Q9C8G9	833	895	middle
Q9C8G9	1452	1571	middle
Q9CAZ0	213	295	C-terminal
Q9FG68	118	329	C-terminal
Q9FKE9	603	642	middle
Q9FKE9	764	834	C-terminal
Q9FKP5	95	308	middle
Q9FKP5	634	731	C-terminal
Q9FLW8	1	38	N-terminal
Q9FMD7	226	323	middle
Q9LE68	1	81	N-terminal
Q9LET7	1	45	N-terminal
Q9LET7	226	272	middle
Q9LET7	608	697	middle
Q9LET7	985	1022	C-terminal
Q9LR68	1	51	N-terminal
Q9LRM5	1	66	N-terminal
Q9LRX5	1	60	N-terminal
Q9LRX5	137	247	middle
Q9LUL2	1	68	N-terminal
Q9LUL2	241	276	middle
Q9LUL2	423	480	C-terminal
Q9LZS9	1	31	N-terminal
Q9LZV3	1	41	N-terminal
Q9M265	1	54	N-terminal
Q9S7N6	1	95	N-terminal
Q9S7N6	148	265	C-terminal
Q9SGN8	1	335	IDP
Q9SJC6	1	32	N-terminal
Q9SR13	1	182	N-terminal
Q9SR13	227	279	middle
Q9SR13	365	469	middle
Q9SR13	527	577	C-terminal
Q9SRW4	1	174	N-terminal
Q9SRY3	1	56	N-terminal
Q9SY21	1	109	IDP
Q9ZQ25	169	316	C-terminal
Q9ZV39	1	91	N-terminal
Q9ZVZ4	1	155	N-terminal
A0A1I9LTL1	1	47	N-terminal
A0A1P8AM70	1	919	IDP
A0A1P8BA07	1	35	IDP
A8MQN2	1	477	N-terminal
A8MQN2	513	616	C-terminal
B6IDH6	1	76	N-terminal
B6IDH6	227	265	C-terminal
F4HZZ5	277	318	C-terminal
F4I764	1	313	N-terminal
F4I9X5	1	38	N-terminal
F4IRW0	275	508	middle
F4IRW0	560	605	middle
F4J6S4	1	37	N-terminal
F4J923	1	39	N-terminal
F4JQX7	1	248	N-terminal
F4JQX7	479	645	middle
F4K580	73	119	C-terminal
O04254	1	112	IDP
O04536	1	66	N-terminal
O22241	1	106	N-terminal
O23365	1	89	N-terminal
O80678	1	90	N-terminal
O80678	302	451	C-terminal
O80839	173	226	C-terminal
O82752	1	31	N-terminal
P14891	1	50	N-terminal
P14891	114	176	middle
P36428	1	58	N-terminal
P54150	1	89	N-terminal
P92946	1	47	N-terminal
Q2V359	149	190	C-terminal
Q38820	156	188	C-terminal
Q38Q39	1	192	IDP
Q3E6T3	235	367	C-terminal
Q5HZ09	1	134	N-terminal
Q5HZ09	227	320	middle
Q67XN2	1	51	N-terminal
Q7XHI7	1	154	N-terminal
Q7XHI7	207	307	C-terminal
Q8GY89	1	43	N-terminal
Q8LGB4	1	154	N-terminal
Q8LGB4	492	552	C-terminal
Q8RY60	310	404	middle
Q8RY60	449	527	C-terminal
Q8VXV7	1	154	N-terminal
Q93W32	1	36	N-terminal
Q93W32	198	267	middle
Q93W32	419	462	C-terminal
Q940K6	111	262	C-terminal
Q946Y7	95	149	middle
Q9C576	1	239	N-terminal
Q9C576	314	383	C-terminal
Q9C5D6	1	45	N-terminal
Q9FFF3	1	37	N-terminal
Q9FFF3	845	889	middle
Q9FFF3	954	1068	C-terminal
Q9FGS0	1	111	N-terminal
Q9FHX3	1	32	N-terminal
Q9FIX5	1	90	N-terminal
Q9FL02	1	121	IDP
Q9LIC9	180	379	middle
Q9LIC9	689	753	C-terminal
Q9LKU2	1	147	IDP
Q9LV12	1	34	N-terminal
Q9LVA3	1	49	N-terminal
Q9LX13	1	62	N-terminal
Q9LXW7	1	47	N-terminal
Q9LXW7	542	648	middle
Q9LXW7	1431	1519	middle
Q9LYN2	1	72	N-terminal
Q9LZS0	1	122	N-terminal
Q9LZS0	211	289	middle
Q9LZS0	375	423	middle
Q9LZS0	491	591	C-terminal
Q9M0T3	1	280	N-terminal
Q9M276	1	41	N-terminal
Q9M276	128	235	C-terminal
Q9MAX3	1	33	N-terminal
Q9SAJ5	1	37	N-terminal
Q9SD20	1	49	N-terminal
Q9SD20	266	430	C-terminal
Q9SJG8	1	201	N-terminal
Q9SJG8	353	666	middle
Q9SJG8	774	843	C-terminal
Q9SKB6	1	205	N-terminal
Q9SL92	1	44	N-terminal
Q9SQK3	1	110	N-terminal
Q9STN1	1	350	IDP
Q9SU91	1	46	N-terminal
Q9SVN9	1	96	N-terminal
Q9SVN9	172	212	middle
Q9SX62	1	105	N-terminal
Q9SX62	171	322	middle
Q9ZRE2	169	205	C-terminal
Q9ZW80	1	212	IDP
A0A1P8AP31	1	102	IDP
A0A1P8B6M6	1	157	N-terminal
A0A1P8BBA7	1	80	IDP
A1A6J3	1	35	N-terminal
A1A6M1	1	49	N-terminal
A1A6M1	244	292	middle
A8MRG2	116	211	C-terminal
F4HVS6	178	299	middle
F4HVS6	407	485	middle
F4J925	1	278	N-terminal
O22446	382	501	C-terminal
O22897	283	511	middle
O23095	60	113	C-terminal
O23550	1	238	N-terminal
P0C5K4	1	102	N-terminal
P43299	85	117	middle
Q05763	1	47	N-terminal
Q0WQD2	1	55	N-terminal
Q0WQD2	106	155	middle
Q3E9Y5	1	127	IDP
Q42592	1	107	N-terminal
Q42592	212	293	middle
Q5XF79	1	66	N-terminal
Q5XVF0	1	118	N-terminal
Q5XVF0	463	550	middle
Q6ICW8	1	224	N-terminal
Q84WW4	1	36	N-terminal
Q84WW4	109	425	C-terminal
Q8GUL1	1	58	N-terminal
Q8GUL1	262	299	middle
Q8GUL1	483	523	middle
Q8GUL1	579	959	C-terminal
Q8GYX5	1	449	IDP
Q8L548	1	327	N-terminal
Q8L548	456	609	C-terminal
Q8L7G9	1	118	N-terminal
Q8LBQ7	1	104	N-terminal
Q8LBQ7	164	295	C-terminal
Q8LE26	1	39	N-terminal
Q8RXL8	304	357	C-terminal
Q8S8A0	1	96	N-terminal
Q8S8F7	1	107	IDP
Q8S9J6	1	132	N-terminal
Q8VYV7	1	74	N-terminal
Q94AX3	117	200	C-terminal
Q9C9X5	1	38	N-terminal
Q9FHC1	152	195	C-terminal
Q9FK83	291	333	middle
Q9FKQ5	146	341	C-terminal
Q9FTA3	1	40	N-terminal
Q9FTA3	93	150	C-terminal
Q9LFQ8	1	68	N-terminal
Q9LFQ8	164	197	middle
Q9LFT3	1	100	N-terminal
Q9LFT3	713	745	C-terminal
Q9LIN3	77	245	C-terminal
Q9LNP9	1	93	N-terminal
Q9LR78	349	405	middle
Q9LR78	762	793	C-terminal
Q9LSL5	1	59	N-terminal
Q9LSL5	309	339	middle
Q9LUQ6	175	209	C-terminal
Q9LZ58	1	176	IDP
Q9M047	72	104	middle
Q9M1D8	1	59	N-terminal
Q9M1N3	1	70	N-terminal
Q9M1N3	284	318	middle
Q9SD96	1	55	N-terminal
Q9SD96	133	179	middle
Q9SRE4	310	347	C-terminal
Q9SSQ7	1	131	IDP
Q9STF2	1	54	N-terminal
Q9STF2	403	510	C-terminal
Q9SYG1	1	42	N-terminal
Q9SZ51	143	177	C-terminal
Q9SZH0	58	108	C-terminal
Q9SZJ6	190	228	C-terminal
Q9ZQ51	1	36	N-terminal
A0A1P8B1L8	1	167	N-terminal
A8MQG7	209	352	C-terminal
A8MRM4	56	88	C-terminal
B3H6Q9	1	105	IDP
B3H6S3	1	36	IDP
F4HR71	180	221	middle
F4I9E1	1	32	N-terminal
F4I9E1	309	345	middle
F4IQV7	1	128	N-terminal
F4IS76	247	368	C-terminal
F4JC55	153	291	middle
F4JTS8	1	214	N-terminal
F4JTS8	402	528	middle
F4JTS8	612	650	middle
F4JTS8	1076	1178	middle
F4JTS8	2470	2601	middle
F4JYW2	1	53	IDP
F4K2K9	1	240	N-terminal
O22892	1	319	N-terminal
O64483	1	32	N-terminal
O64483	501	559	middle
O64782	457	497	middle
O65514	1	221	IDP
O80507	1	99	N-terminal
O80588	1	263	N-terminal
P0DKH9	1	40	IDP
P0DN98	1	104	IDP
Q00466	1	114	N-terminal
Q00466	223	314	C-terminal
Q0V7R1	1	36	N-terminal
Q0WVV0	1	80	N-terminal
Q29PZ1	1	58	N-terminal
Q3MV14	121	213	middle
Q4PSX0	1	36	N-terminal
Q4PSX0	161	230	middle
Q58G47	1	310	IDP
Q5U1F1	1	261	N-terminal
Q6DYE5	1	91	N-terminal
Q6Q152	184	504	C-terminal
Q8GX86	1	61	N-terminal
Q8GX86	566	669	C-terminal
Q8L9W9	1	70	IDP
Q8LA96	240	313	C-terminal
Q8LAD4	1	188	IDP
Q8RXC8	1	115	N-terminal
Q8VWG7	45	120	middle
Q8VXZ0	1	58	N-terminal
Q8W0Y8	1	139	N-terminal
Q93Y38	1	65	N-terminal
Q93ZS9	311	580	C-terminal
Q9C626	440	518	C-terminal
Q9C8S9	1	327	N-terminal
Q9CAE3	1	50	N-terminal
Q9FJS2	1	143	N-terminal
Q9FJS2	238	314	middle
Q9FLH6	1	426	N-terminal
Q9FMJ3	1	52	N-terminal
Q9FMJ3	153	217	C-terminal
Q9FMQ0	1	131	N-terminal
Q9FMQ0	248	619	C-terminal
Q9FRH4	1	32	N-terminal
Q9FRH4	166	267	middle
Q9FRH4	330	362	C-terminal
Q9LDL9	1	133	N-terminal
Q9LDL9	178	251	C-terminal
Q9LKA4	245	404	C-terminal
Q9LN62	1	66	N-terminal
Q9LPM3	1	131	N-terminal
Q9LPU2	315	348	C-terminal
Q9LTX5	445	490	middle
Q9LUQ5	1	282	N-terminal
Q9LUQ5	579	609	C-terminal
Q9LZN4	1	100	N-terminal
Q9LZN4	145	182	middle
Q9LZN4	298	351	C-terminal
Q9LZR0	1	66	N-terminal
Q9LZR0	178	235	C-terminal
Q9M8S2	1	47	N-terminal
Q9M8S2	361	558	C-terminal
Q9MAA2	273	316	C-terminal
Q9MAH8	1	391	IDP
Q9SIU6	70	101	C-terminal
Q9SJL5	1	216	IDP
Q9SLH3	1	208	N-terminal
Q9SN97	802	838	C-terminal
Q9XIB2	1	122	N-terminal
Q9XIB2	431	471	C-terminal
A0A1I9LMX5	1	243	IDP
A0A1I9LRC4	1	63	IDP
A8MQ83	1	54	N-terminal
A8MRC7	1	57	N-terminal
B3H6G9	1	70	N-terminal
B3H6X5	1	62	IDP
B3H7N2	1	414	IDP
F4HPN4	1	87	N-terminal
F4HUQ5	99	274	C-terminal
F4I3J6	82	232	C-terminal
F4I431	1	139	IDP
F4I679	1	46	N-terminal
F4I9G2	62	186	middle
F4I9G2	390	426	C-terminal
F4IRC9	1	70	N-terminal
F4IRC9	126	249	C-terminal
F4IUT4	61	96	middle
F4IUT4	143	216	middle
F4IUT4	333	418	middle
F4IYM4	1	46	N-terminal
F4IYM4	175	400	middle
F4JCB3	159	346	middle
F4JCB3	460	502	middle
F4JCB3	608	640	C-terminal
F4JH25	1	83	N-terminal
F4JJD6	1	329	N-terminal
F4JJD6	382	500	middle
F4K1R2	1	46	N-terminal
F4KC77	155	236	C-terminal
O64592	1	31	N-terminal
O82345	1	567	N-terminal
O82345	675	978	middle
P82781	1	62	IDP
Q1PEQ5	1	91	N-terminal
Q3E6S9	1	77	N-terminal
Q3E9T2	377	434	middle
Q5ICL9	1	38	N-terminal
Q5ICL9	435	468	middle
Q5ICL9	537	574	C-terminal
Q6IM89	1	54	IDP
Q8GTR4	1	77	N-terminal
Q8GXS6	1	94	IDP
Q8L9A7	1	104	IDP
Q8RXN3	1	99	N-terminal
Q8VYJ7	1	85	N-terminal
Q8W4D8	1	154	N-terminal
Q93VK8	1	86	IDP
Q93WC5	1	57	N-terminal
Q944I4	1	120	N-terminal
Q9C8T5	1	154	IDP
Q9C9V9	1	80	N-terminal
Q9C9Y3	1	162	N-terminal
Q9C9Y3	470	557	C-terminal
Q9FFJ2	1	80	N-terminal
Q9FGB1	1	71	N-terminal
Q9FGB1	351	385	C-terminal
Q9FK45	1	190	N-terminal
Q9FK45	283	320	C-terminal
Q9FNK9	1	65	N-terminal
Q9FVQ4	1	86	N-terminal
Q9LFQ9	223	315	middle
Q9LI64	1	163	IDP
Q9LUG7	1	57	N-terminal
Q9LV58	1	78	N-terminal
Q9LY27	1	50	N-terminal
Q9LZS7	1	36	N-terminal
Q9M0R0	1	184	N-terminal
Q9M131	330	365	C-terminal
Q9M1X2	1	91	N-terminal
Q9S840	1	163	N-terminal
Q9S840	233	419	C-terminal
Q9SCN8	718	815	C-terminal
Q9SIG8	1	349	N-terminal
Q9SIG8	464	519	C-terminal
Q9SJ00	1	95	N-terminal
Q9SJ45	1	115	N-terminal
Q9SJ45	183	261	C-terminal
Q9SLT9	1	129	N-terminal
Q9SLT9	168	211	C-terminal
Q9SN57	1	217	IDP
Q9SUJ1	1	85	N-terminal
Q9SVC6	138	172	middle
Q9ZQQ9	1	41	IDP
Q9ZU41	1	71	N-terminal
Q9ZU41	153	215	middle
Q9ZUY3	1	135	N-terminal
A0A1P8ARQ4	1	86	IDP
A0A1P8AWZ6	1	247	IDP
B3H6G6	1	46	IDP
B9TSP7	1	65	N-terminal
F4J0E6	1	674	IDP
F4J934	144	183	middle
F4J934	407	459	middle
F4JHA2	1	127	N-terminal
F4JHA2	710	751	middle
F4K498	1	50	N-terminal
F4K498	523	563	middle
F4KIN2	1	167	N-terminal
O49388	52	145	middle
O49388	195	253	C-terminal
O64864	138	205	C-terminal
O80624	90	328	C-terminal
O82291	1	150	N-terminal
P0CJ42	1	66	IDP
P92980	1	74	N-terminal
Q0WNN7	1	86	N-terminal
Q147P4	1	111	N-terminal
Q147P4	164	421	C-terminal
Q1G3H9	1	56	IDP
Q2V3I3	1	62	N-terminal
Q2V4G4	242	281	middle
Q5PNS0	106	482	C-terminal
Q5PNZ7	74	181	C-terminal
Q766Z3	195	1054	middle
Q766Z3	1146	1192	middle
Q84W40	1	130	N-terminal
Q84W40	202	404	C-terminal
Q84WT8	1	35	N-terminal
Q8GUG7	1	367	N-terminal
Q8GYY5	1	71	N-terminal
Q8GYY5	346	455	C-terminal
Q8LAY8	1	34	N-terminal
Q8LAY8	284	354	C-terminal
Q8S8F1	1	75	N-terminal
Q8S8T4	1	108	N-terminal
Q8W490	1	125	N-terminal
Q8W490	370	470	C-terminal
Q93W23	1	358	IDP
Q93ZH1	1	33	N-terminal
Q93ZH1	305	472	middle
Q93ZH1	521	625	C-terminal
Q9C699	902	974	C-terminal
Q9C6J2	1	31	N-terminal
Q9C7Q3	1	99	N-terminal
Q9C7Q3	151	225	C-terminal
Q9C8Z4	1	33	N-terminal
Q9C8Z4	1632	1663	middle
Q9CAU7	271	606	C-terminal
Q9FDZ5	301	335	C-terminal
Q9FF31	1	32	N-terminal
Q9FF31	602	638	C-terminal
Q9LE82	496	535	C-terminal
Q9LFE2	810	876	C-terminal
Q9LK21	1	163	N-terminal
Q9LNP3	1	55	N-terminal
Q9LTJ6	1	49	N-terminal
Q9LU76	353	390	C-terminal
Q9LU91	1	201	N-terminal
Q9LUJ4	1	102	N-terminal
Q9LX16	282	471	C-terminal
Q9LY44	1	163	N-terminal
Q9M2X6	1	161	IDP
Q9M836	1	36	N-terminal
Q9M836	153	201	C-terminal
Q9SCP1	144	238	C-terminal
Q9SHR7	1	42	N-terminal
Q9SJV6	1	247	IDP
Q9SQN2	467	497	C-terminal
Q9SVV9	1	167	N-terminal
Q9SVV9	319	593	middle
Q9SVV9	725	759	C-terminal
Q9SXC4	1	136	N-terminal
Q9XIE4	294	424	middle
Q9XIE4	466	498	C-terminal
Q9ZQ68	1	53	N-terminal
A0A178ULY3	1	35	N-terminal
A0A1P8B0P5	150	321	C-terminal
A0A1P8BD18	1	128	N-terminal
A0A1P8BDK2	952	1010	C-terminal
B3H5A9	1	101	IDP
C0LGD8	519	553	middle
C0Z2L5	1	55	N-terminal
C0Z2L5	124	173	C-terminal
F4HTL8	1	64	N-terminal
F4HWY6	934	1115	middle
F4HWY6	1201	1233	middle
F4HWY6	1475	1529	C-terminal
F4I8W7	1	55	N-terminal
F4IPE3	1	64	N-terminal
F4IPE3	200	326	middle
F4IPE3	412	445	C-terminal
F4IZK5	1	561	N-terminal
F4IZK5	629	1158	middle
F4IZK5	1279	1318	middle
F4J6N4	120	219	middle
F4J6N4	298	397	C-terminal
F4J9Z8	1	278	N-terminal
F4JMQ2	159	361	middle
F4JMQ2	466	524	C-terminal
F4KBU9	1	46	N-terminal
O04425	1	127	N-terminal
O04425	289	747	C-terminal
O23673	1	133	N-terminal
O81032	1	39	N-terminal
P0CH02	1	38	N-terminal
P0CH02	263	312	middle
Q1PE09	1	36	N-terminal
Q42347	1	164	IDP
Q42561	1	47	N-terminal
Q42561	307	362	C-terminal
Q6NMD5	1	60	N-terminal
Q84J46	1	97	N-terminal
Q84R26	1	147	IDP
Q84W91	1	44	N-terminal
Q84W91	161	290	middle
Q84W91	362	468	C-terminal
Q8GUN7	1	65	N-terminal
Q8GYM3	145	190	middle
Q8L615	1	152	N-terminal
Q8L795	1	104	N-terminal
Q8L795	328	369	middle
Q8L7G3	253	316	middle
Q8L7G3	597	659	C-terminal
Q8LAD7	1	77	IDP
Q8LPK2	1	57	N-terminal
Q8LPK2	639	693	middle
Q8RYC8	366	970	middle
Q8RYC8	1046	1086	C-terminal
Q8S8L4	1	39	N-terminal
Q8S8L4	112	142	C-terminal
Q8W2D2	635	710	C-terminal
Q9ASW3	1	85	N-terminal
Q9ASW3	196	471	C-terminal
Q9C9F0	1	86	N-terminal
Q9C9F0	149	222	middle
Q9C9F0	290	374	C-terminal
Q9CAF2	1	73	N-terminal
Q9FGY9	383	436	middle
Q9FKD7	1	42	N-terminal
Q9FN93	494	567	middle
Q9FWS1	1	1332	N-terminal
Q9LDQ3	259	333	middle
Q9LJP4	1	39	N-terminal
Q9LJP4	569	618	middle
Q9LM13	1	72	N-terminal
Q9LQM3	1	87	N-terminal
Q9LQM3	209	251	middle
Q9LQM3	297	384	C-terminal
Q9LRY5	71	354	C-terminal
Q9LUV0	1	32	N-terminal
Q9LVK9	1	37	N-terminal
Q9LVK9	467	522	middle
Q9LVK9	1207	1243	C-terminal
Q9LW01	1	117	IDP
Q9M1A5	169	202	middle
Q9M1A5	389	491	C-terminal
Q9M9C9	73	157	middle
Q9MAP3	1	93	N-terminal
Q9S793	1	106	N-terminal
Q9S793	186	258	middle
Q9SD42	90	125	middle
Q9SN27	1	75	N-terminal
Q9SN27	146	225	C-terminal
Q9SPM5	1	63	N-terminal
Q9SUU4	1	56	N-terminal
Q9SUU4	235	287	C-terminal
Q9SV21	482	537	middle
Q9SVQ0	1	229	N-terminal
Q9SVQ0	314	388	C-terminal
Q9SX98	1	54	N-terminal
Q9SYL9	1	71	N-terminal
A0A1I9LLS2	1	31	N-terminal
A0A1I9LLS2	366	478	C-terminal
A0A1P8ARP0	1	634	N-terminal
A0A1P8AYV4	1	140	N-terminal
A0A1P8B786	207	256	C-terminal
B3H4C4	1	137	IDP
F4HSW8	1	486	N-terminal
F4HSW8	540	784	middle
F4HSW8	836	1492	C-terminal
F4ITW2	1	191	IDP
F4IV62	1	835	N-terminal
F4J3S1	1	44	N-terminal
F4J3S1	152	572	C-terminal
F4JJL8	1	32	N-terminal
F4JLQ5	1	41	N-terminal
F4JT86	81	223	C-terminal
F4K5I9	497	556	C-terminal
F4KIX1	94	188	middle
O23176	1	84	N-terminal
O23176	400	712	middle
O49543	1	35	N-terminal
O65530	1	355	N-terminal
O65530	676	731	C-terminal
O80470	1	42	N-terminal
O80877	1	35	N-terminal
O81784	1	82	N-terminal
O81784	133	333	C-terminal
P56780	1	35	N-terminal
P93736	1	136	N-terminal
Q2V2U0	1	74	IDP
Q39086	1	34	N-terminal
Q39086	444	501	middle
Q39086	793	843	C-terminal
Q3E939	1	141	IDP
Q3EBL9	1	55	N-terminal
Q52QU2	1	266	N-terminal
Q52QU2	449	581	C-terminal
Q570Y0	1	158	N-terminal
Q8GWP0	187	360	C-terminal
Q8GWY0	1	85	N-terminal
Q8GXC2	1	233	N-terminal
Q8GXC2	360	397	C-terminal
Q8LBA0	1	70	N-terminal
Q8LBK6	1	68	N-terminal
Q8LFN2	753	802	C-terminal
Q8VYZ5	225	290	middle
Q8VYZ5	679	724	middle
Q8W034	184	411	C-terminal
Q8W4D7	1	85	N-terminal
Q93ZH9	1	54	N-terminal
Q9C704	673	726	C-terminal
Q9C9A9	66	392	C-terminal
Q9FHD3	1	31	N-terminal
Q9FHD3	257	287	C-terminal
Q9FK87	1	106	IDP
Q9FNZ1	1	108	N-terminal
Q9FY82	159	489	C-terminal
Q9FYR2	1	159	IDP
Q9LDA9	1	79	N-terminal
Q9LDA9	128	162	middle
Q9LDA9	416	564	C-terminal
Q9LG11	1	34	N-terminal
Q9LG11	136	428	middle
Q9LG11	511	674	middle
Q9LRZ0	190	338	middle
Q9LRZ0	678	754	middle
Q9LRZ0	1054	1131	C-terminal
Q9LUD6	1	50	N-terminal
Q9LX90	1	86	N-terminal
Q9LX90	160	217	C-terminal
Q9LY88	1	41	N-terminal
Q9LY88	86	133	C-terminal
Q9LYN8	828	890	middle
Q9LZX4	334	422	C-terminal
Q9M146	1	36	N-terminal
Q9M909	1	51	IDP
Q9S9L9	305	337	middle
Q9SAK5	88	127	middle
Q9SAK5	170	358	C-terminal
Q9T0I9	344	375	C-terminal
Q9XI02	62	480	middle
Q9ZU52	1	33	N-terminal
Q9ZU82	1	82	N-terminal
Q9ZVL3	1	32	N-terminal
Q9ZVL3	154	217	C-terminal
A0A1P8B9B2	84	222	middle
A0A1P8BEN9	1	39	N-terminal
A0A1P8BG52	1	49	N-terminal
B3H4V4	1	79	IDP
C0LGH2	1	38	N-terminal
C0LGH2	615	676	middle
C0LGH2	994	1032	C-terminal
C0SUU5	1	104	N-terminal
F4HQ23	851	883	C-terminal
F4HVA6	409	527	C-terminal
F4I2A0	1	89	N-terminal
F4I6L3	353	416	C-terminal
F4IK92	302	510	middle
F4IK92	549	674	middle
F4K162	88	264	C-terminal
F4K1Z0	1	220	N-terminal
F4K1Z0	438	495	C-terminal
F4KEK1	1	195	IDP
O64594	1	272	IDP
O64718	1	36	N-terminal
O65269	1	61	N-terminal
O81787	330	394	middle
O82785	73	198	middle
P17745	1	126	N-terminal
P49107	1	105	N-terminal
Q0WV12	1	146	N-terminal
Q0WV12	220	315	middle
Q1G3G5	1	76	IDP
Q39090	1	49	N-terminal
Q39090	394	442	C-terminal
Q3E7Q9	1	128	N-terminal
Q5XEN2	1	44	N-terminal
Q5XEN2	144	243	C-terminal
Q84K00	163	567	C-terminal
Q84WW2	1	79	N-terminal
Q8GWJ7	240	308	middle
Q8GWJ7	610	645	C-terminal
Q8L557	1	70	N-terminal
Q8L557	165	202	C-terminal
Q8LBV4	1	71	N-terminal
Q8RXT8	201	252	C-terminal
Q8S9K4	1	86	N-terminal
Q8S9K4	343	595	middle
Q93V66	1	94	N-terminal
Q94F57	1	136	IDP
Q9AT60	1	66	N-terminal
Q9C749	1	62	N-terminal
Q9FFS8	92	180	C-terminal
Q9FG20	155	242	C-terminal
Q9FII9	1	150	N-terminal
Q9FIK2	1	52	N-terminal
Q9FIK2	324	369	C-terminal
Q9FIP4	1	69	N-terminal
Q9FJP7	123	182	middle
Q9FJP7	282	439	C-terminal
Q9FKG5	157	296	middle
Q9FMG4	98	303	C-terminal
Q9FMN1	1	147	N-terminal
Q9FMN1	636	751	C-terminal
Q9FNI1	1	66	N-terminal
Q9LDT3	1	231	IDP
Q9LIN2	1	64	N-terminal
Q9LIR9	297	335	C-terminal
Q9LJN1	1	302	IDP
Q9LPC8	1	65	N-terminal
Q9LPC8	370	434	middle
Q9LPC8	491	580	C-terminal
Q9LPN9	140	183	C-terminal
Q9LS40	1	33	N-terminal
Q9LZU7	1	77	N-terminal
Q9LZU7	223	883	middle
Q9LZU7	1172	1298	C-terminal
Q9SA91	1	129	N-terminal
Q9SA91	504	615	C-terminal
Q9SAA4	1	61	N-terminal
Q9SKD0	1	185	N-terminal
Q9SKU1	1	102	N-terminal
Q9SKU1	195	338	C-terminal
Q9XIM6	1	77	IDP
Q9ZSK1	1	58	N-terminal
A0A178W3E8	1	34	N-terminal
A0A178W3E8	661	1220	middle
A0A1I9LPU6	1	59	N-terminal
A0A1I9LPU6	183	425	middle
B3H6K2	1	43	IDP
B3H765	152	348	middle
B3H765	524	604	middle
B3H765	687	745	C-terminal
F4I5D5	338	375	C-terminal
F4I5Q9	1	35	N-terminal
F4IDB2	1	57	N-terminal
F4IDB2	233	711	middle
F4IDB2	815	1325	C-terminal
F4IF81	315	684	C-terminal
F4K306	1	75	N-terminal
F4KC44	1	216	IDP
O04588	1	143	IDP
O04609	1	113	N-terminal
O04609	184	298	C-terminal
O48791	1	39	N-terminal
O64682	1	53	N-terminal
O64877	1	51	N-terminal
O64877	105	318	middle
O64877	401	646	C-terminal
O80601	1	63	N-terminal
O81004	1	59	N-terminal
P0C7Q7	1	60	N-terminal
P46603	1	108	N-terminal
P46603	208	274	C-terminal
P49966	437	497	C-terminal
P92542	1	105	IDP
P93751	1	257	IDP
Q1EBV7	1	87	N-terminal
Q1PFV9	1	52	N-terminal
Q38796	129	180	middle
Q38796	323	953	C-terminal
Q501B2	1	322	N-terminal
Q501B2	369	409	C-terminal
Q6ID84	1	57	N-terminal
Q8H186	1	44	N-terminal
Q8H1Q5	1	66	N-terminal
Q8H1Q5	259	357	middle
Q8H1Q5	587	927	C-terminal
Q8L708	1	79	N-terminal
Q8L708	118	409	C-terminal
Q8LAU9	1	181	N-terminal
Q8RWJ7	80	146	middle
Q8RWJ7	289	348	C-terminal
Q8RY61	1	34	N-terminal
Q8RY61	70	474	C-terminal
Q8VXU6	1	43	N-terminal
Q8VXU6	111	224	C-terminal
Q8VZR0	1	91	N-terminal
Q93W03	1	82	N-terminal
Q93W03	126	222	middle
Q94C98	1	481	N-terminal
Q94C98	754	787	C-terminal
Q9C8U8	206	238	middle
Q9FLV1	62	111	C-terminal
Q9FM69	178	277	C-terminal
Q9LJV8	1	294	IDP
Q9LVF7	1	812	N-terminal
Q9LVJ3	1	158	N-terminal
Q9LVJ3	567	602	middle
Q9M1J6	1	33	N-terminal
Q9M1X9	260	295	middle
Q9M898	64	123	middle
Q9SA48	1	223	N-terminal
Q9SAI4	1	46	N-terminal
Q9SDS8	130	212	C-terminal
Q9SG10	1	164	N-terminal
Q9SIS7	1	157	IDP
Q9SR35	1	112	IDP
Q9SRY4	1	76	N-terminal
Q9SS47	1	654	N-terminal
Q9SUM1	1	260	IDP
Q9SUN5	79	257	C-terminal
Q9SV70	1	96	IDP
Q9SXA7	86	266	middle
Q9XI72	1	36	N-terminal
Q9XIK3	1	70	N-terminal
Q9ZPY8	297	399	middle
Q9ZQX8	108	204	middle
Q9ZQX8	844	1032	middle
Q9ZQX8	1077	1111	C-terminal
Q9ZUT0	1	95	N-terminal
Q9ZUT0	398	436	middle
A0A1P8B2A5	1	31	N-terminal
A0A1P8B5I4	1	80	N-terminal
A0A1P8B6C9	1	143	IDP
A0A1P8BD81	1	62	N-terminal
A0A1P8BD81	897	931	middle
B3H4F9	1	37	IDP
B3H6B2	1	45	IDP
D8WUA4	1	75	N-terminal
F4I806	233	438	middle
F4I806	612	681	C-terminal
F4ISQ7	830	865	C-terminal
F4J287	1	40	N-terminal
F4JXF1	315	581	C-terminal
F4K1E9	135	177	C-terminal
F4KFV7	1	134	N-terminal
O22703	82	292	C-terminal
O48683	1	540	IDP
O80605	1	55	N-terminal
O80605	285	347	middle
O80625	1	35	N-terminal
O80625	130	167	middle
O82318	930	960	C-terminal
P25701	1	59	N-terminal
P48785	1	97	N-terminal
P48785	266	796	C-terminal
Q0WSN2	1	147	N-terminal
Q0WSN2	446	484	middle
Q0WTB8	130	470	C-terminal
Q0WTL2	1	184	N-terminal
Q0WUY5	61	841	C-terminal
Q1G3S7	232	366	middle
Q1PE10	1	42	N-terminal
Q38822	1	91	N-terminal
Q3E8X7	40	75	middle
Q3ED93	1	56	N-terminal
Q5XVK9	1	33	N-terminal
Q67YL8	1	472	IDP
Q6DR26	1	83	N-terminal
Q8LCK5	1	78	N-terminal
Q8S905	1	31	N-terminal
Q8S905	424	487	middle
Q8S905	550	723	middle
Q8VYJ0	1	114	N-terminal
Q8W497	1	261	N-terminal
Q8W4P9	340	402	middle
Q8W4P9	602	687	middle
Q8W571	1	111	N-terminal
Q8W571	205	323	C-terminal
Q93VF4	52	163	C-terminal
Q94AQ4	1	84	IDP
Q94JR2	163	218	middle
Q94KD3	1	55	N-terminal
Q9CA55	59	91	middle
Q9FFH8	297	476	C-terminal
Q9FHY7	1	52	N-terminal
Q9FMT1	1	44	N-terminal
Q9LNQ4	1	65	N-terminal
Q9LNQ4	1182	1216	C-terminal
Q9LQ11	501	576	middle
Q9LSQ2	1	46	N-terminal
Q9LW45	1	85	N-terminal
Q9LXB9	231	280	C-terminal
Q9LYS8	1	157	N-terminal
Q9M120	1	95	N-terminal
Q9M1C2	1	51	N-terminal
Q9M1U8	1	120	IDP
Q9M2X8	1	104	N-terminal
Q9M2X8	276	428	C-terminal
Q9M330	151	302	C-terminal
Q9SAI5	1	46	N-terminal
Q9SCM3	1	44	N-terminal
Q9SFB0	126	166	middle
Q9SG11	1	97	N-terminal
Q9SG11	196	352	C-terminal
Q9SHS8	1	92	N-terminal
Q9SHS8	468	537	C-terminal
Q9SI17	1	33	N-terminal
Q9SS31	1	61	N-terminal
Q9SSD3	1	114	N-terminal
Q9SVC9	39	209	C-terminal
Q9SYX1	1	96	N-terminal
Q9SZC2	111	250	C-terminal
Q9ZVC7	1	37	N-terminal
Q9ZVC7	124	176	C-terminal
A0A1I9LQ59	77	114	C-terminal
A0A1P8APP1	1	163	N-terminal
A8MQS5	1	103	IDP
B3H4Q8	1	33	IDP
B5X4Z4	1	74	N-terminal
B5X4Z4	338	392	middle
B9DG41	1	44	N-terminal
F4I201	173	206	C-terminal
F4IPW5	1	55	N-terminal
F4ITW1	1	44	N-terminal
F4KFS5	1189	1233	middle
F4KFY5	968	1017	C-terminal
O22264	123	371	C-terminal
O23717	1	31	N-terminal
O64479	1	32	N-terminal
P43293	1	40	N-terminal
P43293	359	389	C-terminal
Q1PFR7	1	161	N-terminal
Q1PFR7	269	363	C-terminal
Q38955	1	151	N-terminal
Q42059	1	31	N-terminal
Q67XC4	1	31	N-terminal
Q6NNL9	1	93	IDP
Q6NQM0	1	85	N-terminal
Q76E23	1	918	N-terminal
Q76E23	957	1084	middle
Q76E23	1335	1540	middle
Q8H0V4	279	542	middle
Q8L7H4	1	95	N-terminal
Q8L7H4	146	231	middle
Q8LBL7	75	112	C-terminal
Q8LFY8	1	141	N-terminal
Q8LFY8	230	413	C-terminal
Q8RWC0	1	46	N-terminal
Q94BY6	1	51	N-terminal
Q94BY6	89	119	middle
Q9C6J9	1	41	N-terminal
Q9C6J9	446	812	C-terminal
Q9CAJ2	1	40	N-terminal
Q9CAJ2	92	153	middle
Q9CAT3	433	513	C-terminal
Q9FE91	1	88	N-terminal
Q9FEN9	186	228	C-terminal
Q9FFC7	1	77	N-terminal
Q9FFL1	1	47	N-terminal
Q9FGF8	1	195	N-terminal
Q9FGF8	242	391	C-terminal
Q9FJN9	1	31	N-terminal
Q9FJN9	178	220	C-terminal
Q9FMP8	370	563	middle
Q9FMP8	683	827	C-terminal
Q9FPS4	1	91	N-terminal
Q9FPS4	416	859	C-terminal
Q9FY58	1	152	IDP
Q9LE70	251	290	C-terminal
Q9LIA2	155	194	middle
Q9LMT8	1	43	N-terminal
Q9LMT8	109	205	middle
Q9LPK4	1	278	N-terminal
Q9LUI3	1	399	N-terminal
Q9LUI3	557	695	C-terminal
Q9LV37	391	510	C-terminal
Q9LV88	1	109	IDP
Q9LZD7	1	42	N-terminal
Q9SA57	1	182	IDP
Q9SB61	1	43	N-terminal
Q9SB61	103	161	middle
Q9SCR2	1	148	N-terminal
Q9SIB5	1	107	N-terminal
Q9SKU6	1	34	N-terminal
Q9SMR7	1	299	IDP
Q9SR43	1	62	N-terminal
Q9SVT4	1	32	N-terminal
Q9T073	1	48	N-terminal
Q9T073	101	258	middle
Q9XI36	67	384	C-terminal
Q9XI84	1	47	N-terminal
Q9ZQJ8	52	136	C-terminal
Q9ZVJ3	480	550	C-terminal
Q9ZW02	1	615	N-terminal
A0A1I9LS40	123	269	middle
A0A1P8AX45	1	92	N-terminal
A0A1P8AXU9	1	232	N-terminal
A0A1P8AXU9	340	378	middle
A0A1P8AXU9	447	487	middle
A0A1P8AXU9	734	865	middle
A1A6H3	1	72	N-terminal
A2RVL9	1	177	N-terminal
B3H6A6	1	82	IDP
B6EUB3	1067	1361	middle
B6EUB3	1416	1605	C-terminal
F4HZS8	151	319	middle
F4HZS8	441	511	middle
F4HZS8	660	707	middle
F4HZS8	1708	1853	middle
F4IMF6	60	387	middle
F4IVD6	1	51	N-terminal
F4JMB8	1	35	N-terminal
F4JMB8	116	183	C-terminal
F4JU71	1	834	N-terminal
F4JVA4	1	452	N-terminal
F4JVA4	522	624	C-terminal
F4JY24	1	182	N-terminal
F4JY24	1022	1069	C-terminal
O49160	1	58	N-terminal
O49160	150	211	middle
O49160	798	900	C-terminal
O81291	635	669	C-terminal
O82234	1	84	N-terminal
O82234	252	312	C-terminal
P93007	1	81	N-terminal
P93007	129	218	C-terminal
Q38814	1	53	N-terminal
Q38837	174	244	C-terminal
Q39032	254	288	middle
Q3EC43	1	91	IDP
Q56XQ0	1	32	N-terminal
Q5D892	857	1133	C-terminal
Q5XV87	1	159	N-terminal
Q6NKN9	1	219	N-terminal
Q6NKN9	297	366	C-terminal
Q84JH7	1	81	N-terminal
Q84MA2	1	91	N-terminal
Q84MA2	174	296	middle
Q84VX5	86	137	middle
Q8GYT1	186	222	C-terminal
Q8LDS3	1	187	N-terminal
Q8LDS3	406	457	C-terminal
Q8LGU1	835	883	middle
Q94B52	1	86	N-terminal
Q9C7U1	1	34	N-terminal
Q9C7U1	250	292	middle
Q9FHD5	1	32	N-terminal
Q9FHD5	246	286	C-terminal
Q9FX31	1	40	N-terminal
Q9FX31	163	228	middle
Q9FX31	583	673	middle
Q9FZ06	1	70	N-terminal
Q9FZ06	280	321	middle
Q9FZ06	615	650	middle
Q9LDN0	1	136	N-terminal
Q9LDN0	460	853	middle
Q9LDN0	1225	1292	C-terminal
Q9LFL2	1	88	N-terminal
Q9LJN2	1	70	N-terminal
Q9LJN2	137	195	middle
Q9LJN2	285	363	middle
Q9LUB9	482	625	C-terminal
Q9LV85	1	111	N-terminal
Q9LV85	190	243	middle
Q9LYX4	1	96	N-terminal
Q9LYX4	137	283	C-terminal
Q9LZA5	1	38	N-terminal
Q9M2W0	1	297	N-terminal
Q9M2W0	661	728	middle
Q9S740	1	248	IDP
Q9SCJ4	205	267	middle
Q9SCJ4	574	813	C-terminal
Q9SHK9	1	38	N-terminal
Q9SHS3	62	180	C-terminal
Q9SJJ7	1	117	N-terminal
Q9SJJ7	192	237	C-terminal
Q9SK85	1	480	IDP
Q9SRL3	1	103	N-terminal
Q9SSS7	299	343	C-terminal
Q9STH1	188	237	middle
Q9ZQF4	1	47	N-terminal
Q9ZQF4	96	155	C-terminal
Q9ZR99	1	227	N-terminal
A0A178VPF6	1	84	N-terminal
A0A1I9LPC5	205	476	middle
A0A1I9LPC5	681	980	middle
A0A1I9LTP1	130	219	middle
A0A1I9LTP1	667	1054	C-terminal
A0A1P8AUG0	1	74	IDP
A0A1P8B5Y8	1	47	IDP
A0A1P8BGZ5	1	134	IDP
F4I3J0	1	54	N-terminal
F4I407	87	153	C-terminal
F4I906	1	76	N-terminal
F4I906	229	369	C-terminal
F4IC79	1	32	N-terminal
F4IC79	101	231	middle
F4IC79	761	793	C-terminal
F4J152	1	36	N-terminal
F4J152	181	312	middle
F4JCZ1	1	957	IDP
F4JPD5	1	80	N-terminal
F4JPD5	145	284	C-terminal
F4JYD1	1	146	N-terminal
F4K149	134	296	middle
F4K149	724	875	middle
F4K149	939	1036	middle
F4K553	1	566	IDP
F4K639	668	1368	middle
F4K639	1581	1615	middle
F4K8I1	1	74	N-terminal
O64766	1	32	N-terminal
O81627	145	178	C-terminal
O82326	1	67	N-terminal
Q0WWX5	1	125	N-terminal
Q0WWX5	260	449	C-terminal
Q1G3S6	1	108	IDP
Q1PF50	1	34	N-terminal
Q39183	1	169	N-terminal
Q39183	364	427	middle
Q39183	545	586	C-terminal
Q5PP28	84	394	C-terminal
Q5XF05	1	89	N-terminal
Q5XF05	216	358	middle
Q8GUG6	1	103	N-terminal
Q8GUG6	201	268	middle
Q8GXR4	1	33	N-terminal
Q8RWF4	308	350	middle
Q8VYG0	236	339	middle
Q8VYG0	656	686	C-terminal
Q8VYZ0	1	135	N-terminal
Q8VYZ0	189	261	middle
Q8VYZ0	601	645	C-terminal
Q93ZI7	196	249	middle
Q93ZI7	529	574	middle
Q96251	1	43	N-terminal
Q9C6D0	1	145	N-terminal
Q9C6D0	453	494	C-terminal
Q9C7E8	125	433	C-terminal
Q9C8R6	1	112	N-terminal
Q9C8R6	149	185	middle
Q9C8R6	299	389	C-terminal
Q9CAD0	234	420	middle
Q9CAD0	462	515	middle
Q9FJ90	1	62	N-terminal
Q9FJ90	142	232	C-terminal
Q9FLG3	1	213	N-terminal
Q9FLG3	489	634	C-terminal
Q9FM29	1	56	N-terminal
Q9FM29	108	210	C-terminal
Q9FM36	1	130	IDP
Q9FRV4	178	310	C-terminal
Q9FZH9	67	106	middle
Q9FZH9	263	320	middle
Q9LD18	628	696	middle
Q9LDW3	1	239	N-terminal
Q9LDY5	1	70	N-terminal
Q9LER3	1	246	IDP
Q9LEY3	1	176	N-terminal
Q9LEY3	221	258	C-terminal
Q9LSM9	1	38	N-terminal
Q9LXC3	1	43	N-terminal
Q9LZ87	1	399	N-terminal
Q9LZ87	499	656	middle
Q9M1C7	209	240	middle
Q9M1C7	865	915	middle
Q9M1X0	1	78	N-terminal
Q9MA88	605	648	C-terminal
Q9SAK8	477	513	middle
Q9SGX9	1	36	N-terminal
Q9SHY2	1	36	N-terminal
Q9SJM1	197	237	middle
Q9SL14	1	115	IDP
Q9SUM7	328	376	C-terminal
Q9SUU1	593	673	C-terminal
Q9SX33	1	55	N-terminal
Q9SYQ0	158	360	middle
Q9ZW12	1	65	N-terminal
A0A1P8B0L2	1	411	N-terminal
A0A1P8B0L2	475	737	middle
A0A1P8B0L2	820	853	middle
A0JQ00	1	63	N-terminal
F4I248	649	711	C-terminal
F4I2Z2	1	58	N-terminal
F4I340	1	164	N-terminal
F4I8S3	1	815	N-terminal
F4IID3	1	36	N-terminal
F4IID3	101	191	C-terminal
F4IS00	1	81	N-terminal
F4J394	422	860	middle
F4JSC0	1	151	N-terminal
F4JSZ5	242	272	middle
F4JSZ5	484	543	middle
F4JSZ5	913	963	middle
F4JVF4	1	76	N-terminal
O22048	1	75	N-terminal
O22792	68	179	middle
O22792	744	823	middle
O22792	986	1039	C-terminal
O23177	1	186	IDP
O23620	1	99	N-terminal
O23620	234	292	C-terminal
O48646	1	70	N-terminal
O49691	59	92	middle
O49691	153	289	C-terminal
O80339	1	225	IDP
P56791	193	274	C-terminal
P92973	87	608	C-terminal
Q0V7U7	231	280	middle
Q0V7U7	366	399	C-terminal
Q15KI9	1	31	N-terminal
Q1LYX4	259	293	C-terminal
Q3E9X6	256	355	middle
Q3E9X6	658	690	C-terminal
Q56YK7	1	94	IDP
Q6NLH7	1	96	N-terminal
Q7XJ53	1	40	N-terminal
Q7XZU3	444	507	middle
Q7XZU3	643	912	C-terminal
Q7Y227	1	36	N-terminal
Q7Y227	256	603	C-terminal
Q84MC1	188	227	C-terminal
Q84R19	1	78	IDP
Q8GWQ2	1	89	N-terminal
Q8GWQ2	212	281	C-terminal
Q8L5Z3	39	124	middle
Q8L5Z3	161	233	middle
Q8L5Z3	286	356	C-terminal
Q8LEL0	1	167	IDP
Q8RWQ1	1	206	N-terminal
Q8RWQ1	457	809	C-terminal
Q8RWR9	1	164	IDP
Q8VZV7	1	63	N-terminal
Q8W4L5	1	56	N-terminal
Q8W4L5	115	270	middle
Q8W4L5	394	539	middle
Q8W4L5	595	790	C-terminal
Q8W568	1	52	N-terminal
Q93VS6	1	279	IDP
Q93WF1	1	35	N-terminal
Q93XY4	1	35	N-terminal
Q93XY4	161	302	C-terminal
Q949N8	1	200	N-terminal
Q949N8	243	292	middle
Q949U7	1	79	N-terminal
Q94B77	1	59	N-terminal
Q94B77	134	441	middle
Q94B77	699	729	middle
Q94B77	851	900	C-terminal
Q94CJ3	171	243	C-terminal
Q9C5J7	447	485	C-terminal
Q9CA66	1	134	N-terminal
Q9CA66	235	298	C-terminal
Q9FFG5	1	32	N-terminal
Q9FIJ5	1	90	N-terminal
Q9LF04	1	46	N-terminal
Q9LF17	1	48	N-terminal
Q9LF17	143	244	C-terminal
Q9LI63	1	64	N-terminal
Q9LJJ7	306	341	middle
Q9LJJ7	463	500	C-terminal
Q9LNT6	1	285	IDP
Q9LQM2	1	66	N-terminal
Q9LQM2	110	145	middle
Q9LQM2	214	332	C-terminal
Q9LRX6	47	206	middle
Q9LXB4	1	34	N-terminal
Q9LZF6	1	31	N-terminal
Q9LZF6	770	810	C-terminal
Q9LZI2	1	85	N-terminal
Q9M084	1	76	N-terminal
Q9M275	102	136	C-terminal
Q9M2G8	1	67	N-terminal
Q9M2G8	355	575	C-terminal
Q9S7C0	501	585	middle
Q9S7C0	755	831	C-terminal
Q9S7D2	1	60	N-terminal
Q9SFT8	91	158	middle
Q9SWG3	1	131	N-terminal
Q9SWG3	668	827	C-terminal
Q9SY96	1	191	N-terminal
Q9ZPR1	537	603	C-terminal
Q9ZQC7	1	297	IDP
A0A1P8BGT8	1	116	IDP
A0A1P8BGX4	331	496	C-terminal
B3H5S3	1	59	N-terminal
B3H5S3	146	181	C-terminal
F4J668	1	51	N-terminal
F4JCX9	1	188	N-terminal
F4JCX9	224	663	C-terminal
F4JUM8	1	784	IDP
F4K250	1	114	N-terminal
F4K250	364	494	middle
F4K250	663	709	middle
F4K315	212	247	middle
F4K5B9	1	33	N-terminal
F4KE69	176	336	C-terminal
F4KHI7	1	42	N-terminal
O04151	214	272	middle
O04151	358	425	C-terminal
O23078	1	101	N-terminal
O65509	1	35	N-terminal
O65509	132	162	C-terminal
O65709	147	218	middle
O82089	55	121	C-terminal
O82653	1	158	N-terminal
P40229	1	97	N-terminal
P60300	1	41	N-terminal
Q0WSW1	1	55	N-terminal
Q0WSW1	247	287	middle
Q1G3C7	1	70	IDP
Q38832	1	106	N-terminal
Q3EBC2	331	397	C-terminal
Q3EC19	1	72	IDP
Q43316	1	72	N-terminal
Q56W45	47	261	middle
Q84WG3	1	105	N-terminal
Q8GWA2	1	78	N-terminal
Q8L793	1	45	N-terminal
Q8L793	105	145	middle
Q8L793	251	587	C-terminal
Q8LAZ7	1	45	N-terminal
Q8LCF5	1	86	IDP
Q8RWE8	401	442	C-terminal
Q8RXR6	156	199	middle
Q8RXR6	458	525	C-terminal
Q8W0Z9	112	174	middle
Q940L8	387	418	C-terminal
Q9C7J5	1	154	IDP
Q9CAH6	1	99	N-terminal
Q9CAJ0	1	101	N-terminal
Q9FLK5	125	157	middle
Q9FLP2	1	168	IDP
Q9FMX6	1	53	N-terminal
Q9FMX6	325	385	middle
Q9FQ09	482	556	middle
Q9FVC1	172	240	C-terminal
Q9FVV7	1	42	N-terminal
Q9LDK9	1	41	N-terminal
Q9LDK9	594	725	middle
Q9LE10	1	69	N-terminal
Q9LEU1	1	38	N-terminal
Q9LEU1	282	389	C-terminal
Q9LPW3	1	273	N-terminal
Q9LPW3	323	361	middle
Q9LVW6	1	49	N-terminal
Q9LXH0	1	60	N-terminal
Q9LXH0	490	542	C-terminal
Q9LXR7	1	64	N-terminal
Q9LY96	1	128	IDP
Q9LZN1	1	60	N-terminal
Q9M1E1	256	293	middle
Q9M1H1	1	114	N-terminal
Q9M1H1	242	373	middle
Q9M2P2	1	63	N-terminal
Q9M349	1	52	N-terminal
Q9SAD7	1	549	IDP
Q9SSR6	483	523	C-terminal
Q9ZPY2	1	31	N-terminal
Q9ZS97	1	80	N-terminal
A0A1I9LTU6	1	55	N-terminal
A0A1P8AS44	1	55	IDP
A0A1P8B2D2	1	111	IDP
A0A1P8B2U5	1	51	N-terminal
A0A1P8B2U5	275	355	C-terminal
A0A1P8BF81	139	196	middle
A2RVR7	1	45	N-terminal
A8MRX3	1	80	IDP
F4HZC9	1	49	N-terminal
F4HZC9	86	138	middle
F4HZC9	401	911	C-terminal
F4ITI2	359	390	C-terminal
F4J117	1	71	N-terminal
F4J153	337	407	middle
F4JRD9	96	150	middle
F4JRD9	217	461	middle
F4JRD9	593	823	C-terminal
F4K4B8	1	93	N-terminal
F4K5L5	1	203	N-terminal
O64836	111	311	C-terminal
O65508	154	377	C-terminal
O80871	1	127	N-terminal
P0DKJ1	1	37	IDP
Q0WQ76	99	232	middle
Q1ECI2	1	54	N-terminal
Q1ECI2	145	192	C-terminal
Q42565	1	62	N-terminal
Q67YI6	1	146	N-terminal
Q67YI6	225	411	C-terminal
Q71N54	473	535	C-terminal
Q84RR0	1	54	N-terminal
Q84RR0	517	562	C-terminal
Q8GYJ2	1	46	N-terminal
Q8GYJ2	139	244	C-terminal
Q8GYP6	1	300	N-terminal
Q8GYS4	1	160	N-terminal
Q8LPJ5	1	81	N-terminal
Q8RWU3	1	40	N-terminal
Q8RWU3	98	207	middle
Q8S8Q7	1	68	N-terminal
Q949Q1	1	72	N-terminal
Q9C668	1	478	IDP
Q9CAG1	1	394	N-terminal
Q9CAG1	709	752	C-terminal
Q9FGL4	1	261	N-terminal
Q9FGM0	1	135	N-terminal
Q9FGN3	1	57	N-terminal
Q9FJU9	462	506	C-terminal
Q9FKA3	250	281	middle
Q9FKH4	1	33	N-terminal
Q9FKL7	1	52	N-terminal
Q9FYF7	210	240	C-terminal
Q9LCZ9	151	183	C-terminal
Q9LFF6	1	46	N-terminal
Q9LME6	1	292	N-terminal
Q9LME6	397	524	C-terminal
Q9LP92	1	539	N-terminal
Q9LRV1	1	112	N-terminal
Q9LTG3	1	88	N-terminal
Q9LU89	1	95	N-terminal
Q9LYE2	1	63	N-terminal
Q9LYX2	1	81	IDP
Q9M242	1	161	IDP
Q9SA69	516	634	C-terminal
Q9SB58	297	407	C-terminal
Q9SCS4	125	198	C-terminal
Q9SD79	1	43	N-terminal
Q9SUC3	1	51	N-terminal
Q9SUC3	301	434	C-terminal
Q9SUQ2	1	131	N-terminal
Q9SUQ2	170	343	C-terminal
Q9SVI9	1	152	N-terminal
Q9SVI9	245	296	C-terminal
Q9SYK4	1	126	N-terminal
Q9SYK4	381	436	middle
Q9SYK4	1099	1136	C-terminal
Q9T0I6	1	80	N-terminal
Q9T0I6	379	429	middle
Q9ZPV9	1	45	N-terminal
Q9ZPV9	124	305	C-terminal
Q9ZQ34	1	42	N-terminal
Q9ZQ34	209	275	middle
Q9ZQ34	345	408	C-terminal
A0A1P8AZA9	51	82	C-terminal
A0A1P8B5J6	1	155	IDP
F4I116	118	152	middle
F4I116	1060	1091	C-terminal
F4I3I1	1	153	N-terminal
F4IPY7	1	291	N-terminal
F4IPY7	349	410	C-terminal
F4JEW1	125	289	C-terminal
F4KHG8	1	40	N-terminal
F4KHG8	556	1036	C-terminal
O23617	1	60	N-terminal
O49339	1	62	N-terminal
O49436	1	83	N-terminal
O64832	1	62	N-terminal
O64832	98	466	middle
O81742	544	668	middle
P92985	1	34	N-terminal
P92985	158	219	C-terminal
P93733	1	256	N-terminal
Q1ECS0	1	78	IDP
Q3E9V8	1	44	IDP
Q5W7F2	330	375	middle
Q5W7F2	434	501	middle
Q5XF35	1	56	N-terminal
Q5YGP7	1	186	N-terminal
Q5YGP7	365	568	C-terminal
Q67XD6	1	53	N-terminal
Q689D6	1	49	N-terminal
Q84WV0	1	124	N-terminal
Q8GUI6	1	48	N-terminal
Q8GUI6	125	174	middle
Q8GUI6	609	727	middle
Q8L5Y9	1	59	N-terminal
Q8L7Z6	1	211	IDP
Q8LES5	133	258	middle
Q8VZK2	61	101	middle
Q93VI9	1	100	N-terminal
Q93VI9	185	235	C-terminal
Q94A27	426	478	middle
Q94A27	624	713	middle
Q94A27	751	808	C-terminal
Q94C69	71	301	C-terminal
Q94CL9	1	153	N-terminal
Q96290	237	487	middle
Q9C760	1	38	N-terminal
Q9C771	123	166	middle
Q9C771	310	453	middle
Q9FDZ9	122	164	C-terminal
Q9FH51	1	42	N-terminal
Q9FK44	177	335	C-terminal
Q9FK52	1	122	N-terminal
Q9FMK7	331	365	C-terminal
Q9FNC1	1	33	N-terminal
Q9LFA5	1	37	N-terminal
Q9LTL7	567	618	middle
Q9M050	1	90	N-terminal
Q9M0L8	1	179	IDP
Q9M0S4	1	127	IDP
Q9M0U9	250	302	C-terminal
Q9M9T4	1	187	N-terminal
Q9M9T4	251	442	C-terminal
Q9MA62	1	76	N-terminal
Q9S6Z9	1	60	N-terminal
Q9SFF4	179	265	middle
Q9SFF4	491	629	C-terminal
Q9SIF2	1	77	N-terminal
Q9SIF2	744	780	C-terminal
Q9SIP0	187	219	C-terminal
Q9SN80	629	717	middle
Q9SRU7	51	121	middle
Q9SRU7	482	589	C-terminal
Q9SVD5	1	137	N-terminal
Q9SVD5	206	282	C-terminal
Q9T041	1	33	N-terminal
Q9T041	327	721	middle
Q9ZVL6	1	90	N-terminal
Q9ZVL6	228	285	C-terminal
Q9ZWS7	163	206	C-terminal
A4FVP6	168	564	C-terminal
B3H4F7	1	50	IDP
F4HUD6	240	275	middle
F4HVS0	226	278	middle
F4HVS0	525	604	middle
F4HVS0	864	945	middle
F4HVS0	987	1018	middle
F4IAR2	1	256	N-terminal
F4IAR2	321	359	middle
F4IAR2	953	1140	C-terminal
F4IGL2	426	677	middle
F4IK85	151	287	middle
F4IPR3	564	601	C-terminal
F4IPV6	1	67	N-terminal
F4IPV6	254	496	middle
F4IUW3	1	161	N-terminal
F4IW51	1	82	N-terminal
F4JK83	1	56	N-terminal
F4JK83	110	289	C-terminal
F4JQS2	380	422	C-terminal
F4K1A8	112	147	C-terminal
O80943	1	82	IDP
O81416	1	47	N-terminal
O82388	1	181	N-terminal
O82388	262	398	middle
P14713	1	57	N-terminal
P93282	1	121	IDP
Q1G3F1	1	88	IDP
Q38914	1	281	N-terminal
Q4PSX1	1	107	IDP
Q4PT05	1	39	N-terminal
Q5Q0C3	1	123	IDP
Q5XEV6	1	70	N-terminal
Q6AWS7	1	50	N-terminal
Q6AWS7	212	251	C-terminal
Q84TH9	1	137	N-terminal
Q84TH9	540	592	middle
Q84TH9	643	863	middle
Q8GZ17	1	45	N-terminal
Q8L870	1	35	N-terminal
Q8LCR1	1	108	IDP
Q8LCU7	1	47	N-terminal
Q8LF90	80	287	C-terminal
Q8LG77	1	46	N-terminal
Q93WF6	1	97	IDP
Q93YU5	215	313	middle
Q93YU5	386	559	middle
Q94ID1	1	31	N-terminal
Q9C5R8	1	78	N-terminal
Q9C890	173	351	middle
Q9FFS6	985	1038	C-terminal
Q9FIS4	1	96	N-terminal
Q9FJN7	1	39	N-terminal
Q9FMD5	1	303	N-terminal
Q9FNK3	1	35	N-terminal
Q9FNK3	476	581	middle
Q9FY67	1	144	IDP
Q9LDD4	124	433	middle
Q9LDD4	526	573	C-terminal
Q9LEV2	261	309	C-terminal
Q9LFA4	1	57	N-terminal
Q9LFA4	306	456	C-terminal
Q9LHG0	89	293	C-terminal
Q9LK34	1	60	N-terminal
Q9LKB8	1	44	N-terminal
Q9LPE8	1	35	N-terminal
Q9LPE8	108	211	C-terminal
Q9LSI2	1	60	N-terminal
Q9LU59	1	32	N-terminal
Q9LU59	487	531	C-terminal
Q9LV97	1	106	IDP
Q9LYZ9	1	96	N-terminal
Q9M8J9	1	33	N-terminal
Q9S7D8	1	56	N-terminal
Q9SEU6	1	88	N-terminal
Q9SFD8	1	60	N-terminal
Q9SFD8	153	238	C-terminal
Q9SG82	1	106	N-terminal
Q9SG82	165	335	C-terminal
Q9SIU0	1	38	N-terminal
Q9SMU2	1	37	N-terminal
Q9SMU2	387	477	C-terminal
Q9SR23	1	38	N-terminal
Q9SRT4	1	35	N-terminal
Q9STX5	1	72	N-terminal
Q9STX5	288	330	middle
Q9STX5	771	823	C-terminal
Q9ZU27	1	59	N-terminal
Q9ZUM2	1	33	N-terminal
A0A1P8ART7	1	31	IDP
A0A1P8B1T6	1	61	IDP
A0A1P8B3C9	58	93	C-terminal
B3H644	1	37	IDP
B3H7H3	72	175	C-terminal
C0LGT6	638	710	middle
C0LGT6	1001	1031	C-terminal
F4HW51	1	114	N-terminal
F4HW51	250	481	middle
F4HW51	587	641	middle
F4HW51	1048	1080	middle
F4HW51	1396	1427	middle
F4I2Q7	115	162	C-terminal
F4I5H4	1	191	N-terminal
F4IUB8	1	124	IDP
F4JUI3	114	178	middle
F4JUI3	226	283	C-terminal
F4K8S5	1	86	N-terminal
F4K8S5	145	355	C-terminal
O04375	1	71	N-terminal
O22975	1	49	N-terminal
O23225	181	387	middle
O23225	654	718	C-terminal
O49564	247	314	middle
O49564	591	642	C-terminal
O64851	1	114	N-terminal
O64851	395	532	C-terminal
P58684	1	32	N-terminal
Q0WKV3	1	53	N-terminal
Q38804	1	45	IDP
Q38851	128	236	C-terminal
Q42139	1	56	N-terminal
Q500Z1	1	54	N-terminal
Q84RJ7	43	74	middle
Q84RJ7	112	299	middle
Q8GY97	355	406	C-terminal
Q8H1F0	1	371	N-terminal
Q8H1F0	491	547	C-terminal
Q8L7Q0	294	337	middle
Q8L7Q0	524	648	C-terminal
Q8L7U5	361	525	middle
Q8L7U5	834	881	C-terminal
Q8LGN0	855	952	C-terminal
Q8RWX4	1	38	N-terminal
Q8RWX4	573	611	C-terminal
Q8RX71	1	45	N-terminal
Q8RX71	230	269	C-terminal
Q8RXX9	1	108	N-terminal
Q8RXX9	176	398	C-terminal
Q8W4K6	120	602	C-terminal
Q94A38	1	96	N-terminal
Q94A38	289	422	C-terminal
Q9C5G7	42	371	middle
Q9C5G7	411	451	middle
Q9C634	1	80	IDP
Q9FIP8	1	133	IDP
Q9FK47	1	146	N-terminal
Q9FK47	204	402	C-terminal
Q9FKT8	1	82	N-terminal
Q9FKW9	1	31	N-terminal
Q9FKW9	997	1047	C-terminal
Q9FL41	347	402	C-terminal
Q9FNY4	110	197	middle
Q9LHA6	1	63	N-terminal
Q9LIM6	363	400	middle
Q9LIM6	518	588	C-terminal
Q9LMT0	294	391	C-terminal
Q9LQK5	175	283	C-terminal
Q9LVN0	1	32	N-terminal
Q9LVN0	683	750	C-terminal
Q9LZS4	1	516	N-terminal
Q9LZS4	693	752	middle
Q9M0G9	1	80	N-terminal
Q9M2C7	1	127	IDP
Q9M881	1	68	N-terminal
Q9S7A6	1	68	N-terminal
Q9SD67	1	324	N-terminal
Q9SJ36	81	140	C-terminal
Q9SKX2	1	61	N-terminal
Q9SU13	334	403	C-terminal
Q9SU36	240	319	middle
Q9SU36	604	649	middle
Q9ZU75	1	34	N-terminal
Q9ZW38	1	58	N-terminal
A0A1P8B359	1	41	N-terminal
A0A1P8BH47	1	60	IDP
A9LLI8	1	54	N-terminal
A9LLI8	653	688	middle
A9LLI8	735	818	middle
B3H4C6	1	32	IDP
B3H5C8	1	34	IDP
F4IB63	527	564	middle
F4IB63	853	884	C-terminal
F4IKF6	1	38	N-terminal
F4IL57	184	319	middle
F4IL57	755	983	C-terminal
F4ISB4	1	55	N-terminal
F4IW50	1	47	N-terminal
F4IXE4	1	243	N-terminal
F4JKZ9	1	60	N-terminal
F4KGU4	1	85	N-terminal
O22100	1	73	N-terminal
O23035	1	72	IDP
O48915	184	219	C-terminal
O65271	1	69	N-terminal
O80940	1	136	N-terminal
O82389	1	124	N-terminal
O82389	322	373	C-terminal
P18612	1	66	IDP
Q43725	1	104	N-terminal
Q5BQ22	1	169	IDP
Q7XJM8	1	265	N-terminal
Q84JK8	1	235	IDP
Q84W65	1	80	N-terminal
Q84W65	216	324	middle
Q8GXB3	1	182	N-terminal
Q8GXB3	244	378	C-terminal
Q8GYE4	1	51	N-terminal
Q8GYE4	119	340	C-terminal
Q8H1D3	470	571	C-terminal
Q8LB89	130	272	C-terminal
Q8LG10	1	100	N-terminal
Q8RVL2	356	589	middle
Q8RVL2	1121	1163	middle
Q8RVL2	1300	1426	middle
Q8RVL2	1597	1710	middle
Q8RWV5	1	36	N-terminal
Q8VXX9	1	47	N-terminal
Q8VZ02	1	194	N-terminal
Q8VZ02	263	327	C-terminal
Q9C635	126	348	C-terminal
Q9FHA6	1	80	N-terminal
Q9FI14	1	38	N-terminal
Q9FI85	1	49	N-terminal
Q9FJ21	1	53	N-terminal
Q9FJB9	1	72	IDP
Q9FL47	1	114	N-terminal
Q9FNE4	1	124	N-terminal
Q9FNE4	304	610	middle
Q9FNE4	666	863	middle
Q9LFD5	73	259	C-terminal
Q9LIQ3	1	60	N-terminal
Q9LPP3	438	536	C-terminal
Q9LZ92	1	122	N-terminal
Q9M3G8	1	219	IDP
Q9M9A3	74	133	middle
Q9M9A3	190	314	C-terminal
Q9SAA7	1	201	IDP
Q9SD60	1	40	N-terminal
Q9SGD6	1	134	N-terminal
Q9SH60	1	69	N-terminal
Q9SI33	1	57	N-terminal
Q9SJH9	1	89	N-terminal
Q9SMP3	1	69	N-terminal
Q9SNB4	1	145	N-terminal
Q9SNB4	206	323	C-terminal
Q9STS6	141	328	C-terminal
Q9SUS9	1	42	N-terminal
Q9SXE9	1	152	IDP
Q9SYG5	1	40	N-terminal
Q9SYG5	92	171	middle
Q9XIB5	1	114	N-terminal
Q9XIN0	193	469	middle
Q9ZUG9	1	148	N-terminal
Q9ZUG9	203	350	C-terminal
A0A1I9LLD2	1	136	N-terminal
A0A1I9LN82	1	71	N-terminal
A0A1I9LN82	209	835	middle
A0A1I9LNX5	1	126	N-terminal
A0A1I9LNX5	297	392	middle
A0A1I9LR33	1	268	N-terminal
A0A1I9LR33	384	468	middle
A0A1I9LR33	514	590	C-terminal
A0A1P8AVE0	1	377	IDP
A0A1P8B1Y9	1	117	IDP
A0A1P8B4A5	1	44	N-terminal
A0A1P8B4A5	361	682	middle
A0A1P8BA56	57	92	C-terminal
A0A1P8BEV7	1	79	IDP
B3H5F3	1	98	IDP
B3H7I6	1	51	IDP
F4HSB4	1	34	N-terminal
F4HSB4	370	470	C-terminal
F4IJV4	94	218	middle
F4IJV4	281	394	middle
F4IQJ2	287	374	C-terminal
F4J956	1	50	IDP
F4J9K3	156	260	C-terminal
F4JIB6	1	444	N-terminal
F4JJE0	266	304	C-terminal
F4JNL2	190	270	middle
F4K2R6	1	97	N-terminal
F4K2R6	195	237	middle
F4K2R6	390	512	middle
F4K2T0	1	82	N-terminal
O65567	1	111	N-terminal
P46639	1	132	N-terminal
P46639	237	274	middle
Q058N4	1	176	N-terminal
Q1PE31	126	363	C-terminal
Q42064	177	258	C-terminal
Q5M750	1	247	IDP
Q6R8G8	38	92	middle
Q6R8G8	185	292	middle
Q8LEE9	1	36	N-terminal
Q8LEE9	187	249	C-terminal
Q8LFJ2	1	187	IDP
Q8RWN0	1	321	N-terminal
Q8VYU4	1	166	N-terminal
Q8VYU4	391	754	C-terminal
Q93YP4	155	1024	C-terminal
Q93YV2	1	81	N-terminal
Q93YV2	310	403	C-terminal
Q94AQ3	1	35	N-terminal
Q94AQ8	1	32	N-terminal
Q94JQ3	1	67	N-terminal
Q94KK5	117	163	middle
Q9FH59	166	292	C-terminal
Q9FH75	828	860	C-terminal
Q9FKF2	477	511	middle
Q9FKF2	913	953	C-terminal
Q9FKQ1	1	33	N-terminal
Q9FMY4	1	177	N-terminal
Q9FMY4	223	271	C-terminal
Q9LF97	1	64	N-terminal
Q9LF97	385	418	middle
Q9LF97	504	556	C-terminal
Q9LHA9	1	56	N-terminal
Q9LK16	461	496	C-terminal
Q9LMT7	345	478	C-terminal
Q9LSA1	104	139	C-terminal
Q9LTW0	1	36	N-terminal
Q9LXV4	1	32	N-terminal
Q9LXV4	186	244	middle
Q9LXV4	359	706	C-terminal
Q9M1H2	1	133	N-terminal
Q9M2E7	1	41	N-terminal
Q9M3D6	374	415	middle
Q9SF54	1	65	N-terminal
Q9SFD5	1	46	N-terminal
Q9SFD5	160	277	middle
Q9SFD5	421	487	middle
Q9SIG0	1	305	IDP
Q9SR67	1	149	IDP
Q9SSB8	1	74	N-terminal
Q9ZQE0	1	239	N-terminal
Q9ZQE0	289	329	C-terminal
Q9ZQH1	1	62	N-terminal
Q9ZUC8	1	34	N-terminal
A0A178WF56	1	71	IDP
A0A1P8ATC0	1	46	IDP
A1L4X0	1	88	N-terminal
B3H4A1	1	99	N-terminal
B3H5F2	1	54	IDP
B9DGY1	1	126	N-terminal
C0LGV0	524	589	middle
F4HT43	1	105	N-terminal
F4HT43	161	203	C-terminal
F4I554	1	185	IDP
F4JCR1	132	288	middle
F4JCR1	413	475	middle
F4JCR1	563	664	middle
F4JCR1	765	801	middle
F4JCR1	889	974	middle
F4JCR1	1012	1232	middle
O04027	96	139	C-terminal
O04660	852	901	C-terminal
O23569	1	37	N-terminal
O48720	1	317	IDP
O65521	1	67	IDP
O81800	1	41	N-terminal
O82491	459	536	middle
O82491	947	1074	C-terminal
P0C894	1	75	N-terminal
P42733	1	34	N-terminal
P55230	1	83	N-terminal
P92548	1	111	IDP
P92966	163	356	C-terminal
Q1G3Z0	1	79	IDP
Q43128	868	904	middle
Q5HZ48	1	71	N-terminal
Q5PNS9	1	33	N-terminal
Q5PNS9	364	400	C-terminal
Q66GI9	1	99	N-terminal
Q7XZU1	252	316	middle
Q7XZU1	433	483	middle
Q7XZU1	599	831	C-terminal
Q84JV8	1	193	IDP
Q8GWK2	1	70	N-terminal
Q8GWK2	171	428	C-terminal
Q8GX22	1	57	IDP
Q8GZ38	1	235	N-terminal
Q8GZ38	273	399	C-terminal
Q8H2D0	1	32	N-terminal
Q8H2D0	121	163	middle
Q8L3Z8	1	162	N-terminal
Q8L6Z7	303	735	C-terminal
Q8L9N1	1	126	IDP
Q8VYB5	114	329	middle
Q8VYL3	1	76	N-terminal
Q93WL3	1	83	N-terminal
Q9C7N9	1	146	IDP
Q9FFJ4	1	100	N-terminal
Q9FFJ4	380	439	C-terminal
Q9FG46	543	579	C-terminal
Q9FGE6	1	65	N-terminal
Q9FGT2	1001	1046	C-terminal
Q9FL78	1	47	N-terminal
Q9FNJ9	1	46	N-terminal
Q9LM33	1	80	N-terminal
Q9LM33	471	589	C-terminal
Q9LQ15	1	47	N-terminal
Q9LS28	1	63	N-terminal
Q9LS28	189	329	middle
Q9LXZ8	1	43	N-terminal
Q9S7L9	1	120	N-terminal
Q9SAI8	1	49	N-terminal
Q9SAI8	122	214	C-terminal
Q9SCZ9	1	63	N-terminal
Q9SH89	1	131	N-terminal
Q9SHZ5	1	106	N-terminal
Q9SHZ5	232	382	C-terminal
Q9SIK3	114	274	C-terminal
Q9SMR9	1	224	N-terminal
Q9STE8	1	150	N-terminal
Q9STH0	1	77	N-terminal
Q9STH2	1	33	N-terminal
Q9ZQF5	1	123	N-terminal
Q9ZVB6	1	51	N-terminal
A0A1P8B8A2	1002	1051	C-terminal
A8MS61	1	35	N-terminal
F4HR02	1	127	N-terminal
F4HR02	169	251	C-terminal
F4HVZ8	1	140	IDP
F4I389	1	268	IDP
F4ICJ5	577	628	C-terminal
F4JGS0	1	117	N-terminal
F4JGS0	264	294	middle
F4JHZ4	1	38	N-terminal
F4JHZ4	978	1031	C-terminal
F4JIF5	1	371	N-terminal
F4JIF5	432	464	middle
F4JIF5	501	674	C-terminal
F4JUU5	1	37	N-terminal
F4JYI4	1	53	N-terminal
F4KBH6	1	65	N-terminal
F4KF65	1	82	N-terminal
F4KFB0	1	72	N-terminal
O48709	592	639	middle
O49466	1	128	IDP
O64747	1	211	N-terminal
O64747	271	427	C-terminal
P29384	182	250	C-terminal
P47924	1	131	N-terminal
P52422	1	74	N-terminal
Q0WR66	1	624	N-terminal
Q0WRV2	1	100	N-terminal
Q1G3K5	1	64	IDP
Q3E8M9	1	62	IDP
Q43307	1	90	N-terminal
Q4VP07	1	49	N-terminal
Q67ZR8	1	176	N-terminal
Q6ICZ8	1	71	N-terminal
Q6ICZ8	130	204	C-terminal
Q6K1M3	268	336	C-terminal
Q6X5Y6	1	70	N-terminal
Q6X5Y6	242	430	C-terminal
Q8H157	264	321	middle
Q8RXK1	1	34	N-terminal
Q8VZ71	1	80	N-terminal
Q8VZ71	144	202	C-terminal
Q949S6	1	77	N-terminal
Q94KD0	1	268	N-terminal
Q94KD0	364	422	C-terminal
Q9C824	51	339	middle
Q9FI44	1	35	N-terminal
Q9FI44	157	188	C-terminal
Q9FJH6	1	48	N-terminal
Q9FZ81	1	66	N-terminal
Q9LMR2	197	341	middle
Q9LSE2	1	315	N-terminal
Q9LSE2	363	397	middle
Q9LT17	1	285	N-terminal
Q9LT84	1	49	N-terminal
Q9LUS8	1	164	N-terminal
Q9LVC1	1	54	N-terminal
Q9M385	1	102	N-terminal
Q9M8Z8	1	32	N-terminal
Q9S728	1	306	IDP
Q9SJT6	1	43	N-terminal
Q9SJT6	392	468	C-terminal
Q9SPL2	48	246	middle
Q9SW43	1	42	N-terminal
Q9SY69	1	138	N-terminal
Q9SY69	602	913	C-terminal
Q9ZUV3	1	77	N-terminal
B3H6K1	1	35	N-terminal
B9DFV2	78	288	middle
B9DFV2	352	892	C-terminal
F4HUG8	1	73	N-terminal
F4I2N7	629	662	middle
F4IB75	141	710	middle
F4IIT6	153	329	C-terminal
F4J108	79	111	middle
F4J108	291	406	C-terminal
F4JGJ0	1	60	N-terminal
F4JSJ6	1	38	N-terminal
O22826	1	44	N-terminal
O48847	103	503	middle
O49427	1	208	IDP
O64852	1	64	N-terminal
O64852	219	416	C-terminal
O65238	425	499	middle
O65238	828	872	C-terminal
O82289	1	32	N-terminal
O82289	180	268	middle
O82289	449	505	middle
P93043	1	46	N-terminal
P93043	921	980	C-terminal
P93831	1	197	N-terminal
P93831	329	525	middle
P93831	588	627	middle
Q1JPP8	1	72	IDP
Q38953	76	211	middle
Q38953	279	507	middle
Q39186	1	42	N-terminal
Q3ECL3	95	134	C-terminal
Q3EDI6	1	83	IDP
Q4FE47	203	410	middle
Q67XJ2	119	176	C-terminal
Q6NQK8	1	77	N-terminal
Q6RF45	1	129	N-terminal
Q8GS71	452	494	middle
Q8GS71	907	1035	C-terminal
Q8GX93	1	72	N-terminal
Q8GX93	494	554	middle
Q8GYI7	1	33	N-terminal
Q8L627	1	102	N-terminal
Q8L837	351	397	C-terminal
Q8L8T4	36	144	C-terminal
Q8RU85	59	95	C-terminal
Q8RWI0	1	173	N-terminal
Q8VXY7	1	58	N-terminal
Q8W4E1	1	121	N-terminal
Q8W4E1	298	373	middle
Q940A5	1	120	IDP
Q940H2	1	33	N-terminal
Q940H2	106	140	middle
Q940M4	230	273	middle
Q94EG9	1	39	N-terminal
Q9C6L8	440	486	middle
Q9C7T4	1	121	N-terminal
Q9C7T4	179	233	middle
Q9FF70	1	41	N-terminal
Q9FFJ1	80	123	C-terminal
Q9FFX2	1	213	N-terminal
Q9FK73	1	113	N-terminal
Q9FKL6	1	31	N-terminal
Q9FKL6	402	647	C-terminal
Q9FM67	1	56	N-terminal
Q9FMF4	1	274	N-terminal
Q9FMF4	317	348	C-terminal
Q9LER7	1	91	N-terminal
Q9LFB1	1	86	N-terminal
Q9LK91	1	63	N-terminal
Q9LK91	271	390	middle
Q9LPZ3	464	498	middle
Q9LPZ3	798	845	C-terminal
Q9LV94	111	185	middle
Q9M2E0	1	108	N-terminal
Q9M565	1	97	N-terminal
Q9MA98	1	132	N-terminal
Q9MA98	321	410	C-terminal
Q9SPH0	1	49	N-terminal
Q9SPH0	145	256	C-terminal
Q9SQY9	91	206	C-terminal
Q9SR07	1	262	N-terminal
Q9SRR2	1	529	N-terminal
Q9SU81	1	45	N-terminal
Q9SZZ8	1	74	N-terminal
Q9ZPZ0	1	134	IDP
A0A1I9LSE8	748	1020	middle
A0A1P8AQ95	1	97	IDP
B3H5S0	1	39	N-terminal
B3H5S0	141	224	C-terminal
B3H603	1	34	IDP
F4HQZ1	427	538	C-terminal
F4I5G9	164	202	middle
F4IDC2	1	114	N-terminal
F4IDC2	441	471	middle
F4IDC2	626	744	middle
F4IDC2	850	1043	C-terminal
F4IE40	862	971	middle
F4IM73	446	496	C-terminal
F4J327	1	120	IDP
F4J3T8	1	46	N-terminal
F4J3T8	491	539	middle
F4J3T8	738	786	middle
F4J9G8	1	72	N-terminal
F4K295	1	96	N-terminal
F4K295	471	611	C-terminal
F4KH31	1	215	N-terminal
O22244	1	33	N-terminal
O22912	1	64	IDP
O81915	213	299	middle
P46644	1	53	N-terminal
Q058N0	1	125	N-terminal
Q058N0	391	495	C-terminal
Q0WVE8	1	35	N-terminal
Q0WVE8	418	637	C-terminal
Q38850	133	249	C-terminal
Q3E6U3	1	50	N-terminal
Q3ECD6	1	74	IDP
Q3EDA9	1	35	N-terminal
Q3MKM6	1	102	N-terminal
Q494N5	1	72	N-terminal
Q494N5	148	239	C-terminal
Q5S502	1	108	IDP
Q5UBY2	558	687	C-terminal
Q6DSS2	1	174	IDP
Q6NLZ1	1	225	IDP
Q84L31	75	185	middle
Q84L31	232	290	middle
Q8H0V5	1	184	N-terminal
Q8H0V5	237	275	middle
Q8L540	1	86	N-terminal
Q8S948	1	77	N-terminal
Q949Q2	1	62	IDP
Q94AB4	1	61	N-terminal
Q94BP0	1	187	N-terminal
Q94BP0	242	283	middle
Q94BP0	568	816	C-terminal
Q9C7Z7	106	200	middle
Q9C8Q4	1	105	N-terminal
Q9C8Q4	355	401	C-terminal
Q9C9Z0	532	582	C-terminal
Q9FE38	614	671	middle
Q9FI32	133	269	middle
Q9FI47	1	58	N-terminal
Q9FJP6	1	37	N-terminal
Q9FJP6	156	229	middle
Q9FJP6	509	556	C-terminal
Q9FKF4	1	68	N-terminal
Q9FKG2	1	103	N-terminal
Q9FKG2	169	201	C-terminal
Q9FNE5	1	67	N-terminal
Q9FRL3	1	34	N-terminal
Q9FVV6	1	35	N-terminal
Q9FZD2	1	39	N-terminal
Q9LK22	1	68	N-terminal
Q9LK22	185	251	C-terminal
Q9LNT3	1	193	IDP
Q9LRR4	1012	1054	C-terminal
Q9LTI0	1	100	N-terminal
Q9LXM0	1	41	N-terminal
Q9LXW1	1	49	N-terminal
Q9M0I7	207	257	middle
Q9M2D2	1	54	N-terminal
Q9M9H2	1	34	N-terminal
Q9SI07	1	121	N-terminal
Q9SKL6	1	33	N-terminal
Q9STG7	1	133	N-terminal
Q9SV97	1	57	N-terminal
Q9ZNU3	1	394	IDP
Q9ZR08	475	510	middle
Q9ZR08	807	852	C-terminal
A0A1I9LT05	1	50	N-terminal
A0A1P8B664	61	205	C-terminal
F4HNZ9	955	1005	C-terminal
F4I9F1	1102	1161	C-terminal
F4IE21	1	87	N-terminal
F4IM84	1	42	N-terminal
F4IM84	1008	1113	C-terminal
F4IMA2	1	279	N-terminal
F4IMA2	346	377	middle
F4IMA2	618	736	C-terminal
F4IST2	118	232	middle
F4IW19	326	557	C-terminal
F4J5A7	1	110	N-terminal
F4J5A7	188	354	middle
F4J5A7	485	987	C-terminal
F4JCD3	479	552	middle
F4JCD3	834	904	middle
F4JH58	1	47	N-terminal
F4JYA0	1	35	N-terminal
F4K200	76	208	middle
F4K200	382	426	C-terminal
F4K5S0	173	213	middle
F4K5S0	647	724	middle
F4K5S0	936	976	middle
O24527	1	243	N-terminal
O24527	529	701	middle
O49570	1	123	N-terminal
O49570	175	269	middle
O49570	403	650	C-terminal
O49743	1	156	N-terminal
O49743	203	240	C-terminal
O64871	175	210	middle
O65251	337	383	C-terminal
O82227	127	207	C-terminal
Q02283	1	68	N-terminal
Q02283	162	272	C-terminal
Q3ECY3	1	63	N-terminal
Q4V3B0	82	182	middle
Q4V3B0	234	501	C-terminal
Q5XVH6	1	61	N-terminal
Q67YA7	1	32	N-terminal
Q67YA7	176	329	C-terminal
Q84V22	1	73	N-terminal
Q8GXA1	1	51	N-terminal
Q8LF43	1	60	IDP
Q8LPQ8	239	498	middle
Q8VZ10	1	66	N-terminal
Q94AJ9	1	54	N-terminal
Q94AJ9	99	417	middle
Q94AJ9	478	514	middle
Q94CE6	1	342	N-terminal
Q9C5Q8	501	611	middle
Q9C6X2	1	54	N-terminal
Q9C7G4	1	77	N-terminal
Q9C7G4	115	375	C-terminal
Q9C7T1	1	133	IDP
Q9C8J2	1	106	N-terminal
Q9C9D4	1	45	N-terminal
Q9CA25	1	35	N-terminal
Q9CAG5	221	272	middle
Q9CAG5	355	418	middle
Q9CAG5	694	782	C-terminal
Q9FF46	1	36	N-terminal
Q9FF46	321	453	middle
Q9FF46	788	853	middle
Q9FIR0	61	92	middle
Q9FIR0	180	289	C-terminal
Q9FLI2	1	80	N-terminal
Q9FLI2	265	318	middle
Q9FLI2	366	520	middle
Q9FM43	309	353	C-terminal
Q9FMQ1	1	56	N-terminal
Q9LQN6	1	269	N-terminal
Q9LQN6	312	350	middle
Q9LSJ5	586	634	middle
Q9LW57	1	83	N-terminal
Q9M0L0	1	46	N-terminal
Q9M0L0	138	216	C-terminal
Q9S7L5	78	195	C-terminal
Q9SA95	1	167	N-terminal
Q9SCV9	1	33	N-terminal
Q9SGS2	211	262	middle
Q9SHJ7	1	125	IDP
Q9STL9	1	38	N-terminal
Q9SUC9	1	37	N-terminal
Q9SUY0	369	402	C-terminal
Q9SVN5	600	632	middle
Q9SXB5	1	36	N-terminal
Q9ZNS0	476	508	C-terminal
A0A1I9LSH4	1	73	N-terminal
A0A1I9LSH4	128	294	C-terminal
A0A1P8ATM2	1	89	IDP
A0A1P8AW86	1	69	IDP
A0JQ68	1	131	N-terminal
A8MS25	1	35	N-terminal
B3H4N6	1	68	IDP
B3H6H4	1	38	IDP
B3LFA3	297	336	C-terminal
B9DHG0	1	113	N-terminal
C0Z252	1	394	N-terminal
F4HPM6	1	68	N-terminal
F4HSR2	1	42	N-terminal
F4I460	1038	1099	middle
F4I460	1445	1500	C-terminal
F4IC43	1	47	N-terminal
F4ISH3	1	31	N-terminal
F4ISN5	1	101	N-terminal
F4JPR7	1	487	N-terminal
F4K7X7	1	74	N-terminal
O23086	409	497	C-terminal
O64556	844	877	C-terminal
Q0WLB5	1647	1703	C-terminal
Q2HIU1	1	114	N-terminal
Q38824	1	86	N-terminal
Q38861	1	57	N-terminal
Q38861	189	300	middle
Q38861	670	767	C-terminal
Q3E8J7	1	78	IDP
Q3E9C3	1	72	N-terminal
Q43295	1	80	N-terminal
Q4PSJ7	1	137	N-terminal
Q5PP65	1	252	IDP
Q66GR6	1	82	N-terminal
Q84WW5	129	180	middle
Q8GWL7	74	424	middle
Q8H0T4	671	715	middle
Q8H0T4	879	996	middle
Q8H0T4	1313	1363	middle
Q8H0T4	1496	1534	middle
Q8H0T4	1693	1795	middle
Q8H0T4	2004	2770	middle
Q8H0T4	2954	2992	middle
Q8H0T4	3098	3239	middle
Q8H0X0	1	110	N-terminal
Q8LCF7	1	94	N-terminal
Q8LED9	1	143	N-terminal
Q8LPT3	1	530	N-terminal
Q8LST2	445	557	C-terminal
Q8RXP4	1	108	N-terminal
Q8VYE5	348	385	middle
Q8VZN4	1	40	N-terminal
Q8VZN4	240	287	middle
Q8VZN4	335	439	C-terminal
Q8W104	1	123	N-terminal
Q9C6Z1	1	71	N-terminal
Q9C8E3	1	56	N-terminal
Q9CAD9	1	80	N-terminal
Q9FFD8	1	104	IDP
Q9FH24	1	396	IDP
Q9FL17	1	59	N-terminal
Q9FL17	154	229	middle
Q9FL17	514	550	C-terminal
Q9FMV5	1	42	N-terminal
Q9FMV5	161	250	C-terminal
Q9LJ52	1	125	IDP
Q9LMY8	1	93	N-terminal
Q9LN03	1	65	N-terminal
Q9LN03	522	641	C-terminal
Q9LRA7	1	61	N-terminal
Q9LSC1	1	76	N-terminal
Q9LSL9	1	77	N-terminal
Q9LXA5	617	651	C-terminal
Q9LYD9	94	1096	C-terminal
Q9LYE4	1	344	IDP
Q9LYK9	91	130	C-terminal
Q9M000	1	291	N-terminal
Q9M123	1	200	IDP
Q9M161	1	72	N-terminal
Q9M161	108	294	C-terminal
Q9M1K0	1	115	N-terminal
Q9M7Q4	1	339	N-terminal
Q9SD83	1	355	N-terminal
Q9SD83	393	566	C-terminal
Q9SSG5	362	458	middle
Q9SSG5	616	683	C-terminal
Q9SSG6	114	400	C-terminal
Q9SXE5	1	94	N-terminal
Q9SXE5	196	280	C-terminal
Q9XI29	1	148	IDP
Q9ZU86	1	130	N-terminal
Q9ZU86	404	438	C-terminal
A0A1I9LM43	1	54	IDP
A0A1I9LPW5	1	61	N-terminal
A0A1I9LRC2	1	61	N-terminal
A0A1I9LTJ3	132	287	middle
A0A1I9LTJ3	396	652	C-terminal
A0A1P8AR64	1	224	IDP
A4IJ37	1	135	N-terminal
B3H6T0	1	46	N-terminal
B7ZWR6	233	444	middle
F4HVJ3	1	224	N-terminal
F4I350	1	58	N-terminal
F4IJF2	1	72	N-terminal
F4IQ07	1	531	N-terminal
F4JFZ6	1	63	N-terminal
F4JHW4	50	281	middle
F4JHW4	482	556	C-terminal
O64639	1	72	N-terminal
O64639	250	544	middle
O80572	465	507	C-terminal
O82170	1	402	IDP
O82328	1	44	N-terminal
O82743	171	219	C-terminal
P0C8R0	1	77	N-terminal
P51566	1	87	N-terminal
Q11207	96	142	middle
Q2LAE1	1	965	N-terminal
Q2LAE1	1176	1374	middle
Q2LAE1	1488	1759	C-terminal
Q4PSX8	1	71	N-terminal
Q4V3C8	1	33	N-terminal
Q4V3C8	295	375	middle
Q5XV49	1	131	IDP
Q84VX7	1	84	N-terminal
Q8L4Q6	1	183	N-terminal
Q8L4Q6	686	736	C-terminal
Q8L7G0	346	557	middle
Q8VYN2	1	106	N-terminal
Q96242	1	45	N-terminal
Q9C6K0	1	31	N-terminal
Q9C6K0	146	323	C-terminal
Q9FH14	1	811	IDP
Q9FKZ7	361	394	C-terminal
Q9FRR2	99	416	middle
Q9FRR2	542	631	middle
Q9FWS3	1	106	N-terminal
Q9FWS3	190	435	C-terminal
Q9FX03	1	34	N-terminal
Q9FX25	394	506	middle
Q9FYA6	1	77	N-terminal
Q9LDZ0	1	60	N-terminal
Q9LDZ0	647	682	C-terminal
Q9LFE4	1	100	N-terminal
Q9LFE4	397	459	middle
Q9LFE4	667	853	C-terminal
Q9LFN7	1	189	IDP
Q9LH85	65	115	C-terminal
Q9LJ50	1	35	N-terminal
Q9LJ50	376	440	C-terminal
Q9LJ92	80	110	C-terminal
Q9LK71	1	92	N-terminal
Q9LMN8	699	741	C-terminal
Q9LTX0	1	107	N-terminal
Q9LUK7	234	348	middle
Q9LVI1	1	153	IDP
Q9LVN7	1	89	N-terminal
Q9LYE7	1	31	N-terminal
Q9M2K8	180	256	C-terminal
Q9M3H5	1	100	N-terminal
Q9SFV0	1	122	N-terminal
Q9SIE3	1	68	N-terminal
Q9SJ50	1	68	N-terminal
Q9SK74	1	60	N-terminal
Q9SK74	271	371	C-terminal
Q9SKP5	86	131	C-terminal
Q9SSA5	1	85	N-terminal
Q9STS3	1	90	N-terminal
Q9SZE0	55	200	C-terminal
Q9SZZ4	177	255	C-terminal
Q9T061	189	228	middle
Q9ZPH2	92	134	middle
Q9ZQ12	1	244	IDP
Q9ZQE5	1	207	N-terminal
Q9ZVE0	1	41	N-terminal
Q9ZVX5	692	743	C-terminal
A0A1P8ANK5	1	83	IDP
A0A1P8AXZ1	1	81	N-terminal
A0A1P8B9N5	101	206	middle
A0A1P8B9N5	247	302	middle
A3KPF5	1	70	N-terminal
F4I240	431	467	middle
F4I240	1146	1208	C-terminal
F4ICW8	1	131	N-terminal
F4ICW8	180	249	C-terminal
F4IE17	1	64	N-terminal
F4IIZ5	1	62	N-terminal
F4ISV6	496	537	C-terminal
F4IZC0	1	34	N-terminal
F4JBX1	1	143	IDP
F4K3X4	1	440	IDP
F4KFX1	1	105	N-terminal
F4KFX1	580	621	C-terminal
O23372	1	626	N-terminal
O23372	780	1080	middle
O23372	1126	1162	middle
O23372	1321	1400	middle
O23372	1461	1610	middle
O49435	1	34	N-terminal
O49550	70	249	C-terminal
O80434	285	344	middle
P93748	1	45	N-terminal
Q0WMT6	545	631	C-terminal
Q0WMY5	1	162	N-terminal
Q0WMY5	908	952	C-terminal
Q147G5	1	161	N-terminal
Q147G5	406	436	C-terminal
Q58FY7	1	48	N-terminal
Q5MFV6	1	44	N-terminal
Q5PP26	1	38	N-terminal
Q67YS0	80	245	C-terminal
Q84WQ5	1	43	N-terminal
Q84WQ5	299	334	middle
Q8GUJ6	1	58	N-terminal
Q8GUJ6	174	352	C-terminal
Q8H173	214	280	C-terminal
Q8L637	1	142	N-terminal
Q8LFU0	1	74	N-terminal
Q8LFU0	162	269	C-terminal
Q8RXD4	83	557	middle
Q8RXD4	883	941	C-terminal
Q8RXQ4	1	61	N-terminal
Q8VZ79	66	125	middle
Q9AST9	1	69	N-terminal
Q9C8C9	1	113	N-terminal
Q9FGK0	1	45	N-terminal
Q9FGL5	935	966	C-terminal
Q9FMD3	1	52	N-terminal
Q9FN13	52	176	C-terminal
Q9FN94	523	554	middle
Q9FN94	836	868	C-terminal
Q9FPQ8	134	180	middle
Q9FUR2	1	98	N-terminal
Q9FUR2	168	371	middle
Q9LFF1	1	65	N-terminal
Q9LFT2	150	183	middle
Q9LFT2	283	321	middle
Q9LUS3	1	35	N-terminal
Q9LYT3	1	31	N-terminal
Q9LYZ0	1	87	N-terminal
Q9LYZ0	291	632	C-terminal
Q9LZS3	1	67	N-terminal
Q9LZV4	1	63	N-terminal
Q9M1G3	618	669	C-terminal
Q9M371	42	176	middle
Q9M371	215	790	C-terminal
Q9SCQ7	153	447	C-terminal
Q9SJW7	363	415	C-terminal
Q9SLC6	1	203	N-terminal
Q9SLD9	1	88	N-terminal
Q9SLL2	1	266	N-terminal
Q9SLL2	309	366	C-terminal
Q9SZA8	1	86	IDP
Q9SZA9	232	292	C-terminal
Q9T045	1	44	N-terminal
Q9ZVD5	1	41	N-terminal
Q9ZVD5	157	188	middle
A0A1P8ASU7	1	185	N-terminal
A0A1P8AWH8	1	65	N-terminal
F4HZC3	1	49	N-terminal
F4I8U2	1	60	N-terminal
F4JHM9	1	335	N-terminal
F4JHM9	580	629	middle
F4JHM9	1756	1913	C-terminal
F4KH13	1	97	N-terminal
F4KH13	230	261	C-terminal
O22254	155	188	C-terminal
O49730	1	112	N-terminal
O65919	1	73	IDP
O80494	227	289	C-terminal
P0CB19	1	110	IDP
P0DKI6	1	31	N-terminal
P43292	296	353	C-terminal
Q0WQ75	1	49	N-terminal
Q0WQ75	261	293	middle
Q0WQ75	615	654	middle
Q1G3G7	1	85	IDP
Q1PEY6	1	106	N-terminal
Q3EBD7	1	172	N-terminal
Q3EDL4	1	134	N-terminal
Q3EDL4	436	472	C-terminal
Q58G48	1	176	IDP
Q6BDA0	190	256	middle
Q6BDA0	515	641	middle
Q6BDA0	778	1228	middle
Q6R0E4	149	337	middle
Q8GW83	1	67	IDP
Q8GXQ7	125	168	middle
Q8GYL6	1	59	N-terminal
Q8RY25	1	858	N-terminal
Q8VY58	1	54	N-terminal
Q8VY58	171	277	C-terminal
Q8VZJ0	1	43	N-terminal
Q8VZJ0	374	425	middle
Q8W4N1	1	109	N-terminal
Q8W4N1	288	330	middle
Q8W4N1	472	563	C-terminal
Q93ZW0	1	139	N-terminal
Q94AJ7	1	79	IDP
Q94B75	291	326	C-terminal
Q9C688	1	55	N-terminal
Q9C688	315	352	C-terminal
Q9C892	1	67	N-terminal
Q9C9K5	176	210	middle
Q9FE25	115	248	C-terminal
Q9FK12	1	354	IDP
Q9FLF7	1	55	N-terminal
Q9FNP0	1	173	IDP
Q9FXG0	1	46	N-terminal
Q9FXI0	1	42	N-terminal
Q9LDZ5	1	63	N-terminal
Q9LFC5	1	58	N-terminal
Q9LNG5	507	582	middle
Q9LNG5	784	829	middle
Q9LNG5	900	932	middle
Q9LNG5	972	1340	C-terminal
Q9LPW4	1	73	N-terminal
Q9LRY0	1	142	N-terminal
Q9LTA2	1	79	N-terminal
Q9LTA2	211	276	C-terminal
Q9LTC4	118	285	C-terminal
Q9LV10	1	40	N-terminal
Q9LYX1	261	320	middle
Q9LZ76	1	64	N-terminal
Q9LZ90	1	128	N-terminal
Q9M0C3	1	31	N-terminal
Q9M0G1	1	31	N-terminal
Q9SGR1	1	129	IDP
Q9SI16	1	38	N-terminal
Q9SIL9	1	136	IDP
Q9SN43	293	341	middle
Q9SN43	442	489	C-terminal
Q9SR66	1	416	N-terminal
Q9SR66	576	815	middle
Q9SR66	992	1113	middle
Q9SU08	1	771	N-terminal
Q9SYA9	1	154	N-terminal
Q9SYA9	246	300	middle
Q9ZQC8	1	56	N-terminal
Q9ZUC4	1	295	IDP
A0A1I9LS70	1	185	N-terminal
A0A1P8AXP5	1	31	N-terminal
B3H775	1	69	IDP
F4HQT8	96	165	middle
F4IAM4	461	577	C-terminal
F4IFC5	1	69	N-terminal
F4IHC4	426	532	C-terminal
F4IYK6	923	1010	C-terminal
F4JA77	1	214	IDP
F4JF59	1	31	N-terminal
F4JF59	155	189	C-terminal
F4JWP9	1	54	N-terminal
F4K1J4	1	123	N-terminal
F4K1J4	186	249	middle
F4K1J4	377	442	middle
F4K1J4	488	702	middle
F4K1J4	752	1236	middle
O23137	1	105	N-terminal
O23193	1	81	N-terminal
O48533	1	259	IDP
O82487	1	79	N-terminal
P46283	1	71	N-terminal
P93750	504	1215	C-terminal
Q0IGM8	59	131	C-terminal
Q1G3T0	75	239	C-terminal
Q5XUY2	1	110	IDP
Q5YDB5	430	661	middle
Q5YDB5	729	770	C-terminal
Q66GS2	1	110	N-terminal
Q8LAJ7	94	127	middle
Q8LAJ7	207	292	C-terminal
Q8LCQ4	1	55	N-terminal
Q8LPS6	1	61	N-terminal
Q8RWF8	56	229	middle
Q8W4R8	84	130	middle
Q8W4R8	447	568	middle
Q93VH2	1	92	N-terminal
Q93VM9	492	599	C-terminal
Q94HV8	192	290	middle
Q94KE1	1	139	N-terminal
Q9C557	64	97	middle
Q9C557	181	249	C-terminal
Q9C587	1	203	N-terminal
Q9C587	280	338	middle
Q9C587	844	956	C-terminal
Q9C5T3	1	131	N-terminal
Q9C5T3	168	222	middle
Q9C5W7	196	280	C-terminal
Q9FHI8	402	463	middle
Q9FI08	94	169	C-terminal
Q9FIM4	1	103	N-terminal
Q9FIM4	194	430	C-terminal
Q9FKV9	1	106	N-terminal
Q9FKV9	422	644	C-terminal
Q9FLT7	1	118	N-terminal
Q9FNA1	1	73	N-terminal
Q9FYL3	1	41	N-terminal
Q9FYL3	360	499	C-terminal
Q9LM25	1	83	N-terminal
Q9LMG7	592	656	C-terminal
Q9LPR9	1	56	N-terminal
Q9LUK3	1	88	N-terminal
Q9LUK3	297	346	middle
Q9LUK3	469	499	C-terminal
Q9LV36	1	41	N-terminal
Q9LV36	101	131	middle
Q9LV36	298	335	C-terminal
Q9LVG2	1	160	N-terminal
Q9LVG2	247	485	C-terminal
Q9LVU8	1	145	N-terminal
Q9LVU8	223	256	C-terminal
Q9LVW9	1	43	N-terminal
Q9LW36	261	322	middle
Q9LYH4	1	181	IDP
Q9LZ30	1	154	N-terminal
Q9LZ30	274	398	middle
Q9LZ30	644	706	middle
Q9LZN0	1	66	N-terminal
Q9LZN0	431	546	C-terminal
Q9M0P7	139	200	C-terminal
Q9M0U6	273	307	C-terminal
Q9M129	331	361	C-terminal
Q9M172	273	311	middle
Q9M1H8	1	36	N-terminal
Q9SD61	153	352	C-terminal
Q9SF32	1	95	N-terminal
Q9SF32	262	454	C-terminal
Q9SGH4	1	100	N-terminal
Q9SII1	1	516	N-terminal
Q9SKI2	150	225	C-terminal
Q9SLA8	1	86	N-terminal
Q9SR34	1	35	N-terminal
Q9SR34	71	172	C-terminal
Q9SUG1	1	60	N-terminal
Q9SV00	1	90	IDP
Q9T022	1	151	IDP
Q9T024	313	345	C-terminal
A0A178VGS0	140	264	C-terminal
A0A1P8AZ82	1	72	IDP
A8MRU4	1	122	N-terminal
B3H5R2	1	57	IDP
F4HRW0	1	59	N-terminal
F4I5P7	157	601	C-terminal
F4JSW8	1	36	N-terminal
O49457	72	172	middle
O64752	1	56	N-terminal
O64752	129	179	middle
O65691	1	44	N-terminal
O80770	1	125	N-terminal
O80770	652	682	middle
O80770	729	880	middle
P25702	1	62	N-terminal
P49597	1	125	N-terminal
P54967	1	40	N-terminal
P93046	1	37	N-terminal
Q0WPU1	1051	1114	middle
Q0WPU1	1459	1522	C-terminal
Q2V2R0	1	159	IDP
Q3E6P4	1	93	N-terminal
Q3EAC2	1	77	IDP
Q3ECB7	1	96	IDP
Q42440	1	64	N-terminal
Q5HZ36	1	358	N-terminal
Q682J5	1	77	N-terminal
Q6DBN3	1	35	N-terminal
Q6QPM2	1	211	IDP
Q8GS41	1	144	N-terminal
Q8L611	468	563	middle
Q8L611	777	1026	middle
Q940H8	402	532	C-terminal
Q94AB2	1	78	N-terminal
Q94AB2	259	533	middle
Q94F30	1	197	N-terminal
Q96261	1	185	IDP
Q96289	1	227	IDP
Q9C7V7	1	47	N-terminal
Q9C7V7	83	119	middle
Q9C8V1	1	98	N-terminal
Q9FLU8	1	64	N-terminal
Q9FME0	109	181	middle
Q9FMP5	1	69	N-terminal
Q9FN48	1	69	N-terminal
Q9FN48	111	181	middle
Q9FT70	1	38	N-terminal
Q9FT70	120	295	middle
Q9FT70	353	451	middle
Q9FT70	977	1031	middle
Q9FT70	1101	1150	C-terminal
Q9FX16	203	308	C-terminal
Q9LFQ0	1	62	N-terminal
Q9LJL9	1	133	N-terminal
Q9LK80	403	469	middle
Q9LMZ9	1	43	N-terminal
Q9LXS1	1	62	N-terminal
Q9LXS1	200	245	middle
Q9LY15	1	46	N-terminal
Q9LZ45	1	38	N-terminal
Q9M3B2	1	31	N-terminal
Q9MB58	1	40	N-terminal
Q9MB58	166	336	middle
Q9S724	1	43	N-terminal
Q9S7R2	269	316	middle
Q9SGW9	132	290	middle
Q9SHF3	1	156	N-terminal
Q9SHF3	971	1014	C-terminal
Q9SIN4	295	344	C-terminal
Q9STX0	1	273	N-terminal
Q9STZ2	1	47	N-terminal
Q9SU28	1	101	IDP
Q9XI78	1	52	N-terminal
Q9XIE0	1	52	N-terminal
Q9XIE0	90	467	middle
Q9XIE0	871	929	C-terminal
Q9ZPZ8	1	75	N-terminal
Q9ZPZ8	146	301	C-terminal
Q9ZQ36	1	282	N-terminal
Q9ZQP7	1	61	IDP
A0A1I9LN98	1	124	N-terminal
A0A1I9LN98	180	267	middle
A0A1I9LN98	604	682	C-terminal
A0A1I9LQT8	1	66	IDP
A0A1P8ANT8	1	115	IDP
A0A1P8ARE9	1	73	N-terminal
A0A1P8AUX0	1	113	IDP
A0A1P8B398	1	69	IDP
A0A1P8BC41	1	77	IDP
A8MQI6	1	650	N-terminal
B3H783	1	36	N-terminal
F4I131	101	180	middle
F4I131	427	535	middle
F4I131	594	671	middle
F4I131	855	928	C-terminal
F4IMH3	226	273	middle
F4IMH3	439	484	middle
F4ISY0	1	63	N-terminal
F4ISY0	373	522	C-terminal
F4ITP5	1	41	N-terminal
F4IZB4	1	49	N-terminal
F4J1G1	1	92	N-terminal
F4J1G1	206	274	middle
F4J1G1	490	576	C-terminal
F4JNY0	89	125	middle
F4JNY0	368	538	middle
F4JSG3	113	225	middle
F4JSG3	661	784	C-terminal
F4JSG8	1	97	N-terminal
F4K383	1	53	N-terminal
O49668	1	113	N-terminal
O65373	1	56	N-terminal
O65420	113	330	middle
O65420	425	559	middle
O65420	610	713	C-terminal
O80397	1	87	N-terminal
O80397	321	366	C-terminal
P27483	1	349	IDP
P47925	1	140	IDP
P92553	1	52	N-terminal
P92553	93	145	C-terminal
Q1ECL9	70	263	C-terminal
Q3E9D9	125	196	middle
Q3E9D9	235	400	middle
Q3E9D9	590	655	middle
Q56XZ5	1	120	N-terminal
Q56XZ5	188	517	C-terminal
Q5XUY3	198	402	middle
Q67XK9	1	31	N-terminal
Q67XK9	178	310	middle
Q84JS3	101	141	C-terminal
Q8LBI9	1	36	N-terminal
Q8LBZ4	1	64	N-terminal
Q8VZU2	1	32	N-terminal
Q94A02	1	74	N-terminal
Q94AG6	1	35	N-terminal
Q9C793	1	140	N-terminal
Q9C793	953	990	C-terminal
Q9C923	1	66	N-terminal
Q9C923	469	576	C-terminal
Q9FFZ6	1	47	N-terminal
Q9FG14	1	50	N-terminal
Q9FG14	175	397	middle
Q9FG14	481	518	C-terminal
Q9FJ07	133	342	C-terminal
Q9FLH9	1	188	N-terminal
Q9FLH9	272	373	middle
Q9FLI5	1	142	N-terminal
Q9FLI5	240	298	middle
Q9FM61	1	105	N-terminal
Q9FN83	114	146	middle
Q9FN83	1227	1295	C-terminal
Q9FNF2	1	109	N-terminal
Q9FT97	1	37	N-terminal
Q9LHF5	1	46	N-terminal
Q9LHF5	347	519	middle
Q9LNI3	1	204	IDP
Q9M2N5	1	73	N-terminal
Q9M2N5	115	154	middle
Q9M2W2	1	69	N-terminal
Q9MBA3	1	65	N-terminal
Q9MBA3	344	379	middle
Q9MBA3	481	599	C-terminal
Q9S9M5	1	38	N-terminal
Q9S9M5	688	730	C-terminal
Q9SI13	1	51	N-terminal
Q9SI13	326	372	middle
Q9SI13	427	490	middle
Q9SJ03	1	66	N-terminal
Q9SJN8	1	79	N-terminal
Q9SL23	1	154	IDP
Q9SR05	1	48	N-terminal
Q9SR05	407	500	middle
Q9SR05	795	850	C-terminal
Q9SZX8	1	79	N-terminal
Q9ZQ74	1	37	N-terminal
Q9ZU96	492	532	C-terminal
Q9ZUG3	1	43	N-terminal
A0A1I9LN07	1	74	IDP
A0A1P8ASI5	1	37	N-terminal
A0A1P8ASI5	614	675	middle
A0A1P8ASI5	968	1029	C-terminal
A0MES8	1	56	N-terminal
A0MES8	109	328	C-terminal
B3H5W2	1	46	IDP
F4HVG8	1	94	N-terminal
F4HVG8	223	267	middle
F4HVG8	387	430	middle
F4HXZ8	1	47	N-terminal
F4J3H8	1	160	N-terminal
F4J3H8	560	671	C-terminal
F4JRS4	1	162	N-terminal
F4JRS4	558	629	middle
F4JZ91	1	221	N-terminal
F4JZ91	329	362	middle
F4JZ91	478	530	C-terminal
F4JZS5	1	46	N-terminal
F4K5W8	800	836	C-terminal
O22259	1	49	N-terminal
O22259	104	171	C-terminal
O49519	1	75	IDP
O64654	1	78	N-terminal
O64654	234	275	C-terminal
O64835	1	167	IDP
O65708	176	217	C-terminal
O80702	1	80	N-terminal
P17094	1	31	N-terminal
P31168	1	265	IDP
Q0WVH0	1	95	N-terminal
Q0WVH0	553	594	C-terminal
Q1G385	1	87	IDP
Q39055	1	55	N-terminal
Q3E9I4	1	103	IDP
Q42529	1	49	N-terminal
Q56XC2	1	33	N-terminal
Q56YR0	1	991	IDP
Q7XJE6	1	80	N-terminal
Q84WE9	1	51	N-terminal
Q8GWB7	318	373	middle
Q8GWE0	1	102	N-terminal
Q8GX47	158	193	middle
Q8GX47	333	611	C-terminal
Q8H103	1	62	N-terminal
Q8L7T9	1	286	IDP
Q8L9J7	215	247	C-terminal
Q8S9M1	1	56	N-terminal
Q8VZ34	1	116	N-terminal
Q941E9	1	75	IDP
Q944B0	1	73	N-terminal
Q944C2	254	310	middle
Q944G9	1	48	N-terminal
Q949S7	1	35	N-terminal
Q94JS0	1	98	N-terminal
Q94K66	1	90	N-terminal
Q9ASW4	1	47	N-terminal
Q9ASW4	143	221	middle
Q9C516	1	172	N-terminal
Q9C5E7	1	507	N-terminal
Q9CA52	125	330	C-terminal
Q9CA74	200	317	middle
Q9CA74	423	457	middle
Q9M0Q7	84	154	C-terminal
Q9M2R9	1	33	N-terminal
Q9S828	1	79	N-terminal
Q9SD53	1	36	N-terminal
Q9SD53	242	274	middle
Q9SEZ4	1	109	N-terminal
Q9SHX3	1	104	IDP
Q9SJI0	1	267	IDP
Q9SJR1	1	74	IDP
Q9SK77	1	98	N-terminal
Q9SK77	155	582	middle
Q9SK92	1	31	N-terminal
Q9SK92	69	113	middle
Q9SK92	163	381	C-terminal
Q9SKX4	1	69	N-terminal
Q9STG1	1	134	N-terminal
Q9STU5	1	49	N-terminal
Q9STU5	173	235	middle
Q9SY17	1	295	N-terminal
Q9SYH0	1	42	N-terminal
Q9SZ99	1	106	IDP
Q9XID0	1	139	N-terminal
Q9XID0	444	603	middle
Q9XID0	907	1032	middle
Q9ZSL6	1	118	N-terminal
Q9ZU28	1	102	N-terminal
Q9ZU28	169	351	C-terminal
A0A1P8B0K8	1	55	N-terminal
A7RED5	1	46	N-terminal
A8MQD8	1	57	N-terminal
A8MQD8	155	187	C-terminal
A8MRQ3	1	35	N-terminal
F4HZT2	169	332	C-terminal
F4I004	85	287	C-terminal
F4I312	119	166	middle
F4IJ68	1	44	N-terminal
F4IJ68	930	987	middle
F4IJ68	2002	2042	middle
F4IJE1	65	98	middle
F4IJE1	296	471	middle
F4IJE1	657	787	middle
F4J9K9	1	673	IDP
F4JQR6	1	137	N-terminal
F4JQR6	193	235	middle
F4JS93	1	75	N-terminal
F4JWS5	1	113	IDP
F4JZQ4	1	33	N-terminal
F4K790	814	847	middle
F4K790	957	1051	C-terminal
F4KHG6	1	120	N-terminal
O64515	271	309	middle
O64515	497	527	C-terminal
O80503	1	41	N-terminal
O80503	227	282	middle
O82265	1	66	N-terminal
O82265	1020	1098	C-terminal
O82390	1	91	N-terminal
P0C883	1	315	N-terminal
P92539	1	159	IDP
P92958	343	380	middle
P93286	69	100	middle
P93286	147	183	middle
Q058M7	87	391	C-terminal
Q2EF88	1	31	N-terminal
Q500V5	1	34	N-terminal
Q570U6	79	114	C-terminal
Q66GP4	1	67	N-terminal
Q7Y214	1	159	N-terminal
Q7Y214	282	417	middle
Q7Y214	477	590	C-terminal
Q84TD8	1	53	N-terminal
Q84TD8	237	359	C-terminal
Q8GVE8	331	444	middle
Q8L7W7	1	48	N-terminal
Q8LAI1	1	33	N-terminal
Q8RXY4	126	197	middle
Q8S8H8	320	420	C-terminal
Q8S8P5	1	351	N-terminal
Q8S8P5	416	519	C-terminal
Q8VZP4	1	216	N-terminal
Q8VZP4	257	308	C-terminal
Q93Y37	1	126	N-terminal
Q94AC3	158	214	middle
Q94AC3	310	379	C-terminal
Q94JY0	1	38	N-terminal
Q9C5U8	1	51	N-terminal
Q9FIB4	1	87	N-terminal
Q9FIB4	633	678	C-terminal
Q9FJT6	1	37	N-terminal
Q9FL10	84	324	C-terminal
Q9FZK0	1	170	N-terminal
Q9FZK0	238	393	C-terminal
Q9LJY8	1	41	N-terminal
Q9LM21	1	200	IDP
Q9LQQ2	259	322	C-terminal
Q9LQX5	1	100	N-terminal
Q9LQX5	209	359	C-terminal
Q9LUR0	96	165	middle
Q9LUR0	203	329	middle
Q9LUR0	384	460	middle
Q9LUR0	594	683	C-terminal
Q9M1S9	1	40	N-terminal
Q9M1S9	168	389	middle
Q9M352	1	36	N-terminal
Q9M8M5	1	122	N-terminal
Q9SCJ8	1	180	N-terminal
Q9SEZ7	151	192	middle
Q9SEZ7	283	355	middle
Q9SJQ8	1	55	N-terminal
Q9SJQ8	253	327	C-terminal
Q9SLB6	1	55	N-terminal
Q9SLB6	109	244	C-terminal
Q9SRH9	1	53	N-terminal
Q9SRH9	202	332	middle
Q9SRH9	416	515	middle
Q9SRH9	744	1072	middle
Q9SSM9	135	214	C-terminal
A0A1I9LLL7	125	289	middle
A0A1I9LLL7	707	878	middle
A0A1I9LSH2	1	31	N-terminal
A0A1I9LSH2	1144	1197	C-terminal
A0A1P8BB94	1	108	IDP
A8MQI8	1	43	N-terminal
A8MR99	1	106	N-terminal
A8MR99	794	824	C-terminal
B3H4U3	1	57	IDP
B3H4Z7	1	40	N-terminal
B3H648	1	35	IDP
F4J8C0	1	43	N-terminal
F4JGU2	151	310	middle
F4JGU2	387	610	C-terminal
F4JW80	1	43	N-terminal
O24457	1	75	N-terminal
O48729	1	46	N-terminal
O49518	1	66	IDP
O64486	1	55	N-terminal
O64486	277	534	middle
O64486	1042	1112	C-terminal
O81515	1	98	N-terminal
P61837	1	42	N-terminal
P92979	1	81	N-terminal
P93735	1	92	N-terminal
Q1G3E1	1	125	IDP
Q1G3V9	1	45	N-terminal
Q2V4E2	1	86	IDP
Q38898	1	57	N-terminal
Q38898	716	802	C-terminal
Q3ECH0	372	454	C-terminal
Q4V399	226	272	middle
Q4V399	368	433	C-terminal
Q570R7	1	181	N-terminal
Q570R7	227	366	C-terminal
Q5XVK8	1	78	N-terminal
Q682S0	520	593	C-terminal
Q6DBB8	1	80	IDP
Q6IM91	1	55	IDP
Q84R17	1	126	IDP
Q84VQ0	1	48	N-terminal
Q84VQ0	863	896	C-terminal
Q84VY3	1	53	N-terminal
Q8GSJ1	1	76	N-terminal
Q8H1G0	1	302	IDP
Q8RWN2	241	276	middle
Q8VYA7	1	84	N-terminal
Q93WT0	1	101	N-terminal
Q93WT0	160	289	middle
Q93WT0	350	538	C-terminal
Q944M6	1	64	N-terminal
Q94C20	1	227	IDP
Q9C8Y5	1	33	N-terminal
Q9CAN6	1	46	N-terminal
Q9CAV2	1	79	N-terminal
Q9FEC1	1	92	N-terminal
Q9FFY9	1	341	N-terminal
Q9FFY9	399	540	middle
Q9FJ55	296	373	middle
Q9FJ55	451	483	C-terminal
Q9FJM5	1	54	N-terminal
Q9FL07	1	39	N-terminal
Q9FL07	198	376	C-terminal
Q9FLD5	310	343	middle
Q9FLD5	472	514	C-terminal
Q9FM11	1	105	N-terminal
Q9FNB5	1	98	N-terminal
Q9FNB5	357	414	middle
Q9LDZ1	1	219	IDP
Q9LHN6	129	170	middle
Q9LIM5	1	406	N-terminal
Q9LIM5	458	684	C-terminal
Q9LQL5	1	37	N-terminal
Q9LSI9	1	31	N-terminal
Q9LSI9	213	280	middle
Q9LT02	831	933	middle
Q9LUV9	202	400	C-terminal
Q9LW61	173	234	middle
Q9LXA7	1	152	N-terminal
Q9LXA7	286	413	middle
Q9LXA7	472	581	C-terminal
Q9SAF0	1	96	N-terminal
Q9SAF0	307	403	middle
Q9SG79	1	108	N-terminal
Q9SSB7	1	43	N-terminal
Q9SYB0	1	44	N-terminal
Q9T077	1	130	IDP
Q9T0H6	1	109	IDP
Q9ZVI1	1	56	N-terminal
Q9ZVI1	381	424	C-terminal
Q9ZWC5	1	39	N-terminal
A0A1P8AQG9	133	1948	C-terminal
A0A1P8B2I9	1	191	N-terminal
A0A1P8B2I9	229	259	middle
A8MR00	1	72	IDP
A8MS09	1	119	IDP
A8MS77	1	67	IDP
B3H4Z3	1	37	IDP
B9DGF6	1	91	N-terminal
C0LGQ4	239	370	middle
F4IZV9	1	82	N-terminal
F4J0D2	1	103	N-terminal
F4J0D2	406	476	C-terminal
F4JI46	1	35	N-terminal
F4JI46	304	430	C-terminal
F4JR96	1	51	N-terminal
F4JR96	137	321	middle
F4K813	1	46	N-terminal
F4KA06	230	296	C-terminal
F4KH99	1	31	N-terminal
F4KH99	221	279	middle
F4KH99	346	435	C-terminal
O04153	225	273	middle
O04153	380	424	C-terminal
O04523	1	76	N-terminal
O23053	1	74	N-terminal
P0DI11	1	95	N-terminal
P0DI11	167	359	C-terminal
P22953	618	651	C-terminal
Q1G3W3	1	110	IDP
Q5E915	384	547	C-terminal
Q5G1S8	1	112	N-terminal
Q5HZ00	1	80	N-terminal
Q683G3	74	165	middle
Q6NMC1	1	105	N-terminal
Q84W80	1	32	N-terminal
Q8L745	95	879	C-terminal
Q8RWM7	1	67	N-terminal
Q8RXQ1	1	52	N-terminal
Q8S2T0	1	33	N-terminal
Q8S2T0	610	647	middle
Q8S2T0	755	788	C-terminal
Q8S403	1	106	N-terminal
Q8S403	163	248	middle
Q8VYR5	1	34	N-terminal
Q94AP3	358	389	C-terminal
Q94JM2	1	72	N-terminal
Q9CAV5	96	208	C-terminal
Q9FJG9	1	32	N-terminal
Q9FKH1	1	40	N-terminal
Q9FLD3	58	386	C-terminal
Q9FLL5	146	298	middle
Q9FLL5	342	377	middle
Q9FLL5	419	462	middle
Q9FMJ6	1	80	IDP
Q9FX63	187	409	C-terminal
Q9FX85	1	50	N-terminal
Q9FXE0	1	75	N-terminal
Q9LER0	1	46	N-terminal
Q9LIH9	1	75	N-terminal
Q9LIH9	527	568	C-terminal
Q9LPI5	1	168	N-terminal
Q9LTB0	721	752	C-terminal
Q9LU25	1	61	N-terminal
Q9LVR4	1	60	N-terminal
Q9LXI9	1	103	N-terminal
Q9LYG3	1	34	N-terminal
Q9LYL6	1	64	N-terminal
Q9LYL6	130	217	middle
Q9LYL6	371	446	C-terminal
Q9LZ12	1	56	N-terminal
Q9SJM4	1	64	N-terminal
Q9SJM4	122	343	middle
Q9SK66	1	74	N-terminal
Q9SL02	685	731	middle
Q9SMT4	1	51	N-terminal
Q9STH5	1	36	N-terminal
Q9STH5	118	161	C-terminal
Q9SV25	66	245	middle
Q9SV25	289	379	C-terminal
Q9SW60	1081	1234	C-terminal
Q9XIN1	432	506	C-terminal
Q9ZUU3	1	82	N-terminal
Q9ZW82	1	33	N-terminal
A0A1P8AZS3	1	33	IDP
A0A1P8B3J6	1	64	IDP
A4IJ41	1	128	N-terminal
A8MS85	1	290	N-terminal
A8MS85	1417	1647	C-terminal
B3H7I2	1	70	N-terminal
B3H7I2	156	300	C-terminal
F4INT5	1	705	IDP
F4IQ29	1	302	N-terminal
F4IQ29	643	690	middle
F4IQ29	825	916	C-terminal
F4J3A9	277	461	C-terminal
F4JHJ5	1	66	IDP
F4JZL7	71	587	C-terminal
F4KB17	301	668	middle
O22781	1	59	N-terminal
O48689	73	156	middle
O48689	239	373	middle
O48689	572	681	middle
O49505	1	67	N-terminal
O81645	740	912	middle
O82248	1	54	N-terminal
P11035	1	78	N-terminal
P29386	191	252	C-terminal
Q05999	1	173	N-terminal
Q05999	357	413	middle
Q05999	531	578	C-terminal
Q0WT24	1	203	N-terminal
Q1PDP9	1	157	N-terminal
Q1PDP9	256	306	middle
Q42510	230	304	middle
Q42510	906	978	middle
Q56X46	1	101	N-terminal
Q56X46	470	673	C-terminal
Q5Q0A4	1	307	IDP
Q8GUI4	1	68	N-terminal
Q8GUI4	380	433	C-terminal
Q8H1N2	1	79	N-terminal
Q8L7K4	1	50	N-terminal
Q8L866	1	81	N-terminal
Q8VZ74	1	125	N-terminal
Q8VZP6	1	45	N-terminal
Q93Z92	1	95	N-terminal
Q93Z92	166	197	middle
Q93ZC5	1	79	N-terminal
Q93ZH0	338	416	C-terminal
Q940P0	1	35	N-terminal
Q949S2	1	212	IDP
Q9CAT7	1	38	N-terminal
Q9CAT7	122	165	C-terminal
Q9FHN2	1	33	N-terminal
Q9FIG9	1	78	N-terminal
Q9FIG9	573	679	middle
Q9FK23	1	71	N-terminal
Q9FL28	785	879	middle
Q9FL67	1	36	N-terminal
Q9FLB6	1	56	N-terminal
Q9FLC8	1	39	N-terminal
Q9FLE8	1	107	N-terminal
Q9FM71	1	235	N-terminal
Q9FM71	333	710	C-terminal
Q9LIA7	1	127	N-terminal
Q9LKA0	1	44	N-terminal
Q9LKA0	192	259	C-terminal
Q9LQC9	1	40	N-terminal
Q9LUZ9	58	134	middle
Q9LUZ9	207	308	C-terminal
Q9LXJ1	1	71	N-terminal
Q9LXK9	189	249	C-terminal
Q9LY74	1	68	N-terminal
Q9M0J5	172	282	C-terminal
Q9M900	226	263	middle
Q9SA00	275	310	C-terminal
Q9SIZ4	1	138	N-terminal
Q9SJK7	1	57	N-terminal
Q9SJK7	111	188	C-terminal
Q9SU93	1	39	N-terminal
Q9SU93	168	306	C-terminal
Q9SUT1	162	314	middle
Q9SY14	718	785	C-terminal
Q9SYS7	265	331	middle
Q9XEE6	314	597	C-terminal
Q9XIK0	1	71	N-terminal
Q9ZT48	1	32	N-terminal
Q9ZT48	111	154	middle
Q9ZT48	221	320	middle
Q9ZT48	509	579	middle
Q9ZVX2	166	321	middle
Q9ZVX2	367	432	middle
Q9ZVX2	503	571	C-terminal
A0A1P8APN6	1	100	IDP
A0A1P8AW87	172	323	middle
A0A1P8AW87	720	762	C-terminal
A0A1P8BDX3	71	203	middle
A0A1P8BDX3	341	518	middle
B3H5J2	1	96	IDP
F4IDH6	207	393	middle
F4IDH6	494	561	C-terminal
F4ITW3	1	79	N-terminal
F4JDT6	99	166	C-terminal
F4JL02	1	34	N-terminal
F4JM55	1	65	N-terminal
F4JM55	113	395	C-terminal
F4JP46	1	39	N-terminal
F4JVH1	1	193	N-terminal
F4JVH1	308	384	middle
F4JVH1	557	609	middle
F4JVH1	819	907	C-terminal
F4K8J6	126	216	C-terminal
O22881	630	718	middle
O49336	1	111	N-terminal
O82799	1	32	N-terminal
O82799	150	310	C-terminal
P48006	77	145	middle
P54120	1	41	N-terminal
P55229	1	89	N-terminal
P61827	1	31	N-terminal
P61827	91	307	C-terminal
Q2V3H0	1	95	N-terminal
Q38806	1	36	N-terminal
Q4VP09	1	43	N-terminal
Q5XV90	1	55	N-terminal
Q6IM82	1	48	IDP
Q84R11	1	55	N-terminal
Q8L775	1	356	N-terminal
Q8LBX7	54	116	C-terminal
Q8LPF3	1	47	N-terminal
Q8RWY4	1	91	N-terminal
Q8RWY4	462	559	middle
Q8RWY4	596	729	middle
Q8VYK9	301	435	C-terminal
Q8VZJ9	1	104	N-terminal
Q8W4R9	361	398	C-terminal
Q93WJ9	1	224	N-terminal
Q93WJ9	273	403	C-terminal
Q94BS2	1	86	N-terminal
Q9ASU6	1	70	N-terminal
Q9ASU6	310	506	middle
Q9C5W0	1	68	N-terminal
Q9C5W0	153	236	middle
Q9C7S0	1	153	N-terminal
Q9C7S0	248	295	C-terminal
Q9C8E7	857	933	C-terminal
Q9FY69	65	277	middle
Q9LIG6	1	96	N-terminal
Q9LMC8	150	293	middle
Q9LMC8	409	463	middle
Q9LMX6	139	272	middle
Q9LMX6	349	428	C-terminal
Q9LNZ0	1	173	N-terminal
Q9LT38	197	251	middle
Q9LT85	1	118	N-terminal
Q9LV52	181	330	C-terminal
Q9LXD4	217	269	middle
Q9LXF8	1	32	N-terminal
Q9LZF2	1	82	N-terminal
Q9M165	1	88	N-terminal
Q9M9X9	1	70	N-terminal
Q9MAB1	1	35	IDP
Q9MAH1	1	218	N-terminal
Q9S9V9	84	175	middle
Q9S9V9	416	449	C-terminal
Q9SI97	53	156	C-terminal
Q9SIZ5	1	83	N-terminal
Q9SIZ5	137	410	C-terminal
Q9SJA8	67	234	middle
Q9SL29	1	52	N-terminal
Q9SL29	646	678	C-terminal
Q9SMN4	1	62	N-terminal
Q9SNC0	1	35	N-terminal
Q9SNC0	81	125	middle
Q9SX68	1	77	N-terminal
Q9XI47	74	121	middle
Q9ZQ19	1	40	N-terminal
Q9ZQ19	170	218	middle
Q9ZUV4	274	317	middle
Q9ZVP8	1	52	N-terminal
Q9ZVP8	198	414	C-terminal
Q9ZWI7	1	34	N-terminal
A0A1I9LLC9	1	51	IDP
A0A1P8AR40	1	64	IDP
A0A1P8AWP1	1	73	N-terminal
A0A1P8AWP1	403	450	middle
A0A1P8AWP1	616	671	C-terminal
A0A1P8AX67	1	150	IDP
A0A1P8B0G6	1	319	IDP
A0A1P8BBQ8	1	71	N-terminal
A4FVR1	69	575	C-terminal
A7XDQ9	1	114	N-terminal
F4I1G1	55	831	C-terminal
F4IF36	1	112	N-terminal
F4IF36	149	232	middle
F4IF36	624	694	middle
F4IV45	533	720	middle
F4JAZ8	325	367	C-terminal
F4JKH6	125	194	middle
F4JKH6	509	545	middle
F4JKH6	593	660	middle
F4JKH6	1121	1819	C-terminal
O04608	1	99	N-terminal
O23523	1	355	IDP
O64793	457	504	middle
O64793	784	818	C-terminal
O81006	1	45	N-terminal
P10796	1	57	N-terminal
P42825	75	119	middle
P42825	365	419	C-terminal
P56786	1	1735	N-terminal
P56786	1918	2294	C-terminal
Q0WPK3	1	36	N-terminal
Q0WPK3	289	321	middle
Q0WR94	1	50	IDP
Q1G395	1	40	N-terminal
Q1G3Y2	1	52	IDP
Q42536	1	90	N-terminal
Q5XEZ8	328	418	middle
Q5XVC2	613	715	C-terminal
Q6NMD7	1	129	IDP
Q6NQN5	218	263	C-terminal
Q8GYT4	1	64	N-terminal
Q8GZ99	1	32	N-terminal
Q8GZ99	909	953	C-terminal
Q8LBW3	126	193	C-terminal
Q8S8A8	1	112	IDP
Q8VY54	1	136	IDP
Q8W566	1	76	N-terminal
Q9C5J6	1	49	N-terminal
Q9C7S3	1	71	N-terminal
Q9C9U9	1	42	N-terminal
Q9FI17	1	37	N-terminal
Q9FJ06	1	87	N-terminal
Q9FK86	1	139	IDP
Q9FKN6	1	185	N-terminal
Q9FKN6	302	435	C-terminal
Q9FM68	1	89	N-terminal
Q9FMW8	1	74	N-terminal
Q9FNH6	1	39	N-terminal
Q9LDU5	1	274	IDP
Q9LEX1	416	510	C-terminal
Q9LHF8	1	114	N-terminal
Q9LNB2	1	168	N-terminal
Q9LTP6	1	43	N-terminal
Q9LY29	1	94	N-terminal
Q9LY29	146	263	C-terminal
Q9M0W8	70	129	C-terminal
Q9M1H3	1	108	N-terminal
Q9M1H3	429	473	middle
Q9M354	125	459	C-terminal
Q9M840	315	459	middle
Q9M840	539	640	C-terminal
Q9M8T5	1	90	N-terminal
Q9M8T5	383	414	middle
Q9M8T5	657	806	C-terminal
Q9S726	1	42	N-terminal
Q9SGH5	1	180	IDP
Q9SI19	1	65	N-terminal
Q9SI19	113	222	C-terminal
Q9SI57	1	123	IDP
Q9SZP1	121	282	C-terminal
Q9ZVG6	1	173	IDP
Q9ZVH0	140	418	C-terminal
A0A1I9LLT6	1	139	IDP
A0A1P8AN44	679	773	middle
A0A1P8B285	1	32	N-terminal
B3H4V9	1	46	N-terminal
B9DFG3	1	114	N-terminal
B9DHC9	1	138	N-terminal
B9DHC9	242	341	middle
B9DHC9	424	572	C-terminal
F4HRB9	220	263	C-terminal
F4IXN6	1	360	N-terminal
F4K5Q7	1	278	IDP
F4KAU9	160	201	middle
F4KAU9	292	542	C-terminal
O04093	1	42	N-terminal
O24610	114	154	middle
O24610	1204	1314	C-terminal
O48963	1	188	N-terminal
O48963	313	456	middle
O80668	1	139	N-terminal
O82204	1	143	IDP
O82660	1	65	N-terminal
O82811	1	44	N-terminal
O82811	498	530	C-terminal
P26568	1	61	N-terminal
P26568	127	274	C-terminal
P43291	302	363	C-terminal
P56820	1	167	N-terminal
P56820	551	591	C-terminal
P62126	1	31	N-terminal
P92534	1	114	IDP
Q1H537	1	78	N-terminal
Q56XW9	1	90	IDP
Q570C8	1	31	N-terminal
Q6NPF9	1	63	N-terminal
Q84J78	1	63	N-terminal
Q94AK4	1	180	N-terminal
Q94AK4	223	320	C-terminal
Q94JW8	1	118	N-terminal
Q94JW8	192	405	C-terminal
Q9C552	1	81	N-terminal
Q9C552	641	753	C-terminal
Q9C977	1	125	N-terminal
Q9FFS5	987	1085	C-terminal
Q9FFX4	1	161	IDP
Q9FHS6	1	48	N-terminal
Q9FHS6	145	178	middle
Q9FK72	1	39	N-terminal
Q9FK72	189	345	C-terminal
Q9FN16	1	302	IDP
Q9FV70	1	156	N-terminal
Q9FV70	337	396	C-terminal
Q9LHD1	606	655	middle
Q9LL84	601	643	middle
Q9LL84	907	1219	C-terminal
Q9LM84	1	211	IDP
Q9LPD7	1	96	N-terminal
Q9LQP3	1	152	IDP
Q9LR33	1	36	N-terminal
Q9LS26	1	32	N-terminal
Q9LY84	1	33	N-terminal
Q9LYJ1	1	217	IDP
Q9LZR8	452	482	C-terminal
Q9LZS1	1	389	N-terminal
Q9M272	1	33	N-terminal
Q9M811	1	90	N-terminal
Q9M811	448	543	C-terminal
Q9M9C6	310	377	middle
Q9SL76	1	74	N-terminal
Q9SL76	409	442	middle
Q9SMM8	1	88	N-terminal
Q9SMM8	207	388	middle
Q9SRL2	1	32	N-terminal
Q9SRL2	890	957	C-terminal
Q9SVU6	1	282	N-terminal
Q9SVU6	334	413	C-terminal
Q9SYH4	1	308	IDP
Q9XID9	77	132	C-terminal
Q9ZSJ0	1	77	N-terminal
Q9ZSY2	348	410	C-terminal
Q9ZUE2	1	40	N-terminal
Q9ZUX7	434	466	C-terminal
Q9ZVX1	1	113	N-terminal
Q9ZVX1	369	436	middle
Q9ZVX1	489	532	middle
Q9ZVX1	573	829	middle
A0A1P8AYU7	1	418	IDP
A0A1P8B013	1	165	IDP
A0A1P8B724	1	484	IDP
A0A1P8BH56	1	61	IDP
A8MR45	1	434	N-terminal
B3H672	1	46	N-terminal
B3H7A1	1	81	IDP
B3LF48	107	147	middle
F4HPN2	1	156	N-terminal
F4HPN2	285	396	middle
F4HPN2	451	572	middle
F4HPN2	822	858	middle
F4HPN2	944	1042	C-terminal
F4HR11	1	146	N-terminal
F4HR11	467	540	middle
F4HR11	586	971	C-terminal
F4IT98	136	276	middle
F4IT98	386	453	C-terminal
F4IV13	76	135	middle
F4IV13	337	367	C-terminal
F4J3P7	1	240	N-terminal
F4J3P7	373	442	C-terminal
F4JVM4	112	729	C-terminal
F4K3I2	1	37	N-terminal
F4KB79	1	95	IDP
O49445	632	681	C-terminal
O49735	1	48	N-terminal
O65433	1	389	IDP
O80833	1	79	IDP
O81014	1	43	N-terminal
P36211	1	118	N-terminal
P92959	1	50	N-terminal
Q0WRY5	1	57	N-terminal
Q1G3Q1	1	94	N-terminal
Q27GK5	134	218	C-terminal
Q3ED94	1	50	N-terminal
Q43727	1	87	N-terminal
Q4V3D1	1	74	N-terminal
Q4V3D1	140	393	middle
Q4V3D1	433	479	C-terminal
Q5XF06	1	60	N-terminal
Q5XF06	122	236	middle
Q6R053	1	88	N-terminal
Q6R053	195	323	C-terminal
Q8H181	1	286	N-terminal
Q8H181	377	619	C-terminal
Q8L601	1	47	N-terminal
Q8L601	418	584	middle
Q8VY64	1	198	IDP
Q8VYB1	134	196	C-terminal
Q94AI1	1	438	N-terminal
Q9C968	1	187	N-terminal
Q9FFT4	1	42	N-terminal
Q9FKX3	1	76	N-terminal
Q9FLR5	784	892	middle
Q9FMF1	1	76	N-terminal
Q9FXG6	1	282	N-terminal
Q9FXG6	373	444	C-terminal
Q9LEX7	1	51	N-terminal
Q9LJG5	82	230	C-terminal
Q9LRS2	1	48	N-terminal
Q9LXU9	1	246	N-terminal
Q9LXX9	1	34	N-terminal
Q9M1D4	1	157	IDP
Q9M1R2	1	49	N-terminal
Q9SKY1	1	71	IDP
Q9SLA1	1	100	N-terminal
A0A1I9LRZ5	1	38	N-terminal
A0A1P8AR00	1	212	IDP
A0A1P8AY89	1	97	N-terminal
A2RVM8	72	358	C-terminal
A4D998	1	114	N-terminal
A4D998	192	223	C-terminal
F4JG98	1	124	N-terminal
F4JHI7	79	119	middle
F4JHI7	192	278	C-terminal
F4JKI8	1	143	IDP
F4JSP1	1	68	N-terminal
F4K280	1	48	N-terminal
F4KFU0	97	303	middle
F4KFU0	350	457	C-terminal
O23651	1	76	N-terminal
P92947	1	58	N-terminal
Q058G5	68	118	C-terminal
Q0WKV8	1	144	N-terminal
Q0WKV8	543	774	C-terminal
Q0WN89	1	114	N-terminal
Q0WN89	255	318	middle
Q0WNP8	1	41	N-terminal
Q0WNP8	214	263	C-terminal
Q1EBV4	328	377	middle
Q39067	1	175	N-terminal
Q39140	1	48	N-terminal
Q39160	1037	1108	middle
Q39160	1186	1233	middle
Q39160	1468	1520	C-terminal
Q3E918	1	108	IDP
Q6NNI9	1	199	IDP
Q7XJR2	1	90	N-terminal
Q84JQ8	1	47	N-terminal
Q84JQ8	91	352	C-terminal
Q8GXE6	1	65	N-terminal
Q8GXE6	729	822	middle
Q8L493	1	52	N-terminal
Q8LEF6	1	50	N-terminal
Q8RX69	1	64	N-terminal
Q8RX69	154	203	middle
Q8VY12	354	438	C-terminal
Q94AC8	1	57	N-terminal
Q94AQ7	1	105	N-terminal
Q94BV4	1	145	N-terminal
Q94ID6	68	189	C-terminal
Q9ASZ6	1	75	N-terminal
Q9C533	87	133	middle
Q9C533	304	596	C-terminal
Q9C618	1	158	IDP
Q9C638	1	165	N-terminal
Q9C638	659	752	C-terminal
Q9C6E6	1	70	N-terminal
Q9C6E6	388	459	C-terminal
Q9C9M0	1	79	N-terminal
Q9FF41	516	579	C-terminal
Q9FF77	1	88	N-terminal
Q9FL79	1	38	N-terminal
Q9FN33	1	529	IDP
Q9LFT1	1	183	N-terminal
Q9LFX8	85	119	middle
Q9LFX8	240	420	C-terminal
Q9LH93	182	282	middle
Q9LH93	375	434	C-terminal
Q9LIP1	1	170	N-terminal
Q9LIR4	1	67	N-terminal
Q9LKC2	1	234	N-terminal
Q9LYS2	831	877	middle
Q9M145	1	51	N-terminal
Q9MBA1	1	64	N-terminal
Q9MBA1	174	210	middle
Q9SA60	1	88	N-terminal
Q9SA96	1	106	N-terminal
Q9SH22	839	884	C-terminal
Q9SN26	132	213	middle
Q9SY56	1	167	IDP
Q9ZUD4	1	52	N-terminal
Q9ZVT1	283	491	middle
A0A1I9LLN7	1	116	N-terminal
A0A1I9LQ28	230	330	C-terminal
A0A1P8AUY5	1	71	IDP
A4IJ32	336	370	middle
B3H5I6	1	54	IDP
B3LFC6	326	395	C-terminal
C0LGU7	249	334	middle
F4HVA0	1	46	N-terminal
F4I082	131	184	C-terminal
F4I2G3	1	43	N-terminal
F4J7P5	1	52	N-terminal
F4JIG1	1	36	N-terminal
F4JIG1	118	219	C-terminal
F4K8J9	1	42	N-terminal
F4K8J9	87	130	C-terminal
O04716	1	104	N-terminal
O04716	164	308	middle
O22779	1	101	N-terminal
O22779	212	273	C-terminal
O64610	1	36	N-terminal
O80959	1	97	N-terminal
P55231	1	82	N-terminal
Q0V845	1	32	N-terminal
Q0V845	85	157	middle
Q39101	1	59	N-terminal
Q5PP29	1	63	N-terminal
Q5PP29	374	412	C-terminal
Q5XF51	321	384	C-terminal
Q6NQH1	1	105	IDP
Q6S5G3	1	77	N-terminal
Q6S5G3	489	521	middle
Q6X7J9	1	88	N-terminal
Q6X7J9	154	251	C-terminal
Q84RF4	1	121	N-terminal
Q84WC6	354	404	middle
Q8GRT9	1	84	N-terminal
Q8GRT9	127	201	middle
Q8GWS7	108	380	C-terminal
Q8GXN3	1	66	N-terminal
Q8L500	163	468	C-terminal
Q8L9K1	1	93	N-terminal
Q8L9K1	161	226	C-terminal
Q8LC91	36	89	C-terminal
Q8LFS6	202	346	middle
Q8RXF2	1	135	N-terminal
Q8RXF2	200	436	C-terminal
Q8W4P8	1	411	N-terminal
Q8W585	1	89	N-terminal
Q8W585	151	211	middle
Q9C5M7	1	198	N-terminal
Q9C5M7	243	303	middle
Q9C9N7	1	42	N-terminal
Q9CA92	63	182	middle
Q9CA92	827	882	C-terminal
Q9FG21	1	84	N-terminal
Q9FGK8	1	566	N-terminal
Q9FGK8	980	1361	C-terminal
Q9FGT1	100	748	C-terminal
Q9FGU5	1	135	IDP
Q9FGX2	95	145	C-terminal
Q9FH16	1	49	N-terminal
Q9FHX5	348	425	C-terminal
Q9FIL3	1	56	N-terminal
Q9FL40	91	156	middle
Q9FL40	260	363	C-terminal
Q9FMB6	1	48	N-terminal
Q9FMB6	96	298	C-terminal
Q9FX82	1	54	N-terminal
Q9FX82	307	349	middle
Q9FXB5	1	522	IDP
Q9LE02	130	176	C-terminal
Q9LF53	1	136	N-terminal
Q9LM24	1	190	N-terminal
Q9LNV0	137	352	C-terminal
Q9LQL1	1	92	IDP
Q9LQY0	1	52	N-terminal
Q9LXJ3	1	289	IDP
Q9M0U8	1	35	N-terminal
Q9M1I9	1	38	N-terminal
Q9M1L0	1	56	N-terminal
Q9M2I6	1	34	N-terminal
Q9S7P5	1	120	N-terminal
Q9S7P5	186	404	middle
Q9S7P5	827	927	C-terminal
Q9SGE2	1	111	IDP
Q9SH55	1	668	IDP
Q9SL15	1	145	IDP
Q9SV28	191	360	middle
Q9XID7	466	530	C-terminal
Q9ZR72	612	675	middle
Q9ZSH7	1	35	N-terminal
Q9ZSJ6	1	116	IDP
Q9ZV40	234	267	middle
A0A1I9LQ20	1	160	N-terminal
A8MRV2	1	56	IDP
B3DNP3	1	66	N-terminal
B3DNP3	391	435	middle
B3H5G8	1	240	N-terminal
B3H759	1	75	IDP
C0LGR3	1048	1091	C-terminal
F4HNU6	45	122	middle
F4I169	64	293	C-terminal
F4I274	89	136	middle
F4I274	182	336	C-terminal
F4IRU6	1	143	IDP
F4IV25	1	341	N-terminal
F4IV25	543	593	middle
F4IV25	712	765	C-terminal
F4J1A6	1	157	N-terminal
F4J1A6	195	296	middle
F4J1A6	350	405	C-terminal
F4J3Z2	1	62	N-terminal
F4JCM3	1	55	N-terminal
F4JF14	311	446	middle
F4JF14	823	953	C-terminal
F4JM74	390	448	C-terminal
O23144	1	68	N-terminal
O23144	371	612	C-terminal
O49567	1	46	N-terminal
P0C8Q9	1	46	N-terminal
Q1PFH6	1	312	IDP
Q3EAE5	224	258	middle
Q3EBQ3	610	807	C-terminal
Q3KTM0	642	675	middle
Q494P4	48	607	C-terminal
Q66GI4	1	91	N-terminal
Q6IWB2	1	88	IDP
Q8GYP3	1	115	N-terminal
Q8GYP3	203	346	C-terminal
Q8L3T0	1	33	N-terminal
Q8L3T0	194	244	C-terminal
Q8RX79	1	60	N-terminal
Q8RXZ4	1	51	N-terminal
Q8RXZ4	130	182	middle
Q8RXZ4	406	449	middle
Q8RY95	1	121	N-terminal
Q8RY95	183	508	middle
Q8VZK4	1	72	N-terminal
Q93Z01	301	353	C-terminal
Q93ZY2	1	78	N-terminal
Q93ZY2	469	548	C-terminal
Q94BY1	1	53	N-terminal
Q94FL9	1	32	N-terminal
Q94FL9	183	961	C-terminal
Q9C5G8	1	50	N-terminal
Q9C5G8	403	467	C-terminal
Q9FFU5	1	202	IDP
Q9FJD5	294	325	middle
Q9FMF3	150	193	middle
Q9FMF3	276	464	C-terminal
Q9FVV4	408	465	C-terminal
Q9FWX5	1	97	N-terminal
Q9FX34	328	419	C-terminal
Q9LMK2	1	34	N-terminal
Q9LMK2	152	196	C-terminal
Q9LMN5	1	151	N-terminal
Q9LMN5	260	371	middle
Q9LNF6	1	31	N-terminal
Q9LNQ1	1	187	IDP
Q9LW68	1	51	N-terminal
Q9LZQ1	1	92	N-terminal
Q9M012	1	80	N-terminal
Q9M0B4	1	162	IDP
Q9M1T6	1	136	N-terminal
Q9M8S0	1	41	N-terminal
Q9M8S7	68	193	middle
Q9M8S7	236	313	C-terminal
Q9M9U9	1	72	N-terminal
Q9M9U9	231	269	C-terminal
Q9MAB3	398	533	C-terminal
Q9S773	126	389	C-terminal
Q9SHI7	169	237	C-terminal
Q9SKN2	195	434	C-terminal
Q9SLG8	1	31	N-terminal
Q9STL5	1	41	N-terminal
Q9SVG9	84	123	middle
Q9T0H9	1	105	N-terminal
Q9T0L6	63	104	middle
Q9ZQ69	126	160	middle
Q9ZSI7	1	95	N-terminal
Q9ZSI7	141	248	middle
Q9ZSI7	286	489	C-terminal
A0A178W5Y7	1	102	IDP
A0A1I9LQM4	404	516	C-terminal
A0A1P8B6A5	922	967	middle
A0A1P8B6A5	1114	1244	C-terminal
A0A1P8BCT2	219	257	C-terminal
A8MQ80	1	122	IDP
C0LGN2	596	652	middle
C0LGN2	961	1020	C-terminal
F4HQA1	1	184	N-terminal
F4HQA1	264	295	middle
F4HQA1	500	589	C-terminal
F4I397	1	219	IDP
F4JJH5	1	38	N-terminal
F4JL94	1	32	N-terminal
F4JQE9	1	82	N-terminal
F4JZY1	1	125	N-terminal
F4JZY1	426	463	middle
F4KHD5	1	2889	IDP
O04527	1	137	N-terminal
O22721	1	84	N-terminal
O23039	156	197	middle
O23234	1	32	N-terminal
O48661	1	45	N-terminal
O82253	1	37	N-terminal
O82253	358	390	middle
O82253	497	635	C-terminal
P93311	1	279	N-terminal
Q06548	1	48	N-terminal
Q06548	363	410	C-terminal
Q0V869	1	43	N-terminal
Q38853	1	67	N-terminal
Q39054	628	670	C-terminal
Q3E709	1	31	N-terminal
Q42553	1	58	N-terminal
Q42588	1	44	N-terminal
Q564K3	1	66	N-terminal
Q564K3	154	194	middle
Q564K3	297	615	middle
Q6NMH5	1	364	N-terminal
Q84VV1	1	61	N-terminal
Q84VV1	141	258	C-terminal
Q8H2D5	441	672	C-terminal
Q8L4D8	1	105	N-terminal
Q8L4D8	224	587	C-terminal
Q8L8T7	1	246	IDP
Q8LE47	1	47	N-terminal
Q8W1B3	1	71	N-terminal
Q8W246	1	42	N-terminal
Q8W246	159	202	middle
Q93Z53	1	101	N-terminal
Q944S5	1	87	N-terminal
Q944S5	405	491	C-terminal
Q94EI6	1	271	N-terminal
Q94EI6	404	439	middle
Q94EI6	480	535	C-terminal
Q9C6U1	131	343	C-terminal
Q9C6Y3	1	148	N-terminal
Q9FHM8	293	370	middle
Q9FLL0	85	330	C-terminal
Q9FQ02	826	1012	C-terminal
Q9FV50	1	87	N-terminal
Q9FXD2	1	102	N-terminal
Q9FXH6	1	86	N-terminal
Q9FXH6	672	753	C-terminal
Q9LDS6	609	656	C-terminal
Q9LDW5	1	59	N-terminal
Q9LDW5	168	255	middle
Q9LE60	1	69	N-terminal
Q9LNV9	1	35	N-terminal
Q9LPK9	1	126	IDP
Q9LU40	1	51	N-terminal
Q9LVL5	393	571	C-terminal
Q9LW52	1	452	IDP
Q9M7J9	633	694	middle
Q9M9C8	1	96	N-terminal
Q9SG83	123	333	C-terminal
Q9SHV2	671	706	middle
Q9SHV2	803	895	C-terminal
Q9SKG8	1	66	N-terminal
Q9SKG8	138	209	C-terminal
Q9SSF9	1	292	N-terminal
Q9SYI2	592	636	middle
Q9SZ59	233	264	C-terminal
Q9SZE8	120	240	C-terminal
Q9SZP8	1	452	IDP
Q9T0E5	1	358	N-terminal
Q9XFH8	1	50	N-terminal
Q9XI87	1	32	N-terminal
Q9ZU93	1	163	N-terminal
Q9ZW81	1	246	N-terminal
Q9ZWA9	1	32	N-terminal
Q9ZWT1	1	36	N-terminal
A0A1P8BGX5	1	122	IDP
B3H5B9	1	47	N-terminal
C0SUU8	1	161	N-terminal
C0SUU8	374	480	middle
F4HR52	1343	1384	C-terminal
F4HW04	1148	1288	middle
F4IDJ2	1	84	IDP
F4IJ08	325	394	C-terminal
F4IQQ9	94	129	C-terminal
F4IYH6	1	209	N-terminal
F4IYH6	272	696	middle
F4IYH6	837	994	C-terminal
F4IZU3	315	402	C-terminal
F4J3F3	212	255	middle
F4J6V5	1	60	N-terminal
F4JAP6	1	46	IDP
F4JRJ6	1	45	N-terminal
F4K1I0	1	62	N-terminal
F4KCI8	1	33	N-terminal
O22165	1	159	IDP
O49608	236	274	C-terminal
O64713	1	102	N-terminal
O64722	1	71	N-terminal
O64722	148	227	middle
O64722	276	310	C-terminal
P93318	1	149	IDP
Q00958	1	51	N-terminal
Q00958	122	239	middle
Q0WLC7	1	62	N-terminal
Q0WLC7	354	408	middle
Q0WLC7	499	548	C-terminal
Q0WP65	137	324	middle
Q0WVG1	52	628	middle
Q1EBV6	372	410	C-terminal
Q1G3Q4	161	256	C-terminal
Q39222	181	216	C-terminal
Q5S4Y8	63	196	C-terminal
Q5XEY7	1	31	N-terminal
Q6IWB1	1	96	IDP
Q6NLF7	104	150	C-terminal
Q7XYW9	162	222	middle
Q84ME1	1	135	N-terminal
Q84WL6	1	338	IDP
Q8GXH2	409	556	C-terminal
Q8GY13	1	69	N-terminal
Q8GYE8	1	90	N-terminal
Q8GYE8	516	567	C-terminal
Q8GYK6	1	208	N-terminal
Q8GYK6	251	283	middle
Q8GZ26	196	331	middle
Q8RWA7	1	40	N-terminal
Q8RWG5	144	236	middle
Q8RXL7	1	65	N-terminal
Q8VXV8	1	36	N-terminal
Q8VXV8	348	390	middle
Q944G6	1	82	N-terminal
Q949N7	1	288	N-terminal
Q949N7	494	649	C-terminal
Q94AZ5	1	37	N-terminal
Q94FB9	1	86	N-terminal
Q94FB9	667	739	middle
Q9C909	1	34	N-terminal
Q9C909	111	289	C-terminal
Q9FGP6	113	186	C-terminal
Q9FHN8	1	52	N-terminal
Q9FJ79	1	369	N-terminal
Q9FM74	1	149	IDP
Q9FZ47	1	88	N-terminal
Q9LIC6	1	31	N-terminal
Q9LJQ7	1	58	N-terminal
Q9LJQ7	197	666	C-terminal
Q9LNZ6	1	44	N-terminal
Q9LTC0	1	60	N-terminal
Q9LTC0	370	410	C-terminal
Q9S7E4	1	35	N-terminal
Q9SF47	94	492	middle
Q9SF47	566	660	middle
Q9SI74	1	143	N-terminal
Q9SRK5	1	83	N-terminal
Q9STP8	1	103	N-terminal
Q9T0H8	1	119	N-terminal
Q9ZV75	224	378	middle
Q9ZVX7	1	129	N-terminal
A0A1P8AVE9	1	58	N-terminal
A0A1P8AVE9	363	751	middle
A0A1P8AVE9	1070	1175	C-terminal
A8MS72	1	68	IDP
F4IRP0	1	47	N-terminal
F4IRP0	560	603	C-terminal
F4IV59	1	115	N-terminal
F4J5F6	1	36	N-terminal
F4J5F6	83	145	C-terminal
F4JMV6	1	60	N-terminal
F4JMV6	196	399	C-terminal
F4JP36	587	705	C-terminal
F4JRP0	1	436	N-terminal
F4JRP0	786	832	middle
F4JRP0	908	1097	C-terminal
F4JW44	95	233	C-terminal
F4K2V9	1	118	N-terminal
F4K2V9	470	575	C-terminal
F4KDI6	1	86	N-terminal
F4KFD8	140	333	C-terminal
O23290	1	53	N-terminal
O49378	69	122	middle
O49433	1018	1134	C-terminal
O80883	128	490	C-terminal
O81782	105	142	middle
O81782	234	287	middle
P93275	1	153	IDP
P93812	63	177	middle
P93812	730	820	middle
Q06738	1	710	IDP
Q0V805	131	242	C-terminal
Q0WQX7	1	44	N-terminal
Q1H5A5	1	197	N-terminal
Q1PFY3	1	369	IDP
Q2V478	1	85	IDP
Q5G5D8	1	59	N-terminal
Q5G5D8	342	373	C-terminal
Q700D8	1	92	N-terminal
Q700D8	156	259	middle
Q700D8	341	481	C-terminal
Q7X9H9	1	37	N-terminal
Q7X9H9	143	289	C-terminal
Q7Y1C5	1	496	N-terminal
Q84WT5	1	35	N-terminal
Q8GUP0	1	148	N-terminal
Q8GUP0	550	584	middle
Q8GX25	1	85	N-terminal
Q8L7A4	130	224	middle
Q8LB65	1	54	N-terminal
Q8LF18	1	62	IDP
Q8VYE4	265	301	middle
Q93VP4	53	329	middle
Q93Z17	1	41	N-terminal
Q93ZB1	1	64	N-terminal
Q93ZF7	1	136	N-terminal
Q941A0	1	97	N-terminal
Q941D6	1	49	N-terminal
Q944A7	1	80	N-terminal
Q949Q7	1	33	N-terminal
Q96291	1	72	N-terminal
Q9C5C5	1	81	N-terminal
Q9C6L2	202	323	C-terminal
Q9C6X9	1	128	N-terminal
Q9C6X9	312	347	C-terminal
Q9C717	1	40	N-terminal
Q9C717	226	283	C-terminal
Q9C8L4	1	49	N-terminal
Q9FI86	1	216	N-terminal
Q9FKA5	1	381	IDP
Q9FKP1	1	72	N-terminal
Q9FN44	2423	2468	middle
Q9FN44	3370	3401	middle
Q9FN44	3610	3645	middle
Q9FN44	4537	4595	middle
Q9LF80	1	113	N-terminal
Q9LF87	1	51	N-terminal
Q9LQF0	1	63	N-terminal
Q9LQF0	110	341	C-terminal
Q9LQZ5	1	103	N-terminal
Q9LQZ5	177	346	C-terminal
Q9LVQ3	1	34	N-terminal
Q9M1J8	1	72	N-terminal
Q9M358	324	426	middle
Q9M358	472	664	C-terminal
Q9SD91	1	105	N-terminal
Q9SQG2	1	58	N-terminal
Q9SSS9	1	60	N-terminal
A0A1I9LTP0	38	113	C-terminal
A0A1P8APA8	235	275	middle
A0A1P8APA8	522	607	C-terminal
A0A1P8AXR6	1	62	IDP
A0A1P8BAU6	817	866	C-terminal
A8MQY9	1	89	IDP
A8MRY9	1	32	N-terminal
B3H5B6	1	34	IDP
F4I171	89	594	middle
F4I171	681	1205	middle
F4I1R5	1	34	N-terminal
F4I1R5	81	189	C-terminal
F4I8R6	1	130	N-terminal
F4JDS7	1	109	IDP
F4JJP1	1	69	N-terminal
F4JJP1	1071	1221	C-terminal
F4K6B8	1052	1090	C-terminal
F4K719	120	206	C-terminal
O23647	1	152	N-terminal
O24407	1	117	N-terminal
O64560	1	359	IDP
O65431	1	91	N-terminal
O65683	1	36	N-terminal
O65683	113	159	C-terminal
O65915	291	377	middle
O80634	1	71	N-terminal
O80722	1	46	N-terminal
O80722	204	269	middle
O82290	1	78	N-terminal
O82374	1	37	N-terminal
O82376	1	63	N-terminal
O82796	1	68	N-terminal
P0DKJ2	1	50	IDP
P42736	1	79	N-terminal
P42736	135	248	C-terminal
P92563	1	127	IDP
Q0WVZ1	1	45	N-terminal
Q1PFW1	1	75	N-terminal
Q3EB10	1	74	IDP
Q501F5	1	43	N-terminal
Q501F5	311	343	C-terminal
Q58FT9	1	70	N-terminal
Q5YGP8	1	219	N-terminal
Q5YGP8	353	574	C-terminal
Q66GP5	278	308	middle
Q6NLU9	1	75	IDP
Q84JD5	1	47	N-terminal
Q8LDR8	1	143	IDP
Q8VZF3	1	110	N-terminal
Q8VZF3	912	960	C-terminal
Q93ZG3	1	42	N-terminal
Q93ZG3	238	299	middle
Q94HW2	225	316	middle
Q94HW2	759	943	middle
Q9C5X9	1	53	N-terminal
Q9C5X9	117	648	middle
Q9C5X9	716	910	middle
Q9C5X9	1341	1372	middle
Q9C6Z3	1	87	N-terminal
Q9C9T5	1	191	IDP
Q9CAH1	1	57	N-terminal
Q9CAH1	389	450	C-terminal
Q9CAX6	101	150	C-terminal
Q9FFP0	1	143	N-terminal
Q9FIR1	1	178	N-terminal
Q9FIR1	301	386	C-terminal
Q9FIR7	1	71	N-terminal
Q9FJ91	1	65	N-terminal
Q9FJ91	315	396	C-terminal
Q9FMV1	1	37	N-terminal
Q9FVT1	1	37	N-terminal
Q9FX08	297	345	middle
Q9LQT8	1	32	N-terminal
Q9LQT8	94	156	middle
Q9LRM1	1	36	N-terminal
Q9LS01	1	83	N-terminal
Q9M7K4	1	31	N-terminal
Q9M7K4	656	710	middle
Q9SB64	90	244	middle
Q9SB64	508	618	middle
Q9SCT3	1	110	IDP
Q9SD44	1	121	N-terminal
Q9SD84	101	194	C-terminal
Q9SIN3	1	635	IDP
Q9SMX5	250	284	middle
Q9SMX5	325	364	middle
Q9SMX5	434	474	middle
Q9SRL8	1	65	N-terminal
Q9SUF6	1	46	N-terminal
Q9SYK5	1	42	N-terminal
Q9SYK5	595	627	C-terminal
Q9XIK4	974	1028	C-terminal
Q9XJ36	1	67	N-terminal
Q9ZT16	1	135	IDP
Q9ZUN8	1	31	N-terminal
Q9ZUN8	115	149	middle
A0A1P8ATM6	1	102	N-terminal
A0A1P8ATM6	871	922	middle
A0A1P8B9P9	1	75	N-terminal
A0A1P8B9P9	158	259	middle
B3H5G5	1	31	N-terminal
F4HT76	70	134	middle
F4HT76	468	528	C-terminal
F4I6G4	1	52	N-terminal
F4I6G4	117	177	middle
F4I6G4	591	651	middle
F4I8Q8	222	417	C-terminal
F4IPL2	1	84	N-terminal
F4J9U2	1	67	N-terminal
F4J9U2	149	295	middle
F4J9U2	348	434	middle
F4J9U2	978	1018	middle
F4J9Y1	1	50	IDP
F4JDL5	1	47	IDP
F4JPV2	1	71	N-terminal
F4JPV2	179	317	middle
F4JRX3	1	472	N-terminal
F4JRX3	1230	1284	C-terminal
F4K746	215	275	middle
F4K746	448	498	C-terminal
P82869	1	85	N-terminal
P93050	579	617	C-terminal
Q0WNR6	1	121	N-terminal
Q0WNR6	237	341	middle
Q0WRB9	1	40	N-terminal
Q0WUA3	1	65	N-terminal
Q0WUB8	1	33	N-terminal
Q0WUB8	166	227	C-terminal
Q39265	1	38	N-terminal
Q39265	76	197	C-terminal
Q3EBC5	1	32	N-terminal
Q4PSK3	94	124	C-terminal
Q56Y74	1	89	N-terminal
Q56Y74	507	599	middle
Q6NM36	1	100	N-terminal
Q8GX94	1	37	N-terminal
Q8GX94	217	291	middle
Q8H2D1	109	165	middle
Q8H2D1	349	425	middle
Q8L718	1	70	N-terminal
Q8L7A5	135	192	C-terminal
Q8LC79	1	295	IDP
Q8S3D1	1	270	N-terminal
Q8S3D1	312	407	C-terminal
Q8VYP5	91	121	middle
Q93ZX4	1	461	N-terminal
Q944R1	1	92	N-terminal
Q94KB1	451	554	C-terminal
Q9C502	333	374	C-terminal
Q9FFI5	165	476	C-terminal
Q9FFK6	1	43	N-terminal
Q9FFK6	568	610	middle
Q9FFK6	739	810	C-terminal
Q9FGK9	1	522	N-terminal
Q9FGK9	956	1350	C-terminal
Q9FHJ6	116	297	middle
Q9FHJ6	744	853	C-terminal
Q9FKU6	1	113	IDP
Q9FZ35	1	201	N-terminal
Q9LDN8	1	150	IDP
Q9LE16	1	52	N-terminal
Q9LJ87	104	156	middle
Q9LJ87	207	238	middle
Q9LPU1	1	80	N-terminal
Q9LQ65	1	58	N-terminal
Q9LSL7	1	102	IDP
Q9LSV5	1	52	N-terminal
Q9LUF9	138	229	C-terminal
Q9LUH8	1	62	N-terminal
Q9LUH8	265	406	C-terminal
Q9MAA9	1	78	N-terminal
Q9S777	1	31	N-terminal
Q9S777	181	221	middle
Q9SG15	1	31	N-terminal
Q9SIW7	1	94	IDP
Q9SJN3	1	263	IDP
Q9SKW5	1	143	N-terminal
Q9SKW5	201	314	C-terminal
Q9SR87	641	693	C-terminal
Q9SRW9	1	145	N-terminal
Q9SRW9	203	306	middle
Q9SRW9	749	810	middle
Q9XFH4	1	181	N-terminal
Q9XFH4	681	764	C-terminal
Q9XIB4	134	190	C-terminal
Q9ZPT2	149	196	C-terminal
Q9ZPY6	356	523	middle
A0A1P8ARQ6	977	1041	C-terminal
A0A1P8B0G0	1	78	IDP
A0A1P8B242	1	392	IDP
A0A1P8BDW1	1	85	IDP
A8MR31	1	44	N-terminal
A8MR31	94	152	middle
B3H5K9	318	713	middle
F4I3X3	1	45	N-terminal
F4I3X3	99	504	C-terminal
F4IKR5	193	344	middle
F4K856	1	56	N-terminal
F4K856	466	512	middle
F4K856	681	877	middle
F4K856	1141	1194	C-terminal
O23712	237	277	C-terminal
O48573	181	259	middle
O64477	425	517	middle
O64477	792	828	C-terminal
O64649	1	211	N-terminal
O64649	286	394	middle
O80844	1	80	N-terminal
O80846	84	121	middle
O80846	273	320	middle
O81765	1	43	N-terminal
O81765	408	699	C-terminal
O82286	1	182	N-terminal
P0DH79	1	62	N-terminal
P0DH79	354	408	middle
P0DH79	499	548	C-terminal
Q42522	1	45	N-terminal
Q56XG6	1	41	N-terminal
Q7X6Y7	287	338	middle
Q84JS1	1	31	N-terminal
Q84MD7	1	56	N-terminal
Q84MD7	244	385	C-terminal
Q8GX70	1	36	N-terminal
Q8H0Y8	1	108	N-terminal
Q8H0Y8	214	313	C-terminal
Q8L7K7	1	274	N-terminal
Q8L7K7	379	455	C-terminal
Q8LC30	1	32	N-terminal
Q8S2W4	1	61	IDP
Q93Z30	1	42	N-terminal
Q940Y7	1	88	N-terminal
Q94AX5	1	94	N-terminal
Q94CC0	1	151	N-terminal
Q9C5P4	1	133	N-terminal
Q9C703	1	72	N-terminal
Q9FHF4	1106	1157	middle
Q9FHF4	1298	1353	C-terminal
Q9FHZ3	1	243	IDP
Q9FJX0	506	595	C-terminal
Q9FKH6	176	206	middle
Q9FKH6	373	404	C-terminal
Q9FND8	1	36	N-terminal
Q9LMT2	480	713	C-terminal
Q9LS24	162	292	C-terminal
Q9LSS2	1	134	N-terminal
Q9LSS2	527	655	C-terminal
Q9LTX3	1	55	N-terminal
Q9LUA1	46	91	C-terminal
Q9LXA9	1	155	N-terminal
Q9LXG7	1	158	N-terminal
Q9LYK7	273	327	middle
Q9LYK7	511	590	C-terminal
Q9M1E6	1	43	N-terminal
Q9M1E6	88	245	C-terminal
Q9S7N7	1	104	N-terminal
Q9S850	1	32	N-terminal
Q9SCZ8	1	96	N-terminal
Q9SID3	1	66	N-terminal
Q9SJ61	1	92	N-terminal
Q9SKM0	1	73	N-terminal
Q9SKM0	192	363	middle
Q9SS68	133	266	middle
Q9SV43	1	51	N-terminal
Q9ZWB8	1	177	IDP
A0A1P8B731	413	560	C-terminal
A1L4Y4	1	79	N-terminal
B3H504	1	53	IDP
F4HPS6	1	40	N-terminal
F4HPS6	214	315	middle
F4HWZ0	1	152	N-terminal
F4I1L3	1	115	N-terminal
F4I4A6	387	687	C-terminal
F4J5R1	74	111	middle
F4J5R1	384	696	C-terminal
F4JIF4	104	161	middle
F4JIF4	1354	1542	middle
F4JIF4	1649	1710	C-terminal
F4JYE8	1	104	N-terminal
F4K7D1	1	87	N-terminal
F4K7D1	287	532	middle
O22763	1	245	N-terminal
O22763	297	411	C-terminal
O22824	1	450	N-terminal
O22824	850	894	C-terminal
O65377	119	191	middle
O81071	1	37	N-terminal
O81900	1	35	N-terminal
O82166	1	95	N-terminal
O82166	232	285	C-terminal
P23321	1	87	N-terminal
P46864	1	35	N-terminal
Q147F2	368	460	C-terminal
Q1G3A2	1	62	IDP
Q1G3E8	1	85	N-terminal
Q1PEA4	1	56	IDP
Q3E6Q4	1	84	IDP
Q3E8H4	1	73	IDP
Q56Y59	1	75	N-terminal
Q6ICX5	1	92	N-terminal
Q6NLD5	92	187	C-terminal
Q6NLG5	1	68	N-terminal
Q7PCC6	1	169	N-terminal
Q8H101	141	176	middle
Q8LAX3	1	96	IDP
Q8LCY3	1	36	N-terminal
Q8RY74	1	33	N-terminal
Q8RYD6	1	242	N-terminal
Q8VWK4	1	121	N-terminal
Q8VWK4	179	221	middle
Q8VYZ3	1	53	N-terminal
Q94A68	1	45	N-terminal
Q94K68	1	115	N-terminal
Q9C827	828	926	C-terminal
Q9FIW9	1	204	N-terminal
Q9FIW9	258	334	C-terminal
Q9FMV4	1	143	N-terminal
Q9FT51	1	131	N-terminal
Q9FV51	1	48	N-terminal
Q9FYE4	1	190	N-terminal
Q9FYG4	1	89	N-terminal
Q9LF02	87	267	middle
Q9LF64	1	121	N-terminal
Q9LF64	197	362	C-terminal
Q9LK50	1	32	N-terminal
Q9LRB0	1	119	N-terminal
Q9LRB0	461	617	middle
Q9LW19	239	621	C-terminal
Q9LX29	411	493	middle
Q9LX29	795	895	C-terminal
Q9LX66	385	484	middle
Q9LX66	765	830	C-terminal
Q9LY75	166	570	C-terminal
Q9M122	1	40	N-terminal
Q9M1Q2	1	49	N-terminal
Q9M7X7	1	61	IDP
Q9S7Q7	161	196	C-terminal
Q9SI11	257	307	C-terminal
Q9SIS4	382	417	C-terminal
Q9SJQ1	230	341	middle
Q9SJQ1	641	672	C-terminal
Q9SV15	68	236	middle
Q9SVL1	1	56	N-terminal
Q9SVM9	1	33	N-terminal
Q9ZUI0	1	36	N-terminal
Q9ZUI0	599	645	middle
A0A1I9LSC0	119	180	middle
A0A1I9LSC0	241	301	middle
A0A1P8B2V7	1	55	N-terminal
A0A1P8B2V7	143	212	C-terminal
A0A1P8B5V4	1	88	IDP
A8MQP7	1	35	N-terminal
A8MS31	1	106	IDP
B1WCA5	1	76	IDP
B3H6B3	1	60	IDP
B3H6X6	1	44	IDP
F4HX45	1	74	N-terminal
F4HX45	973	1043	C-terminal
F4I9M9	1	99	N-terminal
F4IFN0	66	158	C-terminal
F4IKF3	1	672	IDP
F4J794	1	55	N-terminal
F4JT39	1	231	IDP
F4JU16	1	98	N-terminal
F4JUP8	1	132	IDP
F4K4D6	1	140	N-terminal
F4K4D6	362	629	middle
F4K4D6	675	786	middle
F4K4D6	866	1072	C-terminal
F4KFT8	1	73	N-terminal
F4KFT8	253	426	middle
F4KFT8	650	761	C-terminal
F4KHA1	309	509	C-terminal
O23231	1	78	N-terminal
O48779	1	84	N-terminal
O49203	1	79	N-terminal
P0C945	1	1696	IDP
P0CG07	1	62	IDP
P27202	1	140	IDP
P48002	1	88	N-terminal
P48002	220	265	middle
P49693	158	208	C-terminal
P92541	105	150	middle
Q0WPX9	1	35	N-terminal
Q0WPX9	131	548	middle
Q0WPX9	759	828	middle
Q1G3A0	1	73	IDP
Q1PFH8	1	88	N-terminal
Q3E7F6	1	126	IDP
Q500V2	1	39	N-terminal
Q500V2	186	247	middle
Q56W79	1	303	N-terminal
Q7XZU2	246	304	middle
Q7XZU2	420	472	middle
Q7XZU2	593	818	C-terminal
Q84L32	77	143	middle
Q84L32	194	244	middle
Q8GV43	1	71	N-terminal
Q8GV43	287	348	middle
Q8H1S2	1	45	N-terminal
Q8LFL5	1	43	N-terminal
Q8W4F0	1	110	N-terminal
Q8W4F0	480	553	C-terminal
Q94BN1	333	405	middle
Q9C6P5	294	337	C-terminal
Q9FHS7	136	238	middle
Q9FHS7	290	431	C-terminal
Q9FKK6	1	100	N-terminal
Q9FY51	1	54	N-terminal
Q9FYH7	598	631	C-terminal
Q9FZ99	530	880	C-terminal
Q9LE31	1	66	N-terminal
Q9LE31	216	287	middle
Q9LE31	353	435	middle
Q9LE31	475	521	C-terminal
Q9LIR5	1	31	N-terminal
Q9LJX6	1	121	N-terminal
Q9M221	89	743	C-terminal
Q9M9H3	1	95	N-terminal
Q9S7P9	1	97	N-terminal
Q9S7P9	169	300	C-terminal
Q9SKV8	1	75	N-terminal
Q9SPG7	121	327	C-terminal
Q9XI04	1	78	N-terminal
Q9XI04	114	233	C-terminal
Q9XIC5	168	522	middle
Q9ZU88	1	59	N-terminal
A0A1P8AM80	1	139	IDP
A0A1P8APF4	53	328	middle
A0A1P8APQ0	1	38	N-terminal
A0A1P8B682	1	77	IDP
F4I4Y6	1	134	N-terminal
F4I4Y6	240	361	middle
F4I4Y6	946	1003	C-terminal
F4IIL3	1	134	IDP
F4J0B5	1	1024	IDP
F4J311	1	650	IDP
F4JA83	275	309	C-terminal
F4JML6	1	439	IDP
F4JRR1	1	32	N-terminal
F4JRR1	167	200	middle
F4JT76	1	108	N-terminal
F4JT76	513	555	middle
F4JT76	680	764	middle
O22806	209	395	C-terminal
O22967	1	54	N-terminal
O23659	1	57	N-terminal
O80931	141	247	middle
O81005	1	114	IDP
O82226	1	100	N-terminal
O82226	709	747	C-terminal
Q0H8D7	326	542	C-terminal
Q0WMZ7	1	136	N-terminal
Q0WVE9	1	69	N-terminal
Q39065	1	54	N-terminal
Q6DBE5	1	54	N-terminal
Q6GKY0	1	168	IDP
Q6NNM9	1	40	IDP
Q8H7F6	1	80	N-terminal
Q8L3X9	1	31	N-terminal
Q8LDR0	1	49	N-terminal
Q8LDR0	98	307	C-terminal
Q8LPL6	598	727	middle
Q8LPL6	976	1012	C-terminal
Q8RXY6	233	270	C-terminal
Q93Z66	1	99	N-terminal
Q93ZN3	1	69	N-terminal
Q96252	1	67	N-terminal
Q9FFH3	1	62	N-terminal
Q9FFH3	204	466	C-terminal
Q9FGP5	1	135	IDP
Q9FHQ8	360	390	middle
Q9FID2	100	135	middle
Q9FJD3	1	191	N-terminal
Q9FK18	1	36	N-terminal
Q9FKF9	60	111	middle
Q9FKF9	169	317	C-terminal
Q9FM99	1	146	N-terminal
Q9FRR0	1	36	N-terminal
Q9FRR0	72	190	C-terminal
Q9FVC8	1	47	N-terminal
Q9LHJ9	1	34	N-terminal
Q9LIG9	486	523	C-terminal
Q9LJE1	1	117	IDP
Q9LNW8	1	125	IDP
Q9LPD2	248	279	middle
Q9LPD2	447	599	C-terminal
Q9LUW6	1	116	N-terminal
Q9LUW6	490	610	C-terminal
Q9LVQ7	1	47	N-terminal
Q9LVQ7	192	500	C-terminal
Q9M325	252	305	C-terminal
Q9SFB8	251	313	middle
Q9SIW3	1	58	N-terminal
Q9SKN7	1	65	N-terminal
Q9SKN7	111	154	C-terminal
Q9SNE7	1	132	N-terminal
Q9SRQ8	88	137	middle
Q9SRQ8	222	356	C-terminal
Q9SUX7	1	128	N-terminal
Q9SV55	1	425	IDP
A0A1P8AY78	73	110	C-terminal
A8MQA0	1	81	IDP
F4HUX0	210	649	C-terminal
F4IAT2	1218	1823	C-terminal
F4IVL6	740	884	middle
F4IVL6	1947	1998	middle
F4IVL6	2335	2366	middle
F4IVL6	2522	2554	C-terminal
F4JQZ3	1	70	N-terminal
F4JQZ3	171	206	middle
F4JQZ3	413	605	middle
F4JQZ3	669	920	C-terminal
F4KHN5	1	38	N-terminal
F4KHN5	154	245	middle
F4KHN5	421	502	middle
F4KHN5	748	829	C-terminal
O04582	1	53	N-terminal
O23240	1	44	N-terminal
O48787	135	206	C-terminal
O49654	281	373	middle
O65517	1	89	N-terminal
O65517	136	322	C-terminal
P0DN96	1	76	IDP
P93298	1	62	N-terminal
Q08467	1	58	N-terminal
Q1G374	1	123	N-terminal
Q38799	1	31	N-terminal
Q38858	210	269	middle
Q38858	362	424	C-terminal
Q67Z55	1	51	N-terminal
Q8GY79	176	393	C-terminal
Q8GZ42	1	219	N-terminal
Q8GZ42	793	868	middle
Q8L8W0	1	37	N-terminal
Q8RV53	82	163	C-terminal
Q8S8S3	1	87	IDP
Q8VZ80	500	539	C-terminal
Q944R7	1	58	N-terminal
Q94AZ7	1	232	IDP
Q94CF0	117	149	middle
Q94CL2	146	186	middle
Q94CL2	237	374	C-terminal
Q94F87	1	563	N-terminal
Q94F87	804	839	middle
Q9C718	1	58	N-terminal
Q9C718	470	501	C-terminal
Q9FHM0	1	131	N-terminal
Q9FHM5	1	176	N-terminal
Q9FHM5	307	419	C-terminal
Q9FKM1	1	63	N-terminal
Q9FKT0	1	45	N-terminal
Q9FKT0	428	471	C-terminal
Q9FNQ0	1	244	N-terminal
Q9FNQ0	410	625	C-terminal
Q9LEV0	509	600	C-terminal
Q9LHA0	191	333	C-terminal
Q9LK76	1	109	N-terminal
Q9LK76	163	389	C-terminal
Q9LK90	1	38	N-terminal
Q9LQE8	352	445	middle
Q9LQR8	455	487	C-terminal
Q9LR41	1	37	N-terminal
Q9LTS4	1	289	N-terminal
Q9LXL1	1	153	N-terminal
Q9LZR4	1	31	N-terminal
Q9M2L3	1	252	N-terminal
Q9M2T1	134	202	middle
Q9M2T1	580	716	middle
Q9M2T1	753	791	middle
Q9SD55	1	115	N-terminal
Q9SW55	1	40	N-terminal
Q9SZ42	1	88	N-terminal
Q9SZL5	1	120	N-terminal
Q9T062	1	215	N-terminal
Q9T072	1	156	N-terminal
Q9T0A4	1	165	N-terminal
Q9XIN4	1	47	N-terminal
Q9ZQZ4	1	196	N-terminal
A0A178UWL0	290	322	middle
A0A178UWL0	436	541	C-terminal
A0A1P8APX1	1	269	N-terminal
A0A1P8APX1	455	553	middle
A0A1P8APX1	609	639	middle
A0A1P8APX1	693	842	middle
A0A1P8APX1	924	1003	middle
A0A1P8APX1	1234	1425	C-terminal
A0A1P8B2K7	1	122	N-terminal
A4VCL9	1	32	N-terminal
A4VCL9	260	496	C-terminal
B3H4U8	1	32	N-terminal
B3H4U8	195	290	C-terminal
B3H5H5	1	37	IDP
B3H6G4	1	31	IDP
C0LGF5	693	750	middle
F4HQU0	1	57	IDP
F4IMD2	1	156	N-terminal
F4IMD2	245	279	C-terminal
F4IXT2	64	136	middle
F4K1G4	1	46	N-terminal
F4K4M0	1	306	N-terminal
F4KA67	1	31	N-terminal
F4KG57	162	192	middle
O22729	1	251	IDP
O24466	184	216	C-terminal
O80897	213	277	C-terminal
O80899	636	667	middle
O81749	1	72	N-terminal
O81749	159	346	middle
O81889	1	51	N-terminal
O82804	1	317	N-terminal
O82804	394	695	C-terminal
P0CB22	1	205	N-terminal
P0CB22	833	865	middle
P11829	1	67	N-terminal
P94017	316	692	C-terminal
Q1H551	1	41	N-terminal
Q3EBI2	1	61	IDP
Q58G53	1	295	IDP
Q6AWT8	1	44	N-terminal
Q6NLB6	1	94	N-terminal
Q6NLB6	143	176	C-terminal
Q84K71	1	76	N-terminal
Q84VV3	1	42	N-terminal
Q8LAL0	1	115	N-terminal
Q8LE63	1	32	N-terminal
Q8LE63	190	481	middle
Q8LE63	574	682	C-terminal
Q8LEL5	1	39	N-terminal
Q8RWK5	1	137	N-terminal
Q8RWW9	50	326	middle
Q8S8A2	1	83	N-terminal
Q8VZN9	1	99	N-terminal
Q8VZP2	1	50	N-terminal
Q8W4D1	1	61	N-terminal
Q93Z96	1	66	N-terminal
Q9C9B2	1	70	N-terminal
Q9CA67	1	52	N-terminal
Q9FGS8	134	261	middle
Q9FHY1	147	279	C-terminal
Q9FJV4	1	242	N-terminal
Q9FQ03	414	533	middle
Q9FQ03	802	1020	C-terminal
Q9FZ97	1	162	N-terminal
Q9FZ97	516	581	C-terminal
Q9LIC7	1	31	N-terminal
Q9LK43	442	564	middle
Q9LK43	843	928	C-terminal
Q9LLC1	1	82	N-terminal
Q9LLC1	126	197	middle
Q9LPM2	381	430	C-terminal
Q9LTN0	525	561	C-terminal
Q9LUE5	1	57	N-terminal
Q9LUW5	481	616	C-terminal
Q9LVW7	1	49	N-terminal
Q9LW62	297	442	C-terminal
Q9M0M5	1	111	N-terminal
Q9M365	1	72	N-terminal
Q9M7X9	1	62	N-terminal
Q9SB92	1	35	N-terminal
Q9SB92	99	292	C-terminal
Q9SJG4	1	73	N-terminal
Q9SJG4	205	257	C-terminal
Q9SLI6	1	105	N-terminal
Q9SMY7	153	189	middle
Q9SVS7	1	65	N-terminal
Q9SX57	1	57	N-terminal
Q9ZU35	670	725	C-terminal
Q9ZUB9	1	39	N-terminal
Q9ZUB9	290	350	C-terminal
Q9ZUD8	287	332	C-terminal
A0A1P8ASV6	1	44	N-terminal
A2RVT6	1	34	N-terminal
A8MS76	1	37	N-terminal
B3H5I4	1	41	IDP
F4IIS5	1	51	N-terminal
F4IIS5	901	1042	C-terminal
F4J2J6	1	57	N-terminal
F4J2J6	118	336	C-terminal
F4J2M6	153	290	middle
F4J2M6	711	955	C-terminal
F4JD91	1	84	N-terminal
F4JE34	1	119	N-terminal
F4K9W6	220	260	middle
F4K9W6	458	493	C-terminal
O04487	210	259	middle
O23236	324	361	C-terminal
O81000	1	121	N-terminal
P0DO60	1	53	IDP
P42818	1	122	N-terminal
P42818	426	465	C-terminal
Q08A71	1	75	N-terminal
Q08A71	328	375	middle
Q1G3S9	1	138	IDP
Q1G3V0	1	74	IDP
Q38833	1	94	N-terminal
Q3EAQ8	1	100	IDP
Q3EBW2	1	75	N-terminal
Q4TU44	108	171	middle
Q501B0	99	336	C-terminal
Q680G2	97	163	C-terminal
Q6SJR1	1	75	N-terminal
Q6SJR1	145	487	middle
Q6SJR1	588	720	C-terminal
Q700E3	1	79	N-terminal
Q700E3	121	152	middle
Q8GYS8	1	32	N-terminal
Q8H100	133	413	C-terminal
Q8LC41	1	68	IDP
Q8LF65	1	235	IDP
Q8VYP9	1	119	N-terminal
Q949Y1	1	548	IDP
Q96255	1	73	N-terminal
Q9CAT6	1	39	N-terminal
Q9FHA2	1	81	N-terminal
Q9FHA2	157	210	C-terminal
Q9FHW9	1	38	N-terminal
Q9FXA1	1	117	N-terminal
Q9LHN2	1	55	N-terminal
Q9LHS5	1	94	N-terminal
Q9LHS5	420	486	middle
Q9LHS5	532	608	middle
Q9LN68	1	47	N-terminal
Q9LP46	151	1020	C-terminal
Q9LRR6	1	135	N-terminal
Q9LSH4	1	280	N-terminal
Q9LSH4	512	641	middle
Q9LT52	1	70	IDP
Q9LU21	1	68	N-terminal
Q9LVC9	1	120	IDP
Q9LXT5	1	41	N-terminal
Q9LXT5	272	446	C-terminal
Q9M1B0	1	107	N-terminal
Q9M1B0	446	539	middle
Q9M1B0	621	799	middle
Q9S7T5	1	190	N-terminal
Q9S816	481	521	C-terminal
Q9SA07	151	215	C-terminal
Q9SD02	1	90	N-terminal
Q9SD39	1	361	N-terminal
Q9SIN8	1	131	IDP
Q9SJZ6	136	219	C-terminal
Q9STV0	177	244	middle
Q9SVR1	71	102	middle
Q9SVR1	207	282	C-terminal
Q9ZV27	1	156	IDP
A0A1P8B1C9	115	269	middle
A0A1P8BGL3	1	34	IDP
B3H4X9	1	44	IDP
B3H5Q2	1	111	IDP
C0SV91	1	183	IDP
F4HWD0	1	179	N-terminal
F4HWD0	223	256	middle
F4HWD0	480	517	C-terminal
F4IEB6	144	213	C-terminal
F4IMJ8	1	81	N-terminal
F4IMJ8	405	701	middle
F4IUN0	1	72	N-terminal
F4IUN0	620	658	middle
F4IUN0	840	892	middle
F4IUN0	973	1013	middle
F4J6N7	1	128	IDP
F4J8I0	1	642	N-terminal
F4JG75	1	106	IDP
F4JLY4	1	47	N-terminal
F4JTP5	102	177	middle
F4JU09	1	49	N-terminal
F4JUV3	268	475	C-terminal
F4K529	154	185	middle
F4K529	710	824	middle
F4K6X0	1	49	N-terminal
O04348	1	47	N-terminal
O04719	1	108	N-terminal
O04719	370	423	C-terminal
O23346	1	84	N-terminal
O49413	1	129	N-terminal
O49413	360	406	C-terminal
O64573	255	289	middle
O64573	482	527	C-terminal
P42777	1	183	N-terminal
Q39069	1	144	N-terminal
Q3ECH2	778	892	C-terminal
Q45GL9	200	263	C-terminal
Q6NQ99	1	253	N-terminal
Q6NQ99	305	344	C-terminal
Q7Y220	1	174	N-terminal
Q7Y220	247	328	middle
Q84W55	1	87	N-terminal
Q84W55	352	382	middle
Q84W55	1053	1101	C-terminal
Q8L3X8	1	53	N-terminal
Q8L3X8	123	262	C-terminal
Q8L4C5	1	387	IDP
Q8L6Z8	1	41	N-terminal
Q8L7I1	1	260	N-terminal
Q8L7I1	384	557	middle
Q8L7I1	610	908	middle
Q8LFA9	1	136	N-terminal
Q8S4Q6	1	202	IDP
Q8VYF0	1	63	N-terminal
Q8VYF0	165	204	middle
Q93WK6	1	117	IDP
Q93ZH2	1	176	N-terminal
Q93ZH2	222	340	C-terminal
Q940L4	1	143	N-terminal
Q940L4	202	288	middle
Q9C6H1	1	31	N-terminal
Q9C9Y9	1	567	IDP
Q9FFN1	1	74	N-terminal
Q9FFN7	247	325	middle
Q9FHA1	1	216	N-terminal
Q9FHE8	198	252	middle
Q9FHP0	1	93	N-terminal
Q9FHP0	253	432	C-terminal
Q9FMM3	1	539	N-terminal
Q9FMM3	589	1570	middle
Q9FMM3	1648	1714	C-terminal
Q9FW50	1	51	IDP
Q9LHL6	1	194	N-terminal
Q9LMS5	1	32	N-terminal
Q9LTK2	44	95	middle
Q9LTY1	1	57	N-terminal
Q9LUN2	1	55	N-terminal
Q9M0Y9	1	156	IDP
Q9S775	1	34	N-terminal
Q9S775	760	946	middle
Q9S775	1113	1384	C-terminal
Q9SLH0	1	93	N-terminal
Q9SLH0	306	348	middle
Q9SLH0	493	584	C-terminal
Q9SNA6	1	141	IDP
Q9SR25	1	45	N-terminal
Q9XEE4	45	224	middle
Q9XIP5	1	67	N-terminal
Q9XIP5	207	257	C-terminal
Q9ZQZ3	73	200	C-terminal
Q9ZV71	1	64	N-terminal
Q9ZV71	116	168	middle
A0A1P8AWK7	1	71	N-terminal
A0A1P8B6X2	1	42	N-terminal
A0A1P8BDW4	1	40	N-terminal
A0A1P8BDW4	94	294	C-terminal
A8MQY6	1	41	N-terminal
B3H683	1	52	N-terminal
B3H683	117	153	C-terminal
F4IA60	1	451	N-terminal
F4IA60	588	681	C-terminal
F4ICB6	1	88	N-terminal
F4ICB6	418	709	C-terminal
F4IRB4	147	250	middle
F4IRB4	319	484	C-terminal
F4J7V2	1	86	N-terminal
F4JG03	51	113	middle
F4JG03	298	427	C-terminal
F4JSU0	130	305	C-terminal
F4JVS7	251	444	C-terminal
F4K2W9	159	223	middle
F4KAT5	161	272	middle
F4KAT5	343	398	middle
F4KDS0	1	45	N-terminal
O04590	1	38	N-terminal
O49545	966	1003	C-terminal
O65416	1	129	N-terminal
O65416	169	225	C-terminal
O65472	628	659	C-terminal
O80875	376	607	middle
O80875	816	875	middle
O81313	1	39	N-terminal
O81864	1	79	N-terminal
P0C7R4	1	62	N-terminal
P0DKI0	1	135	N-terminal
P58223	465	534	middle
Q0WRX5	1	185	N-terminal
Q0WU16	1	52	IDP
Q1G325	1	55	IDP
Q39163	1	48	N-terminal
Q3EB59	1	33	N-terminal
Q42342	1	134	IDP
Q52K95	1	107	IDP
Q58FZ9	1	38	N-terminal
Q680D9	121	175	middle
Q6NMI3	478	520	middle
Q6NQD9	1	207	IDP
Q6PUA2	1	489	N-terminal
Q6PUA2	988	1665	middle
Q84P26	1	33	N-terminal
Q8L7W2	1	94	N-terminal
Q8LFV5	1	80	N-terminal
Q8S3F1	1	128	N-terminal
Q8VZ67	114	595	C-terminal
Q8W4Q3	425	464	C-terminal
Q941A7	1	44	N-terminal
Q9C519	1	149	N-terminal
Q9C519	202	308	middle
Q9C519	369	553	C-terminal
Q9C8W5	1	225	IDP
Q9FIZ3	863	937	middle
Q9FY89	165	216	C-terminal
Q9LK14	167	269	C-terminal
Q9LN22	1	53	N-terminal
Q9LND1	1	88	N-terminal
Q9LND1	153	244	C-terminal
Q9LQ28	1	184	IDP
Q9LRP1	110	186	middle
Q9LUE1	1	62	N-terminal
Q9LUM1	1	44	N-terminal
Q9LXZ4	1	37	N-terminal
Q9M2T6	1	35	N-terminal
Q9S720	1	81	N-terminal
Q9SCQ3	1	31	N-terminal
Q9SCY5	1	90	N-terminal
Q9SIN1	1	218	N-terminal
Q9SIU2	753	787	middle
Q9SKB8	1	158	N-terminal
Q9SKB8	629	662	C-terminal
Q9SU37	1	102	N-terminal
Q9SU37	160	277	C-terminal
Q9SW09	89	177	C-terminal
Q9SWW6	83	228	middle
Q9SWW6	611	687	middle
Q9ZP16	1	31	N-terminal
Q9ZP16	259	335	middle
Q9ZPY5	1	65	IDP
Q9ZQY6	1	60	N-terminal
A0A1I9LL68	1	79	IDP
A0A1I9LN21	1	40	N-terminal
A2RVQ5	177	240	C-terminal
B3H435	1	45	IDP
B5X570	181	652	C-terminal
F4HP85	67	317	C-terminal
F4HPR5	1	38	N-terminal
F4HPR5	585	694	middle
F4I1G2	1	307	IDP
F4I5T4	1	99	N-terminal
F4IW10	1	50	N-terminal
F4JP43	1	947	N-terminal
F4JP43	1006	1578	middle
F4JP43	1725	2037	C-terminal
O22691	1	100	IDP
O49358	1	110	N-terminal
O65499	1	76	N-terminal
O80780	1	242	IDP
P0DKJ8	1	68	N-terminal
P0DKJ8	176	634	middle
P19036	1	156	IDP
Q0WVW7	1	233	N-terminal
Q1G3R7	1	82	IDP
Q39066	1	95	IDP
Q39218	1	111	N-terminal
Q3E8U4	1	65	N-terminal
Q3ECW0	1	50	IDP
Q43291	127	164	C-terminal
Q6DYE2	1	62	N-terminal
Q6DYE2	199	254	middle
Q6DYE2	292	324	middle
Q6NLQ7	1	121	N-terminal
Q6NQB7	1	123	N-terminal
Q700D0	1	66	N-terminal
Q700D0	120	368	C-terminal
Q84MZ4	1	69	N-terminal
Q84MZ4	131	211	middle
Q84QC2	88	185	C-terminal
Q8GSD7	1	50	N-terminal
Q8GSD7	256	302	middle
Q8GX30	1	52	IDP
Q8GXH3	1	78	N-terminal
Q8GXH3	199	230	middle
Q8GXK2	1	54	N-terminal
Q8GXK2	126	207	C-terminal
Q8H1G4	420	452	C-terminal
Q8L7M4	1	31	N-terminal
Q8LFD5	1	120	IDP
Q8LGA5	1	97	N-terminal
Q8LGA5	171	368	C-terminal
Q8LPF4	1	133	N-terminal
Q8RWY8	1	59	N-terminal
Q8RWY8	296	331	middle
Q8RWY8	390	494	middle
Q8RWY8	677	933	middle
Q8VYD7	202	237	middle
Q8VZ30	1	43	N-terminal
Q93VJ2	1	31	N-terminal
Q93VJ2	301	448	middle
Q93VJ2	631	663	middle
Q93WU7	1	165	N-terminal
Q93WU7	215	293	middle
Q93WU7	358	423	C-terminal
Q93ZL5	1	134	N-terminal
Q93ZL5	178	457	C-terminal
Q940H7	1	87	N-terminal
Q940J9	1	81	N-terminal
Q940J9	585	623	C-terminal
Q941C7	1	75	IDP
Q94A57	95	136	middle
Q94A57	212	295	C-terminal
Q94LA4	1	93	N-terminal
Q9C5E5	1	34	N-terminal
Q9C5E5	433	509	C-terminal
Q9C823	1	42	N-terminal
Q9C823	228	294	middle
Q9FIW5	150	337	C-terminal
Q9FJP9	1	66	N-terminal
Q9FJY2	103	156	C-terminal
Q9FML9	140	282	C-terminal
Q9FNA9	1	94	N-terminal
Q9LDM4	1	163	N-terminal
Q9LE58	1	265	N-terminal
Q9LE58	384	455	middle
Q9LIN9	1	67	N-terminal
Q9M268	135	299	C-terminal
Q9M2U3	1	53	N-terminal
Q9M2U3	362	406	C-terminal
Q9SAG8	1	56	N-terminal
Q9SAG8	124	163	C-terminal
Q9SCN0	1	33	N-terminal
Q9SHB5	116	162	middle
Q9SHB5	235	292	C-terminal
Q9SK84	1	72	N-terminal
Q9SMP0	154	234	C-terminal
Q9SR60	1	33	N-terminal
Q9SS98	1	183	IDP
Q9SZJ5	1	41	N-terminal
Q9XIE1	1	43	N-terminal
Q9XIE1	196	334	middle
Q9XIE1	590	862	middle
Q9XIE1	1058	1162	C-terminal
A0A1I9LQL8	1	42	IDP
A0A1P8B5H9	1	94	IDP
A0A1R7T3C3	1	66	IDP
A0MFS5	1	80	N-terminal
A0MFS5	248	286	middle
A0MFS5	408	528	C-terminal
B9DFI7	1	82	N-terminal
F4I8K2	1	37	N-terminal
F4I978	233	344	C-terminal
F4I9U9	682	784	middle
F4IUT0	69	128	middle
F4IUT0	219	322	middle
F4IUT0	655	690	C-terminal
F4IV00	1	464	IDP
F4J3N4	165	391	C-terminal
F4J5S1	1	106	N-terminal
F4J5S1	493	546	middle
F4J5S1	695	790	middle
F4J5S1	891	941	middle
F4J5S1	1288	1407	C-terminal
F4JLB7	1	36	N-terminal
F4JRF5	1	351	N-terminal
F4JRF5	527	650	middle
F4JRF5	693	745	middle
F4JTF6	1	71	N-terminal
F4JTF6	689	877	middle
F4JTF6	1097	1202	C-terminal
F4K794	1	73	N-terminal
F4KBY8	1	113	IDP
F4KDH9	1	332	N-terminal
F4KDH9	393	1196	C-terminal
H3K2Y6	1	80	N-terminal
H3K2Y6	225	298	middle
H3K2Y6	766	979	middle
H3K2Y6	1182	1220	middle
H3K2Y6	1371	1414	middle
H3K2Y6	1792	1962	middle
H3K2Y6	2015	2076	middle
H3K2Y6	2112	2235	C-terminal
O22827	167	198	C-terminal
O48837	1	39	N-terminal
O48837	429	503	middle
O82595	1	333	IDP
P19037	1	103	N-terminal
Q0IGK1	1	289	N-terminal
Q0WVL7	1	335	N-terminal
Q0WVL7	774	849	middle
Q39030	1	135	N-terminal
Q39030	419	471	C-terminal
Q3EAK6	1	114	IDP
Q66GR4	1	72	N-terminal
Q66GR4	185	216	middle
Q6DBQ1	1	85	N-terminal
Q6DBQ1	215	299	C-terminal
Q6DR30	1	216	IDP
Q6NLC8	115	225	C-terminal
Q84UU9	1	78	N-terminal
Q8GX62	84	348	middle
Q8GYL7	1	70	N-terminal
Q8GYL7	478	515	middle
Q8GYL7	806	852	C-terminal
Q8H0V1	1	125	N-terminal
Q8RWS9	1	66	N-terminal
Q940Q2	1	67	N-terminal
Q944A9	107	170	middle
Q94BV7	1	59	N-terminal
Q9C6T5	1	75	N-terminal
Q9C7Y3	1	55	IDP
Q9FF80	1	147	N-terminal
Q9FKA0	178	285	C-terminal
Q9FN89	1	95	N-terminal
Q9LHP1	214	244	C-terminal
Q9LJK1	1	61	N-terminal
Q9LJR3	1	69	N-terminal
Q9LJR3	132	167	middle
Q9LJR3	360	496	middle
Q9LK65	1	94	N-terminal
Q9LK65	559	661	C-terminal
Q9LRQ0	1	291	N-terminal
Q9LSQ9	1	141	IDP
Q9LTD8	302	500	C-terminal
Q9LZJ3	1	113	N-terminal
Q9LZJ3	423	460	C-terminal
Q9M066	1	72	N-terminal
Q9M0V1	1	85	N-terminal
Q9M1J9	448	711	C-terminal
Q9M2D9	124	299	C-terminal
Q9M9X0	1	33	N-terminal
Q9S7X5	1	366	N-terminal
Q9SHJ3	1	54	N-terminal
Q9SHJ3	1924	1958	C-terminal
Q9SNA0	397	476	middle
Q9SNA0	763	793	C-terminal
Q9SVE7	1	101	N-terminal
Q9T058	1	35	N-terminal
Q9T058	446	518	middle
Q9T0G0	316	389	C-terminal
Q9ZR15	1	69	N-terminal
A0A1I9LT08	1	38	N-terminal
A0A1I9LT08	116	274	C-terminal
A0A1P8AMZ0	1	287	N-terminal
A0A1P8APS1	1	79	IDP
A0A1P8AYR5	1	41	N-terminal
A0A1P8BCP0	1	53	N-terminal
B3H7F1	1	74	IDP
F4I177	1	126	IDP
F4I3I2	1	139	IDP
F4IIE7	1	122	IDP
F4ISE7	61	378	middle
F4ISE7	421	481	middle
F4ISE7	784	814	C-terminal
F4J8L3	1	66	N-terminal
F4J8L3	481	634	middle
F4J8L3	841	890	middle
F4JNB7	1359	1449	C-terminal
F4K891	1	67	N-terminal
F4K891	274	482	C-terminal
F4KFF0	1	86	N-terminal
O81235	1	31	N-terminal
O81841	1	59	N-terminal
P19892	187	218	C-terminal
P32068	1	61	N-terminal
P45434	1	60	N-terminal
P45434	217	258	C-terminal
P47927	1	131	N-terminal
P47927	280	432	C-terminal
Q1G3C1	1	89	N-terminal
Q2L6T6	1	33	N-terminal
Q39056	1	96	N-terminal
Q39243	1	45	N-terminal
Q6R0H0	1	51	N-terminal
Q6R0H0	113	223	middle
Q6R2J8	245	395	middle
Q8GW64	1	89	N-terminal
Q8H1E4	1	163	N-terminal
Q8H1E4	239	334	C-terminal
Q8L7L5	1	162	N-terminal
Q8L7L5	289	354	C-terminal
Q8VYB2	1	43	N-terminal
Q8VYL1	1	89	N-terminal
Q93VC7	1	51	N-terminal
Q93VC7	377	416	C-terminal
Q93Z49	1	115	IDP
Q940R4	1	161	N-terminal
Q94C59	1	205	N-terminal
Q9C671	94	133	middle
Q9C671	490	630	C-terminal
Q9CAC8	1	86	N-terminal
Q9FF55	1	100	N-terminal
Q9FF55	555	597	C-terminal
Q9FFJ5	1	90	N-terminal
Q9FFJ5	140	204	C-terminal
Q9FII8	1	50	N-terminal
Q9FII8	250	351	middle
Q9FJR0	1	128	N-terminal
Q9FJR0	943	1254	C-terminal
Q9FK68	186	216	C-terminal
Q9FLM6	1	74	N-terminal
Q9FXE3	1	69	N-terminal
Q9FZE2	1	167	N-terminal
Q9FZE2	318	493	C-terminal
Q9LF68	1	98	N-terminal
Q9LIF8	289	325	middle
Q9LJA1	1	47	N-terminal
Q9LJA1	126	182	middle
Q9LK74	152	360	C-terminal
Q9LPS7	1	33	N-terminal
Q9LPS7	147	388	C-terminal
Q9LVD0	211	289	C-terminal
Q9LVE0	1	34	N-terminal
Q9LVE0	271	325	middle
Q9LY51	247	320	middle
Q9LYK2	1	37	N-terminal
Q9LYK2	457	493	C-terminal
Q9SA02	304	355	C-terminal
Q9SAC6	1	77	N-terminal
Q9SAC6	263	306	middle
Q9SD22	1	74	N-terminal
Q9SD22	389	463	C-terminal
Q9SHI0	1	62	N-terminal
Q9SHI0	278	958	C-terminal
Q9SJT9	818	929	middle
Q9SRD9	1	1532	IDP
Q9SUE8	1	261	IDP
Q9SXD8	1	55	N-terminal
Q9SZW3	1	395	N-terminal
Q9SZW3	1218	1311	C-terminal
Q9XH48	1	87	IDP
Q9XIE6	1	48	N-terminal
Q9XIE6	1136	1213	C-terminal
Q9ZVW2	1	64	N-terminal
Q9ZVW2	289	322	middle
A0A1I9LLP0	1	53	N-terminal
A0A1I9LLP0	256	298	C-terminal
A0A1P8ASS7	1	53	N-terminal
A0A1P8B011	1	39	N-terminal
A0A1P8B011	83	115	middle
B3H592	1	121	IDP
C0LU16	1	89	N-terminal
F4HY10	1	62	N-terminal
F4HYS9	1	53	N-terminal
F4IAG2	1	110	N-terminal
F4IED2	158	528	C-terminal
F4J1Z7	304	371	C-terminal
F4JC50	156	229	C-terminal
F4JPW1	1	81	N-terminal
F4JRS9	238	270	C-terminal
F4K1W7	106	522	C-terminal
F4K2J2	1	39	N-terminal
F4KBH8	1	104	N-terminal
F4KDC4	1	277	N-terminal
F4KIH8	620	665	middle
F4KIH8	1140	1377	C-terminal
O64530	1	77	N-terminal
O80991	1	33	N-terminal
P92982	151	355	middle
Q38890	1	54	N-terminal
Q6AWX1	1	103	N-terminal
Q6NM71	1	39	N-terminal
Q6NM71	208	257	C-terminal
Q84JZ8	1	439	N-terminal
Q84JZ8	586	639	C-terminal
Q84M94	1	78	N-terminal
Q8GXE7	1	53	IDP
Q8H0T9	303	667	middle
Q8L7A9	630	938	C-terminal
Q8LSZ4	123	172	middle
Q8LSZ4	270	403	C-terminal
Q8S396	446	521	C-terminal
Q8VXZ5	1	91	N-terminal
Q8VY26	1	74	N-terminal
Q8VZ15	233	340	middle
Q93VH6	71	223	C-terminal
Q93ZG7	1	91	N-terminal
Q94B40	1	107	N-terminal
Q94CB1	1	86	N-terminal
Q94KB7	461	583	C-terminal
Q96247	1	43	N-terminal
Q9C6W7	1	82	N-terminal
Q9C895	1	38	N-terminal
Q9FH60	166	202	C-terminal
Q9FMZ9	1	43	N-terminal
Q9FMZ9	94	205	middle
Q9FYJ2	1	64	N-terminal
Q9FZ90	1	34	N-terminal
Q9FZ90	102	245	C-terminal
Q9LIL1	371	413	C-terminal
Q9LKR4	1	128	N-terminal
Q9LKR4	620	685	C-terminal
Q9LMP5	1	239	IDP
Q9LNF4	1	91	N-terminal
Q9LSB2	1	37	N-terminal
Q9LSB2	201	386	C-terminal
Q9LVH1	1	292	IDP
Q9M033	298	423	middle
Q9M033	509	657	middle
Q9M033	887	924	middle
Q9M033	1187	1467	C-terminal
Q9M202	1	288	IDP
Q9M316	1	32	N-terminal
Q9M7I7	1	42	N-terminal
Q9S9N5	1	74	N-terminal
Q9S9N5	666	738	C-terminal
Q9SHC8	122	178	middle
Q9SKB2	225	282	middle
Q9SQV1	1	416	N-terminal
Q9SQV1	806	1088	C-terminal
Q9SUB2	1	266	IDP
Q9SUK9	1	230	N-terminal
Q9SV88	1	130	IDP
Q9ZT82	1024	1057	middle
Q9ZVH5	448	486	C-terminal
Q9ZVR7	646	706	middle
A0A1P8APK6	1	108	IDP
A0A1P8AVQ6	498	564	middle
A0A1P8AVQ6	855	885	C-terminal
A0A1P8B2U8	1	75	IDP
A0A1P8BAF7	243	522	middle
B3H4U5	1	52	IDP
B3H7C4	1	49	IDP
F4HZD1	1	46	N-terminal
F4HZD1	83	217	middle
F4HZD1	684	772	middle
F4IBK4	394	425	middle
F4IBK4	1003	1065	C-terminal
F4JDB5	1	50	IDP
F4JLL4	1	43	N-terminal
F4JRX8	1	64	IDP
F4K1T9	188	248	middle
F4K1T9	389	480	C-terminal
O04336	1	169	N-terminal
O04336	206	311	middle
O48737	1	76	N-terminal
O65370	1	138	IDP
O65415	58	215	C-terminal
O65684	1	83	IDP
P83484	1	76	N-terminal
Q3E965	1	77	N-terminal
Q4PSF3	1	249	IDP
Q4PT23	324	355	C-terminal
Q67ZM7	1	61	N-terminal
Q84JI2	103	138	C-terminal
Q8L9S0	1	41	N-terminal
Q8LB93	1	77	IDP
Q8RXW0	301	334	C-terminal
Q8S8C7	1	81	N-terminal
Q8VZ94	1	407	N-terminal
Q93XX3	1	93	N-terminal
Q93ZD6	1	86	N-terminal
Q94CE5	1	50	N-terminal
Q94K73	1	52	N-terminal
Q9FKQ6	1	89	N-terminal
Q9FKQ6	168	206	middle
Q9FLW7	1	33	N-terminal
Q9FNC2	1	416	IDP
Q9LIN5	1	532	IDP
Q9LIR6	1	58	N-terminal
Q9LZK1	1	64	N-terminal
Q9M0R5	1	45	N-terminal
Q9M0R5	179	345	C-terminal
Q9M282	1	54	N-terminal
Q9M2P4	1	42	N-terminal
Q9M9X7	1	53	N-terminal
Q9M9X7	450	528	C-terminal
Q9MA75	1	188	N-terminal
Q9MA75	289	341	C-terminal
Q9SCT6	1	46	N-terminal
Q9SCT6	295	407	C-terminal
Q9SFT7	1	63	N-terminal
Q9SFT7	364	414	C-terminal
Q9SG77	1	63	N-terminal
Q9SKK8	262	326	middle
Q9SKT3	1	53	N-terminal
Q9SN24	1	215	IDP
Q9SRS6	166	209	middle
Q9SRS6	321	451	middle
Q9SRS6	963	1003	C-terminal
Q9SUL1	1	33	N-terminal
Q9SVF2	1	47	IDP
Q9SZD8	1	36	N-terminal
Q9ZPQ7	1	189	IDP
A0A1P8B1J6	1	211	IDP
A0A1P8BAX5	1	142	IDP
A8MR63	1	31	N-terminal
C0SVS4	73	129	middle
C0SVS4	173	280	C-terminal
F4IV66	1	79	N-terminal
F4IV66	155	329	middle
F4IV66	412	534	middle
F4J5F4	1	192	N-terminal
F4JS25	131	284	middle
F4JS25	701	760	middle
F4K390	1	150	N-terminal
F4KE63	1	69	N-terminal
F4KE92	1	68	N-terminal
O04090	1	59	N-terminal
O49687	1	163	N-terminal
O49687	257	421	middle
O64575	59	104	middle
O80542	1	144	IDP
O81127	70	187	C-terminal
O82245	1	45	N-terminal
O82314	1	110	N-terminal
P0DI76	1	55	N-terminal
P38418	1	68	N-terminal
Q0WV86	1	44	N-terminal
Q0WV86	976	1088	C-terminal
Q0WW55	1	55	N-terminal
Q1PDV2	1	58	N-terminal
Q1PDV2	124	236	C-terminal
Q1PEF1	1	128	N-terminal
Q3EB87	1	292	N-terminal
Q43386	85	204	C-terminal
Q4VP08	1	47	N-terminal
Q5XV09	70	195	middle
Q7EB72	102	183	C-terminal
Q84N39	1	106	IDP
Q8GYW9	1	58	N-terminal
Q8LC40	1	32	N-terminal
Q8LE10	145	296	C-terminal
Q8RY98	68	135	C-terminal
Q8S8R5	1	91	IDP
Q8VYA5	134	290	C-terminal
Q93V85	1	121	N-terminal
Q93WV6	1	277	IDP
Q93ZN4	1	75	N-terminal
Q940L5	1	33	N-terminal
Q9C5M8	375	408	C-terminal
Q9C7G1	220	282	middle
Q9C7G1	370	415	middle
Q9C7G1	709	768	C-terminal
Q9C8I6	503	570	middle
Q9C8I6	864	894	C-terminal
Q9C9Q5	1	69	N-terminal
Q9FF68	1	40	N-terminal
Q9FF84	1	253	N-terminal
Q9FF84	465	511	middle
Q9FF84	1035	1161	C-terminal
Q9FHX0	1	71	N-terminal
Q9FLU6	1	70	IDP
Q9FMJ0	1	35	N-terminal
Q9FMJ0	149	548	middle
Q9FMJ0	637	840	middle
Q9FYM2	1	61	IDP
Q9FZ49	1	44	N-terminal
Q9LEQ9	1	76	N-terminal
Q9LEQ9	283	346	C-terminal
Q9LIE6	1	192	IDP
Q9LK44	1	435	N-terminal
Q9LMH9	1	221	IDP
Q9LP51	1	67	N-terminal
Q9LP51	342	419	middle
Q9LV95	1	145	IDP
Q9LZ20	1	49	N-terminal
Q9M2K0	867	1081	middle
Q9M2K0	1151	1242	C-terminal
Q9M2Z3	362	600	C-terminal
Q9M9Q2	1	51	N-terminal
Q9M9Q2	139	202	middle
Q9MAV1	115	188	C-terminal
Q9S7P4	1	92	N-terminal
Q9SFY8	1	212	IDP
Q9SIN5	1	141	IDP
Q9SJL2	1	44	N-terminal
Q9SJL2	112	154	middle
Q9SJL2	217	386	C-terminal
Q9SJN9	1	393	N-terminal
Q9SJN9	599	730	middle
Q9SPG4	1	58	N-terminal
Q9SPG4	159	190	C-terminal
Q9SX85	167	209	middle
Q9SX85	481	581	middle
Q9SY52	192	225	middle
Q9SY52	302	345	C-terminal
Q9SYL6	1	49	N-terminal
Q9ZQC5	1	118	N-terminal
Q9ZQC5	517	583	C-terminal
Q9ZUW3	1	52	N-terminal
Q9ZV25	1	261	N-terminal
Q9ZV25	306	348	middle
A0A178UYZ3	1	45	N-terminal
A0A178UYZ3	121	528	middle
A0A1P8ANS6	1	116	IDP
A0A1P8B4V1	1	110	N-terminal
A4GSN8	359	406	middle
A4GSN8	1170	1203	middle
A4GSN8	1458	2093	C-terminal
B3H638	1	46	IDP
B3H729	1	37	IDP
C0Z2A9	1	100	N-terminal
F4ICV8	203	347	C-terminal
F4IEK5	265	345	middle
F4IUY1	1	235	N-terminal
F4IUY1	546	665	middle
F4IWB9	316	348	C-terminal
F4JC31	652	886	C-terminal
F4K7U3	1	34	N-terminal
O49715	1	63	N-terminal
O81209	1	134	N-terminal
O81635	180	318	middle
O81635	750	987	C-terminal
P41151	1	59	N-terminal
P41151	141	176	middle
P41151	247	495	C-terminal
P46604	1	124	N-terminal
P46604	224	278	C-terminal
P93655	1	94	N-terminal
P93655	672	723	middle
Q0V7X4	1	219	N-terminal
Q0WPS0	1	55	N-terminal
Q0WPS0	364	408	C-terminal
Q2V3E8	1	81	N-terminal
Q39196	1	42	N-terminal
Q5Q0C8	1	540	IDP
Q6ICX4	187	239	middle
Q7XA77	1	80	N-terminal
Q7XJK6	159	366	C-terminal
Q84K16	598	759	middle
Q84LR3	1	70	N-terminal
Q84LR3	128	171	middle
Q8GWB4	1	73	N-terminal
Q8GXU8	1	117	N-terminal
Q8GZD4	1	34	N-terminal
Q8L7U4	111	241	C-terminal
Q8L9V6	1	69	N-terminal
Q8L9V6	121	331	C-terminal
Q8LLV8	1	36	IDP
Q8RWI4	1	69	N-terminal
Q8RY66	454	506	C-terminal
Q8W0Y9	1	37	N-terminal
Q8W0Y9	473	625	C-terminal
Q93ZQ9	123	193	middle
Q93ZQ9	247	312	C-terminal
Q94AI6	226	265	middle
Q9C787	1	137	IDP
Q9C7E9	211	247	middle
Q9FF14	1	89	N-terminal
Q9FGR7	1	161	N-terminal
Q9FGR7	689	723	C-terminal
Q9FGZ5	1	37	N-terminal
Q9FGZ5	192	285	C-terminal
Q9FIB3	47	213	C-terminal
Q9FK31	1	36	N-terminal
Q9FKS4	1	36	N-terminal
Q9FKS4	394	485	middle
Q9FLY8	270	345	middle
Q9FNQ4	86	161	C-terminal
Q9LMR1	1	76	N-terminal
Q9LMR1	299	355	middle
Q9LX82	111	256	C-terminal
Q9MAC1	129	167	C-terminal
Q9SH58	1	411	IDP
Q9SVB7	1	206	N-terminal
Q9SVB7	272	304	C-terminal
Q9T031	1	32	N-terminal
A0A1I9LQA9	1	133	IDP
A0A1P8B064	1	61	IDP
A0A1P8BE35	1	33	N-terminal
A4GNA8	1	47	N-terminal
A8MQW1	1	286	N-terminal
B3H4F4	1	77	IDP
B3H695	1	72	IDP
F4HSS6	1	54	N-terminal
F4HSS6	115	315	middle
F4HSS6	492	648	middle
F4HSS6	895	944	C-terminal
F4J4Q8	99	245	middle
F4JGP6	1	74	N-terminal
F4JVU5	514	582	middle
F4JVU5	979	1022	middle
F4K1B1	163	553	middle
F4KIY2	1	50	N-terminal
F4KIY2	138	174	middle
F4KIY2	888	932	middle
F4KIY2	1176	1238	middle
O04496	1	36	N-terminal
O04650	801	851	middle
O04650	1088	1181	C-terminal
O64624	1	95	N-terminal
O64645	168	214	C-terminal
O64812	306	339	C-terminal
O65375	1	39	N-terminal
O65375	383	744	C-terminal
O80927	1	136	N-terminal
O80927	189	235	C-terminal
O82352	1	67	N-terminal
P42774	1	242	N-terminal
P92990	1	39	N-terminal
P92990	131	283	middle
Q1JPN0	1	94	N-terminal
Q1JPN0	173	203	middle
Q1JPN0	440	474	C-terminal
Q1PFK5	1	50	N-terminal
Q1PFK5	123	167	middle
Q2V3K7	1	45	N-terminal
Q3ECM9	71	177	C-terminal
Q5BIV3	1	51	N-terminal
Q5XET8	1	99	N-terminal
Q5XET8	248	439	C-terminal
Q6NQ51	1	82	N-terminal
Q7XA78	1	71	N-terminal
Q84WK2	1	45	N-terminal
Q8GW85	1	46	N-terminal
Q8GW85	138	173	C-terminal
Q8L7W4	1	114	N-terminal
Q8L9E4	1	40	N-terminal
Q8LEG1	1	180	N-terminal
Q8S8K0	1	93	N-terminal
Q949Z2	276	422	C-terminal
Q9C794	1	41	N-terminal
Q9C7J6	1	33	N-terminal
Q9C7J6	98	364	C-terminal
Q9C7U5	457	505	C-terminal
Q9FFF5	139	188	middle
Q9FHN1	715	821	middle
Q9FI55	208	242	C-terminal
Q9FIF0	284	318	middle
Q9FVS6	1	75	N-terminal
Q9FYK6	1	61	N-terminal
Q9LSI8	1	100	N-terminal
Q9LTL6	133	187	middle
Q9LXG0	1	181	N-terminal
Q9LXG0	237	271	C-terminal
Q9LYL0	1	46	N-terminal
Q9M0U7	1	33	N-terminal
Q9S761	1	63	N-terminal
Q9S7M7	1	47	N-terminal
Q9SB51	112	449	middle
Q9SB51	855	1008	C-terminal
Q9SCV5	1	31	N-terminal
Q9SF07	1	84	N-terminal
Q9SHM1	409	447	middle
Q9SHP0	1	66	N-terminal
Q9SLJ2	1	98	IDP
Q9SUC4	1	129	N-terminal
Q9SUC4	201	361	middle
Q9SZE2	1	49	N-terminal
Q9ZT42	107	375	C-terminal
Q9ZUK3	915	983	C-terminal
Q9ZWC8	801	833	middle
A0A178VWR3	1	33	N-terminal
A0A178VWR3	397	468	middle
A0A178VWR3	873	914	middle
A0JPV5	1	154	IDP
B3H515	1	32	IDP
B3H6P4	1	37	IDP
F4I111	1	47	N-terminal
F4IL30	1	103	N-terminal
F4IL30	331	486	middle
F4J5I0	422	789	C-terminal
F4J917	1	166	IDP
F4JAE0	67	145	middle
F4JAE0	515	558	C-terminal
F4JFC6	266	316	C-terminal
F4JGK4	160	195	C-terminal
F4JT73	1	81	N-terminal
F4K7K8	1	246	N-terminal
F4K7K8	284	987	C-terminal
F4KA18	1	38	N-terminal
F4KA18	451	568	C-terminal
O65371	1	53	N-terminal
O80643	36	233	C-terminal
O80807	178	226	C-terminal
P15460	1	88	N-terminal
P46607	1	132	N-terminal
P92510	1	122	IDP
P92560	1	111	IDP
Q1PE71	1	164	IDP
Q39050	302	457	C-terminal
Q6NQ97	382	414	middle
Q700D5	39	104	middle
Q7Y1C4	1	500	N-terminal
Q84JK2	1	228	N-terminal
Q84JQ4	224	315	middle
Q84JQ4	616	647	C-terminal
Q8GXD9	1	423	N-terminal
Q8L8A5	68	210	C-terminal
Q8RXK3	246	280	C-terminal
Q8S897	1	124	N-terminal
Q8S897	298	431	C-terminal
Q8S9L6	257	342	middle
Q8VYT6	466	500	middle
Q8VYT6	601	632	middle
Q8VZI9	115	174	middle
Q93ZM7	1	34	N-terminal
Q94AA9	1	121	N-terminal
Q94AD1	1	172	N-terminal
Q94LA7	81	136	middle
Q9C517	1	79	N-terminal
Q9C517	155	224	middle
Q9C670	1	233	N-terminal
Q9C670	307	390	C-terminal
Q9C689	1	57	N-terminal
Q9C689	192	230	middle
Q9C689	332	403	C-terminal
Q9CA89	1	71	N-terminal
Q9CA89	438	515	C-terminal
Q9CAF4	1	1309	IDP
Q9FFY6	156	187	middle
Q9FHL4	1	100	N-terminal
Q9FN06	1	31	N-terminal
Q9FN52	1	64	N-terminal
Q9FN92	392	472	middle
Q9FN92	763	829	C-terminal
Q9FNN6	1	118	N-terminal
Q9FNN6	174	298	C-terminal
Q9LFZ8	1	75	N-terminal
Q9LH98	184	1900	middle
Q9LH98	2033	2081	C-terminal
Q9LJ63	1	60	IDP
Q9LJL8	1	90	N-terminal
Q9LS45	1	49	N-terminal
Q9LTD7	1	37	N-terminal
Q9LTD7	249	311	middle
Q9LTQ4	1	60	N-terminal
Q9M143	285	506	C-terminal
Q9M241	1	124	N-terminal
Q9SGR4	90	123	C-terminal
Q9SRV3	1	52	N-terminal
Q9SRV3	166	273	C-terminal
Q9SYB5	1	31	N-terminal
Q9SYM0	1	74	N-terminal
Q9ZPS9	1	37	N-terminal
Q9ZPS9	714	811	middle
Q9ZU25	1	60	N-terminal
A0A1P8B271	1	87	IDP
A0A1P8B9B1	1	62	N-terminal
B3H4L2	1	47	IDP
F4I2K0	1	62	N-terminal
F4I2K0	459	569	C-terminal
F4I9J8	63	266	middle
F4I9J8	353	513	C-terminal
F4IAF6	1	51	N-terminal
F4IAF6	242	272	middle
F4IAF6	535	599	middle
F4IAF6	746	1003	C-terminal
F4J139	1	68	N-terminal
F4JH01	1	161	N-terminal
F4JH01	402	1040	middle
F4JH01	1251	1285	middle
F4JMR3	1	287	N-terminal
O04712	86	202	C-terminal
O23090	1	38	N-terminal
O23090	182	248	middle
O23090	310	344	middle
O80748	90	129	middle
O80748	210	251	C-terminal
O81011	1	101	IDP
P46313	1	34	N-terminal
Q0WQA5	1	242	N-terminal
Q1G3L2	1	74	N-terminal
Q1PEU6	66	116	middle
Q1PFE1	1	246	N-terminal
Q3EAW7	1	38	N-terminal
Q42479	1	69	N-terminal
Q84JL3	1	57	N-terminal
Q84JR9	1	210	N-terminal
Q8GWR3	1	39	N-terminal
Q8GWR3	80	142	middle
Q8GWR3	266	298	C-terminal
Q8GYL4	1	65	N-terminal
Q8H1S6	103	151	middle
Q8L467	1	165	N-terminal
Q8L467	224	283	C-terminal
Q8L603	1	267	N-terminal
Q8L7C2	1	163	N-terminal
Q8L7C2	266	304	middle
Q8L7C2	479	583	middle
Q8L7C2	716	890	middle
Q8LDV3	1	72	N-terminal
Q8LDV3	135	185	C-terminal
Q8LPR9	1	84	N-terminal
Q8LPR9	651	706	middle
Q8S8H2	1	103	IDP
Q8VYR9	1	140	N-terminal
Q8VZQ2	119	366	C-terminal
Q8VZS2	1	130	IDP
Q8W1E7	512	561	C-terminal
Q8W2F1	225	441	middle
Q940I8	1	115	N-terminal
Q940I8	170	234	middle
Q945K7	1	44	N-terminal
Q9C9L2	1	67	N-terminal
Q9C9L2	103	325	C-terminal
Q9FHE1	231	274	middle
Q9FHE1	395	519	middle
Q9FHI0	1	115	N-terminal
Q9FID9	413	511	middle
Q9FID9	813	880	C-terminal
Q9FJX8	192	278	middle
Q9FJX8	564	595	middle
Q9FNE9	1	36	N-terminal
Q9FNE9	101	144	middle
Q9FVX0	1	166	N-terminal
Q9LML2	200	234	middle
Q9LML2	471	567	middle
Q9LNW3	1	130	N-terminal
Q9LNW3	360	442	C-terminal
Q9LVM1	1	118	N-terminal
Q9LXV1	1	73	IDP
Q9LYS6	1	51	N-terminal
Q9M2X9	249	286	middle
Q9M9P0	1	40	N-terminal
Q9SA56	1	71	N-terminal
Q9SHG8	1	34	N-terminal
Q9SJA2	1	51	N-terminal
Q9SJA2	589	635	middle
Q9SN83	1	63	N-terminal
Q9SNW9	133	245	C-terminal
Q9STM1	1	32	N-terminal
Q9STW3	1	35	N-terminal
Q9SYB4	1	41	N-terminal
Q9T036	1	96	IDP
Q9ZQZ9	1	105	N-terminal
Q9ZVN9	1	38	N-terminal
Q9ZW36	299	483	C-terminal
A0A1P8BH68	1	66	IDP
B3H7E0	1	48	IDP
B3H7H8	1	58	IDP
B9DFR3	408	451	C-terminal
E5KGE0	1	40	N-terminal
E5KGE0	293	324	middle
E5KGE0	451	488	C-terminal
F4HTI9	1	35	N-terminal
F4HTI9	75	303	middle
F4IN86	321	548	C-terminal
F4J4R5	217	366	C-terminal
F4K7X9	1	47	N-terminal
F4KB50	1	186	N-terminal
F4KB50	416	722	middle
F4KB50	807	845	C-terminal
O04248	1	85	N-terminal
O04575	1	150	IDP
O64566	1	63	N-terminal
O64566	306	380	C-terminal
O64769	1	33	N-terminal
O64769	658	725	middle
P0DKH5	1169	1201	middle
P0DKH5	1254	1288	C-terminal
P46601	1	136	N-terminal
P46601	231	283	C-terminal
Q08733	1	40	N-terminal
Q0WL52	466	580	C-terminal
Q0WUF6	1	35	N-terminal
Q0WUF6	107	239	middle
Q1PDT6	117	157	middle
Q2V3W5	1	57	IDP
Q3EB02	1	128	IDP
Q5XPJ9	292	1399	C-terminal
Q66GN2	642	691	C-terminal
Q6LA42	174	558	C-terminal
Q6NLV4	1	62	N-terminal
Q6NLV4	417	647	C-terminal
Q6NPN5	1	42	N-terminal
Q6NQJ7	610	732	C-terminal
Q7PC82	1	64	N-terminal
Q84JE8	1	339	N-terminal
Q84JE8	416	485	middle
Q84TK1	1	258	N-terminal
Q84TK1	310	363	middle
Q84WI4	91	170	middle
Q84WI4	756	794	C-terminal
Q8H1E8	1	56	N-terminal
Q8H1E8	166	196	middle
Q8H1E8	253	372	middle
Q8H1F5	1	83	N-terminal
Q8H1F5	226	455	C-terminal
Q8L7T4	60	848	C-terminal
Q8L864	1	183	IDP
Q8L983	1	218	IDP
Q8LCE4	1	133	IDP
Q8RWY3	1	182	N-terminal
Q8RWY3	710	834	middle
Q8RWY3	1019	1056	C-terminal
Q8RX55	1	89	N-terminal
Q8VY88	1	82	N-terminal
Q93V58	1	66	N-terminal
Q940B0	143	187	C-terminal
Q94A87	255	300	middle
Q94A87	684	762	C-terminal
Q94KL5	1	304	N-terminal
Q94KL5	498	571	middle
Q9C7I9	380	421	middle
Q9FEF8	1	72	N-terminal
Q9FL29	1	32	N-terminal
Q9FLZ6	1	465	N-terminal
Q9FMR2	1	140	N-terminal
Q9FVV9	139	202	middle
Q9LSG5	1	38	N-terminal
Q9LUE3	257	289	C-terminal
Q9M2Q4	647	679	middle
Q9M2Q4	932	1028	C-terminal
Q9M3E5	626	682	C-terminal
Q9S701	1	36	N-terminal
Q9S9L0	1	81	N-terminal
Q9S9L0	138	356	middle
Q9SID9	1	328	IDP
Q9SRQ7	93	123	middle
Q9SRQ7	494	538	C-terminal
Q9SU82	1	48	N-terminal
Q9SV84	1	64	N-terminal
Q9SVK0	185	315	C-terminal
Q9SZA6	387	430	C-terminal
Q9XF91	1	78	N-terminal
Q9ZNQ8	1	260	N-terminal
Q9ZNQ8	578	633	C-terminal
Q9ZSZ8	1	52	N-terminal
Q9ZV04	1	34	N-terminal
X5JB51	1	84	N-terminal
A0A1I9LMG4	1	55	N-terminal
A0A1I9LMG4	137	207	middle
A0A1P8AS86	1	71	N-terminal
A0A1P8ASA8	84	144	C-terminal
A0A1P8B9S8	1	51	N-terminal
A0A1P8BEQ7	1	124	IDP
A8MQM1	1	44	N-terminal
B3H4U9	1	215	N-terminal
B3H4U9	301	395	middle
B3H4U9	542	572	C-terminal
B3H4Y7	1	51	IDP
B3H6H5	1	52	IDP
F4HT49	401	497	C-terminal
F4IK99	98	128	middle
F4IK99	215	319	middle
F4JCC1	1	449	N-terminal
F4JCC1	851	992	C-terminal
F4JSH1	1	107	N-terminal
F4JSH1	604	740	C-terminal
F4JV40	1	144	N-terminal
F4K6K4	1	88	N-terminal
O04468	1	86	IDP
O64755	1	288	IDP
O80614	1	365	N-terminal
O80775	298	353	C-terminal
O81488	138	202	middle
O81500	127	187	C-terminal
P93002	557	593	C-terminal
Q0WN19	1	114	IDP
Q42485	1	228	IDP
Q52K85	1	206	IDP
Q6NL28	1	146	IDP
Q84RQ9	1	35	N-terminal
Q8GZ13	1	156	N-terminal
Q8GZ87	1	87	N-terminal
Q8GZ87	162	664	C-terminal
Q8LDN4	1	76	IDP
Q8VYD4	804	867	C-terminal
Q8VZW0	1	358	IDP
Q944H1	1	106	N-terminal
Q944H1	163	266	middle
Q96524	516	612	C-terminal
Q9AR19	1	184	N-terminal
Q9C658	1	611	IDP
Q9C8Z9	1	170	N-terminal
Q9CA21	1	51	N-terminal
Q9FGY6	1	128	IDP
Q9FKY3	1	40	N-terminal
Q9LR35	1	180	IDP
Q9LT68	1	101	N-terminal
Q9LTT3	1	32	N-terminal
Q9LTT3	199	240	middle
Q9LV38	1	159	IDP
Q9M285	1	48	N-terminal
Q9M2P7	1	39	N-terminal
Q9MA17	170	371	C-terminal
Q9S791	1	147	N-terminal
Q9S791	500	610	C-terminal
Q9S7U3	1	47	N-terminal
Q9SD34	1	108	N-terminal
Q9SD34	255	316	middle
Q9SD34	397	445	middle
Q9SD34	617	1292	C-terminal
Q9SIE4	1	71	N-terminal
Q9SIE4	157	261	C-terminal
Q9SII7	1	35	N-terminal
Q9SKH4	1	177	IDP
Q9SXA8	86	325	C-terminal
Q9SXB6	83	122	middle
Q9SXB6	463	573	C-terminal
Q9SZK8	1	128	IDP
Q9ZNU9	44	100	middle
Q9ZQ80	1	64	N-terminal
Q9ZQ80	132	187	C-terminal
Q9ZUF4	1	62	N-terminal
Q9ZUF4	380	462	C-terminal
A0A1P8AMZ2	1	146	IDP
A0A1P8AP54	1	53	N-terminal
A0A1P8AQ05	1	105	IDP
A0A1P8BGP0	1	33	N-terminal
B3H711	1	56	IDP
B3H776	1126	1191	C-terminal
F4HTH8	326	1013	middle
F4INE9	1	128	IDP
F4IRX7	99	160	middle
F4IXE7	1	240	N-terminal
F4IXE7	365	610	middle
F4IXE7	1017	1189	C-terminal
F4JDC7	1	172	IDP
F4JEQ1	671	729	C-terminal
F4K773	1	71	N-terminal
F4K773	129	178	C-terminal
F4KFB3	1	61	N-terminal
F4KFB3	113	444	middle
O23366	1	193	IDP
O48807	1	66	N-terminal
O49313	1	39	N-terminal
O82169	1	87	N-terminal
O82169	201	232	C-terminal
O82343	1	144	N-terminal
P56765	1	223	N-terminal
P93276	1	107	IDP
Q05196	1	63	N-terminal
Q05196	432	682	C-terminal
Q0WT19	1	51	N-terminal
Q0WT19	157	193	middle
Q2V305	1	51	N-terminal
Q3E7C8	1	77	IDP
Q3E8W4	1	42	N-terminal
Q3E8W4	408	492	middle
Q3E8W4	801	858	C-terminal
Q43385	1	73	N-terminal
Q43385	113	296	C-terminal
Q52K84	1	33	N-terminal
Q56ZA1	1	50	N-terminal
Q56ZA1	104	144	C-terminal
Q570N6	1	82	IDP
Q67Y93	1	92	N-terminal
Q6DR04	1	160	N-terminal
Q6DR04	231	269	middle
Q6DR04	377	431	C-terminal
Q6NPS1	90	157	middle
Q6NPS1	206	290	middle
Q6NPS1	329	426	middle
Q6NPS1	464	627	middle
Q6NPS1	672	1133	middle
Q6NQ21	1	115	N-terminal
Q76FS5	1	87	N-terminal
Q8GUH2	1	38	N-terminal
Q8GUH2	214	327	C-terminal
Q8H114	1	73	N-terminal
Q8H1R6	1	31	N-terminal
Q8H1R6	367	425	C-terminal
Q8RXA7	450	536	middle
Q8RXA7	760	821	middle
Q8S8R6	1	117	N-terminal
Q8W4P1	351	513	C-terminal
Q93ZD7	1	64	N-terminal
Q93ZD7	279	323	middle
Q945M9	1	164	N-terminal
Q945M9	200	303	C-terminal
Q948R1	1	75	N-terminal
Q9C631	197	391	middle
Q9C631	540	616	C-terminal
Q9C6F2	1	156	IDP
Q9C8M2	1	71	N-terminal
Q9C926	424	566	C-terminal
Q9FE63	1	35	N-terminal
Q9FFS3	1	88	N-terminal
Q9FG30	1	111	N-terminal
Q9FHM9	1	36	N-terminal
Q9LF50	1	97	N-terminal
Q9LJH2	1	197	N-terminal
Q9LK37	1	50	N-terminal
Q9LKB2	1	42	N-terminal
Q9LN95	1	82	N-terminal
Q9LSL1	1	182	N-terminal
Q9LSL1	237	270	middle
Q9LTW2	131	307	C-terminal
Q9LTX8	141	288	C-terminal
Q9LVJ4	1	77	N-terminal
Q9LYE1	181	215	C-terminal
Q9LZ57	1	37	N-terminal
Q9M8J7	1	67	N-terminal
Q9M9L8	1	114	N-terminal
Q9SCU8	1	42	N-terminal
Q9SCU8	838	887	C-terminal
Q9SGW8	192	289	middle
Q9SJU9	1	48	N-terminal
Q9SMR2	1	84	N-terminal
Q9SMR2	138	182	middle
Q9ZUZ2	1	135	N-terminal
A0A1P8BA18	1	1249	IDP
A8MR22	1	41	N-terminal
B3H5A8	1	65	N-terminal
B3H5A8	130	372	C-terminal
F4I7C7	1	156	N-terminal
F4I7C7	471	692	middle
F4I7C7	794	848	middle
F4IBQ9	1	219	N-terminal
F4IBQ9	318	351	middle
F4IBQ9	905	1203	C-terminal
F4IRA7	98	283	C-terminal
F4IVH3	1	82	N-terminal
F4IYY5	1	55	N-terminal
F4J3C0	454	528	C-terminal
F4JGJ5	1	141	N-terminal
F4JJN9	83	332	C-terminal
F4JTN0	291	324	middle
F4JTN0	1003	1038	middle
F4KHG9	1	128	N-terminal
O64651	269	300	middle
O80506	57	93	C-terminal
O80689	1	34	N-terminal
O82768	1	45	N-terminal
P28186	183	216	C-terminal
P82623	1	36	N-terminal
Q09152	1	44	N-terminal
Q0V7Z5	1	40	N-terminal
Q1G3M3	1	96	N-terminal
Q1G3M3	223	277	C-terminal
Q208N7	1	190	N-terminal
Q56WD3	1	32	N-terminal
Q58FU4	137	220	C-terminal
Q681N2	1	50	N-terminal
Q6DYE3	129	222	C-terminal
Q6EVK6	1	664	N-terminal
Q6EVK6	1442	1900	middle
Q6EVK6	2015	2193	C-terminal
Q6R2K1	235	387	middle
Q84JT7	1	38	N-terminal
Q84JT7	524	562	C-terminal
Q84K84	171	201	C-terminal
Q84MD2	1	83	IDP
Q84WU6	217	268	middle
Q84WU6	391	585	C-terminal
Q8GUM1	1	52	N-terminal
Q8GUM1	681	714	C-terminal
Q8GY65	115	343	C-terminal
Q8H116	1	43	N-terminal
Q8H1E7	1	191	N-terminal
Q8H1E7	383	419	middle
Q8S8S8	55	209	middle
Q93Y06	245	371	middle
Q941B6	172	409	C-terminal
Q945S8	58	97	middle
Q94EI2	1	81	N-terminal
Q9FFD9	317	368	C-terminal
Q9FIF4	1	139	N-terminal
Q9FJV0	1	58	N-terminal
Q9FM57	1	1761	N-terminal
Q9FML0	109	154	middle
Q9FNB2	1	117	N-terminal
Q9FNQ1	1	66	N-terminal
Q9FNQ1	173	236	middle
Q9FNQ1	372	443	middle
Q9FNQ1	2046	2081	middle
Q9FT49	1	41	N-terminal
Q9FYG3	1	46	N-terminal
Q9FZK1	1	113	N-terminal
Q9LF61	1	106	N-terminal
Q9LFI5	1	553	IDP
Q9LIS3	66	101	middle
Q9LJK8	1	143	IDP
Q9LXU0	1	80	IDP
Q9LYV6	1	69	N-terminal
Q9LZQ9	1	35	N-terminal
Q9M026	1	32	N-terminal
Q9SEX2	82	220	middle
Q9SGT7	429	522	C-terminal
Q9SL94	1	324	IDP
Q9SLI2	275	538	middle
Q9SZ54	1	74	N-terminal
A0A1P8AP99	386	430	middle
A0A1P8AXR2	1	93	IDP
A0A1P8B7K7	1	124	N-terminal
A0A1P8B8C0	1	33	IDP
A0A1P8BAT6	1	55	N-terminal
A0A1P8BAT6	281	369	C-terminal
A8MQP2	54	90	C-terminal
A8MSE3	1	91	N-terminal
B3H5C9	1	48	IDP
B3H6F3	1	59	IDP
B3H6V9	1	60	N-terminal
B3H6V9	105	141	C-terminal
B5X574	1	141	N-terminal
B9DHT4	1	37	N-terminal
F4HRI2	181	304	C-terminal
F4ILK1	96	401	C-terminal
F4ITJ6	1	31	N-terminal
F4JC20	1	997	IDP
F4JI10	1	140	N-terminal
F4JI10	448	480	C-terminal
F4JKW9	1	55	N-terminal
F4JT78	421	490	middle
F4JZA9	1	76	N-terminal
F4KIN5	1	91	N-terminal
O04658	402	533	C-terminal
O49522	1	141	N-terminal
O64492	1	40	N-terminal
O64492	134	272	middle
O64750	1	102	N-terminal
O65090	1	98	N-terminal
P0DO44	1	55	IDP
P48731	1	261	N-terminal
P51418	124	178	C-terminal
Q0WPK0	1	395	N-terminal
Q0WPK0	550	727	middle
Q0WW84	1	105	N-terminal
Q0WW84	277	324	middle
Q0WW84	386	435	C-terminal
Q1G391	1	42	N-terminal
Q29PU4	53	118	C-terminal
Q2MHE4	1	51	N-terminal
Q39238	1	199	N-terminal
Q5XEP8	1	367	N-terminal
Q681A5	157	328	middle
Q681A5	687	728	C-terminal
Q6ID87	1	80	N-terminal
Q6NLR3	1	92	N-terminal
Q6NLR3	248	413	C-terminal
Q6RF47	1	51	N-terminal
Q84L33	77	143	middle
Q84L33	195	241	middle
Q84M95	1	63	N-terminal
Q84VQ3	275	314	middle
Q8GZ96	85	834	C-terminal
Q8L8B6	73	231	C-terminal
Q8LAW2	1	34	N-terminal
Q8S8I9	1	222	N-terminal
Q8VWF6	1	35	N-terminal
Q93VQ9	1	48	N-terminal
Q9C5F3	1	83	N-terminal
Q9C7T7	1	32	N-terminal
Q9FGT3	1	51	N-terminal
Q9FI13	1	45	N-terminal
Q9FMP0	1	221	IDP
Q9FN60	1	70	N-terminal
Q9FWS9	1	232	N-terminal
Q9FWS9	420	524	C-terminal
Q9FY60	1	79	N-terminal
Q9FY60	197	423	C-terminal
Q9LEU5	1	31	N-terminal
Q9LEU5	86	395	C-terminal
Q9LMI0	1	59	N-terminal
Q9LPL6	143	188	middle
Q9LPL6	264	506	C-terminal
Q9LU64	1	53	N-terminal
Q9LU64	274	305	C-terminal
Q9LVA7	88	229	C-terminal
Q9LVB5	158	223	C-terminal
Q9LYR5	1	93	N-terminal
Q9M1V1	1	33	N-terminal
Q9M1V1	273	329	C-terminal
Q9M815	1	87	N-terminal
Q9S732	118	490	C-terminal
Q9S7X9	1	99	N-terminal
Q9SGU7	1	36	N-terminal
Q9SIE0	1	101	N-terminal
Q9SIE0	238	275	middle
Q9SRX4	194	255	middle
Q9SS92	1	33	N-terminal
Q9SS92	309	340	middle
Q9SW41	306	408	middle
Q9ZVP9	1	138	IDP
A0A1I9LMD5	1	110	N-terminal
A0A1P8AR38	1	522	IDP
B3H6V5	1	49	N-terminal
F4HRQ6	86	125	C-terminal
F4I443	95	325	middle
F4I9U3	70	247	middle
F4J7V4	1	58	IDP
F4K6R6	132	275	C-terminal
F4K786	1	113	N-terminal
O22176	1	233	N-terminal
O22909	1	443	N-terminal
O49651	154	192	C-terminal
O64471	239	315	C-terminal
O64511	151	203	middle
O82357	1	39	N-terminal
P82873	120	210	C-terminal
P93025	1	123	N-terminal
P93025	280	367	middle
P93025	736	771	middle
Q05728	1	69	N-terminal
Q1PE30	55	87	middle
Q1PE30	175	337	middle
Q39088	72	253	C-terminal
Q3E7G5	1	50	IDP
Q3EBM6	1	86	IDP
Q67ZZ1	1	183	N-terminal
Q67ZZ1	267	302	middle
Q67ZZ1	339	463	C-terminal
Q6GKX1	1	205	IDP
Q84JL5	1	141	N-terminal
Q84MC3	1	96	N-terminal
Q84WL5	1	61	IDP
Q8GUT5	1	79	N-terminal
Q8LBN4	1	115	IDP
Q8VYF6	1	54	N-terminal
Q93ZI5	1	74	IDP
Q94BZ6	1	113	N-terminal
Q94BZ6	272	340	middle
Q96250	1	54	N-terminal
Q96321	1	65	N-terminal
Q96321	498	532	C-terminal
Q9C6Z8	1	34	N-terminal
Q9C9U5	1	142	N-terminal
Q9C9U5	383	742	middle
Q9CAI5	299	465	C-terminal
Q9FF56	1	139	IDP
Q9FG45	541	607	C-terminal
Q9FHT0	1	141	N-terminal
Q9FHT0	449	531	C-terminal
Q9FIU6	1	59	N-terminal
Q9FJL9	1	154	N-terminal
Q9FL92	847	900	middle
Q9FL92	1132	1372	C-terminal
Q9FM03	1	74	N-terminal
Q9FM03	117	372	C-terminal
Q9FNQ2	94	201	C-terminal
Q9FWQ7	1	77	N-terminal
Q9FWQ7	145	202	C-terminal
Q9FX86	1	138	N-terminal
Q9LHJ8	1	80	N-terminal
Q9LSS5	1	152	N-terminal
Q9LSS5	516	564	C-terminal
Q9LT29	1	57	N-terminal
Q9LUE0	1	75	N-terminal
Q9LV31	1	220	N-terminal
Q9LV31	288	329	middle
Q9LV31	661	847	C-terminal
Q9LVN9	116	343	middle
Q9LVN9	669	705	C-terminal
Q9LYI4	1	73	N-terminal
Q9LYW0	175	214	middle
Q9LYW0	515	592	C-terminal
Q9M207	61	129	C-terminal
Q9M2Q6	1	56	N-terminal
Q9M2Q6	128	354	C-terminal
Q9M3C8	1	168	N-terminal
Q9MAA8	1	53	N-terminal
Q9MAA8	101	154	middle
Q9SFV3	1	46	IDP
Q9SJL7	124	298	C-terminal
Q9SKI3	1	116	IDP
Q9SKN0	1	162	IDP
Q9SLG0	111	141	C-terminal
Q9SSC6	1	167	N-terminal
Q9SSC6	265	305	C-terminal
Q9SZT4	1	35	N-terminal
Q9SZT4	601	655	middle
A0A1P8B4Y2	1	204	IDP
A0A1P8BBS9	1	58	IDP
A0A1P8BG75	360	433	C-terminal
F4HSR5	1	56	IDP
F4IWK7	1	118	IDP
F4J573	43	298	C-terminal
F4JEQ2	1	38	N-terminal
F4JKK0	1	71	N-terminal
F4JKK0	231	286	middle
F4JKK0	720	787	middle
F4JKK0	1065	1108	C-terminal
F4JPK8	464	519	C-terminal
O50061	1	49	N-terminal
O50061	101	133	middle
O64688	1	85	N-terminal
O80576	1	42	N-terminal
O80608	1	40	N-terminal
O81644	739	932	middle
P42759	1	260	IDP
P93823	1	37	N-terminal
P93823	81	134	middle
P93823	191	381	C-terminal
Q0WQF7	1	52	N-terminal
Q0WQF7	159	218	middle
Q0WQF7	297	327	middle
Q0WQF7	368	409	middle
Q0WRC9	1	44	N-terminal
Q0WRC9	371	479	C-terminal
Q1G379	1	65	N-terminal
Q1PEF0	1	78	IDP
Q1PFG9	468	502	C-terminal
Q39233	1	36	N-terminal
Q6NM03	1	50	N-terminal
Q6NQA0	1	50	N-terminal
Q8LCV1	200	230	C-terminal
Q8LF93	1	162	IDP
Q8LG98	1	55	N-terminal
Q8RWL5	1	96	N-terminal
Q8W2F2	1	39	N-terminal
Q8W2F2	149	286	C-terminal
Q93W20	1	79	N-terminal
Q93YR2	1	80	N-terminal
Q94BN8	1	135	N-terminal
Q94BN8	209	327	middle
Q94BN8	404	844	C-terminal
Q94CF4	322	447	middle
Q94CF4	531	624	C-terminal
Q9ASQ6	642	681	middle
Q9ASQ6	959	1019	C-terminal
Q9FIQ0	129	357	middle
Q9FK30	1	50	N-terminal
Q9FK30	91	150	middle
Q9FKG3	1	66	N-terminal
Q9FMF5	1	40	N-terminal
Q9FMF5	206	247	middle
Q9FMF5	304	342	middle
Q9FMF5	460	503	middle
Q9FMF5	687	746	C-terminal
Q9FUT3	1	81	N-terminal
Q9FYH5	1	120	IDP
Q9LF25	156	381	C-terminal
Q9LF40	73	159	C-terminal
Q9LF51	54	117	middle
Q9LF51	277	369	C-terminal
Q9LN05	91	125	C-terminal
Q9LNK3	1	34	N-terminal
Q9LNK3	637	677	middle
Q9LQ08	1	80	N-terminal
Q9LQ08	144	175	middle
Q9LRL1	1	32	N-terminal
Q9LSX0	69	131	C-terminal
Q9LTX2	1	49	N-terminal
Q9LUL4	1	31	N-terminal
Q9LUL4	237	405	middle
Q9LVV6	1	78	N-terminal
Q9LZA7	1	76	IDP
Q9M843	1	47	N-terminal
Q9M8K5	71	473	C-terminal
Q9MBG8	190	295	C-terminal
Q9S736	1	81	N-terminal
Q9S736	516	566	C-terminal
Q9SCU1	1	33	N-terminal
Q9SEI0	127	203	C-terminal
Q9SHZ1	1	83	N-terminal
Q9SJY3	1	185	IDP
Q9SMS0	1	88	N-terminal
Q9SN23	119	247	C-terminal
Q9SZI3	1	37	N-terminal
Q9SZI3	515	600	C-terminal
Q9T0D3	1	60	N-terminal
Q9T0D3	151	233	middle
Q9T0D3	315	377	C-terminal
Q9XI73	1	73	N-terminal
Q9ZT07	791	833	C-terminal
Q9ZUV1	181	245	C-terminal
Q9ZUX0	1	33	N-terminal
A0A178VM97	1	146	IDP
A0A1I9LT67	1	103	IDP
A8MRC9	1	41	N-terminal
B9DH75	1	61	N-terminal
F4HR18	1	32	N-terminal
F4HR18	236	272	middle
F4HWU0	1	50	N-terminal
F4I1N3	1	37	N-terminal
F4ICD9	416	500	middle
F4ICD9	718	890	middle
F4J2X6	1	117	IDP
F4J510	1	69	N-terminal
F4JN26	310	927	middle
F4KEG7	1	196	IDP
O65502	1	75	N-terminal
O80915	1	67	N-terminal
O80985	1	104	IDP
O82293	1	167	IDP
P0C8Q4	1	344	N-terminal
P0DMS1	101	187	middle
P0DMS1	307	344	middle
P0DMS1	446	551	middle
P0DMS1	616	696	middle
P0DMS1	875	947	C-terminal
P49227	250	301	C-terminal
Q05758	1	79	N-terminal
Q0WVZ7	1	39	N-terminal
Q2HIU0	1	84	N-terminal
Q2HIU0	231	266	C-terminal
Q38932	1	74	N-terminal
Q501D6	1	60	N-terminal
Q67Z64	1	133	IDP
Q6NM15	1	162	IDP
Q6NM41	1	37	N-terminal
Q7FK82	611	669	C-terminal
Q8GYP4	1	421	N-terminal
Q8L3P4	1	218	N-terminal
Q8L3P4	338	654	C-terminal
Q8L7F9	1	42	N-terminal
Q8RUC1	1	32	N-terminal
Q8W420	1	39	N-terminal
Q93VI8	1	44	N-terminal
Q93VI8	191	277	middle
Q940H6	287	362	C-terminal
Q9C5T4	87	164	middle
Q9C5T4	216	259	middle
Q9C6J3	1	118	N-terminal
Q9C7E7	1	348	N-terminal
Q9C7E7	530	638	middle
Q9C9S2	232	262	middle
Q9FFD5	1	153	IDP
Q9FG58	1	75	IDP
Q9FHH2	145	223	middle
Q9FHH2	398	602	middle
Q9FHH2	805	863	middle
Q9FN21	1	36	N-terminal
Q9LHG9	1	74	N-terminal
Q9LHG9	135	168	middle
Q9LHL3	1	139	N-terminal
Q9LHL3	335	455	C-terminal
Q9LI61	1	36	N-terminal
Q9LI86	1	423	IDP
Q9LJ71	1	122	N-terminal
Q9LMY5	1	51	N-terminal
Q9LVX1	1	431	N-terminal
Q9LVX1	512	768	middle
Q9LVX1	804	908	C-terminal
Q9S9K9	125	257	C-terminal
Q9S9M7	1	57	N-terminal
Q9SFV1	195	547	C-terminal
Q9SFV9	1	62	N-terminal
Q9SIZ8	620	727	middle
Q9SJ32	400	438	C-terminal
Q9SW25	221	281	C-terminal
Q9SW42	1	110	N-terminal
Q9SY97	1	49	N-terminal
Q9ZUP3	226	379	C-terminal
A0A1I9LP47	1	164	N-terminal
A0A1I9LP47	247	839	middle
A0A1P8ASY5	52	88	middle
A0A1P8ASY5	326	441	C-terminal
A0A1P8BDM7	1	59	IDP
B3H5X6	120	162	middle
F4HPX2	1	99	N-terminal
F4HPX2	144	340	C-terminal
F4HWE6	1	184	N-terminal
F4HWE6	984	1090	C-terminal
F4JGI7	1	272	N-terminal
F4JU69	1	312	N-terminal
F4JU69	382	506	C-terminal
F4JVI3	1	56	N-terminal
F4JVI3	152	193	middle
O04259	133	214	C-terminal
O22184	1	53	N-terminal
O23076	106	137	middle
O23076	230	295	middle
O23076	373	416	middle
O23263	1	111	IDP
O81802	1	37	N-terminal
O82167	1	90	N-terminal
P0C7P8	169	566	middle
P29382	176	251	C-terminal
P38025	1	72	N-terminal
P42791	144	187	C-terminal
Q1ECK2	121	160	C-terminal
Q84WP5	1	127	N-terminal
Q8GYI6	297	388	C-terminal
Q8L8X7	1	58	IDP
Q8LA53	1	53	N-terminal
Q8LA53	196	272	C-terminal
Q8LAH8	1	77	N-terminal
Q8RU07	1	83	N-terminal
Q8W4A5	1	126	N-terminal
Q8W4A5	256	301	middle
Q93YN6	1	53	N-terminal
Q93Z18	301	415	C-terminal
Q93ZS4	582	632	C-terminal
Q949W7	1	70	N-terminal
Q94KI8	1	34	N-terminal
Q94KI8	682	733	C-terminal
Q9C639	1	62	N-terminal
Q9C7I5	1	46	N-terminal
Q9C881	1	108	N-terminal
Q9CAJ9	1	103	N-terminal
Q9CAM3	1	42	N-terminal
Q9FFJ8	136	169	middle
Q9FFJ8	295	373	middle
Q9FKR1	1	67	IDP
Q9FLY0	1	67	N-terminal
Q9FNI6	50	169	middle
Q9FNI6	276	339	middle
Q9FT72	448	506	middle
Q9FT72	619	713	C-terminal
Q9LD55	579	668	middle
Q9LD55	846	987	C-terminal
Q9LEQ3	1	34	N-terminal
Q9LEQ3	609	706	C-terminal
Q9LEY4	111	845	middle
Q9LEY4	974	1445	C-terminal
Q9LFN8	859	967	C-terminal
Q9LHH5	1	269	IDP
Q9LIL5	1	69	N-terminal
Q9LIL5	492	523	C-terminal
Q9LY06	1	144	N-terminal
Q9LY06	456	1504	C-terminal
Q9LY48	1	46	N-terminal
Q9LZH5	1	71	N-terminal
Q9LZH5	112	193	C-terminal
Q9LZM6	1	82	N-terminal
Q9LZM6	129	163	middle
Q9M2G1	135	177	C-terminal
Q9M8A0	76	526	middle
Q9M9U8	145	195	middle
Q9SAH8	1	39	N-terminal
Q9SAH8	500	532	C-terminal
Q9SFW8	1	92	N-terminal
Q9SFW8	455	550	middle
Q9SFW8	605	713	middle
Q9SIC4	1	162	N-terminal
Q9SIU5	1	61	N-terminal
Q9SIU5	234	294	C-terminal
Q9SK49	217	288	middle
Q9SK49	352	420	middle
Q9SR04	1	45	N-terminal
Q9SR04	125	191	C-terminal
Q9SR09	1	77	N-terminal
Q9SS37	1	56	N-terminal
Q9SX73	227	297	C-terminal
Q9ZU12	1	208	IDP
Q9ZW05	1	85	N-terminal
Q9ZW05	124	169	C-terminal
A0A1P8AN26	1	81	IDP
A0A1P8AX71	1	69	IDP
A0A1P8B771	1	99	N-terminal
B3H797	1	78	N-terminal
B3H797	146	421	middle
F4I4N4	1	146	N-terminal
F4I5J7	312	379	C-terminal
F4I7W1	149	191	C-terminal
F4IUJ7	1	149	N-terminal
F4IUJ7	225	527	C-terminal
F4IZC4	1	86	N-terminal
F4J6G5	328	748	middle
F4J7A7	1	37	N-terminal
O04088	466	516	C-terminal
O22283	1	401	IDP
O22527	1	41	N-terminal
O23074	1	71	IDP
O64862	317	355	C-terminal
O81003	1	87	IDP
P48000	1	154	N-terminal
P48000	266	305	middle
P48000	401	431	C-terminal
Q03251	77	169	C-terminal
Q2V4B2	1	74	N-terminal
Q38876	175	242	C-terminal
Q38885	1	130	N-terminal
Q5BPR8	433	502	C-terminal
Q5XEP2	196	241	middle
Q67YI9	155	895	C-terminal
Q6AWX0	1	37	N-terminal
Q6NMM8	1	96	N-terminal
Q6NQD5	1	192	IDP
Q84TE0	1	78	N-terminal
Q84WW7	1	54	N-terminal
Q8LDL0	1	41	N-terminal
Q8LFX7	1	137	N-terminal
Q8VY13	570	658	middle
Q8VY61	1	43	N-terminal
Q8W2B8	1	39	N-terminal
Q93WU6	1	260	N-terminal
Q949U1	507	538	C-terminal
Q949V0	1	31	N-terminal
Q94K21	1	66	IDP
Q9C647	1	179	IDP
Q9FJ67	1	49	N-terminal
Q9FJ67	87	149	C-terminal
Q9FJC9	345	403	C-terminal
Q9FJG3	140	311	middle
Q9FL33	644	701	middle
Q9FLF0	162	197	C-terminal
Q9FUJ1	1	34	N-terminal
Q9FXA2	1	47	N-terminal
Q9FXA2	417	580	middle
Q9LDR2	1	92	N-terminal
Q9LFU4	1	208	N-terminal
Q9LIA1	1	76	N-terminal
Q9LTC5	81	139	C-terminal
Q9LUJ5	1	46	N-terminal
Q9LUJ5	152	293	C-terminal
Q9LV83	1	34	N-terminal
Q9LXS6	481	514	C-terminal
Q9M0R2	1	295	N-terminal
Q9M109	1	57	N-terminal
Q9M109	642	683	C-terminal
Q9M1J3	1	265	N-terminal
Q9M1T8	1	111	N-terminal
Q9M8J3	115	189	middle
Q9M8J3	277	313	middle
Q9MAM4	1	108	N-terminal
Q9MAM4	187	527	C-terminal
Q9S758	1	56	N-terminal
Q9S758	128	181	C-terminal
Q9S7W1	1	58	N-terminal
Q9SF36	1	178	N-terminal
Q9SF36	385	726	C-terminal
Q9SFB1	1	37	N-terminal
Q9SQX9	216	396	middle
Q9SSD1	1	57	N-terminal
Q9SSD1	387	496	C-terminal
Q9SUG8	1	135	N-terminal
Q9SUG8	286	589	C-terminal
Q9SX86	167	208	middle
Q9SX86	481	581	middle
Q9SZ05	115	287	middle
Q9SZB2	1	73	N-terminal
Q9ZQH2	99	275	C-terminal
Q9ZU46	294	388	middle
Q9ZU46	549	613	middle
A0A1I9LMN9	1	68	N-terminal
A0A1P8AZY7	1	34	IDP
A0A1P8BD66	1	63	N-terminal
A0A1R7T3H1	913	956	C-terminal
A8MRD6	1	32	N-terminal
A8MRQ5	1	580	N-terminal
B3H4Z0	1	46	IDP
F4HR03	1	92	N-terminal
F4HW93	1	34	IDP
F4HZZ4	276	318	C-terminal
F4I4Q3	1	35	N-terminal
F4I6I6	1	45	N-terminal
F4I908	51	163	middle
F4I908	293	338	C-terminal
F4IMT1	1	65	N-terminal
F4IQY0	1	117	N-terminal
F4IQY0	290	375	middle
F4IUB3	1	50	N-terminal
F4J5M9	1	90	N-terminal
F4J5M9	188	258	C-terminal
F4JKB6	1	91	N-terminal
F4JW60	1	77	N-terminal
F4K0X5	132	275	middle
F4K0X5	719	869	middle
F4K0X5	935	1013	middle
F4KFC7	65	130	middle
F4KFC7	204	353	C-terminal
F4KIN3	1	161	IDP
F4KIV8	1	325	IDP
P57691	283	323	C-terminal
P57720	1	60	N-terminal
P93032	1	38	N-terminal
Q0V822	1	76	IDP
Q0WNY5	723	793	C-terminal
Q42575	1	60	N-terminal
Q42575	164	393	C-terminal
Q6NLC1	1	58	N-terminal
Q6NQB8	1	66	N-terminal
Q75QN6	1	37	N-terminal
Q75QN6	73	157	middle
Q75QN6	361	484	middle
Q75QN6	537	623	middle
Q8GXC7	1	33	N-terminal
Q8H1N6	39	73	middle
Q8LEZ4	1	98	N-terminal
Q8LEZ4	240	274	middle
Q8RWV1	296	352	middle
Q8RWV1	700	732	C-terminal
Q8S8P7	1	71	IDP
Q8VYN6	1	67	N-terminal
Q93V70	154	246	C-terminal
Q93VJ4	40	145	middle
Q93VJ4	232	304	C-terminal
Q93YW7	1	136	N-terminal
Q9C6H4	1	45	N-terminal
Q9C6H4	119	153	middle
Q9C8E6	1	126	N-terminal
Q9C8E6	293	469	middle
Q9C8E6	794	843	C-terminal
Q9CA32	1	183	IDP
Q9FFE3	1	42	N-terminal
Q9FFU1	1	69	N-terminal
Q9FI57	1	116	IDP
Q9FII6	1	225	N-terminal
Q9FLV7	57	198	middle
Q9FMS7	1	102	N-terminal
Q9FRR8	181	231	C-terminal
Q9LID3	1	129	N-terminal
Q9LJW0	38	154	middle
Q9LJW0	206	252	middle
Q9LJZ5	1	33	N-terminal
Q9LK11	1	37	N-terminal
Q9LQ19	96	212	middle
Q9LSB0	1	34	N-terminal
Q9LSB1	1	109	N-terminal
Q9LSG4	1	355	N-terminal
Q9LUK2	66	114	C-terminal
Q9LZJ6	156	257	C-terminal
Q9SHA0	1	31	N-terminal
Q9SQR1	1	34	N-terminal
Q9STI4	1	84	N-terminal
Q9STY3	1	81	N-terminal
Q9SUP3	1	58	N-terminal
Q9SUP3	233	286	C-terminal
Q9SYH1	1	184	N-terminal
Q9ZU29	1	50	N-terminal
Q9ZUV6	91	211	C-terminal
A0A1I9LLJ8	1	98	IDP
A0A1P8BDL3	1	79	IDP
B3GS44	1	43	N-terminal
B3H426	1	33	IDP
B3H593	1	41	N-terminal
F4I386	141	195	C-terminal
F4I4I6	81	129	C-terminal
F4IMA3	1	40	N-terminal
F4IUH2	1	312	N-terminal
F4IUH2	554	719	middle
F4IWB3	1	108	IDP
F4J5G5	66	363	middle
F4JLC1	1	167	N-terminal
F4K4G6	1	392	N-terminal
F4K4G6	444	535	middle
F4K4G6	983	1193	C-terminal
F4KBB9	202	237	C-terminal
O22768	1	157	N-terminal
O22768	212	251	middle
O48691	1	96	N-terminal
O80535	190	260	C-terminal
O81439	1	51	N-terminal
P93821	1	32	N-terminal
Q38868	1	79	N-terminal
Q39227	1	43	N-terminal
Q3EAE6	1	58	N-terminal
Q3EBD9	1	41	N-terminal
Q3ECP6	1	46	N-terminal
Q5XVE2	1	85	N-terminal
Q5XVE2	282	396	C-terminal
Q680H3	1	130	N-terminal
Q8GUM4	307	344	middle
Q8GUM4	532	588	C-terminal
Q8GWF2	1	43	N-terminal
Q8L517	1	87	N-terminal
Q8L517	445	497	C-terminal
Q8L5Z4	1	97	N-terminal
Q8L8M9	1	256	N-terminal
Q8L8M9	293	442	C-terminal
Q8LA21	256	293	C-terminal
Q8LAA0	1	88	N-terminal
Q8LPN5	1	149	N-terminal
Q8LPN5	282	361	C-terminal
Q8RWA5	311	363	C-terminal
Q8VYU9	1	160	IDP
Q93W34	1	79	N-terminal
Q93W34	240	282	middle
Q93W34	339	415	C-terminal
Q94A15	1	36	N-terminal
Q94F09	403	440	C-terminal
Q9C5S0	1	191	IDP
Q9C9H8	621	909	C-terminal
Q9FE65	1	43	N-terminal
Q9FH32	1	58	N-terminal
Q9FH32	446	483	middle
Q9FH32	528	596	middle
Q9FH32	659	763	C-terminal
Q9FKQ4	1	83	N-terminal
Q9FKQ7	1	150	IDP
Q9LIE5	1	160	N-terminal
Q9LIE5	672	839	C-terminal
Q9LRN6	1	33	N-terminal
Q9LVD7	209	246	middle
Q9LVD7	463	737	C-terminal
Q9LXG9	1	45	N-terminal
Q9LXG9	262	293	C-terminal
Q9LYJ9	1	144	N-terminal
Q9LYJ9	531	645	C-terminal
Q9LZM2	1	85	IDP
Q9M0V5	1	68	N-terminal
Q9M0V5	207	250	C-terminal
Q9M1G6	1	251	N-terminal
Q9M1G6	313	403	C-terminal
Q9M344	56	142	C-terminal
Q9M9D6	1	38	N-terminal
Q9S7F3	79	276	C-terminal
Q9SF13	71	205	middle
Q9SFH9	1	118	N-terminal
Q9SKJ5	84	162	middle
Q9SKJ5	645	695	middle
Q9SU15	1	36	N-terminal
Q9T0J5	1	76	N-terminal
Q9XIA0	1	173	N-terminal
A0A1I9LP30	1	120	IDP
A0A1P8ATP0	1	61	IDP
A0A1P8AXU1	1	70	N-terminal
B3H5U4	1	35	IDP
F4I0I6	1	122	N-terminal
F4I0I6	234	317	C-terminal
F4I933	1	78	N-terminal
F4IBQ3	1	38	N-terminal
F4IRD3	1	61	N-terminal
F4J128	1	66	N-terminal
F4JPX3	1	72	N-terminal
F4K0D3	1	155	N-terminal
F4KDD0	93	159	middle
O22243	655	724	middle
O22243	774	810	middle
O23309	67	135	C-terminal
O49284	1	258	IDP
O49324	1	154	N-terminal
O64531	1	94	N-terminal
O82798	163	259	C-terminal
P93045	170	240	C-terminal
Q07488	1	31	N-terminal
Q07488	128	196	C-terminal
Q0WPG1	1	247	N-terminal
Q0WUU6	1	48	N-terminal
Q42400	1	38	N-terminal
Q5Q0B3	1	40	N-terminal
Q6E248	1	76	IDP
Q7Y201	54	104	middle
Q8GUH9	1	122	N-terminal
Q8GUH9	271	351	C-terminal
Q8GVE5	1	46	N-terminal
Q8GVE5	193	303	middle
Q8GX29	1	35	N-terminal
Q8GYJ9	1	71	N-terminal
Q8H104	1	68	N-terminal
Q8LD63	1	86	IDP
Q8RXY1	106	184	C-terminal
Q8VYT2	313	601	C-terminal
Q8W4R4	158	342	C-terminal
Q940I2	1	55	N-terminal
Q949X0	1	75	N-terminal
Q94BU1	1	55	N-terminal
Q94JX9	1	83	N-terminal
Q94JX9	145	182	middle
Q9ASU7	1	35	N-terminal
Q9ASU7	308	345	C-terminal
Q9C5X0	1	51	N-terminal
Q9C6C3	1	72	N-terminal
Q9C6C3	248	367	middle
Q9C9Y1	139	182	middle
Q9C9Y1	262	607	C-terminal
Q9C9Z3	1	99	N-terminal
Q9FE78	311	344	C-terminal
Q9FFJ3	1	88	N-terminal
Q9FGN8	1	36	N-terminal
Q9FGN8	80	265	middle
Q9FGN8	499	639	C-terminal
Q9FIF5	1	81	N-terminal
Q9FJK3	160	321	C-terminal
Q9FJY5	108	277	middle
Q9FJY5	443	524	C-terminal
Q9FM20	287	331	middle
Q9FME9	1	100	N-terminal
Q9FVU9	1	44	N-terminal
Q9FZA0	1	73	N-terminal
Q9FZD1	1	104	N-terminal
Q9FZD1	595	630	C-terminal
Q9LES5	1	79	N-terminal
Q9LRY1	1	48	N-terminal
Q9LRY1	341	381	C-terminal
Q9LTE7	193	370	C-terminal
Q9LX19	1	227	N-terminal
Q9M063	1	80	N-terminal
Q9M0R6	1	42	N-terminal
Q9M0R6	182	302	C-terminal
Q9S837	1	188	IDP
Q9SAR5	1	45	N-terminal
Q9SAR5	194	245	middle
Q9SG63	119	271	C-terminal
Q9SGI4	1	36	N-terminal
Q9SHI2	1068	1101	C-terminal
Q9SIP9	1	240	IDP
Q9SUQ3	232	308	middle
Q9XEC3	1	102	N-terminal
Q9XEC3	157	294	middle
Q9XEC3	348	528	C-terminal
Q9ZU49	290	327	C-terminal
Q9ZVF5	1	62	N-terminal
Q9ZVF5	123	271	C-terminal
Q9ZVY4	1	38	N-terminal
Q9ZW84	1	71	N-terminal
A0A1P8AXS8	1	31	IDP
A0A1P8B990	1	108	IDP
B3H491	1	76	IDP
B3H6H1	1	60	IDP
F4IUB1	1	147	IDP
F4J5R8	1	42	N-terminal
F4J5R8	84	124	C-terminal
F4JUX3	1	65	N-terminal
F4K8X8	1	213	N-terminal
F4KBB1	1	34	N-terminal
F4KBB1	111	182	middle
F4KBB1	333	414	middle
F4KBB1	561	637	middle
F4KBB1	832	921	middle
F4KBB1	1138	1202	middle
F4KBB1	1311	1505	middle
O04034	1	74	N-terminal
O04294	1	76	N-terminal
O04294	500	531	C-terminal
O49782	124	352	C-terminal
P17597	1	88	N-terminal
Q570G3	1	80	N-terminal
Q5S4T5	1	196	IDP
Q6GKX8	1	51	N-terminal
Q6NNH0	115	150	C-terminal
Q6NPI4	104	168	C-terminal
Q6PQQ4	1	207	N-terminal
Q6PQQ4	382	584	C-terminal
Q84N64	592	639	middle
Q84WU2	1	48	N-terminal
Q8GYT8	143	540	C-terminal
Q8LBY3	1	78	IDP
Q8LEG3	479	578	C-terminal
Q8RWU1	1	40	N-terminal
Q8RWV0	1	76	N-terminal
Q8VYI9	1	39	N-terminal
Q8VYI9	128	182	C-terminal
Q8W467	1	95	N-terminal
Q93Y25	1	167	N-terminal
Q93Y25	342	418	middle
Q93ZT6	1	67	N-terminal
Q93ZT6	103	208	middle
Q93ZT6	462	613	middle
Q940Y1	1	52	N-terminal
Q940Y1	258	343	middle
Q940Y1	633	721	C-terminal
Q944M2	96	135	middle
Q944M2	359	433	C-terminal
Q94A03	1	85	N-terminal
Q94AJ5	1	64	N-terminal
Q94C90	339	442	C-terminal
Q94JQ4	1	76	N-terminal
Q96326	1	75	N-terminal
Q9C6S8	1	371	N-terminal
Q9C9H6	1	33	N-terminal
Q9CA63	1	99	N-terminal
Q9CA63	317	348	middle
Q9FFT3	1	125	IDP
Q9FGF4	1	131	N-terminal
Q9FGF4	581	630	middle
Q9FGF4	895	981	middle
Q9FIL7	1	131	N-terminal
Q9FIL7	429	470	C-terminal
Q9FJS3	1	343	IDP
Q9FXH7	1	96	N-terminal
Q9FXH7	171	345	C-terminal
Q9FY61	774	825	middle
Q9FY61	916	984	middle
Q9FYA2	1	54	N-terminal
Q9LIB5	1	155	N-terminal
Q9LP56	1	173	N-terminal
Q9LZ19	1	56	N-terminal
Q9M2S3	1	114	N-terminal
Q9M2S3	240	310	C-terminal
Q9M2Z4	167	233	C-terminal
Q9M647	1	98	N-terminal
Q9M647	165	321	middle
Q9MAN1	1	55	N-terminal
Q9MAN1	173	358	C-terminal
Q9SB33	1	32	N-terminal
Q9SE33	71	157	middle
Q9SHQ9	1	300	IDP
Q9SJI1	1	73	N-terminal
Q9SJI1	280	344	C-terminal
Q9SQH6	171	402	middle
Q9SQQ9	1	148	N-terminal
Q9SQQ9	214	394	C-terminal
Q9SSW1	1	245	IDP
Q9SU25	198	483	middle
Q9SZ75	1	60	N-terminal
Q9ZT91	1	75	N-terminal
Q9ZUB3	1	40	N-terminal
A0A1I9LQC5	1	163	IDP
A0A1I9LS65	1	60	IDP
A0A1P8AMP1	1	50	N-terminal
A0A1P8AMP1	94	154	middle
A0A1P8AMP1	387	451	middle
B3LF52	1	32	N-terminal
B3LF52	338	375	middle
F4HTB0	66	154	C-terminal
F4I793	1	403	IDP
F4IG52	1	71	N-terminal
F4IG52	114	154	C-terminal
F4IGQ5	1	41	N-terminal
F4JIP6	1	49	N-terminal
F4JY74	1	71	IDP
O23463	147	373	middle
O23657	180	212	C-terminal
O65457	1	42	N-terminal
O82277	90	361	C-terminal
P0C5E2	1	36	N-terminal
P93835	131	213	C-terminal
P94024	1	139	IDP
Q147K7	1	34	N-terminal
Q1PDW3	1	60	N-terminal
Q1PDW3	386	636	C-terminal
Q38Q40	1	89	N-terminal
Q3ECS5	1	79	N-terminal
Q42599	1	47	N-terminal
Q5BPZ5	302	403	C-terminal
Q84WM0	1	61	IDP
Q84WN0	1	75	N-terminal
Q8GW77	1	37	N-terminal
Q8GW77	182	280	middle
Q8GWR8	128	221	middle
Q8GWT7	1	65	N-terminal
Q8GWT7	102	192	C-terminal
Q8L4B2	1	43	N-terminal
Q8L4B2	166	231	C-terminal
Q8L9X2	1	82	N-terminal
Q8LBW2	81	178	middle
Q8LFI5	1	126	N-terminal
Q8LPF8	1	39	N-terminal
Q8LPF8	501	549	C-terminal
Q8LPQ9	154	199	middle
Q8LPQ9	279	441	middle
Q8LPQ9	562	901	C-terminal
Q8VZL1	1	188	N-terminal
Q93VV5	1	43	N-terminal
Q940H5	1	79	N-terminal
Q949S3	155	202	C-terminal
Q9C9A6	153	243	middle
Q9CA04	416	449	C-terminal
Q9CAW9	1	225	N-terminal
Q9CAW9	447	622	C-terminal
Q9FH44	337	383	middle
Q9FH44	437	632	middle
Q9FIH8	1	165	N-terminal
Q9FIH8	404	466	middle
Q9FIH8	1232	1265	C-terminal
Q9FJ10	1	98	N-terminal
Q9FKV5	273	469	C-terminal
Q9FN18	1	47	N-terminal
Q9FUZ2	1	73	N-terminal
Q9FV71	1	129	N-terminal
Q9FV71	316	469	C-terminal
Q9FXH5	1	41	N-terminal
Q9LRW9	822	883	C-terminal
Q9LTC7	1	197	N-terminal
Q9LTC7	262	320	C-terminal
Q9LTG5	1	143	N-terminal
Q9LUJ7	1	64	N-terminal
Q9M0N6	1	81	IDP
Q9M2S6	1	43	N-terminal
Q9M2S6	146	206	middle
Q9M8D3	1	77	N-terminal
Q9S831	1	85	N-terminal
Q9SJ40	614	655	middle
Q9SJ98	1	144	N-terminal
Q9SJD4	1	62	N-terminal
Q9SJL4	86	124	middle
Q9SJL4	163	198	C-terminal
Q9SK27	148	182	C-terminal
Q9SR24	1	253	N-terminal
Q9SR24	310	352	middle
Q9SUE3	1	335	IDP
Q9XIR2	1	79	N-terminal
Q9ZWA2	1	245	IDP
A0A1I9LSM5	1	106	IDP
A8MQR0	544	627	C-terminal
F4I0Z2	1	330	IDP
F4I735	1144	1250	middle
F4I735	1308	1410	C-terminal
F4I7R5	1	78	N-terminal
F4I7R5	163	198	middle
F4IIU4	1	262	N-terminal
F4J1H7	1	120	N-terminal
F4J1H7	697	750	middle
F4J2W0	128	158	C-terminal
F4JF10	105	150	C-terminal
F4JTJ9	1	48	N-terminal
F4JTJ9	115	161	middle
F4JTJ9	254	349	middle
F4JTJ9	475	531	middle
F4JTJ9	610	670	middle
F4JTJ9	925	1107	middle
F4JTJ9	1346	1399	C-terminal
F4JVN6	1	99	N-terminal
F4K108	1	76	N-terminal
O24617	859	890	middle
O80567	1	189	N-terminal
O80567	381	545	C-terminal
O82200	1	64	N-terminal
O82741	1	50	N-terminal
O82741	236	268	C-terminal
P56752	470	539	middle
P58766	1	40	N-terminal
P62095	1	39	IDP
Q0WNG6	268	308	C-terminal
Q1PES4	81	116	middle
Q1PES4	171	317	C-terminal
Q38895	1	204	IDP
Q3EBR4	1	44	N-terminal
Q3EBR4	84	139	middle
Q42410	63	127	middle
Q5Q0D0	1	313	N-terminal
Q66GI2	1	31	N-terminal
Q7XJU1	1	34	N-terminal
Q7XJU1	89	153	C-terminal
Q84JY3	124	238	C-terminal
Q84MD6	1	80	N-terminal
Q84WU8	1	133	N-terminal
Q84WU8	768	809	C-terminal
Q8GUI2	1	40	N-terminal
Q8GW49	1	116	IDP
Q8L970	1	54	N-terminal
Q8LAA6	1	40	N-terminal
Q8LDV4	86	202	C-terminal
Q8LNZ2	419	487	middle
Q8LNZ2	588	687	middle
Q8VY02	1	219	N-terminal
Q8VY02	282	490	middle
Q8VYR3	1	192	N-terminal
Q93VB2	1	74	N-terminal
Q944G8	130	246	middle
Q944S8	1	68	IDP
Q946J2	57	311	middle
Q96318	1	33	N-terminal
Q96318	118	209	middle
Q9C6A1	413	445	C-terminal
Q9CAN0	1	48	N-terminal
Q9FDZ2	1	258	IDP
Q9FG93	1	31	N-terminal
Q9FG93	550	624	C-terminal
Q9FGQ6	123	203	middle
Q9FGQ6	257	329	C-terminal
Q9FWQ5	1	68	N-terminal
Q9FWQ5	131	638	middle
Q9FWQ5	728	954	middle
Q9FWQ5	1340	1385	middle
Q9FXH1	1	47	N-terminal
Q9LII8	1	150	N-terminal
Q9LMQ0	1	31	N-terminal
Q9LQ14	1	46	N-terminal
Q9LTJ8	97	746	C-terminal
Q9LW85	1	139	N-terminal
Q9LW85	678	726	C-terminal
Q9LXK5	1	46	N-terminal
Q9LXK5	87	137	C-terminal
Q9LZ27	1	52	N-terminal
Q9M8Z7	1	117	N-terminal
Q9M9S0	1	222	N-terminal
Q9M9S0	275	312	C-terminal
Q9SCV1	1	38	N-terminal
Q9SFB4	1	55	N-terminal
Q9SJM6	49	97	middle
Q9SR00	1	87	N-terminal
Q9SRT1	1	86	N-terminal
Q9SZV3	1	80	N-terminal
Q9ZQ47	658	729	middle
Q9ZQ47	780	819	C-terminal
Q9ZUY4	1	61	N-terminal
Q9ZVP0	1	253	IDP
A0A1I9LR96	1	54	N-terminal
A0A1P8B801	1	67	IDP
A8MQR8	1	79	IDP
B3H4H9	1	299	IDP
B5X582	1	98	N-terminal
F4HQ94	1	61	N-terminal
F4HT21	1	70	N-terminal
F4HZJ6	69	100	middle
F4HZJ6	295	604	middle
F4HZJ6	737	832	middle
F4IKW3	176	256	middle
F4IKW3	310	365	middle
F4IP00	73	117	C-terminal
F4J924	305	399	C-terminal
F4JG15	258	346	C-terminal
F4JHF1	64	95	C-terminal
F4JUI9	419	649	middle
F4K2D7	1	106	N-terminal
F4K2D7	180	217	middle
F4K2D7	537	788	middle
F4KCC2	484	669	middle
F4KCC2	1119	1391	middle
F4KCC2	1455	1515	middle
F4KCC2	1774	1807	middle
F4KCG5	86	226	middle
F4KCG5	303	337	middle
O04350	83	113	C-terminal
O64781	1	51	N-terminal
O64781	794	831	C-terminal
O80443	230	312	C-terminal
O80548	1	84	N-terminal
P0CB21	1	708	IDP
P62598	138	193	middle
P62598	268	596	C-terminal
Q0WLX9	1	127	N-terminal
Q0WNC2	1	102	N-terminal
Q0WNC2	217	257	C-terminal
Q1PFT1	1	89	N-terminal
Q1PFT1	217	263	C-terminal
Q2V4F9	434	497	middle
Q39012	1	60	N-terminal
Q43127	1	54	N-terminal
Q6R032	1	80	N-terminal
Q6R032	246	548	C-terminal
Q7Y216	372	682	C-terminal
Q8GYE1	1	226	N-terminal
Q8LAJ4	1	53	N-terminal
Q8LAJ4	89	161	middle
Q8LE56	98	168	C-terminal
Q8LFI6	1	263	IDP
Q8RYE0	1	523	IDP
Q8W1E4	1	97	N-terminal
Q93Y07	84	139	middle
Q93Y16	648	700	C-terminal
Q93YU8	51	347	middle
Q93ZB7	1	118	N-terminal
Q93ZB7	234	501	middle
Q93ZB7	560	620	C-terminal
Q941E5	1	38	N-terminal
Q94AX2	1	85	N-terminal
Q94C26	1	81	IDP
Q9C6W8	1	136	N-terminal
Q9C6W8	319	479	middle
Q9C6W8	798	835	C-terminal
Q9FFZ1	1	55	N-terminal
Q9FIX0	163	355	C-terminal
Q9FKE2	1108	1173	middle
Q9FL44	1	235	IDP
Q9FML4	116	186	C-terminal
Q9FYC8	580	651	C-terminal
Q9FZ24	1	68	N-terminal
Q9LFB0	1	84	N-terminal
Q9LFB0	195	385	C-terminal
Q9LFN6	1	41	N-terminal
Q9LI83	1	43	N-terminal
Q9LI83	1172	1202	C-terminal
Q9LJF3	753	832	middle
Q9LKB7	1	49	N-terminal
Q9LKB7	428	475	C-terminal
Q9LP77	232	353	middle
Q9LP77	486	541	middle
Q9LP77	619	655	C-terminal
Q9LTR2	1	80	N-terminal
Q9LUI2	105	157	middle
Q9LUI2	1354	1561	middle
Q9LUI2	1676	1728	C-terminal
Q9LX83	1	34	N-terminal
Q9M876	1	83	N-terminal
Q9MAR2	243	370	C-terminal
Q9SCT4	1	46	N-terminal
Q9SCT4	429	522	middle
Q9SCT4	793	836	C-terminal
Q9SLA4	144	196	middle
Q9SS61	1	63	N-terminal
Q9SS90	1	123	N-terminal
Q9SYX7	126	167	C-terminal
Q9SZH4	1	67	N-terminal
Q9SZH4	264	323	middle
Q9SZH4	416	495	C-terminal
A0JQ86	1	77	N-terminal
A8MQR5	1	53	N-terminal
F4IZM5	53	140	C-terminal
F4J412	1	126	IDP
F4JAU3	1	90	N-terminal
F4JGK7	1	119	IDP
F4JGW1	1	53	N-terminal
F4JGW1	222	261	C-terminal
F4JI90	1	79	N-terminal
F4JJH4	1	33	N-terminal
F4JT82	671	724	middle
F4JT82	1266	1303	middle
F4JT82	1668	1744	C-terminal
F4K1J1	372	408	middle
F4K8Y6	88	124	middle
F4K8Y6	192	226	middle
F4K9G6	159	291	middle
F4KEC6	320	627	middle
F4KH14	1	93	N-terminal
O22270	234	301	C-terminal
O48822	110	208	C-terminal
O49562	1	113	N-terminal
O80858	1	164	IDP
P31166	1	67	N-terminal
Q147R7	1	92	N-terminal
Q3E9A8	1	113	IDP
Q4PSS8	1	472	IDP
Q501F7	1	44	N-terminal
Q56YM4	1	83	IDP
Q67Z40	158	301	C-terminal
Q6PV68	1	121	N-terminal
Q6PV68	266	346	C-terminal
Q7XA83	1	84	N-terminal
Q7XA83	165	221	middle
Q7XA83	284	423	C-terminal
Q8H136	1	143	N-terminal
Q8H136	531	619	C-terminal
Q8L773	1	86	N-terminal
Q8L773	165	244	C-terminal
Q8L9M8	1	62	N-terminal
Q8LGD5	1	62	N-terminal
Q8LGD5	99	222	C-terminal
Q8VY17	1	186	N-terminal
Q8VY17	296	417	middle
Q8VY17	493	916	C-terminal
Q8VY74	147	333	C-terminal
Q940Y5	193	452	middle
Q941D1	1	68	N-terminal
Q941D1	109	149	C-terminal
Q94A21	1	80	N-terminal
Q94A21	218	318	C-terminal
Q94K97	1	48	N-terminal
Q94K97	187	226	middle
Q9C875	1	84	N-terminal
Q9FGT7	143	197	middle
Q9FGT7	254	635	C-terminal
Q9FH40	1	38	N-terminal
Q9FH40	181	220	middle
Q9FH46	503	605	C-terminal
Q9FHK0	1	67	N-terminal
Q9FIX7	1	559	N-terminal
Q9FKT4	1	59	N-terminal
Q9FKT4	109	165	middle
Q9FLI4	1	31	N-terminal
Q9FME4	1	87	N-terminal
Q9FME4	472	521	C-terminal
Q9LKF9	411	525	middle
Q9LP80	1	87	N-terminal
Q9LP80	271	325	middle
Q9LT35	269	345	middle
Q9LXX1	1	87	IDP
Q9LYE5	1	155	IDP
Q9LYS5	54	164	middle
Q9LYS5	454	512	C-terminal
Q9S814	468	1050	middle
Q9S814	1183	1294	C-terminal
Q9SB32	1	69	N-terminal
Q9SB37	1	66	N-terminal
Q9SE96	1	81	N-terminal
Q9SEY5	1	47	N-terminal
Q9SJ17	1	78	IDP
Q9SSA7	1	50	N-terminal
Q9SZB9	1	33	N-terminal
Q9ZWM9	1	68	N-terminal
A0A1P8B017	1	103	IDP
A0A1P8B324	92	198	C-terminal
A0A1P8B634	75	108	C-terminal
A0A1P8BGR5	1	84	IDP
B3LF89	267	331	C-terminal
F4HSX9	1	142	N-terminal
F4I4I3	208	281	middle
F4I4I3	317	389	middle
F4I4I3	519	554	C-terminal
F4JFF2	1	32	N-terminal
F4JFF2	382	1303	C-terminal
F4JJC1	86	166	middle
F4JJC1	726	768	C-terminal
F4JYR8	77	125	middle
O48726	136	195	middle
O49432	1	38	N-terminal
O64780	1	40	N-terminal
O64780	775	814	C-terminal
O78310	1	67	N-terminal
P0C2F7	1	56	N-terminal
P0C896	1	119	N-terminal
Q07970	1	66	N-terminal
Q0IGH7	147	184	C-terminal
Q38856	1	39	N-terminal
Q56X05	1	31	N-terminal
Q58FW3	85	132	middle
Q5Q0C1	65	118	middle
Q6NM73	239	307	C-terminal
Q6NNH5	1	200	IDP
Q84JA7	1	35	N-terminal
Q84JA7	82	151	middle
Q8GYR4	75	127	middle
Q8L8R4	1	62	N-terminal
Q8LDB8	1	57	N-terminal
Q8LDB8	131	169	middle
Q8LDB8	282	319	middle
Q8LG11	1	144	N-terminal
Q8RUS5	1	67	N-terminal
Q8RUS5	567	866	C-terminal
Q8RWW0	1	107	N-terminal
Q8RWW0	218	330	middle
Q8RWW0	632	744	C-terminal
Q8S3U9	1	176	N-terminal
Q8S3U9	986	1090	C-terminal
Q8S9I4	1	311	N-terminal
Q8VY98	1	182	N-terminal
Q8VY98	229	266	C-terminal
Q8VZ18	1	31	N-terminal
Q93Y40	1	60	N-terminal
Q93Y40	358	457	C-terminal
Q941A6	1	142	IDP
Q9C652	201	360	C-terminal
Q9C7M2	1	190	N-terminal
Q9C7M2	339	369	middle
Q9C7M2	445	849	C-terminal
Q9FE22	1	292	IDP
Q9FHB0	110	236	middle
Q9FHJ5	1	141	N-terminal
Q9FHJ5	291	342	C-terminal
Q9FJD8	1	241	IDP
Q9FLC9	1	80	N-terminal
Q9FLT5	1	70	N-terminal
Q9FLT5	462	503	middle
Q9FMF7	1	94	N-terminal
Q9FN15	1	106	N-terminal
Q9LF59	1	173	IDP
Q9LK89	1	242	IDP
Q9LP67	1	58	N-terminal
Q9LP67	224	299	middle
Q9LR85	1	50	N-terminal
Q9LSQ7	63	326	middle
Q9LUS7	1	85	N-terminal
Q9M9Y5	1	154	N-terminal
Q9SA49	1	44	N-terminal
Q9SEZ6	244	296	C-terminal
Q9SHL7	291	339	middle
Q9SJT0	1	47	N-terminal
Q9SJT0	806	871	C-terminal
Q9STI6	1	79	N-terminal
Q9SU88	1	93	N-terminal
Q9SYQ1	498	534	C-terminal
Q9SZB7	1	68	N-terminal
Q9SZB7	227	259	middle
Q9XIR8	1	74	IDP
A0A178VGJ3	1	33	N-terminal
A0A178VGJ3	74	286	middle
B3H4H1	1	78	IDP
F4HZG9	1	42	N-terminal
F4I8V6	1	163	N-terminal
F4IN58	916	1005	middle
F4IN58	1384	1590	middle
F4IN78	114	840	middle
F4IN78	978	1366	C-terminal
F4K1E8	1	191	N-terminal
F4K1E8	392	429	C-terminal
F4K5X4	1	44	N-terminal
F4KB54	226	292	middle
F4KB54	460	590	middle
F4KE59	1	282	N-terminal
F4KE59	339	829	middle
F4KE59	973	1311	C-terminal
O04253	1	43	N-terminal
O22854	1	63	N-terminal
O48534	1	106	N-terminal
O48534	190	254	middle
O48534	389	446	middle
O49447	1	86	N-terminal
O49448	1	37	N-terminal
P0CJ66	1	42	N-terminal
P0CJ66	131	205	C-terminal
P54609	769	809	C-terminal
P82792	1	32	N-terminal
Q0WMN5	1	364	N-terminal
Q0WVA1	1	64	N-terminal
Q1ECE0	1	74	N-terminal
Q1G3R3	1	101	IDP
Q27GM2	1	90	N-terminal
Q29Q13	1	141	N-terminal
Q3YL57	723	756	C-terminal
Q84JG6	85	533	C-terminal
Q84L08	307	341	C-terminal
Q84L30	77	137	middle
Q84L30	193	253	middle
Q84V14	1	55	IDP
Q8GWI5	1	31	N-terminal
Q8GWI5	138	196	middle
Q8LCN5	1	131	IDP
Q8LDQ4	119	187	middle
Q8LDQ4	232	302	middle
Q8LDQ4	356	405	C-terminal
Q8RWC5	186	255	middle
Q8RWC5	402	445	C-terminal
Q8S9K3	1	65	N-terminal
Q8S9K3	242	275	middle
Q8S9K3	338	758	C-terminal
Q8VYF2	1	32	N-terminal
Q8VYF2	110	147	C-terminal
Q8W4R3	1	113	N-terminal
Q8W4R3	538	591	C-terminal
Q93VK9	241	315	C-terminal
Q944P7	1	62	N-terminal
Q945Q5	1	75	N-terminal
Q94A32	1	135	N-terminal
Q9C5H5	1	340	N-terminal
Q9C5H5	607	716	C-terminal
Q9CAC4	55	407	middle
Q9CAC4	526	569	middle
Q9CAC4	606	686	middle
Q9FE79	186	223	C-terminal
Q9FF08	1	1307	N-terminal
Q9FF08	1392	1435	middle
Q9FKL1	1	66	N-terminal
Q9FMI5	1	61	N-terminal
Q9FNN8	162	206	middle
Q9FNN8	559	590	C-terminal
Q9FYK4	1	72	IDP
Q9LJK4	1	38	N-terminal
Q9LK70	1	46	N-terminal
Q9LKR8	1	60	N-terminal
Q9LRN8	1	68	N-terminal
Q9LRN8	192	242	middle
Q9LU57	1	43	N-terminal
Q9LW20	1	67	N-terminal
Q9LY72	1	384	N-terminal
Q9M1K2	1	60	N-terminal
Q9M1S3	82	261	C-terminal
Q9M401	1	74	N-terminal
Q9M895	1	340	N-terminal
Q9M895	591	622	C-terminal
Q9MAG3	1	57	N-terminal
Q9MAG3	337	458	middle
Q9MAG3	790	858	middle
Q9SAJ3	1	108	N-terminal
Q9SAJ3	975	1008	C-terminal
Q9SEZ1	1	164	N-terminal
Q9SFG6	1	300	IDP
Q9SHT0	1	165	IDP
Q9SN21	387	515	C-terminal
Q9SRV7	1	35	N-terminal
Q9STW6	1	67	N-terminal
Q9STW6	669	718	C-terminal
Q9SW40	272	337	middle
Q9SXC7	1	39	N-terminal
Q9XIE3	1	155	IDP
A0A1I9LR82	1	88	N-terminal
A0A1I9LR82	177	252	middle
A0A1I9LRK9	1	68	IDP
A0A1P8AS88	1	110	IDP
A0A1P8B8B4	1	40	N-terminal
A0A1P8BBQ5	173	254	middle
B3H4I5	1	47	IDP
B7U179	1	53	N-terminal
C5H8J1	1	228	N-terminal
F4I8M8	1	75	N-terminal
F4IK45	1	53	N-terminal
F4JD14	1	85	N-terminal
F4JD14	610	652	middle
F4JD14	959	1016	middle
F4JD14	1078	1214	middle
F4JD14	1335	1542	middle
F4JD14	1824	1941	C-terminal
O04646	1	110	N-terminal
O04646	182	212	C-terminal
O49196	1	88	N-terminal
O80607	1	227	N-terminal
O80607	280	314	C-terminal
O82393	76	136	middle
O82393	188	231	middle
O82393	287	747	C-terminal
P51430	72	249	C-terminal
P93024	1	40	N-terminal
P93024	392	809	middle
Q058G9	1	105	IDP
Q06402	455	496	C-terminal
Q1G3I0	1	31	N-terminal
Q1G3I0	108	160	C-terminal
Q1PDZ0	82	193	C-terminal
Q1PFM9	1	80	IDP
Q4PSL7	203	260	C-terminal
Q4VCM1	1	32	N-terminal
Q66LG9	1	229	N-terminal
Q66LG9	270	640	middle
Q6R2K3	237	470	middle
Q7Y211	1	57	N-terminal
Q84MA9	1	31	N-terminal
Q84MA9	224	325	middle
Q8GYT3	1	55	IDP
Q8L768	1	274	IDP
Q8L860	136	183	middle
Q8L860	268	675	C-terminal
Q8S8S2	1	77	N-terminal
Q8S9J2	1	33	N-terminal
Q8W261	1	74	IDP
Q94CA0	337	373	middle
Q94CA0	443	484	C-terminal
Q96500	1	141	IDP
Q9FGP7	1	32	N-terminal
Q9FGP7	134	202	C-terminal
Q9FHK5	1	93	N-terminal
Q9FK66	1	63	N-terminal
Q9FK66	353	425	C-terminal
Q9FKD9	1	34	N-terminal
Q9FKP4	1	52	N-terminal
Q9FKP4	584	699	middle
Q9FKP4	1091	1141	middle
Q9FLL8	1	393	N-terminal
Q9FLL8	492	525	middle
Q9FLL8	561	621	C-terminal
Q9FLU3	90	146	C-terminal
Q9FN68	1	515	IDP
Q9LIH5	1	596	N-terminal
Q9LJX7	1	46	N-terminal
Q9LN60	1	64	N-terminal
Q9LPK0	1	291	IDP
Q9LVC0	1	60	IDP
Q9LXD1	1	93	N-terminal
Q9M9N2	1	520	IDP
Q9M9N3	1	76	N-terminal
Q9M9N3	127	769	C-terminal
Q9M9Y4	90	319	middle
Q9SD94	1	66	N-terminal
Q9SDQ4	853	921	C-terminal
Q9SGS1	193	270	middle
Q9SJA4	1	69	N-terminal
Q9SJA4	641	726	C-terminal
Q9SN46	1	39	N-terminal
Q9SN46	396	857	C-terminal
Q9SQN9	142	192	C-terminal
Q9SRL6	1	66	N-terminal
Q9SV14	1	137	IDP
Q9SW17	1	91	N-terminal
Q9SY33	1	46	N-terminal
Q9XIN3	1	46	N-terminal
Q9ZV56	1	32	N-terminal
Q9ZV56	276	332	C-terminal
A0A1P8B5T0	1	261	N-terminal
A0A1P8B5T0	323	946	middle
A0A1P8B5T0	1004	1157	middle
A0A1P8BEE1	409	510	middle
A0A1P8BEE1	910	945	middle
A0A1P8BEE1	1989	2063	middle
A0A1P8BEE1	2387	2539	middle
A0A1P8BEE1	3307	3349	middle
A0A1P8BEE1	3455	3521	C-terminal
A8MS68	1	82	N-terminal
A8MS68	559	623	C-terminal
C0LGH8	242	332	middle
F4HP06	1	48	N-terminal
F4I3A2	194	360	middle
F4I901	972	1049	C-terminal
F4IS56	1	75	N-terminal
F4J6R3	336	474	C-terminal
F4JGC8	66	230	C-terminal
F4JYJ3	267	317	middle
F4K0J3	156	221	middle
F4K0J3	494	536	middle
F4K0J3	952	1300	C-terminal
F4KFM8	1	116	IDP
O23071	1	302	IDP
O23487	1	53	N-terminal
O23487	236	318	middle
P51818	218	251	middle
P93017	1	108	IDP
P93309	1	122	IDP
Q0WRC3	1	188	IDP
Q1G3T8	1	31	N-terminal
Q31708	217	310	middle
Q3E956	1	37	N-terminal
Q3E9A0	1	84	N-terminal
Q6LA43	1	44	N-terminal
Q6LA43	149	301	middle
Q6LA43	356	535	C-terminal
Q6NQG7	1	124	N-terminal
Q8GXU9	1	122	N-terminal
Q8GXU9	170	240	C-terminal
Q8L539	1	58	N-terminal
Q8L716	1	256	N-terminal
Q8LL04	1	177	N-terminal
Q8LL04	306	894	middle
Q8LPQ6	1	91	N-terminal
Q8VWF5	1	168	N-terminal
Q8VWF5	337	635	middle
Q8VWF5	762	800	C-terminal
Q8VXZ9	193	234	middle
Q8VXZ9	306	425	C-terminal
Q8VYM0	1	91	N-terminal
Q8VYM0	156	243	C-terminal
Q93YV7	1	77	N-terminal
Q94HW6	1	117	N-terminal
Q94HW6	244	275	middle
Q94HW6	326	378	middle
Q94HW6	459	557	middle
Q9C5X4	1	191	N-terminal
Q9C5X4	395	432	middle
Q9C5X4	544	595	middle
Q9C5X4	785	844	middle
Q9C8A7	1	71	N-terminal
Q9FFX8	1	404	IDP
Q9FGE4	1	91	N-terminal
Q9FGH2	142	182	C-terminal
Q9FH37	1	99	N-terminal
Q9FH37	168	234	C-terminal
Q9FHX2	1	94	N-terminal
Q9FK53	1	43	N-terminal
Q9FK53	129	189	C-terminal
Q9FKS7	1	145	N-terminal
Q9FZD5	1	200	N-terminal
Q9LN09	1	111	N-terminal
Q9LNQ3	1	48	N-terminal
Q9LPJ9	1	74	N-terminal
Q9LSG3	1	60	N-terminal
Q9LSJ1	63	105	middle
Q9LTW4	1	81	N-terminal
Q9LY77	1003	1033	C-terminal
Q9M040	1	42	N-terminal
Q9M1E0	1	91	N-terminal
Q9S823	1	344	N-terminal
Q9S823	386	714	middle
Q9S823	856	905	C-terminal
Q9SJ91	354	390	middle
Q9STY4	1	46	N-terminal
Q9SUG9	77	157	C-terminal
Q9SY31	1	300	IDP
Q9ZTZ7	1	139	N-terminal
Q9ZTZ7	348	560	middle
Q9ZTZ7	1153	1193	C-terminal
A0A1P8ANT6	73	122	C-terminal
A0A1P8AY90	1	81	IDP
A0A1P8BAI4	218	361	C-terminal
A0A1P8BB03	1	61	IDP
A0A1P8BDE3	1	69	IDP
A0A1P8BG84	1	32	IDP
B3H777	1	60	IDP
F4HSD5	1	442	N-terminal
F4HTQ1	1	61	N-terminal
F4HV48	1	33	N-terminal
F4HWF9	1	324	N-terminal
F4I8X8	1	180	N-terminal
F4ILF8	1	76	N-terminal
F4IRD1	1	64	N-terminal
F4K9Y3	1	96	IDP
O04251	201	1091	middle
O65405	260	333	middle
O65405	623	683	C-terminal
O65685	1	201	N-terminal
O65685	384	532	C-terminal
O80651	193	260	C-terminal
O82171	126	395	C-terminal
P43288	1	48	N-terminal
P68350	1	57	N-terminal
P68350	106	175	C-terminal
Q01667	1	37	N-terminal
Q0WQ74	1	59	IDP
Q3EDE7	60	192	C-terminal
Q5D869	1248	1739	middle
Q5D869	1845	1976	C-terminal
Q5Q0C6	1	47	N-terminal
Q67ZU1	1	48	N-terminal
Q6DBM8	1	45	N-terminal
Q6DBM8	185	232	middle
Q7XZU0	853	962	middle
Q7XZU0	1084	1153	middle
Q7XZU0	1337	1409	middle
Q84WF5	134	219	middle
Q8GWR0	1	91	N-terminal
Q8GYL5	1	36	N-terminal
Q8S9I8	1	56	N-terminal
Q8S9K9	99	138	middle
Q8W234	1	302	N-terminal
Q8W234	560	877	C-terminal
Q940J1	1	56	N-terminal
Q940J1	155	294	C-terminal
Q94A85	1	60	N-terminal
Q94AL9	1	39	N-terminal
Q9C538	1	917	IDP
Q9C551	1	100	N-terminal
Q9C9I7	1	80	N-terminal
Q9FK33	1	81	N-terminal
Q9FNG5	1	81	N-terminal
Q9FT73	552	705	C-terminal
Q9FZ23	1	109	N-terminal
Q9FZ23	165	231	C-terminal
Q9LD40	1	73	N-terminal
Q9LD40	658	696	C-terminal
Q9LDF8	1	61	N-terminal
Q9LDF8	431	558	C-terminal
Q9LHQ7	1	42	N-terminal
Q9LHQ7	340	370	C-terminal
Q9LM48	1	98	N-terminal
Q9LM48	166	233	middle
Q9LXM8	63	111	C-terminal
Q9LYR2	1	96	N-terminal
Q9M1R4	1	75	N-terminal
Q9M2D4	141	238	middle
Q9SJ13	1	69	N-terminal
Q9SJ62	1	432	IDP
Q9SJG9	394	528	middle
Q9SJG9	572	606	C-terminal
Q9SKT6	1	65	N-terminal
Q9SL83	1	41	N-terminal
Q9SNE9	1	148	N-terminal
Q9SYD6	99	162	middle
Q9XIP2	1	204	N-terminal
Q9XIP2	318	361	middle
Q9XIP2	410	451	middle
Q9ZUC6	1	43	N-terminal
Q9ZW85	1	66	N-terminal
A0A1P8BHH9	65	152	C-terminal
A8R7E6	260	303	middle
F4ICS5	1	106	N-terminal
F4ICS5	196	229	middle
F4J7U9	127	181	middle
F4JHI1	1	201	N-terminal
F4JHI1	238	272	middle
F4JHI1	404	730	middle
F4JHI1	810	855	C-terminal
F4JVA6	1	73	N-terminal
F4JVA6	381	522	middle
F4JZK9	1	76	N-terminal
F4KEN0	1	39	N-terminal
F4KEN0	406	439	C-terminal
F4KFS7	1	278	N-terminal
O22267	905	1036	middle
O23210	1	119	N-terminal
O49317	1	78	N-terminal
O49711	1	132	N-terminal
Q0WQJ7	1	68	N-terminal
Q0WQJ7	962	1039	C-terminal
Q0WS06	1	50	N-terminal
Q0WS06	329	387	middle
Q1G396	1	99	IDP
Q1PDJ2	1	112	IDP
Q56XR0	1	83	N-terminal
Q56XR0	149	207	middle
Q56XV8	1	31	N-terminal
Q5PP38	47	300	middle
Q5PP38	356	470	C-terminal
Q66GP0	477	604	C-terminal
Q6DUW7	1	99	IDP
Q6IM95	1	40	IDP
Q6R0G4	1	39	N-terminal
Q6R0G4	105	219	middle
Q8GXU7	1	71	IDP
Q8L6X8	1	569	IDP
Q8L7A0	1	45	N-terminal
Q8L7A0	220	251	middle
Q8L9T5	67	110	middle
Q8L9T5	189	304	C-terminal
Q8RWD6	237	355	middle
Q8RXV3	1	47	N-terminal
Q8S8T7	1	330	N-terminal
Q8S8T7	382	504	middle
Q93W88	1	148	N-terminal
Q93W88	214	286	C-terminal
Q9C5D3	1	70	N-terminal
Q9C5D3	238	355	C-terminal
Q9FH90	1	108	N-terminal
Q9FH90	437	492	C-terminal
Q9FIM9	1	134	N-terminal
Q9FJ62	1	32	N-terminal
Q9FJ62	693	766	C-terminal
Q9FX68	1	143	N-terminal
Q9FX68	234	302	C-terminal
Q9LD83	1	175	N-terminal
Q9LEZ4	1	131	N-terminal
Q9LI77	1	39	N-terminal
Q9LJD7	1	38	N-terminal
Q9LMV6	90	146	C-terminal
Q9LS61	1	216	IDP
Q9LVS0	1	97	N-terminal
Q9LVS0	146	365	C-terminal
Q9LX51	461	520	C-terminal
Q9LYL4	1	56	N-terminal
Q9LZ83	359	402	middle
Q9M0X2	74	125	middle
Q9M151	1	91	N-terminal
Q9M151	142	332	middle
Q9M1A4	1	153	N-terminal
Q9M9X4	1	295	IDP
Q9SFE9	310	341	C-terminal
Q9SIW1	1	111	N-terminal
Q9SIW1	360	482	C-terminal
Q9SJE9	409	493	C-terminal
Q9SKD9	62	94	middle
Q9SKD9	172	295	C-terminal
Q9STX3	1	31	N-terminal
Q9SUY2	1	145	IDP
Q9T0G1	1	77	N-terminal
Q9XF63	175	324	C-terminal
Q9ZPW5	1	95	N-terminal
A0A178W3G2	1	66	N-terminal
A0A178W3G2	122	460	middle
A0A1P8AWD2	1	70	IDP
A0A1P8B3W5	1	157	IDP
A0A1P8B7Z9	1	194	N-terminal
A0A2P2CLH3	453	516	middle
A8MRQ2	1	37	N-terminal
B3H4I1	423	737	C-terminal
F4HUI0	1	95	N-terminal
F4HXA7	1	96	IDP
F4IJQ6	140	280	C-terminal
F4ILF9	1	91	N-terminal
F4ILF9	140	220	middle
F4J9E8	1	168	N-terminal
F4K6A1	1	56	N-terminal
F4KBD8	82	158	middle
F4KD57	1	339	N-terminal
O22850	1	52	N-terminal
O49643	1	80	N-terminal
P62113	1	43	IDP
Q0V7V0	1	96	N-terminal
Q0V7V0	213	250	middle
Q1G3I1	1	109	IDP
Q3ECD0	1	54	N-terminal
Q3ECD0	192	223	middle
Q42396	459	490	C-terminal
Q52K83	1	248	IDP
Q6NKR6	1	40	N-terminal
Q6NM16	1	43	N-terminal
Q6NQA8	1	32	N-terminal
Q6R8G0	56	109	middle
Q6R8G0	154	271	middle
Q84JP5	1	221	IDP
Q84TH8	1	105	N-terminal
Q84TH8	425	461	middle
Q8GWG2	1	32	N-terminal
Q8H1Q2	1	49	N-terminal
Q8L7S8	1	105	N-terminal
Q8L7S8	616	748	C-terminal
Q8W487	1	147	N-terminal
Q8W4Q4	1	90	N-terminal
Q944M5	217	251	C-terminal
Q94C50	172	209	C-terminal
Q9C591	70	216	C-terminal
Q9C642	1	98	N-terminal
Q9FG18	1	67	N-terminal
Q9FG18	324	399	middle
Q9FG18	594	679	C-terminal
Q9FH22	1	39	N-terminal
Q9FH50	1	62	N-terminal
Q9FJW1	107	182	C-terminal
Q9FM30	1	66	N-terminal
Q9FM59	1	63	N-terminal
Q9FM59	529	578	C-terminal
Q9FN58	1	86	N-terminal
Q9FNG6	1	160	N-terminal
Q9FNI0	1	91	N-terminal
Q9FWW2	1	483	IDP
Q9FYN3	1	73	N-terminal
Q9LHS9	1	226	IDP
Q9LIF6	1	122	N-terminal
Q9LJH9	1	175	N-terminal
Q9LMP8	1	52	N-terminal
Q9LS14	1	54	N-terminal
Q9LS14	228	259	C-terminal
Q9LXH5	116	200	C-terminal
Q9LZR7	1	81	IDP
Q9M2E8	1	119	N-terminal
Q9MBG5	1	93	N-terminal
Q9SAH7	74	133	middle
Q9SAH7	189	262	middle
Q9SCM4	134	249	C-terminal
Q9SFG2	1	245	IDP
Q9SI18	1	40	N-terminal
Q9SI93	1	67	N-terminal
Q9SN73	1	64	N-terminal
Q9SN87	1	85	IDP
Q9SRE1	1	645	N-terminal
Q9SRH7	1	111	N-terminal
Q9SRH7	438	490	C-terminal
Q9STJ8	1	101	N-terminal
Q9STJ8	266	396	middle
Q9STJ8	442	516	middle
Q9SYJ3	1	114	N-terminal
Q9SYJ3	174	236	C-terminal
Q9XI23	363	458	middle
Q9XI23	607	683	C-terminal
Q9ZUI1	1	106	N-terminal
Q9ZUI1	201	466	C-terminal
Q9ZUV9	692	726	middle
Q9ZVT5	1	89	N-terminal
Q9ZVT5	200	243	middle
A0A1P8APR9	1	90	IDP
A0A1P8ATU5	131	165	C-terminal
A0A1P8BBW6	1	41	N-terminal
A0A1P8BH03	1	404	IDP
B6IDH8	1	177	IDP
F4HY61	1	79	N-terminal
F4HY61	144	177	middle
F4HYV4	1	146	IDP
F4IGW7	1	40	N-terminal
F4IVP3	588	714	middle
F4IWB2	1	54	N-terminal
F4IWB2	147	205	middle
F4J3B9	460	530	C-terminal
F4J480	1	62	N-terminal
F4JRN0	1	207	N-terminal
F4JUA4	302	423	C-terminal
F4K5I8	1	50	IDP
O80565	1	54	N-terminal
O80792	1	90	N-terminal
O80792	128	375	middle
O81283	1	778	N-terminal
O81283	1111	1154	middle
O81283	1197	1234	middle
O82188	86	124	middle
O82486	66	121	middle
O82486	216	327	middle
P0CJ65	1	63	N-terminal
P0CJ65	177	227	C-terminal
P41916	188	221	C-terminal
P49206	91	131	C-terminal
P49688	1	54	N-terminal
P49689	1	62	IDP
P92942	1	56	N-terminal
Q0WNW4	54	353	middle
Q0WNW4	539	607	middle
Q0WR25	1	390	N-terminal
Q0WR25	562	634	C-terminal
Q1G322	1	255	N-terminal
Q38849	1	48	N-terminal
Q38849	503	633	middle
Q3ECJ5	1	80	IDP
Q56XA0	1	84	IDP
Q6R8G6	150	210	middle
Q8GYX3	325	419	middle
Q8L8A8	1	535	IDP
Q8RWM3	366	402	C-terminal
Q8RXE5	278	452	middle
Q8RXS1	1	38	N-terminal
Q941I2	1	169	N-terminal
Q941I2	218	322	C-terminal
Q94AD8	1	60	N-terminal
Q94AD8	493	539	C-terminal
Q9ASY5	1	44	IDP
Q9C6N3	1	1148	IDP
Q9C9X0	1	63	N-terminal
Q9C9X0	385	522	middle
Q9C9X0	581	622	C-terminal
Q9CA27	1	121	N-terminal
Q9CA27	162	324	C-terminal
Q9FFZ0	1	113	N-terminal
Q9FKN2	1	188	IDP
Q9LF88	1	433	N-terminal
Q9LQT4	250	330	C-terminal
Q9LR70	1	369	N-terminal
Q9LR70	476	801	C-terminal
Q9LZM9	1	149	IDP
Q9M1F1	449	503	C-terminal
Q9MAB4	1	112	N-terminal
Q9MAB4	425	593	C-terminal
Q9SA82	1	136	N-terminal
Q9SI32	1	158	N-terminal
Q9SJQ5	1	61	N-terminal
Q9SJQ5	368	404	middle
Q9SJQ5	495	536	C-terminal
Q9SJU0	1	102	N-terminal
Q9SJU0	510	591	middle
Q9SJU0	823	855	middle
Q9SJU0	917	979	middle
Q9SK71	1	103	N-terminal
Q9SK71	186	430	C-terminal
Q9SKS8	1	69	N-terminal
Q9SMZ2	1	42	N-terminal
Q9SSF8	1	43	N-terminal
Q9SY08	1	184	IDP
Q9SZ52	1	98	N-terminal
Q9XI45	1	155	IDP
Q9ZU30	1	76	N-terminal
A0A1P8AUF7	1	136	IDP
A0A1P8AWZ7	1	54	N-terminal
A0A1P8BGC5	1	74	IDP
B3H760	1	59	IDP
D1KF50	1	248	N-terminal
D1KF50	947	988	middle
F4HV35	1	50	N-terminal
F4IBZ9	1	68	IDP
F4J5F8	146	266	middle
F4J5F8	476	527	C-terminal
F4JPD8	1	53	N-terminal
F4K425	1	133	N-terminal
O22179	109	309	C-terminal
O64687	91	148	C-terminal
O80860	1	92	N-terminal
O80860	162	213	middle
O81865	1	52	N-terminal
O82509	37	69	middle
P56764	481	663	middle
P56764	741	1064	middle
P56764	1328	1376	C-terminal
P62117	1	37	IDP
Q1G3D9	1	85	IDP
Q39195	1	103	IDP
Q3E875	1	120	N-terminal
Q3E875	307	341	middle
Q3ED35	83	142	middle
Q56WD9	1	33	N-terminal
Q5FV41	460	499	C-terminal
Q5PNZ1	323	413	C-terminal
Q6TPH1	1	62	N-terminal
Q6USK2	248	289	middle
Q700D2	1	71	N-terminal
Q700D2	213	503	C-terminal
Q7FRS8	1	52	N-terminal
Q8GUS7	1	77	N-terminal
Q8GUS7	361	438	C-terminal
Q8GWD2	584	649	C-terminal
Q8GWG6	73	135	middle
Q8GWG6	488	623	C-terminal
Q8GXB7	1	35	N-terminal
Q8H0U4	315	361	middle
Q8L7L0	1	201	N-terminal
Q8LRK8	602	682	C-terminal
Q8S528	1	42	N-terminal
Q8VY90	1	71	N-terminal
Q8VY90	132	221	C-terminal
Q8VYJ2	1	143	N-terminal
Q8VYJ2	238	356	C-terminal
Q8W1E5	1	62	N-terminal
Q8W4K2	1	120	N-terminal
Q945N1	1	70	N-terminal
Q945N1	351	430	middle
Q945N1	494	546	middle
Q94B03	405	483	C-terminal
Q9C6B8	187	455	middle
Q9C6F5	1	53	N-terminal
Q9C752	1	355	N-terminal
Q9C776	112	303	middle
Q9C776	488	556	middle
Q9C9K7	1	94	N-terminal
Q9C9K7	230	302	C-terminal
Q9FF91	1	409	N-terminal
Q9FJF1	184	216	C-terminal
Q9FJY9	1	63	N-terminal
Q9FKN7	1038	1239	middle
Q9FKN7	1529	1613	C-terminal
Q9FNN2	1	61	N-terminal
Q9FYC2	1	82	N-terminal
Q9LKC1	1	149	N-terminal
Q9LKC1	202	710	middle
Q9LQ89	1	113	N-terminal
Q9LRM7	1	53	N-terminal
Q9LRW1	1	35	N-terminal
Q9LRW1	145	268	C-terminal
Q9LSF5	1	55	N-terminal
Q9LTF0	73	103	C-terminal
Q9M2X3	1	120	N-terminal
Q9M2X3	182	239	middle
Q9SH26	1	56	N-terminal
Q9SHG6	1	341	N-terminal
Q9SN05	1	81	N-terminal
Q9SS83	1	32	N-terminal
Q9SSP9	705	816	middle
Q9SYL7	149	509	C-terminal
Q9SYW8	1	42	N-terminal
Q9SZL9	1	255	N-terminal
Q9T008	1	37	N-terminal
A0A1I9LNH8	1	56	N-terminal
A8MSG0	1	65	N-terminal
B5BT18	188	297	middle
B5BT18	366	470	middle
B5BT18	1150	1197	middle
B5BT18	1974	2045	C-terminal
F4HQ84	1	82	N-terminal
F4HQ84	472	502	middle
F4HRK8	1	290	IDP
F4HY56	1	446	N-terminal
F4HY56	674	721	middle
F4HY56	826	945	middle
F4HY56	1006	1099	middle
F4HY56	1185	1245	middle
F4HY56	1433	1705	C-terminal
F4I9K2	436	645	middle
F4J8X6	1	53	N-terminal
F4J8X6	241	414	middle
F4J8X6	474	587	C-terminal
F4JF32	1	34	N-terminal
F4JKZ7	225	257	middle
F4JXH7	252	987	C-terminal
F4KBH3	1	307	IDP
F4KI15	1	76	N-terminal
O22633	1	79	IDP
O22932	296	361	middle
O64870	104	135	C-terminal
P0C8K8	1	40	N-terminal
P0C8K8	513	552	C-terminal
P0DKG6	165	198	middle
P17839	189	252	C-terminal
P92941	1	58	N-terminal
P94109	98	167	C-terminal
Q2V3K6	106	139	C-terminal
Q39084	1	104	IDP
Q3E991	244	367	middle
Q4PSE5	1	102	IDP
Q58CM8	1	31	N-terminal
Q58CM8	153	195	C-terminal
Q5XQC7	1	37	N-terminal
Q6NKT4	1	632	IDP
Q8GWW8	1	94	N-terminal
Q8GWW8	163	221	middle
Q8L7H9	1	102	N-terminal
Q8L7H9	259	341	C-terminal
Q8L850	653	720	middle
Q8L9R4	125	184	C-terminal
Q8LCF4	1	89	IDP
Q8LPQ5	1	50	N-terminal
Q8LPQ5	266	311	middle
Q8LPQ5	549	648	middle
Q8LPQ5	717	793	middle
Q8LPQ5	889	923	middle
Q8S8M9	137	201	middle
Q8VYD2	1	61	N-terminal
Q8VYD2	135	318	middle
Q8VYK4	121	173	C-terminal
Q93WI0	1	92	N-terminal
Q944L9	1	245	N-terminal
Q94A20	1	41	N-terminal
Q9AST1	109	372	C-terminal
Q9C773	88	127	middle
Q9C773	176	263	C-terminal
Q9C9A2	1	63	N-terminal
Q9CAA0	844	920	C-terminal
Q9FH19	1	76	N-terminal
Q9FH19	157	341	middle
Q9FH19	378	493	C-terminal
Q9FIN3	1	255	N-terminal
Q9FJ81	1	41	N-terminal
Q9FPS7	1	172	N-terminal
Q9FPS7	494	695	C-terminal
Q9LHG8	156	219	middle
Q9LN24	292	342	C-terminal
Q9LS88	1	114	N-terminal
Q9LSK7	1	63	N-terminal
Q9LSK7	130	480	C-terminal
Q9LSX2	1	42	N-terminal
Q9LSX2	163	202	middle
Q9LTK3	1	63	N-terminal
Q9LU74	69	330	C-terminal
Q9LUL5	1	127	N-terminal
Q9LW66	1	52	N-terminal
Q9LW66	455	568	C-terminal
Q9LXY4	1	113	N-terminal
Q9LY07	117	153	C-terminal
Q9M0X0	76	318	C-terminal
Q9M1J0	1	56	N-terminal
Q9M8Z5	1	111	N-terminal
Q9M8Z5	452	582	C-terminal
Q9SUB0	69	232	C-terminal
Q9SUS7	1	33	N-terminal
Q9SVW8	115	199	middle
Q9SYA0	772	804	C-terminal
Q9ZQQ7	499	570	middle
Q9ZUS6	1	113	N-terminal
A0A1P8AP46	1	91	IDP
A0A1P8AWS0	343	561	middle
A0A1R7T3H9	1	68	N-terminal
A8MR87	1	101	IDP
B3H5E5	1	53	IDP
B6SFA4	767	818	C-terminal
F4HPK3	173	240	middle
F4I096	316	961	middle
F4I096	1001	1077	middle
F4I096	1371	1538	middle
F4I096	1612	1689	middle
F4IHN6	1	217	N-terminal
F4IHN6	278	714	middle
F4J1S7	246	281	middle
F4J1S7	322	445	C-terminal
F4JNB3	1	123	N-terminal
F4JSB9	1	124	N-terminal
F4K7F6	1	77	N-terminal
F4K7F6	140	198	middle
F4KGA5	1	298	N-terminal
F4KHR6	1	129	N-terminal
F4KHR6	171	223	middle
F4KHR6	267	312	C-terminal
O22252	230	316	middle
O65399	1	41	N-terminal
O81906	1	40	N-terminal
O81906	461	502	middle
O81906	805	849	C-terminal
Q06429	434	488	C-terminal
Q1G3P2	1	120	IDP
Q1PDV6	1	64	N-terminal
Q1PDV6	365	513	C-terminal
Q56XZ1	325	417	middle
Q56Y01	247	289	C-terminal
Q6IMT1	255	290	middle
Q6IMT1	783	820	middle
Q6IMT1	1410	1449	middle
Q6IMT1	1713	1790	middle
Q6IMT1	2223	2384	middle
Q6IMT1	2439	2603	C-terminal
Q6R8G4	155	237	middle
Q84VG7	1	498	N-terminal
Q8GWM5	1	55	N-terminal
Q8GXD6	501	558	C-terminal
Q8GXD8	1	127	N-terminal
Q8GY67	1	162	N-terminal
Q8L783	1	63	N-terminal
Q8RWG3	1	144	N-terminal
Q8RWG3	706	745	C-terminal
Q8S3D5	1	142	N-terminal
Q8S3D5	195	310	C-terminal
Q8VYR0	1	46	N-terminal
Q8VYR0	257	293	C-terminal
Q93VH5	1	50	N-terminal
Q94AT1	1	69	N-terminal
Q94AT1	350	420	C-terminal
Q94K52	1	83	N-terminal
Q9FH00	1	110	IDP
Q9FIL8	1	521	IDP
Q9FL42	42	77	middle
Q9FM63	1	175	IDP
Q9FZA4	70	311	C-terminal
Q9FZH6	1	264	IDP
Q9LQR0	154	190	C-terminal
Q9LV93	1	100	N-terminal
Q9LV93	647	692	C-terminal
Q9LVK6	1	46	N-terminal
Q9LVK6	166	258	middle
Q9LXP9	1	71	IDP
Q9LZ38	1	161	IDP
Q9M092	720	786	C-terminal
Q9M1S4	1	687	N-terminal
Q9SAB3	1	55	N-terminal
Q9SAB3	226	261	middle
Q9SAB3	325	405	C-terminal
Q9SAG2	1	49	N-terminal
Q9SAG2	122	214	C-terminal
Q9SIH2	1	255	IDP
Q9SV11	1	45	N-terminal
Q9SV22	1	75	N-terminal
Q9SZI6	1	307	N-terminal
Q9T0J4	1	47	N-terminal
Q9XGW1	1	127	N-terminal
Q9XGW1	954	988	C-terminal
Q9XIP3	1	134	IDP
A0A1I9LTA1	1	56	N-terminal
A0A1I9LTA1	188	264	middle
A0A1I9LTA1	413	1612	C-terminal
A0A1P8ART1	1	31	N-terminal
A0A1P8BAM9	1	70	N-terminal
B3H656	1	34	IDP
F4HPB7	132	195	C-terminal
F4IBH5	1	55	N-terminal
F4IBH5	94	129	middle
F4IBH5	469	540	middle
F4II36	1	45	N-terminal
F4II36	880	948	middle
F4II36	1140	1179	middle
F4II36	1298	1341	middle
F4II36	1577	1664	C-terminal
F4ISU2	1	164	N-terminal
F4ISU2	1251	1333	C-terminal
F4IX22	684	718	middle
F4J9M5	1	87	N-terminal
F4J9M5	317	393	middle
F4J9M5	934	1102	C-terminal
F4JFH6	1	87	N-terminal
F4JPL7	1	85	N-terminal
F4K733	1	39	N-terminal
F4K733	100	171	middle
F4K733	225	543	middle
F4K733	619	683	middle
F4KC40	168	273	middle
O64512	1	63	N-terminal
O65583	1	44	N-terminal
O81851	1	108	N-terminal
O81851	222	255	middle
O82587	224	285	C-terminal
P43289	1	44	N-terminal
P82620	1	53	N-terminal
P93758	1	155	N-terminal
Q0WUR1	200	258	middle
Q1G3G9	1	101	IDP
Q1PEX8	1	75	IDP
Q29Q81	1	112	IDP
Q3EBZ1	1	136	IDP
Q3ECK2	1	58	N-terminal
Q41906	1	33	N-terminal
Q56YJ8	1	200	N-terminal
Q56YJ8	258	313	middle
Q6E257	1	51	N-terminal
Q6NKN8	1	62	N-terminal
Q6NKN8	132	166	middle
Q6NKN8	327	371	C-terminal
Q8L7E1	1	53	N-terminal
Q8LB72	1	105	N-terminal
Q8LB72	389	447	C-terminal
Q8RWD7	1	52	N-terminal
Q8RWD7	199	281	C-terminal
Q8VYV3	1	158	IDP
Q8W2F3	1	266	N-terminal
Q8W2F3	313	430	C-terminal
Q93Y00	1	155	N-terminal
Q948Q8	308	339	C-terminal
Q94A65	1	57	N-terminal
Q94F88	1	85	N-terminal
Q94F88	234	266	middle
Q94F88	350	380	middle
Q9ASS6	1	85	N-terminal
Q9FJL3	1	35	N-terminal
Q9FL19	81	385	C-terminal
Q9FPR3	1	122	N-terminal
Q9FPR3	297	662	middle
Q9FXF2	379	476	middle
Q9FXF2	613	668	middle
Q9FXF2	972	1021	C-terminal
Q9LET0	1	37	N-terminal
Q9LK19	1	69	N-terminal
Q9LK19	159	240	middle
Q9LM77	98	159	middle
Q9LMX7	1	122	N-terminal
Q9LNC5	1	92	N-terminal
Q9LR91	1	73	N-terminal
Q9M7T0	1	50	N-terminal
Q9M9T9	1	42	N-terminal
Q9SIM1	1	63	IDP
Q9SQY0	207	400	middle
Q9SRQ0	44	80	middle
Q9SRQ0	265	354	C-terminal
Q9SSN9	222	253	middle
Q9SVS3	1	101	N-terminal
Q9SXY1	379	487	C-terminal
Q9SY36	1	82	N-terminal
Q9SYM5	348	381	middle
Q9XGX0	1	331	IDP
Q9ZUE1	1	189	IDP
Q9ZVQ5	1	42	N-terminal
A0A1I9LLK9	1	38	IDP
A0A1P8B3S0	133	217	middle
A0A1P8B3S0	257	374	C-terminal
A0A1P8B4K5	1	46	N-terminal
A0A1P8B5P2	1	73	N-terminal
B3H6M0	1	68	IDP
F4HS08	1	312	N-terminal
F4HVW5	1	69	N-terminal
F4HVW5	188	269	middle
F4I4F2	1	93	N-terminal
F4I4F2	286	337	middle
F4II37	113	171	C-terminal
F4J7M4	1	91	IDP
F4JIB4	1	48	N-terminal
F4K2M8	208	244	middle
O22178	286	443	middle
O22178	598	661	middle
O24408	1	147	N-terminal
O80669	1	141	IDP
P10797	1	58	N-terminal
P39697	1	122	N-terminal
Q2V3K2	1	42	N-terminal
Q38924	1	59	N-terminal
Q39263	1	260	IDP
Q3E8Z9	1	119	IDP
Q5E916	1	74	N-terminal
Q5E916	223	351	middle
Q6IM84	1	62	IDP
Q6NLV7	1	305	IDP
Q6NPL8	1	232	IDP
Q7PC87	1	57	N-terminal
Q7PC87	802	845	middle
Q84M24	1407	1441	middle
Q84VW3	155	204	C-terminal
Q8GZ60	236	487	C-terminal
Q8GZ85	466	498	middle
Q8LCG7	1	48	N-terminal
Q8LCG7	162	199	C-terminal
Q8LEM6	146	315	C-terminal
Q8RWD5	1	216	N-terminal
Q8RWL4	188	237	middle
Q8S8M7	1	156	IDP
Q8VXV0	1	40	N-terminal
Q8VZZ4	826	880	middle
Q9C7G5	1	51	N-terminal
Q9C8D8	1	85	N-terminal
Q9C8D8	192	226	C-terminal
Q9FGE2	1	157	N-terminal
Q9FI98	159	221	middle
Q9FT77	491	683	middle
Q9LIC4	1	58	N-terminal
Q9LJ51	1	161	N-terminal
Q9LJ51	314	463	C-terminal
Q9LUR2	1	40	N-terminal
Q9LX14	1	39	N-terminal
Q9LX14	142	414	C-terminal
Q9M1D5	1	161	N-terminal
Q9M1D5	276	306	C-terminal
Q9M281	1	74	IDP
Q9M9W0	1	97	IDP
Q9SA77	1	32	N-terminal
Q9SIM9	439	475	middle
Q9SIN7	75	105	C-terminal
Q9SLN1	337	543	middle
Q9SLN1	655	723	middle
Q9SLN1	764	898	C-terminal
Q9SR48	1	219	N-terminal
Q9STN0	1	437	IDP
Q9SUC0	1	36	N-terminal
Q9SUN3	1	59	N-terminal
Q9SW80	1	377	N-terminal
Q9SW80	568	698	middle
Q9SZX3	1	69	N-terminal
Q9T0K4	1	33	N-terminal
Q9T0L0	1	429	IDP
Q9ZPV5	1	120	N-terminal
Q9ZPV5	612	764	C-terminal
Q9ZVL0	1	84	N-terminal
A0A178V266	149	193	C-terminal
A0A1P8ASK0	1	81	IDP
B5X565	1	149	N-terminal
B5X565	392	443	middle
B5X565	628	663	C-terminal
F4HWL4	368	401	middle
F4I7N5	311	400	C-terminal
F4I8F9	1	98	N-terminal
F4ICA1	1	130	N-terminal
F4ICA1	522	565	middle
F4KA51	588	620	C-terminal
F4KHP4	460	492	middle
F4KHP4	529	628	middle
F4KHP4	793	948	C-terminal
O48741	1	91	N-terminal
O49681	1	38	N-terminal
O65439	1	55	IDP
O80396	1	75	N-terminal
O80449	1	34	N-terminal
O81755	1	52	N-terminal
O81755	275	338	middle
P0DKB8	1	34	N-terminal
P49967	436	495	C-terminal
P93297	1	59	N-terminal
P93654	1	32	N-terminal
P93654	79	153	middle
P93654	215	268	C-terminal
Q01593	1	244	N-terminal
Q01593	309	561	middle
Q01593	674	720	C-terminal
Q0WP36	1	34	N-terminal
Q0WPT6	1	126	N-terminal
Q0WPT6	275	417	C-terminal
Q0WVV5	1	513	IDP
Q43125	500	681	C-terminal
Q58G57	1	73	N-terminal
Q6DBE3	1	300	N-terminal
Q6NKN2	294	566	C-terminal
Q6NPE9	36	246	C-terminal
Q84TI6	341	470	C-terminal
Q84WI0	1	253	IDP
Q8S8N9	1	254	N-terminal
Q8W032	1	97	N-terminal
Q8W245	1	40	N-terminal
Q8W245	157	194	middle
Q8W489	1	123	N-terminal
Q8W489	256	400	middle
Q8W489	502	532	middle
Q8W489	779	865	C-terminal
Q93YR3	41	122	middle
Q93YR3	242	388	middle
Q9C664	424	674	C-terminal
Q9CAA5	1	41	N-terminal
Q9CAQ5	60	447	middle
Q9CAQ5	506	539	middle
Q9FG05	1	57	N-terminal
Q9FKV6	1	159	N-terminal
Q9FKV6	546	588	C-terminal
Q9FPS3	1	194	N-terminal
Q9FPS3	321	360	middle
Q9FVE6	99	245	C-terminal
Q9FWA6	1	42	N-terminal
Q9FX02	233	306	C-terminal
Q9FX67	58	186	middle
Q9FX67	235	344	C-terminal
Q9FX97	1	91	N-terminal
Q9FY77	1	190	N-terminal
Q9LNR3	1	78	N-terminal
Q9LNR3	270	316	middle
Q9LS96	122	162	middle
Q9LZE0	1	89	IDP
Q9M0J1	1	111	IDP
Q9M4T3	118	203	C-terminal
Q9SAK4	1	37	N-terminal
Q9SF16	526	557	C-terminal
Q9SFF7	68	126	C-terminal
Q9SRD8	1	33	N-terminal
Q9SRD8	127	158	C-terminal
Q9SUI6	1	52	N-terminal
Q9SVD0	1	194	N-terminal
Q9SVD0	464	564	middle
Q9XFM0	1	59	N-terminal
Q9XI07	1	158	N-terminal
Q9XI07	277	330	middle
Q9XI07	450	580	middle
Q9XI07	655	807	C-terminal
A0A178UIE7	111	322	C-terminal
A0A1P8BHB0	1	70	IDP
B3H6K5	1	173	IDP
B3H6Y3	1	57	IDP
F4I2E5	1	43	N-terminal
F4I2Y3	278	422	C-terminal
F4I4P3	1	68	N-terminal
F4I4P3	142	204	middle
F4I4P3	1225	1279	middle
F4I4P3	1322	1365	middle
F4IDS7	907	988	C-terminal
F4IH50	1	119	N-terminal
F4JIP3	1	157	N-terminal
F4K2L3	1	37	N-terminal
F4KDN0	1	129	N-terminal
F4KDN0	255	446	middle
F4KDN0	617	776	middle
F4KIL1	67	105	middle
O22704	1	48	N-terminal
O22752	1	33	N-terminal
O22752	466	542	C-terminal
O65610	1	83	N-terminal
P15459	1	41	N-terminal
Q39138	1	134	IDP
Q4PT02	1	47	N-terminal
Q5S2C4	1	60	N-terminal
Q5S2C4	767	805	middle
Q5S2C4	1288	1425	C-terminal
Q6NQL6	1	91	N-terminal
Q6R3K4	1	65	N-terminal
Q6SZ87	1	172	N-terminal
Q7Y217	1	57	N-terminal
Q84R14	954	1026	middle
Q84R14	1098	1135	middle
Q8GY25	80	206	middle
Q8GYJ7	1	45	N-terminal
Q8H1U5	198	235	middle
Q8H1U5	466	525	middle
Q8H1U5	751	785	middle
Q8L5A1	1	87	N-terminal
Q8L636	1	68	N-terminal
Q8L7T3	1	33	N-terminal
Q8LGA1	1	34	N-terminal
Q8RWB7	1	96	N-terminal
Q94A76	1	45	N-terminal
Q9ASS4	254	286	middle
Q9C6K1	1	47	N-terminal
Q9C6K1	235	590	middle
Q9C8J7	1	256	N-terminal
Q9C8W9	163	324	C-terminal
Q9FJA2	112	258	C-terminal
Q9FJY1	1	54	N-terminal
Q9FLI3	1	134	N-terminal
Q9FWS6	1	90	N-terminal
Q9FX93	1	63	N-terminal
Q9LFU8	1	32	N-terminal
Q9LFU8	89	401	C-terminal
Q9LHF1	1	31	N-terminal
Q9LHF1	396	494	C-terminal
Q9LM83	1	83	N-terminal
Q9LM83	134	197	C-terminal
Q9LSI4	155	303	C-terminal
Q9LTX4	1	75	N-terminal
Q9LVC6	743	923	middle
Q9LXS4	1	771	IDP
Q9LZK5	97	130	middle
Q9LZX8	1	81	N-terminal
Q9LZX8	261	334	middle
Q9LZX8	561	612	middle
Q9LZX8	988	1058	middle
Q9LZX8	1302	1340	middle
Q9M021	646	682	C-terminal
Q9M266	1	44	N-terminal
Q9M2U1	1	61	N-terminal
Q9M2U1	119	323	C-terminal
Q9S713	1	87	N-terminal
Q9SD65	1	187	N-terminal
Q9SD65	288	363	middle
Q9SQY8	152	287	C-terminal
Q9ZNU2	181	320	C-terminal
Q9ZUX8	1	118	N-terminal
A0A1P8B1D7	1	63	IDP
A0A1P8B5V0	1	60	N-terminal
A0A1P8BDX4	1	60	N-terminal
A0A1P8BDX4	789	872	middle
A0A1P8BDX4	1312	1431	C-terminal
C0LGU0	1	31	N-terminal
C0LGU0	223	341	middle
C0LGU0	629	662	C-terminal
F4HZ82	1	125	N-terminal
F4HZ82	228	366	middle
F4HZ82	514	622	middle
F4HZ82	1174	1246	C-terminal
F4HZY1	1	134	N-terminal
F4HZY1	232	363	C-terminal
F4ID16	1	842	N-terminal
F4IQG4	1	43	N-terminal
F4IQG4	96	178	C-terminal
F4JDP4	1	51	IDP
F4JGP4	1	62	N-terminal
F4JTP6	382	471	C-terminal
F4K588	1	68	N-terminal
O23522	1	127	N-terminal
O82413	1	65	N-terminal
P21218	1	84	N-terminal
P93283	1	81	N-terminal
P93283	135	167	C-terminal
P98205	1029	1107	C-terminal
Q0V842	198	299	middle
Q0WPZ7	1	119	N-terminal
Q0WPZ7	222	318	middle
Q0WW26	569	622	middle
Q1G3Y3	1	104	IDP
Q1PDK3	76	203	middle
Q1PFE3	1	244	IDP
Q24JL3	1	35	N-terminal
Q38957	316	360	middle
Q39041	1	97	N-terminal
Q39234	1	101	N-terminal
Q3ECB8	1	42	N-terminal
Q6NQ98	269	354	C-terminal
Q84R10	1	61	N-terminal
Q84R10	147	198	middle
Q8LB01	1	68	N-terminal
Q8LC95	141	186	C-terminal
Q8VYA3	700	769	C-terminal
Q8VYZ8	1	76	N-terminal
Q8VZI2	314	424	C-terminal
Q8W4S4	149	186	middle
Q8W4S4	666	700	middle
Q93Z00	1	489	IDP
Q944H2	1	97	N-terminal
Q948R9	1	77	N-terminal
Q948R9	219	314	C-terminal
Q9C698	1	46	N-terminal
Q9C698	340	395	middle
Q9C698	445	637	middle
Q9C698	733	792	middle
Q9C698	945	1054	C-terminal
Q9FFF4	1	70	N-terminal
Q9FHH5	1	31	N-terminal
Q9FHH5	67	148	C-terminal
Q9FT47	1	139	N-terminal
Q9LEZ3	1	289	N-terminal
Q9LEZ3	348	529	C-terminal
Q9LFD3	1	517	N-terminal
Q9LFD3	578	627	middle
Q9LFJ4	1	67	N-terminal
Q9SEZ9	39	70	middle
Q9SGW6	89	124	C-terminal
Q9SIC8	1	199	IDP
Q9SKG1	1	103	N-terminal
Q9SN13	1	67	N-terminal
Q9STH7	1	70	N-terminal
Q9SU29	1	92	N-terminal
Q9SU94	1	70	N-terminal
Q9SVP4	1	55	N-terminal
Q9ZUI8	341	374	C-terminal
Q9ZV08	1	66	N-terminal
A0A1I9LNZ2	1	61	IDP
A0A1I9LSL0	1	40	N-terminal
A0A1P8AU61	1	81	N-terminal
A0A1P8BCJ7	162	244	middle
A0A1P8BCJ7	304	362	middle
A0A1P8BCJ7	398	1057	C-terminal
B3H5S8	1	31	IDP
F4HV65	1	123	IDP
F4I7D8	1	265	IDP
F4J6I7	343	447	middle
F4J6I7	521	607	C-terminal
F4JNX3	1	56	N-terminal
F4JXC7	1	298	N-terminal
F4K7T4	126	207	C-terminal
O04647	1	74	N-terminal
O49717	1	80	N-terminal
O80460	1	82	IDP
O81472	1	516	N-terminal
O81770	1	138	N-terminal
O82132	1	335	IDP
P42737	1	72	N-terminal
Q1PDI1	1	51	N-terminal
Q38869	461	501	C-terminal
Q3E9Z9	1	35	N-terminal
Q3E9Z9	109	152	C-terminal
Q3ECW2	1	80	N-terminal
Q56WH4	97	306	C-terminal
Q6R8G3	36	78	middle
Q6R8G3	153	223	middle
Q84K90	1	145	N-terminal
Q84LH3	1	86	N-terminal
Q84WV5	1	146	N-terminal
Q8GXS8	1	387	IDP
Q8L443	1	146	IDP
Q8L475	1	49	N-terminal
Q8LA32	1	121	N-terminal
Q8LDD3	1	104	N-terminal
Q8W468	1	50	N-terminal
Q8W468	508	567	C-terminal
Q94C78	1	86	N-terminal
Q9C6L9	1	40	N-terminal
Q9C932	167	317	C-terminal
Q9C9E4	229	371	middle
Q9FE59	1	40	N-terminal
Q9FFM6	1	159	N-terminal
Q9FFX1	1	258	N-terminal
Q9FJS1	1	43	N-terminal
Q9FK78	1	78	N-terminal
Q9LFD2	1	31	N-terminal
Q9LFD2	550	584	C-terminal
Q9LFH4	1	420	N-terminal
Q9LHJ3	1	72	IDP
Q9LMC9	1	33	N-terminal
Q9LMG4	1	58	N-terminal
Q9LMG4	121	746	middle
Q9LMG4	821	1005	C-terminal
Q9LMJ2	83	169	C-terminal
Q9LNJ7	1	67	N-terminal
Q9LNJ7	137	210	middle
Q9LNJ7	281	331	C-terminal
Q9LP21	1	203	N-terminal
Q9LPZ4	1	151	N-terminal
Q9LVQ8	1	56	N-terminal
Q9LW26	1	74	N-terminal
Q9SKR5	1	533	N-terminal
Q9SSG3	646	695	C-terminal
Q9SSW2	1	273	IDP
Q9STF4	105	141	middle
Q9SVX5	88	277	C-terminal
Q9ZPZ4	136	179	C-terminal
Q9ZQC6	1	108	N-terminal
A0A1I9LRM7	1	72	IDP
A0A1P8ASP4	1	423	N-terminal
A0A1P8AY95	173	252	C-terminal
A0A1P8B2G7	70	211	C-terminal
A0A1P8B7I1	1	368	N-terminal
A0A1P8B7I1	469	575	middle
A0A1P8B7I1	975	1139	C-terminal
B3H4P0	1	32	N-terminal
B3H4P0	121	222	middle
B3H659	1	40	IDP
C0LGL9	1	31	N-terminal
F4IMY0	1	82	N-terminal
F4IMY0	213	963	C-terminal
F4J1U4	1	76	N-terminal
F4J1U4	465	504	middle
F4J1U4	879	912	middle
F4JPL2	163	195	middle
F4JPL2	1576	1618	middle
F4JPL2	1992	2073	middle
F4JPL2	3205	3286	middle
F4K366	1	219	IDP
F4K3T5	1	77	N-terminal
F4K4U5	620	826	C-terminal
F4KD19	1	154	IDP
O04921	1	94	N-terminal
O22229	1	80	N-terminal
O49658	1	133	N-terminal
O49658	219	334	C-terminal
O80805	158	279	C-terminal
P46665	1	204	N-terminal
P46665	285	336	C-terminal
P68349	1	35	N-terminal
P68349	79	260	C-terminal
Q1PFS7	1	57	N-terminal
Q42523	1	33	N-terminal
Q56X76	1	106	N-terminal
Q56X76	496	621	C-terminal
Q570X5	148	261	C-terminal
Q66GK1	134	211	middle
Q66GK1	272	513	C-terminal
Q6NPT8	1	36	N-terminal
Q6NPT8	218	336	C-terminal
Q700W2	1	70	N-terminal
Q700W2	139	375	C-terminal
Q7XHI9	1	250	N-terminal
Q84JE7	1	175	IDP
Q84K52	1	40	N-terminal
Q84K52	85	246	C-terminal
Q84TF4	1	53	N-terminal
Q8GXJ4	1	62	N-terminal
Q8GXJ4	886	959	C-terminal
Q8H109	1	69	N-terminal
Q8L7F7	1	537	N-terminal
Q8L817	1	52	N-terminal
Q8LCA1	1	83	N-terminal
Q8RW97	587	785	C-terminal
Q8RXV2	1	97	N-terminal
Q8S9M3	1	431	IDP
Q9C6L1	1	46	N-terminal
Q9C8G3	1	393	N-terminal
Q9C8L6	1	61	N-terminal
Q9C9M1	1	101	N-terminal
Q9C9M1	302	358	C-terminal
Q9CAJ1	95	561	C-terminal
Q9CAQ8	1	37	N-terminal
Q9FF13	1	616	IDP
Q9FH87	1	82	N-terminal
Q9FUY2	125	635	middle
Q9FVW3	1	86	N-terminal
Q9LFP7	1	120	N-terminal
Q9LFP7	443	493	C-terminal
Q9LJ44	86	364	C-terminal
Q9LUS2	1	382	N-terminal
Q9LUS2	679	752	middle
Q9LUS2	791	827	middle
Q9M201	1	101	N-terminal
Q9M2H5	135	183	middle
Q9S7I4	495	664	C-terminal
Q9SB63	1	1412	IDP
Q9SCS2	1	140	N-terminal
Q9SVK9	1	114	IDP
Q9SXA1	182	280	middle
Q9SXA1	696	727	middle
Q9SZL8	1	114	N-terminal
Q9ZPT9	197	245	middle
Q9ZPT9	297	346	C-terminal
A0A1I9LSE1	267	305	C-terminal
A0A1P8ATX8	1	103	N-terminal
A0A1P8BGR8	1	405	N-terminal
A6QR87	103	153	C-terminal
B3H628	1	75	IDP
F4HRV8	109	144	middle
F4HRV8	233	303	middle
F4HRV8	463	596	C-terminal
F4HUN6	1	158	N-terminal
F4JKY6	1	50	N-terminal
O04351	1	253	N-terminal
O64696	1	37	N-terminal
O80517	125	202	C-terminal
P0DI03	1	32	N-terminal
P0DI03	394	433	C-terminal
P31169	1	66	IDP
P82538	1	48	N-terminal
Q1G3T1	1	65	N-terminal
Q1PE70	1	61	N-terminal
Q2V452	276	312	middle
Q6NM17	1	187	N-terminal
Q7XZS3	1	185	N-terminal
Q84TJ0	1	36	N-terminal
Q8GSJ6	1	47	N-terminal
Q8VZK6	1	118	N-terminal
Q8VZK6	197	241	middle
Q8VZP7	99	323	middle
Q94F39	84	167	middle
Q9C5P7	532	599	middle
Q9CA83	1	90	N-terminal
Q9FFK3	1	138	N-terminal
Q9FH18	1	342	N-terminal
Q9FH57	1	251	N-terminal
Q9FH57	292	339	C-terminal
Q9FKU4	1	84	N-terminal
Q9FLE6	1	35	N-terminal
Q9FLE6	332	363	C-terminal
Q9FLJ8	1	32	N-terminal
Q9FLJ8	446	511	middle
Q9FLN7	1	39	N-terminal
Q9FMH6	1	42	N-terminal
Q9FMI8	1	122	N-terminal
Q9FMI8	203	351	middle
Q9FMI8	408	448	C-terminal
Q9FYR7	1	266	N-terminal
Q9LH82	430	510	C-terminal
Q9LMB9	1	31	N-terminal
Q9LQY1	1	99	N-terminal
Q9LSI1	201	279	C-terminal
Q9LYN7	1	205	N-terminal
Q9LYN7	364	726	middle
Q9LYN7	850	907	C-terminal
Q9LYU5	1	370	IDP
Q9M356	1	31	N-terminal
Q9M9M4	1	139	N-terminal
Q9M9M4	182	279	middle
Q9M9M4	726	793	middle
Q9S9Z0	1	31	N-terminal
Q9S9Z0	145	199	middle
Q9SA65	326	599	C-terminal
Q9SBI0	1	82	N-terminal
Q9SBI0	246	276	middle
Q9SI61	1	89	N-terminal
Q9SQU2	1	77	N-terminal
Q9SRV1	1	48	N-terminal
Q9SRV1	384	465	C-terminal
Q9SUH3	1	104	IDP
Q9SX32	45	142	C-terminal
Q9SY60	104	167	middle
Q9SY60	700	769	C-terminal
Q9XIN6	1	101	N-terminal
A0A1I9LNS3	1	36	IDP
A0A1I9LQY5	1	117	IDP
A0A1P8AQP4	40	87	C-terminal
A0A1P8B5W2	1	561	IDP
A0A1P8BAW4	1	84	IDP
B3H4E0	1	66	IDP
B3H532	1	61	IDP
B3H543	1	69	N-terminal
B3H5Q8	1	43	IDP
B3H6P2	1	40	N-terminal
B3H770	1	40	IDP
B3H7J2	1	69	IDP
F4I2X9	1	60	N-terminal
F4I353	1	60	N-terminal
F4K8L2	1	34	N-terminal
F4K8L2	378	439	C-terminal
O22258	1	43	N-terminal
O22815	99	129	middle
O22815	439	501	C-terminal
O23693	101	136	middle
O23693	447	573	C-terminal
O82271	68	419	C-terminal
P0C034	1	126	N-terminal
P61847	1	52	IDP
P92552	1	113	IDP
Q0WN65	1	32	IDP
Q0WVM7	1	108	N-terminal
Q0WVM7	470	748	C-terminal
Q1PES7	109	174	C-terminal
Q38805	1	77	IDP
Q38920	1	39	N-terminal
Q38920	325	375	middle
Q39189	1	91	N-terminal
Q39189	625	671	C-terminal
Q41188	1	203	IDP
Q501F8	336	373	C-terminal
Q5XV99	1	31	N-terminal
Q5XV99	453	514	C-terminal
Q5XVF5	89	233	middle
Q6DYC8	1	49	N-terminal
Q6DYC8	138	191	C-terminal
Q84L09	1	79	N-terminal
Q84TK4	1	101	IDP
Q8GUH1	1	39	N-terminal
Q8GUH1	206	330	middle
Q8GYX2	1	123	N-terminal
Q8H129	1	43	N-terminal
Q8L725	1	71	N-terminal
Q8LB54	175	355	C-terminal
Q8LEE8	1	104	N-terminal
Q8RWE1	1	60	N-terminal
Q8VYR7	412	450	middle
Q8VYR7	599	704	C-terminal
Q8W5R5	1	96	N-terminal
Q8W5R5	503	587	middle
Q8W5R5	819	864	middle
Q8W5R5	922	1005	middle
Q93V43	1	365	IDP
Q94EI3	1	106	N-terminal
Q94EI3	209	245	C-terminal
Q96331	1	71	N-terminal
Q9C500	1	61	N-terminal
Q9C500	142	180	C-terminal
Q9C7A2	1	62	N-terminal
Q9C7A2	556	590	C-terminal
Q9C8J6	1	83	N-terminal
Q9FFI2	154	207	middle
Q9FG09	1	34	N-terminal
Q9FKM0	1	130	IDP
Q9FN50	1	72	N-terminal
Q9FNY3	1	55	N-terminal
Q9FNY3	246	292	C-terminal
Q9FZK5	1	89	N-terminal
Q9FZK5	142	200	C-terminal
Q9LE63	124	345	C-terminal
Q9LET3	210	255	middle
Q9LEZ9	98	242	C-terminal
Q9LK60	99	201	C-terminal
Q9LN16	1	69	N-terminal
Q9LUN9	1	34	N-terminal
Q9LYG8	134	187	middle
Q9LYG8	231	273	C-terminal
Q9LZK4	119	343	C-terminal
Q9M0Z3	1	91	N-terminal
Q9M0Z3	687	776	C-terminal
Q9MAP2	304	361	C-terminal
Q9S7T7	1	32	N-terminal
Q9S7T7	107	513	middle
Q9SF89	1	46	N-terminal
Q9SKI4	109	192	middle
Q9SRR0	1	190	N-terminal
Q9SRR0	255	304	C-terminal
Q9SUS1	1	124	N-terminal
Q9SUS1	180	304	C-terminal
Q9XIL9	379	727	C-terminal
A0A1P8AW49	1	120	IDP
A0A1P8BD96	1	63	IDP
B3H526	1	53	IDP
B3H5R5	1	40	IDP
F4IRR2	895	967	middle
F4IWM0	114	267	middle
F4IWM0	765	818	C-terminal
F4J6J4	1	34	N-terminal
F4J6J4	126	157	middle
F4JWR0	108	138	middle
F4JWR0	197	239	middle
F4JWR0	443	500	C-terminal
F4K2H9	1	273	N-terminal
F4K6C3	1	56	N-terminal
F4KGE0	74	1089	C-terminal
F4KGN4	1	179	N-terminal
F4KI88	1	452	IDP
O65382	39	99	C-terminal
O82172	1	201	IDP
P0DO24	1	151	N-terminal
P0DO24	518	649	C-terminal
P29976	1	74	N-terminal
P42758	1	193	IDP
P49205	80	141	C-terminal
Q0WPW2	1180	1229	C-terminal
Q0WVF5	1	123	N-terminal
Q1PFK2	1	156	N-terminal
Q3EC35	1	35	N-terminal
Q3ECU1	39	99	C-terminal
Q84RD0	1	189	N-terminal
Q84RD0	251	291	C-terminal
Q8L796	1	94	N-terminal
Q8L868	357	426	C-terminal
Q8L8B9	1	52	N-terminal
Q8LA13	1	143	N-terminal
Q8LA13	544	612	C-terminal
Q93VB0	157	224	middle
Q93VB0	326	389	C-terminal
Q93VY3	161	297	C-terminal
Q93WC4	1	160	N-terminal
Q93XM6	1	179	N-terminal
Q93XM6	451	481	C-terminal
Q93Z81	1	52	N-terminal
Q9C9R4	1	128	N-terminal
Q9FFA5	1	80	N-terminal
Q9FIE4	1	219	IDP
Q9FKR2	93	426	C-terminal
Q9FPH4	1	83	N-terminal
Q9FX60	1	40	N-terminal
Q9LFH6	1	77	N-terminal
Q9LPZ1	1	79	N-terminal
Q9LPZ1	195	232	C-terminal
Q9LRP9	422	729	C-terminal
Q9LVG6	1	57	N-terminal
Q9LXJ0	1	107	N-terminal
Q9LXJ0	424	473	C-terminal
Q9MAB2	1	144	IDP
Q9S709	187	296	C-terminal
Q9S847	160	223	C-terminal
Q9SL16	1	127	IDP
Q9SL49	1	185	N-terminal
Q9SL49	426	507	C-terminal
Q9SMT1	124	261	C-terminal
Q9SS69	1	47	N-terminal
Q9SS69	340	378	C-terminal
Q9SUI5	1	130	IDP
A0A178UZR1	1	72	N-terminal
A0A1P8AT86	1	35	N-terminal
A0A1P8BHA2	1	59	N-terminal
A4VCM0	171	434	middle
A8MRG8	219	277	C-terminal
F4I700	1	384	N-terminal
F4I700	562	717	C-terminal
F4J487	256	354	middle
F4JGT4	1	112	IDP
F4JNB2	934	1040	C-terminal
F4JUL3	1	368	IDP
O49289	1	41	N-terminal
O49289	517	845	C-terminal
O49586	187	278	C-terminal
O65631	1	361	N-terminal
O65902	217	319	middle
O80653	1	86	N-terminal
O80653	180	251	middle
O80653	335	613	C-terminal
O80930	1	161	IDP
O82246	1	33	N-terminal
P0C2F5	1	73	N-terminal
P27900	126	228	C-terminal
P34047	1	71	N-terminal
P92565	1	111	IDP
P93314	144	212	middle
Q0WUY1	1	72	N-terminal
Q1PER9	1	129	N-terminal
Q1PFC2	193	332	C-terminal
Q24JK1	119	352	C-terminal
Q3ECH5	1	42	N-terminal
Q4PSE6	377	433	C-terminal
Q5BPR7	72	105	middle
Q5EAH9	1	62	N-terminal
Q5EAH9	143	287	middle
Q5EAI9	1	441	N-terminal
Q6NQ93	1	71	N-terminal
Q7Y1W1	1	65	N-terminal
Q7Y1W1	497	527	C-terminal
Q8GV50	147	191	C-terminal
Q8LE58	137	203	C-terminal
Q8RXP7	1	181	N-terminal
Q8VZE5	1	46	N-terminal
Q8VZE5	121	162	middle
Q8VZE5	320	359	middle
Q8W4H1	49	287	middle
Q8W4H1	392	510	C-terminal
Q93YR5	59	201	middle
Q93YR5	274	320	middle
Q93Z29	1	32	N-terminal
Q93Z29	421	469	middle
Q944R3	1	134	IDP
Q94C32	95	150	middle
Q9C570	1	64	N-terminal
Q9C9C9	1	32	N-terminal
Q9FFS0	1	68	N-terminal
Q9FN91	121	166	middle
Q9FN91	596	634	C-terminal
Q9LHP4	1	48	N-terminal
Q9LHP4	1074	1141	C-terminal
Q9LII1	1	73	N-terminal
Q9LJD8	278	551	middle
Q9LJD8	774	1035	middle
Q9LJX4	1	612	N-terminal
Q9LN63	1	37	N-terminal
Q9LN63	86	335	C-terminal
Q9LSM6	1	82	N-terminal
Q9LXI0	1	72	IDP
Q9LYW2	1	166	IDP
Q9M2Q2	100	132	middle
Q9M314	1	57	N-terminal
Q9M9G0	1	76	N-terminal
Q9S7A9	1	51	N-terminal
Q9S7A9	118	174	C-terminal
Q9SAI7	1	186	N-terminal
Q9SAI7	372	402	middle
Q9SD38	1	312	IDP
Q9SDW0	1	49	N-terminal
Q9SDW0	146	225	middle
Q9SHG7	1	78	N-terminal
Q9SIW5	1	36	N-terminal
Q9T0A3	1	127	N-terminal
Q9XE98	1	31	N-terminal
Q9ZUB7	101	296	middle
Q9ZUB7	370	433	middle
A0A1P8AZV8	1	68	IDP
A0A1P8BED2	1	58	IDP
B3H432	1	66	IDP
B3H712	1	85	IDP
F4I9X7	1	122	IDP
F4IDJ0	1	185	N-terminal
F4IDJ0	391	449	middle
F4IDJ0	664	830	C-terminal
F4IGH3	172	213	middle
F4IKX0	1	551	N-terminal
F4IKX0	1066	1108	C-terminal
F4ITB8	1	86	N-terminal
F4ITB8	126	439	C-terminal
F4JFA0	1	39	N-terminal
F4JFA0	1019	1111	middle
F4JFA0	1230	1267	middle
O24646	1	93	N-terminal
O80639	1	45	N-terminal
O82279	1	204	N-terminal
O82350	1	50	N-terminal
P0DO45	1	55	IDP
P30185	1	186	IDP
Q05753	1	104	N-terminal
Q05753	169	204	middle
Q0V7V4	1	125	N-terminal
Q0V7V4	340	382	C-terminal
Q0WQM7	1	33	N-terminal
Q0WQM7	129	204	middle
Q0WVM4	582	634	C-terminal
Q2V3R5	1	88	IDP
Q38874	1	124	N-terminal
Q38874	218	257	middle
Q3EB12	1	93	N-terminal
Q3EBC0	1	53	IDP
Q56YT7	1	94	N-terminal
Q6DBH4	1	80	N-terminal
Q6ICY4	1	73	N-terminal
Q6NMZ5	1	57	N-terminal
Q710E8	1	164	N-terminal
Q710E8	341	408	middle
Q8GXK5	1	32	N-terminal
Q8RWG2	1	164	N-terminal
Q8RWG2	575	652	C-terminal
Q8VY09	1	79	N-terminal
Q8W472	1	71	IDP
Q93Y08	1	163	N-terminal
Q93Z24	1	47	N-terminal
Q94C74	1	41	N-terminal
Q96301	1	41	N-terminal
Q96301	865	914	C-terminal
Q9C9M6	145	196	C-terminal
Q9C9N3	1	75	N-terminal
Q9C9N3	132	211	middle
Q9CAG3	1	78	N-terminal
Q9CAG3	886	917	C-terminal
Q9FFA9	1	247	N-terminal
Q9FFA9	292	324	C-terminal
Q9FHI9	410	454	middle
Q9FLQ0	1	97	N-terminal
Q9FS16	1	431	IDP
Q9FXT6	1	214	N-terminal
Q9FXT6	265	507	C-terminal
Q9LF24	37	343	middle
Q9LF24	382	720	middle
Q9LFU7	1	178	N-terminal
Q9LJ85	114	203	C-terminal
Q9LTG0	1	79	N-terminal
Q9LTK0	1	191	IDP
Q9LYH6	1	64	N-terminal
Q9M297	252	549	middle
Q9M297	611	664	middle
Q9M8L3	1	177	IDP
Q9SFF8	315	422	C-terminal
Q9SMR4	174	214	C-terminal
Q9SN52	1	39	N-terminal
Q9SN52	129	191	C-terminal
Q9XEA1	735	772	C-terminal
A0A1P8AYT1	1	107	N-terminal
A0A1P8AZP5	1	88	IDP
A7REH2	1	76	IDP
A8MR21	103	215	middle
B3H594	1	49	N-terminal
C0Z361	1	58	N-terminal
C6KIE6	1	211	N-terminal
C6KIE6	625	660	middle
F4HWD5	323	400	C-terminal
F4I313	625	913	C-terminal
F4ILR7	1	42	N-terminal
F4ILR7	133	198	middle
F4IRV7	188	262	C-terminal
F4J6A8	1	96	N-terminal
F4J6A8	296	357	middle
F4J6A8	415	468	middle
F4J6A8	520	593	middle
F4J7B7	307	456	C-terminal
F4JV80	1	63	N-terminal
F4K2G3	1	61	N-terminal
F4K2G3	501	592	middle
F4K5V9	1	94	N-terminal
F4K784	387	444	C-terminal
O22173	1	41	N-terminal
O22173	420	588	middle
O22173	630	662	C-terminal
O22783	105	602	C-terminal
O22899	1	44	N-terminal
O49595	1	178	IDP
O65482	358	391	middle
O65482	453	491	middle
P49691	1	203	N-terminal
P49691	297	327	middle
Q2V3K4	1	44	N-terminal
Q38836	192	230	C-terminal
Q3E7F0	1	37	N-terminal
Q3E7F0	184	255	C-terminal
Q3E9E9	1	51	N-terminal
Q3E9E9	443	620	middle
Q42191	1	128	N-terminal
Q42191	357	429	C-terminal
Q56YI8	1	46	IDP
Q5BPK0	1	38	N-terminal
Q6IDD0	1	51	IDP
Q6NMD9	1	134	IDP
Q6NNK6	1	138	IDP
Q84WU9	238	301	middle
Q8LAF3	1	55	N-terminal
Q8RWB1	172	393	C-terminal
Q8VY81	1	35	N-terminal
Q93WV7	1	85	N-terminal
Q93WV7	178	254	C-terminal
Q9C598	169	283	C-terminal
Q9CA51	1	36	N-terminal
Q9FG72	1	42	N-terminal
Q9FGD1	1	149	N-terminal
Q9FGI3	1	141	N-terminal
Q9FM96	1	46	N-terminal
Q9FM96	207	453	middle
Q9FMX0	1	45	N-terminal
Q9FZD6	1	123	N-terminal
Q9LES3	1	297	IDP
Q9LPC1	1	78	N-terminal
Q9LS42	1	77	N-terminal
Q9LS42	476	508	middle
Q9LV71	1	142	IDP
Q9LYM0	1	67	N-terminal
Q9LZ17	81	141	C-terminal
Q9M1Q4	187	485	middle
Q9M313	59	96	middle
Q9M313	179	212	C-terminal
Q9S851	198	334	C-terminal
Q9SH59	1	62	N-terminal
Q9SIS3	497	608	C-terminal
Q9SJR0	72	184	C-terminal
Q9SKB5	1	113	IDP
Q9SNB5	1	74	N-terminal
Q9SND4	1	133	N-terminal
Q9SND4	184	231	C-terminal
Q9SUK8	1	47	N-terminal
Q9SUK8	109	179	C-terminal
Q9ZQ33	1	120	N-terminal
Q9ZQX6	1	50	N-terminal
Q9ZSS6	1	61	N-terminal
A0A1I9LNI3	177	237	C-terminal
A0A1P8AVS2	1	104	N-terminal
A0A1P8B758	1	82	IDP
A0A1P8BEK3	127	662	C-terminal
A0A1P8BGB5	134	256	C-terminal
B3H692	1	127	N-terminal
B3H6Z9	1	40	IDP
B3H7D5	1	60	IDP
F4I1M8	305	351	C-terminal
F4I8I0	1	193	N-terminal
F4I8I0	363	432	middle
F4I9P7	1	209	N-terminal
F4I9P7	320	582	C-terminal
F4JAP8	185	383	C-terminal
F4JZ24	1	69	N-terminal
O22207	60	103	middle
O22207	246	319	middle
O22207	599	721	middle
O64882	1	67	N-terminal
O64886	1	77	N-terminal
O64886	385	431	C-terminal
P16128	1	701	N-terminal
P48732	239	291	middle
P48732	451	543	C-terminal
Q1G3Y0	1	128	IDP
Q38961	1	145	N-terminal
Q3ECQ1	1	120	IDP
Q5BPE9	1	424	IDP
Q5RJC7	1	187	N-terminal
Q5RJC7	414	520	C-terminal
Q67XL4	1	108	N-terminal
Q67XL4	320	444	C-terminal
Q6NPN4	336	423	C-terminal
Q6X7K1	96	260	C-terminal
Q84TH2	122	201	middle
Q84TH2	360	558	C-terminal
Q84VP9	242	312	C-terminal
Q84W43	1	35	N-terminal
Q8GUJ0	1	40	N-terminal
Q8GUJ0	460	608	C-terminal
Q8GYU5	1	126	N-terminal
Q8GYU5	331	425	C-terminal
Q8L9Y0	1	36	N-terminal
Q8LJW1	403	449	C-terminal
Q8VYF9	692	802	C-terminal
Q8W4M5	1	39	N-terminal
Q8W5R2	123	155	middle
Q8W5R2	468	663	middle
Q8W5R2	869	933	C-terminal
Q94AV6	1	40	N-terminal
Q9C585	231	261	middle
Q9C585	611	655	middle
Q9C5D0	1	81	N-terminal
Q9C702	112	169	middle
Q9C702	716	785	C-terminal
Q9CAX8	1	55	N-terminal
Q9CAX8	320	435	C-terminal
Q9FGG8	1	107	N-terminal
Q9FNX8	1	92	N-terminal
Q9FX35	1	83	N-terminal
Q9FXI2	1	40	N-terminal
Q9LRZ5	124	168	middle
Q9LRZ5	593	743	middle
Q9LS71	1	105	N-terminal
Q9LSP0	1	37	N-terminal
Q9LTJ1	1	82	N-terminal
Q9LVI6	237	337	middle
Q9LW11	1	54	N-terminal
Q9LZA4	1	63	N-terminal
Q9M031	60	101	middle
Q9SAH2	1	78	N-terminal
Q9SHT9	152	386	middle
Q9SIJ6	1	40	N-terminal
Q9SJD5	1	31	N-terminal
Q9SK69	1	163	N-terminal
Q9SK69	526	583	middle
Q9SKA8	1	35	N-terminal
Q9SKA8	113	290	middle
Q9SKA8	427	488	middle
Q9SN06	1	73	N-terminal
Q9SSC1	1	138	IDP
Q9SUT4	1	174	N-terminal
Q9SUT4	361	519	middle
Q9SUT4	682	823	middle
Q9SUT4	1373	1404	middle
Q9SUT6	82	329	C-terminal
Q9SVM0	1	113	N-terminal
Q9XI67	38	88	middle
Q9ZVT3	1	220	IDP
A0A1I9LLX9	1	74	IDP
A0A1I9LPX1	1	45	N-terminal
A0A1I9LPX1	95	352	middle
A0A1I9LST5	1	42	IDP
A0A1P8BA64	1	57	IDP
A8MR71	1	40	N-terminal
B3H6V7	1	61	IDP
F4I1S7	536	578	middle
F4I8W1	269	408	middle
F4IE65	1	178	N-terminal
F4K080	55	191	C-terminal
F4KA42	1	134	N-terminal
F4KA42	283	450	middle
F4KA42	725	846	middle
F4KCH3	1	80	IDP
O48700	220	273	middle
O48700	359	418	middle
O48700	696	771	C-terminal
O65628	1	50	N-terminal
P56785	102	159	middle
P56785	200	754	middle
P56785	928	1786	C-terminal
Q38897	1	266	N-terminal
Q38897	472	611	C-terminal
Q5YDB6	417	731	middle
Q5YDB6	790	967	C-terminal
Q6DBN5	69	184	middle
Q6Q4D0	483	741	middle
Q6Q4D0	1151	1235	middle
Q7XA65	1	45	N-terminal
Q8GX26	1	160	N-terminal
Q8GX26	312	371	C-terminal
Q8L5R3	342	388	middle
Q8L7K9	1	40	N-terminal
Q8L7V3	1	293	N-terminal
Q8LDU1	1	65	N-terminal
Q8LGE4	1	102	IDP
Q8RWM4	1	32	N-terminal
Q8W4I7	1	41	N-terminal
Q94AQ9	1	55	N-terminal
Q94AQ9	228	260	C-terminal
Q9C5P0	1	244	N-terminal
Q9C8X4	1	70	N-terminal
Q9FJV7	1	77	N-terminal
Q9FLV4	842	872	C-terminal
Q9FMR1	1	85	N-terminal
Q9FMR1	348	466	C-terminal
Q9FXI5	1	207	N-terminal
Q9FXI5	278	794	C-terminal
Q9LM20	1	192	N-terminal
Q9LUJ2	1	45	N-terminal
Q9LV56	1	149	IDP
Q9LVB0	1	122	N-terminal
Q9LVB0	232	404	C-terminal
Q9M0T4	189	274	C-terminal
Q9M1L8	1	110	N-terminal
Q9M1L8	198	312	C-terminal
Q9M9F5	1	151	N-terminal
Q9SIJ0	1	270	IDP
Q9SK61	178	339	C-terminal
Q9SKG5	1	35	N-terminal
Q9SKG5	199	270	middle
Q9SKN5	89	134	middle
Q9SKN5	214	258	middle
Q9SKN5	391	530	middle
Q9SRR8	1	40	N-terminal
Q9SU40	556	587	C-terminal
Q9SUB3	1	49	N-terminal
Q9SUB3	237	275	C-terminal
Q9SV96	463	563	C-terminal
Q9SVF1	1	90	N-terminal
Q9SVF1	446	682	middle
Q9ZPX0	1	90	N-terminal
Q9ZPX0	131	208	C-terminal
A0A1P8AQP2	1	69	IDP
A0A1P8AZ67	1	34	IDP
A0A1P8B1Y5	1	114	N-terminal
A0A1P8B6X4	1	210	IDP
B3H4F1	1	113	IDP
B9DGG8	1	132	IDP
F4HW65	1	426	N-terminal
F4HW65	772	865	middle
F4HW65	957	1116	C-terminal
F4I2H7	1	637	N-terminal
F4I2H7	696	790	C-terminal
F4IGQ2	121	193	middle
F4IGQ2	717	812	middle
F4J1H2	1	91	N-terminal
F4J359	1	94	N-terminal
F4J359	1195	1240	C-terminal
F4JCN4	1	145	N-terminal
F4JCQ8	1	31	N-terminal
F4JCQ8	77	181	middle
F4JCQ8	223	352	C-terminal
F4JKV3	1	84	N-terminal
F4K2A1	1	50	N-terminal
F4K3N8	1	78	IDP
O23369	1	102	IDP
O65506	1	54	N-terminal
O82199	1	69	N-terminal
O82199	189	359	C-terminal
O82241	1	72	IDP
P33207	1	69	N-terminal
P43295	1	52	N-terminal
P51420	87	119	C-terminal
P55217	1	141	N-terminal
P56756	195	225	C-terminal
Q1G3M8	1	90	IDP
Q1H5E9	1	73	N-terminal
Q1H5E9	312	355	middle
Q1PFA4	179	386	C-terminal
Q56W16	1	105	N-terminal
Q56W16	236	269	C-terminal
Q56YJ7	1	34	N-terminal
Q7X9H2	146	345	C-terminal
Q8RWV8	99	322	middle
Q8VYM6	1	190	N-terminal
Q8VYM6	550	671	C-terminal
Q8VZE4	1	52	N-terminal
Q8VZE4	506	588	middle
Q8VZQ8	1	92	N-terminal
Q93ZW3	271	479	C-terminal
Q94C65	1	167	N-terminal
Q94JM4	1	93	N-terminal
Q9C553	71	119	middle
Q9C553	440	547	middle
Q9C5W9	342	498	middle
Q9FGB8	1	69	N-terminal
Q9FHB8	1	37	N-terminal
Q9FIH3	1	59	N-terminal
Q9FK57	1	185	N-terminal
Q9FND6	1	32	N-terminal
Q9FPE8	56	213	middle
Q9FPE8	263	344	C-terminal
Q9FXI7	1	35	N-terminal
Q9LJ53	1	85	N-terminal
Q9LJT8	171	222	C-terminal
Q9LMK4	61	133	middle
Q9LMT9	402	437	middle
Q9LN71	1	89	N-terminal
Q9LN71	157	211	middle
Q9LN71	312	345	middle
Q9LUR8	1	36	N-terminal
Q9LY87	1	91	N-terminal
Q9LY87	370	423	middle
Q9M1U3	1	91	IDP
Q9MAT6	212	282	middle
Q9MAT6	328	448	C-terminal
Q9S9M1	1	43	N-terminal
Q9S9M1	390	422	middle
Q9S9M1	700	731	C-terminal
Q9S9T1	1	87	IDP
Q9SN28	1	89	N-terminal
Q9SN28	160	236	C-terminal
Q9SR10	1	159	IDP
Q9SXE7	1	212	N-terminal
Q9T0D0	1	101	N-terminal
Q9ZT17	1	139	IDP
Q9ZUU9	1	139	N-terminal
A0A1P8AN57	1	37	IDP
A0A1P8B0B7	1	104	N-terminal
A0A1P8B0B7	164	597	C-terminal
A0A1P8B2N5	1	503	N-terminal
A0A1P8B3D3	122	254	C-terminal
A0A1P8B449	1	142	IDP
A2RVP7	1	35	N-terminal
A8MS41	1	35	N-terminal
A8MS41	330	417	C-terminal
B5TYT3	724	771	C-terminal
C0LGW2	532	568	middle
D2WL32	1	70	N-terminal
F4IMA4	77	116	C-terminal
F4INA9	1	57	N-terminal
F4INA9	120	237	middle
F4JP95	1	92	N-terminal
F4K0G5	1	330	N-terminal
F4K0G5	368	410	middle
F4K0G5	656	691	C-terminal
F4KFT7	1	60	N-terminal
O22558	98	176	middle
O23564	1	72	N-terminal
O23660	1	204	IDP
O48776	1	77	IDP
O49741	1	264	IDP
O80961	455	576	C-terminal
O81806	158	202	C-terminal
Q1PEX3	186	218	C-terminal
Q2V342	1	35	N-terminal
Q39028	148	273	C-terminal
Q42583	1	84	N-terminal
Q4V3E2	1	43	N-terminal
Q4V3E2	122	165	middle
Q6GKU7	1	158	N-terminal
Q6GKU7	256	295	middle
Q84JU4	164	257	C-terminal
Q8L7D0	1	115	IDP
Q8LCT3	1	98	N-terminal
Q8LPK6	165	251	middle
Q8RWU7	1	224	N-terminal
Q8S8K6	1	33	N-terminal
Q8VY10	1	32	N-terminal
Q8VY10	477	632	middle
Q8VY10	860	907	C-terminal
Q93Z27	1	130	N-terminal
Q940D0	158	240	middle
Q940D0	298	690	C-terminal
Q94AV5	1	332	N-terminal
Q9C5N3	1	97	N-terminal
Q9C951	1	94	N-terminal
Q9C951	403	600	middle
Q9C951	707	758	middle
Q9FGE8	173	212	C-terminal
Q9FKL2	123	333	C-terminal
Q9FKN0	1	164	N-terminal
Q9FVJ3	95	168	middle
Q9LFS4	228	292	middle
Q9LFS4	588	638	C-terminal
Q9LJ40	64	158	C-terminal
Q9LK08	1	42	N-terminal
Q9LMJ1	789	829	C-terminal
Q9LPC4	1	72	N-terminal
Q9LS60	1	274	IDP
Q9LV43	1	102	N-terminal
Q9MAS9	1	200	IDP
Q9SAK9	1	126	IDP
Q9SE51	1	75	N-terminal
Q9SFE3	1	71	N-terminal
Q9SII0	1	35	N-terminal
Q9SJ21	1	112	IDP
Q9SR12	1	45	N-terminal
Q9SR12	100	164	C-terminal
Q9SRZ7	131	254	middle
Q9SRZ7	713	799	middle
Q9SRZ7	855	958	middle
Q9STS0	1	77	IDP
Q9ZU91	449	501	C-terminal
A0A1P8B1A2	1	67	N-terminal
A0A1P8B5M9	1	86	IDP
A0A1P8B9S9	398	432	middle
A0A1P8B9S9	558	671	middle
A0A1P8B9S9	804	1163	C-terminal
A0A1P8BG67	1	81	N-terminal
A0A1P8BG67	176	263	middle
A0A1P8BG67	789	915	middle
A8MRF9	1	48	N-terminal
B3H4N9	152	316	C-terminal
B3H6R4	1	93	N-terminal
F4IT95	1	310	IDP
F4IXL3	1	34	N-terminal
F4IXX3	143	242	middle
F4IXX3	751	805	middle
F4J631	1	53	N-terminal
F4J631	313	356	middle
F4J8S5	222	273	C-terminal
F4JR57	392	562	C-terminal
F4JRP8	1	242	N-terminal
F4JRP8	589	640	middle
F4JRP8	743	857	C-terminal
F4JZV1	1	50	IDP
F4K8J5	1	63	IDP
O04722	1	59	N-terminal
O50062	1	114	N-terminal
O50062	187	247	middle
O50062	303	423	middle
O50062	473	522	middle
O64896	1	88	N-terminal
O80917	1	244	IDP
O81728	159	240	C-terminal
O81788	1	35	N-terminal
O81788	153	268	C-terminal
P0DKL6	812	852	middle
P59469	78	141	C-terminal
P93832	1	40	N-terminal
Q01909	1	52	N-terminal
Q0WT31	1	235	N-terminal
Q3E9C0	1	65	N-terminal
Q56YN3	1	38	N-terminal
Q56YN3	105	205	middle
Q5XVI1	304	560	C-terminal
Q6S592	1	207	IDP
Q8L7Q7	1	87	N-terminal
Q8L840	1	300	N-terminal
Q8L840	338	431	middle
Q8L840	981	1019	middle
Q8L840	1098	1188	C-terminal
Q8L8C2	192	281	C-terminal
Q8LD39	121	160	C-terminal
Q8VYI2	1	121	N-terminal
Q8VYI2	165	235	C-terminal
Q93VG5	1	31	N-terminal
Q93VG5	123	160	middle
Q93Z20	1	51	N-terminal
Q944J2	1	42	N-terminal
Q9C572	1	35	N-terminal
Q9C6J6	1	47	N-terminal
Q9C6J6	467	710	middle
Q9C863	1	249	N-terminal
Q9C8B9	1	302	IDP
Q9C8F1	144	293	middle
Q9CAZ7	1	42	N-terminal
Q9FG75	1	53	N-terminal
Q9FG75	278	373	middle
Q9FI79	1	205	IDP
Q9FIU7	1	31	N-terminal
Q9FKF6	189	219	C-terminal
Q9FKS5	1	66	N-terminal
Q9FMX2	1	50	N-terminal
Q9FMX2	91	250	C-terminal
Q9FNC7	59	262	middle
Q9LSS3	1	35	N-terminal
Q9M0E5	340	378	middle
Q9M0E5	825	1078	middle
Q9M0E5	1341	1380	middle
Q9M0X8	1	166	N-terminal
Q9M0X8	219	298	C-terminal
Q9MA24	1	79	N-terminal
Q9S9U2	1	37	N-terminal
Q9S9U2	143	187	C-terminal
Q9SIR8	1	155	IDP
Q9ZQA3	1	66	N-terminal
A0A1I9LSN5	137	202	middle
A0A1P8ATA8	1	41	IDP
A0A1P8AYD3	1	66	IDP
A0A1P8B754	1	98	IDP
A0A1P8BAK9	317	510	C-terminal
A8MQR1	1	50	N-terminal
A8MQR1	137	364	C-terminal
A8MR15	1	61	IDP
A9LNK9	1	59	N-terminal
A9LNK9	169	234	middle
A9LNK9	392	631	C-terminal
B3H6F7	1	55	IDP
F4I5S3	1	115	N-terminal
F4I5S3	275	327	middle
F4I5S3	834	943	C-terminal
F4IR19	115	286	C-terminal
F4J3R7	1	95	N-terminal
F4J3R7	417	474	middle
F4J3R7	647	684	C-terminal
F4JNS8	200	466	C-terminal
F4JS86	1	211	N-terminal
O23403	1	102	N-terminal
O49596	1	144	IDP
O64668	215	359	middle
O80963	450	494	middle
O81039	1	64	N-terminal
P0DI04	1	32	N-terminal
P0DI04	394	433	C-terminal
P42732	1	43	N-terminal
P42738	1	78	N-terminal
Q0WQW5	1	49	N-terminal
Q0WVK7	1	50	N-terminal
Q1G2Y5	113	205	C-terminal
Q2V3J8	1	50	N-terminal
Q3EC77	1	59	N-terminal
Q501G6	1	143	N-terminal
Q5BQ07	1	67	N-terminal
Q6DBP6	1	37	N-terminal
Q6DR18	1	48	N-terminal
Q6PV67	1	108	N-terminal
Q8GWB1	1	42	N-terminal
Q8GWB1	287	366	middle
Q8GYJ0	1	238	IDP
Q8LB47	1	141	N-terminal
Q8LF05	238	304	C-terminal
Q8W110	596	639	middle
Q93ZS6	162	205	middle
Q93ZS6	530	596	middle
Q940B8	1	226	N-terminal
Q940B8	522	704	middle
Q9C5Q2	1	186	N-terminal
Q9C6M0	1	84	N-terminal
Q9C8C3	1	45	N-terminal
Q9C9W8	1	31	N-terminal
Q9CAI4	1	87	IDP
Q9CAT4	259	330	middle
Q9CAT4	429	506	middle
Q9CAT4	618	779	C-terminal
Q9FIP1	300	375	C-terminal
Q9FLD7	1	91	N-terminal
Q9FMT8	271	315	middle
Q9FMW3	1	135	N-terminal
Q9FMW3	505	559	C-terminal
Q9FX84	111	333	C-terminal
Q9LMX9	1	31	N-terminal
Q9LY14	1	38	N-terminal
Q9LY50	1	33	N-terminal
Q9LY50	358	486	middle
Q9LZ23	1	101	N-terminal
Q9LZM4	308	354	middle
Q9M125	1	114	N-terminal
Q9M1Q0	271	578	middle
Q9M1Q0	641	812	C-terminal
Q9M389	278	323	C-terminal
Q9M9A5	1	93	N-terminal
Q9SD87	1	889	N-terminal
Q9SD87	1058	1097	C-terminal
Q9SF45	1	39	N-terminal
Q9SHS7	1	139	N-terminal
Q9SHS7	445	597	middle
Q9SHS7	959	1006	C-terminal
Q9SI75	1	89	N-terminal
Q9SLG3	1	47	N-terminal
Q9SS89	1	47	N-terminal
Q9SVH8	1	138	IDP
Q9T0G7	1	188	N-terminal
Q9XI33	56	199	C-terminal
Q9ZUJ2	108	173	C-terminal
A0A1I9LQ26	1	115	IDP
B0F9L7	1	315	N-terminal
B3H681	1	48	IDP
F4HV54	1	95	N-terminal
F4IDC8	636	694	middle
F4IGZ2	392	531	middle
F4IGZ2	682	792	middle
F4IK16	96	157	middle
F4IK16	217	289	C-terminal
F4IQ44	1	34	N-terminal
F4IQ44	152	213	C-terminal
F4JA74	1	182	IDP
F4JG55	1	105	N-terminal
F4JW79	1	111	N-terminal
F4JW79	385	436	middle
F4JW79	560	609	middle
F4JW79	658	1493	C-terminal
O04244	130	314	C-terminal
O80942	1	304	IDP
O82266	1	38	N-terminal
O82266	331	396	middle
P0CE10	1	93	N-terminal
P30183	1	160	N-terminal
P30183	390	428	C-terminal
P92537	1	106	IDP
Q1PF47	1	215	N-terminal
Q1PF47	265	301	C-terminal
Q33884	1	33	N-terminal
Q38830	1	115	N-terminal
Q7X9H5	160	284	middle
Q84VW5	76	151	C-terminal
Q84WJ0	622	654	middle
Q84WS0	1	42	N-terminal
Q84WZ4	1	151	IDP
Q8GTS1	1	100	N-terminal
Q8GWL6	1	69	IDP
Q8H166	1	34	N-terminal
Q8L626	1	115	N-terminal
Q8L626	533	675	C-terminal
Q8L7S0	1	236	N-terminal
Q8L7S0	638	931	C-terminal
Q8L844	1	115	N-terminal
Q8RWC8	1	268	IDP
Q8VYQ7	275	474	middle
Q8VYU6	1	65	N-terminal
Q8VYU6	110	198	middle
Q8VYU6	312	358	middle
Q8VYU6	612	725	C-terminal
Q8VZW6	1	67	N-terminal
Q9ATY5	127	285	middle
Q9ATY5	344	894	middle
Q9ATY5	1055	1093	middle
Q9ATY5	1203	1479	C-terminal
Q9C976	212	365	middle
Q9CA85	1	33	N-terminal
Q9FJZ0	1	109	IDP
Q9FJZ5	111	252	C-terminal
Q9FT92	319	486	middle
Q9FZ36	1	65	N-terminal
Q9FZ36	319	651	C-terminal
Q9FZ45	1	207	N-terminal
Q9LM14	263	314	C-terminal
Q9LRV8	1	33	N-terminal
Q9LSX4	296	480	C-terminal
Q9LU63	1	69	N-terminal
Q9LZ18	1	54	IDP
Q9S9T6	114	164	C-terminal
Q9SAJ8	1	79	N-terminal
Q9SII5	1	43	N-terminal
Q9SKK5	1	182	N-terminal
Q9SKK5	604	671	C-terminal
Q9SR70	1	91	N-terminal
Q9SZR0	1	60	N-terminal
Q9XIG1	1	85	N-terminal
Q9XIG1	577	615	C-terminal
Q9ZPW0	1	82	IDP
Q9ZV33	1	89	N-terminal
Q9ZV33	138	340	C-terminal
A0A1P8APZ3	1	96	IDP
A5PHT0	349	498	C-terminal
B3H495	1	37	IDP
B3H6N4	1	71	N-terminal
B3H6N4	134	347	C-terminal
B3H774	1	41	IDP
F4I7L1	1	128	N-terminal
F4I7L1	180	233	middle
F4JA81	1	53	N-terminal
F4JA81	229	358	C-terminal
F4JYC8	1	36	N-terminal
F4JYC8	113	188	middle
F4JYC8	342	412	middle
F4JYC8	565	602	middle
F4JYC8	828	923	middle
F4JYC8	1131	1204	middle
F4JYC8	1302	1494	middle
F4K5E2	1	62	N-terminal
F4K5E2	232	366	middle
F4K5E2	426	954	C-terminal
F4KAI4	1	575	IDP
F4KF77	1	250	N-terminal
O23018	1	212	IDP
O23217	239	294	C-terminal
O65717	1	85	N-terminal
O65717	680	716	C-terminal
P82266	849	884	middle
P82266	937	1009	C-terminal
P82717	1	43	N-terminal
Q0WRX3	1	70	N-terminal
Q3ED78	1	209	N-terminal
Q3ED78	367	470	C-terminal
Q3EDG6	1	144	IDP
Q4VP10	1	48	N-terminal
Q56YG8	1	75	IDP
Q6NKV4	1	31	N-terminal
Q6NM33	1	263	IDP
Q6NNI3	149	190	C-terminal
Q84VG8	1	91	IDP
Q8L7M3	85	170	middle
Q8L7T6	1	112	N-terminal
Q8L7T6	173	304	middle
Q8L7T6	614	708	C-terminal
Q8LE52	1	43	N-terminal
Q8RWZ7	153	190	middle
Q8VY91	1	103	N-terminal
Q8VZ87	1	51	N-terminal
Q93ZE9	1	53	N-terminal
Q93ZE9	348	458	middle
Q940Y6	1	116	N-terminal
Q9C7S5	704	773	middle
Q9CA71	1	99	N-terminal
Q9FE67	84	132	middle
Q9FHW2	1	91	N-terminal
Q9FJR9	1	70	N-terminal
Q9FJR9	700	735	C-terminal
Q9FLR3	182	329	C-terminal
Q9FN84	1	33	N-terminal
Q9FNE8	1	113	N-terminal
Q9FYK0	449	529	middle
Q9FYK0	837	886	C-terminal
Q9FZG0	1	64	IDP
Q9LDN6	273	602	middle
Q9LDN6	656	690	C-terminal
Q9LK52	1	137	N-terminal
Q9LNB9	126	206	C-terminal
Q9LNH5	311	367	C-terminal
Q9LSJ2	587	647	middle
Q9LTJ2	1	154	IDP
Q9LU86	1	77	N-terminal
Q9LUM4	1	379	IDP
Q9LVV4	192	222	C-terminal
Q9LYP1	1	47	N-terminal
Q9M034	70	164	middle
Q9M2S5	289	334	C-terminal
Q9S812	100	140	C-terminal
Q9SIE1	1	74	N-terminal
Q9SJV8	1	35	N-terminal
Q9SUW0	1	41	N-terminal
Q9SZG2	1	148	IDP
Q9XI08	1	217	IDP
Q9ZPY4	1	263	N-terminal
Q9ZPY4	332	397	C-terminal
Q9ZVR5	1	96	N-terminal
A0A1P8ATN7	1	74	N-terminal
A8MR08	1	137	IDP
B3H4F2	1	87	IDP
B3H5Z0	1	53	IDP
B3H7G5	1	73	IDP
B9UY99	299	347	middle
B9UY99	390	440	C-terminal
C0LGG6	470	557	middle
C0LGP4	627	715	middle
C0LGR6	534	619	middle
C0LGR6	860	913	C-terminal
F4I0N3	110	193	C-terminal
F4IJZ6	1	90	N-terminal
F4IRI1	714	804	C-terminal
F4JKD1	1	157	IDP
F4K3U7	307	486	C-terminal
F4K740	249	573	middle
F4K740	680	746	middle
F4KAC4	1	500	N-terminal
F4KAC4	571	612	middle
O04587	1	153	IDP
O22693	304	334	C-terminal
O23129	1	84	N-terminal
O23129	370	413	middle
O23129	576	681	middle
O48717	1	87	N-terminal
O48767	1	46	N-terminal
O48767	215	296	C-terminal
O64784	446	479	middle
O64784	771	821	C-terminal
O80675	1	76	N-terminal
Q1PF34	1	49	N-terminal
Q1PF34	272	308	middle
Q1PF34	441	569	C-terminal
Q2HIW3	1	40	N-terminal
Q2HIW3	152	245	C-terminal
Q43867	1	73	N-terminal
Q4V398	1	93	N-terminal
Q56Y35	1	47	IDP
Q66GR7	1	51	N-terminal
Q6IM94	1	53	IDP
Q7XJ98	1	124	N-terminal
Q7XJ98	581	619	C-terminal
Q84VY2	98	161	middle
Q8GY60	1	82	N-terminal
Q8GY60	377	468	C-terminal
Q8L735	1	77	N-terminal
Q8L735	781	813	middle
Q8RY97	1	35	N-terminal
Q8RY97	88	178	C-terminal
Q8W5B1	1	66	N-terminal
Q8W5B1	138	311	middle
Q8W5B1	389	440	C-terminal
Q940M0	79	311	middle
Q944S3	1	41	N-terminal
Q944S3	208	388	middle
Q949V6	1	43	N-terminal
Q949V6	531	597	C-terminal
Q94AN4	1	62	N-terminal
Q94AN4	227	345	C-terminal
Q9C902	1	100	N-terminal
Q9C902	227	487	middle
Q9C9E5	98	175	middle
Q9C9N6	1	33	N-terminal
Q9C9N6	532	607	C-terminal
Q9CAF6	1	98	N-terminal
Q9FHF1	584	670	middle
Q9FIN8	296	330	middle
Q9FJ12	1	162	IDP
Q9FJW6	1	69	N-terminal
Q9FJW6	692	798	C-terminal
Q9FKG6	176	353	middle
Q9FVP6	1	79	N-terminal
Q9LEV3	1	62	N-terminal
Q9LKZ3	289	416	middle
Q9LKZ3	644	726	middle
Q9LKZ3	867	1013	C-terminal
Q9LP24	769	839	middle
Q9LQT3	72	125	C-terminal
Q9LYD1	1	155	N-terminal
Q9LYW3	1	52	N-terminal
Q9LZN2	199	250	middle
Q9M0X3	1	33	N-terminal
Q9M101	1	50	N-terminal
Q9M1Y1	74	106	middle
Q9M9U2	124	230	middle
Q9S7U7	266	361	C-terminal
Q9SCK0	244	603	C-terminal
Q9SD40	1	144	N-terminal
Q9SD40	184	370	C-terminal
Q9SGA2	329	361	C-terminal
Q9SKA3	139	280	middle
Q9SLF3	1	499	N-terminal
Q9SLF3	802	945	middle
Q9SRX6	1	91	IDP
Q9SV75	1	36	N-terminal
Q9SZ20	1	51	N-terminal
Q9ZUP9	1	90	IDP
Q9ZW76	1	82	N-terminal
Q9ZW76	145	175	middle
A0A1I9LN87	1	443	N-terminal
A0A1I9LQF6	97	127	middle
F4HRG2	290	325	C-terminal
F4HU58	101	216	middle
F4HWL3	583	626	C-terminal
F4IJK1	95	181	middle
F4IJK1	290	351	middle
F4IJK1	435	625	middle
F4IJK1	893	947	C-terminal
F4IMB6	1	55	N-terminal
F4JF35	1	138	N-terminal
F4JW20	59	109	middle
F4JW20	173	301	middle
F4JW20	411	461	middle
F4JW20	502	680	middle
F4JW20	906	992	middle
F4JW20	1467	1536	middle
F4JW20	1786	1854	middle
F4JW20	2090	2159	middle
F4JW20	2464	2581	middle
F4K2J6	1	34	N-terminal
F4K2J6	590	624	C-terminal
O22960	1	61	N-terminal
O48529	1	47	N-terminal
O49621	466	526	C-terminal
O65359	1	117	N-terminal
O80593	1	32	N-terminal
O80593	202	237	middle
O80593	334	387	middle
O81746	1	52	N-terminal
Q07473	1	60	N-terminal
Q39108	1	40	N-terminal
Q3EAE0	48	78	middle
Q45GJ7	309	348	middle
Q45GJ7	545	575	C-terminal
Q56X72	1	223	N-terminal
Q56X72	444	487	C-terminal
Q5BPU6	1	420	IDP
Q6DR46	152	184	C-terminal
Q84JR3	1	33	N-terminal
Q84VX4	1	386	N-terminal
Q8GUN0	1	67	IDP
Q8GWD0	1	61	N-terminal
Q8LPF0	84	155	middle
Q8LPF0	605	636	middle
Q8LPF0	1018	1390	C-terminal
Q8RV79	1	36	N-terminal
Q8RWY0	1	73	N-terminal
Q8S8E8	1	95	N-terminal
Q8S8E8	195	259	middle
Q8S8E8	325	568	middle
Q8S8E8	635	680	middle
Q8S8I1	1	275	N-terminal
Q8VWJ2	1	164	N-terminal
Q8VWJ2	220	318	C-terminal
Q8VXY0	1	70	N-terminal
Q8VY22	1	60	N-terminal
Q93ZJ3	1	100	IDP
Q940Q8	1	42	N-terminal
Q94FY7	1	64	N-terminal
Q96288	115	248	C-terminal
Q9C746	1	251	IDP
Q9FG31	1	158	IDP
Q9FGK5	190	221	C-terminal
Q9FKV7	1	331	IDP
Q9FKW5	308	398	middle
Q9FZD9	291	510	middle
Q9LU44	1	193	N-terminal
Q9LU44	426	480	middle
Q9LU44	556	804	C-terminal
Q9LW83	810	850	C-terminal
Q9LW84	1	54	N-terminal
Q9LYP5	135	224	middle
Q9LYP5	311	613	C-terminal
Q9LZV8	1	81	N-terminal
Q9LZX6	1	56	N-terminal
Q9M7Y4	65	151	middle
Q9SAF8	1	41	IDP
Q9SDQ3	1	220	N-terminal
Q9SGH3	1	59	N-terminal
Q9SHU7	1	98	N-terminal
Q9SMR1	1	116	IDP
Q9SRM3	1	107	N-terminal
Q9STQ5	1	75	IDP
Q9SUZ7	1	74	N-terminal
Q9SV64	1	68	N-terminal
Q9SV64	302	367	C-terminal
Q9SYE2	1	106	IDP
Q9T6H8	1	224	N-terminal
Q9T6H8	304	382	C-terminal
Q9ZP54	62	114	middle
Q9ZP54	185	247	middle
Q9ZP54	365	408	middle
Q9ZT49	59	110	middle
Q9ZT49	168	200	C-terminal
Q9ZUR7	1	45	N-terminal
A4FVS2	241	586	C-terminal
F4HYJ7	1	135	N-terminal
F4HYJ7	227	288	middle
F4IDY7	1	125	N-terminal
F4IDY7	417	750	C-terminal
F4J5H1	266	377	C-terminal
F4J8B4	1	63	IDP
F4JA78	129	241	C-terminal
F4JMJ1	557	619	middle
F4JMJ1	819	867	C-terminal
F4JR86	50	99	C-terminal
F4JV77	1	74	N-terminal
F4JZG9	1	112	N-terminal
F4K3G5	180	221	middle
F4K3G5	458	601	middle
F4K3G5	902	1297	C-terminal
F4K3M6	173	204	middle
F4K3M6	248	375	C-terminal
F4K410	1	78	N-terminal
F4K5X6	91	287	C-terminal
F4KDD7	159	231	middle
F4KFD4	433	516	C-terminal
O65920	1	68	N-terminal
P51568	1	49	N-terminal
P93033	1	36	N-terminal
Q1G3K2	1	176	IDP
Q1G3Y9	1	87	IDP
Q1PFC5	51	86	middle
Q39141	1	46	N-terminal
Q3EDE9	1	55	N-terminal
Q3EDE9	218	258	C-terminal
Q42527	1	64	N-terminal
Q5EAE9	1	133	N-terminal
Q5EAE9	213	407	C-terminal
Q6E7H0	1	78	N-terminal
Q6NLX7	1	33	N-terminal
Q7G188	623	687	C-terminal
Q84TJ7	136	233	middle
Q8LC68	220	255	C-terminal
Q8LED3	42	72	middle
Q8LG54	1	130	IDP
Q8RUD6	1	37	N-terminal
Q8RXC3	1	51	N-terminal
Q8RXC3	457	621	middle
Q8VWF1	258	298	middle
Q8VYA4	1	52	N-terminal
Q8VZE7	1	218	N-terminal
Q8VZM7	1	151	N-terminal
Q8W1D5	296	383	middle
Q93ZQ2	1	45	N-terminal
Q93ZQ2	162	303	middle
Q93ZQ2	402	641	C-terminal
Q93ZZ7	1	74	N-terminal
Q93ZZ7	156	213	C-terminal
Q944L5	1	99	N-terminal
Q94B55	382	456	C-terminal
Q94EW8	1	99	IDP
Q9C7F7	1	34	N-terminal
Q9C7F7	125	193	C-terminal
Q9C9G0	1	133	IDP
Q9FFN2	1	136	N-terminal
Q9FHP3	1	35	N-terminal
Q9FNB3	503	591	C-terminal
Q9LM18	209	248	middle
Q9LPI8	1	77	N-terminal
Q9LRR5	886	1089	middle
Q9LS08	1	128	N-terminal
Q9LS08	263	344	C-terminal
Q9LX30	1	36	N-terminal
Q9LX30	209	329	middle
Q9LX85	63	164	C-terminal
Q9LXG1	164	198	C-terminal
Q9LYU7	1	60	N-terminal
Q9LZD2	1	70	IDP
Q9LZF7	1	192	N-terminal
Q9M056	1	99	N-terminal
Q9M056	470	579	C-terminal
Q9M2I9	144	203	middle
Q9M9F9	1	150	N-terminal
Q9M9F9	272	324	C-terminal
Q9S9J9	348	396	C-terminal
Q9SXD1	1	50	N-terminal
Q9SZ77	535	597	middle
Q9XIN7	162	335	C-terminal
Q9ZU67	1	48	N-terminal
A0A1I9LNG9	38	85	C-terminal
A0A1I9LS19	1	38	IDP
A0A1P8ARS6	1	92	IDP
A0A1P8B453	1	56	N-terminal
B3H587	108	152	C-terminal
B3H6A4	1	60	IDP
B3H7C7	1	35	IDP
B9DGA1	116	154	middle
B9DGA1	325	361	C-terminal
F4HQE2	108	144	middle
F4HQE2	775	963	middle
F4HS99	123	172	middle
F4HS99	289	322	middle
F4HS99	564	636	middle
F4HS99	1110	1797	C-terminal
F4HSB6	1	62	N-terminal
F4HZI0	1	46	N-terminal
F4I5Q2	1	77	N-terminal
F4I5Q2	497	542	C-terminal
F4IA30	1	43	N-terminal
F4IDQ5	1	351	N-terminal
F4IHD0	1	74	IDP
F4IIC2	1	371	N-terminal
F4J0F0	173	539	C-terminal
F4JDN8	1	54	N-terminal
F4JMS0	1	41	N-terminal
F4KA50	584	624	C-terminal
F4KHE3	1	53	N-terminal
F4KHE3	371	693	C-terminal
O23147	1	41	N-terminal
O49459	1	32	N-terminal
O49459	223	305	C-terminal
O64751	1	116	IDP
O80795	338	372	C-terminal
O82533	1	115	N-terminal
O82533	429	478	C-terminal
P56784	1	130	N-terminal
P56784	225	264	middle
P56784	447	504	C-terminal
P93028	1	66	N-terminal
Q058J9	1	69	N-terminal
Q058J9	127	178	middle
Q058J9	417	517	C-terminal
Q1PF57	1	42	N-terminal
Q38997	435	470	middle
Q3E8W3	64	113	C-terminal
Q6IDB8	1	43	N-terminal
Q84MA4	791	845	middle
Q84MA4	1021	1084	C-terminal
Q84R27	1	33	N-terminal
Q84R27	149	209	C-terminal
Q8GW78	1	88	N-terminal
Q8GX05	1	66	N-terminal
Q8GXZ3	1	46	N-terminal
Q8H1D4	149	309	middle
Q8LFD1	1	64	N-terminal
Q8LFD1	321	364	C-terminal
Q8RX73	1	53	N-terminal
Q8W471	1	96	N-terminal
Q8W485	1	65	N-terminal
Q94AH8	1	82	N-terminal
Q9C5D2	82	137	middle
Q9C5J9	132	342	C-terminal
Q9C9I3	1	71	N-terminal
Q9CAP2	1	76	N-terminal
Q9FG28	69	209	C-terminal
Q9FK05	1	73	N-terminal
Q9FL88	1	201	IDP
Q9FLT0	226	272	middle
Q9FM35	1	76	N-terminal
Q9FY45	134	194	C-terminal
Q9LMK7	1	41	N-terminal
Q9LMK7	159	228	C-terminal
Q9LPY3	1	111	N-terminal
Q9LXB8	1	370	IDP
Q9LXL8	94	191	middle
Q9LYF8	1	31	N-terminal
Q9M0G7	973	1013	C-terminal
Q9M9L9	1	71	N-terminal
Q9M9L9	226	410	C-terminal
Q9S7V6	1	42	N-terminal
Q9S7V6	104	230	middle
Q9S7V6	279	508	C-terminal
Q9SK23	126	166	C-terminal
Q9SZB6	1	164	N-terminal
Q9SZB6	699	779	C-terminal
Q9ZUU4	1	83	N-terminal
Q9ZUU4	165	205	middle
A0A1I9LTC7	1	55	N-terminal
A0A1P8AT95	1	36	N-terminal
A0A1P8AT95	936	1144	middle
A0A1P8AT95	1252	1289	middle
A0A1P8AT95	1438	1471	middle
A0A1P8AT95	1566	1631	middle
A0A1P8AT95	2005	2226	C-terminal
A0A1P8AV92	77	123	middle
A0A1P8AX73	1	103	N-terminal
A0A1P8B2R7	41	73	C-terminal
B3H5B2	1	48	IDP
B9DHA5	1	106	N-terminal
C0LGG9	630	676	middle
C0LGG9	930	1035	C-terminal
F4HQ89	1	55	N-terminal
F4I3S8	838	1004	C-terminal
F4JUA6	397	453	C-terminal
F4K2F0	1	51	N-terminal
F4K2F0	122	221	middle
F4K2F0	280	337	middle
O04379	1	182	N-terminal
O04379	998	1048	C-terminal
O04586	1	176	IDP
O22788	1	58	N-terminal
O49292	1	101	N-terminal
O64571	186	363	middle
O64571	475	613	C-terminal
O64759	1	44	N-terminal
O82761	132	200	C-terminal
P0C7R1	1	126	N-terminal
P22954	618	653	C-terminal
P28185	180	216	C-terminal
Q0WRF0	1	48	IDP
Q1G3K8	1	216	IDP
Q1PEX4	1	175	N-terminal
Q1PF20	1	31	N-terminal
Q3ECT7	1	99	IDP
Q4PSR7	1	75	N-terminal
Q4PT34	1	35	N-terminal
Q6F6B5	1	75	N-terminal
Q6F6B5	398	594	middle
Q7XJK8	161	278	C-terminal
Q84WH0	1	35	N-terminal
Q8L7M7	239	328	middle
Q8L7M7	431	500	middle
Q8L7M7	616	803	C-terminal
Q8LC03	1	85	N-terminal
Q8LC03	181	294	C-terminal
Q8LEB7	1	74	IDP
Q93WV4	1	122	N-terminal
Q93WV4	194	282	C-terminal
Q949U5	582	644	C-terminal
Q94CA9	1	115	N-terminal
Q9C7Y2	1	84	N-terminal
Q9C8K2	279	313	middle
Q9C8K2	636	687	C-terminal
Q9FJV5	1	107	N-terminal
Q9FJV5	161	276	C-terminal
Q9FN38	1	66	IDP
Q9FY75	1	93	N-terminal
Q9FY75	709	785	middle
Q9LDY9	1	85	N-terminal
Q9LFQ3	1	48	N-terminal
Q9LFQ3	201	327	middle
Q9LFQ3	405	498	middle
Q9LFQ3	739	1051	middle
Q9LFQ3	1336	1367	C-terminal
Q9LTJ5	116	268	C-terminal
Q9LUC1	1	148	N-terminal
Q9LXX3	1	40	N-terminal
Q9M1X3	1	69	IDP
Q9M2F2	1	693	N-terminal
Q9S839	1	76	N-terminal
Q9SD97	193	316	middle
Q9SHY8	1	45	N-terminal
Q9SHY8	180	233	middle
Q9SJR5	1	73	N-terminal
Q9SJR5	111	398	C-terminal
Q9SNC1	1	34	N-terminal
Q9SPG2	122	366	C-terminal
Q9SRE0	1	79	N-terminal
Q9SRL7	1	34	N-terminal
Q9SRL7	869	943	C-terminal
Q9STM7	1	707	IDP
Q9ZQ24	1	98	N-terminal
Q9ZVC6	100	171	middle
A0A178WKG1	1	119	N-terminal
A0A1P8AR54	1	61	N-terminal
A0A1P8B0H2	1	51	N-terminal
A0A1P8BB88	229	428	middle
A0A1P8BBA6	110	181	C-terminal
A0A1P8BFV7	94	155	C-terminal
A8MSG2	1	79	IDP
F4HWB6	1	52	N-terminal
F4HWB6	261	298	middle
F4I6L1	1	118	IDP
F4IHY7	1	218	N-terminal
F4IHY7	436	527	C-terminal
F4IY34	1	33	N-terminal
F4JJB2	1	84	N-terminal
F4JJB2	509	639	middle
F4JJB2	801	886	middle
F4JK69	1	261	IDP
F4JY42	1	168	N-terminal
F4K0R0	722	764	middle
F4K0R0	957	1099	C-terminal
F4K2U3	1	38	N-terminal
F4K2U3	141	306	C-terminal
F4K6K7	1	363	IDP
O22164	1	42	N-terminal
O22164	215	248	C-terminal
O22908	1	163	N-terminal
O48721	1	68	N-terminal
O64474	708	1172	C-terminal
O81211	1	192	N-terminal
O81211	777	817	middle
O81873	44	95	C-terminal
P0DKG2	1	49	N-terminal
P93752	267	351	C-terminal
Q0WPR6	1	49	N-terminal
Q5BPG1	1	231	IDP
Q683D2	1	102	N-terminal
Q683D2	584	662	C-terminal
Q6DSU1	1	109	IDP
Q7X887	83	256	C-terminal
Q7XA70	127	192	C-terminal
Q8GXX0	1	74	N-terminal
Q8GY72	1	43	N-terminal
Q8H0V8	1	161	N-terminal
Q8H0V8	329	461	middle
Q8H0V8	550	584	C-terminal
Q8LA16	137	198	middle
Q8LAP6	1	72	N-terminal
Q8LBK1	1	35	N-terminal
Q8VZM5	719	761	C-terminal
Q93VA9	121	217	C-terminal
Q93WG3	1	73	N-terminal
Q940V1	1	83	N-terminal
Q940V1	151	198	middle
Q941B1	1	79	N-terminal
Q944S4	568	717	C-terminal
Q94C77	284	460	middle
Q94C77	561	657	middle
Q94F37	1	102	N-terminal
Q94F37	349	404	C-terminal
Q9C9F4	148	356	C-terminal
Q9FE18	1	35	N-terminal
Q9FII2	263	340	middle
Q9FY54	1	50	N-terminal
Q9FY54	104	157	middle
Q9FY54	676	759	middle
Q9FZ84	1	36	N-terminal
Q9FZ84	109	155	C-terminal
Q9LEZ1	1	144	IDP
Q9LH43	1	46	N-terminal
Q9LPT5	1	209	N-terminal
Q9LPT5	474	725	C-terminal
Q9LQ71	57	152	C-terminal
Q9LR02	1	40	N-terminal
Q9LT00	78	124	middle
Q9LT00	173	337	C-terminal
Q9LU58	222	324	middle
Q9LUA9	106	373	C-terminal
Q9LYG2	156	207	C-terminal
Q9M2U7	206	260	middle
Q9S781	1	560	N-terminal
Q9S781	600	646	C-terminal
Q9SBF3	128	334	C-terminal
Q9SFU5	108	199	C-terminal
Q9SJG1	1	138	N-terminal
Q9SJK3	1	143	N-terminal
Q9SJK3	962	997	C-terminal
Q9SJN0	1	357	N-terminal
Q9SJU4	1	47	N-terminal
Q9SV72	1	55	N-terminal
Q9SXB8	1	31	N-terminal
Q9SXB8	466	504	middle
Q9SXB8	807	842	C-terminal
Q9SY12	1	176	N-terminal
Q9ZT94	197	304	middle
Q9ZT94	729	944	middle
Q9ZUZ0	1	68	N-terminal
A0A1P8AW69	321	853	middle
A8MRD4	1	81	IDP
F4I7W9	1	106	N-terminal
F4I7W9	353	426	C-terminal
F4IDX2	1	104	N-terminal
F4ILN4	1	284	IDP
F4ING3	1	121	N-terminal
F4ING3	288	413	C-terminal
F4IUG9	1048	1118	middle
F4J868	1	34	N-terminal
F4JEX5	1	64	N-terminal
F4JEX5	151	359	middle
F4K0Y2	53	407	middle
F4K0Y2	739	880	middle
F4K0Y2	1086	1324	middle
F4K0Y2	1360	1535	middle
F4K3J7	1	62	N-terminal
O49303	1	42	N-terminal
O64783	727	814	C-terminal
O64874	1	51	N-terminal
O64874	97	146	C-terminal
O81007	1	83	N-terminal
O82319	1	35	N-terminal
O82319	119	153	C-terminal
P36212	1	119	N-terminal
P92526	1	106	IDP
P93013	1	95	N-terminal
Q08891	1	76	N-terminal
Q2V413	1	41	N-terminal
Q42029	1	85	N-terminal
Q42379	130	269	C-terminal
Q501B9	62	103	middle
Q501B9	186	255	middle
Q501B9	330	372	C-terminal
Q56YF8	1	35	N-terminal
Q56YF8	267	460	C-terminal
Q5M755	1	81	N-terminal
Q7XJ60	122	178	middle
Q8LAT0	1	84	N-terminal
Q8LAT0	189	286	C-terminal
Q8LDW8	1	74	N-terminal
Q8RUB7	1	65	IDP
Q8VYF1	161	204	C-terminal
Q8VZL6	1	39	N-terminal
Q8VZL6	243	285	middle
Q8VZL6	373	441	C-terminal
Q93VA3	1	68	N-terminal
Q93WU8	97	141	middle
Q93WU8	196	346	C-terminal
Q94AE4	1	55	N-terminal
Q94AF2	1	53	N-terminal
Q96262	1	55	N-terminal
Q96262	133	225	C-terminal
Q9FFL4	97	170	middle
Q9FT46	55	86	C-terminal
Q9LDQ1	307	522	C-terminal
Q9LE59	1	216	N-terminal
Q9LFG2	1	58	N-terminal
Q9LMY0	1	225	IDP
Q9LPV5	470	502	C-terminal
Q9LSE3	1	193	N-terminal
Q9LSE3	420	512	middle
Q9LSE3	640	772	C-terminal
Q9LT25	1	287	N-terminal
Q9LT25	337	459	middle
Q9LVD9	1	37	N-terminal
Q9LZI3	158	194	C-terminal
Q9M1G2	299	341	C-terminal
Q9M347	1	31	N-terminal
Q9M347	107	168	middle
Q9M347	246	307	middle
Q9M393	1	119	N-terminal
Q9M9Y8	1	73	N-terminal
Q9MA02	1	45	N-terminal
Q9S754	151	234	C-terminal
Q9SA26	1	165	N-terminal
Q9SA26	288	852	middle
Q9SAH3	241	553	middle
Q9SIZ0	1	64	N-terminal
Q9SPG5	123	338	C-terminal
Q9SQH9	459	498	C-terminal
Q9SY70	1	100	N-terminal
Q9T023	1	272	N-terminal
Q9T023	346	429	C-terminal
Q9ZUX9	150	253	middle
A0A1P8B169	1	42	N-terminal
A0MFT2	1	407	N-terminal
F4IFT7	1	186	IDP
F4JC97	1189	1261	middle
F4K554	96	145	C-terminal
F4KEW8	103	239	middle
O80958	1	79	N-terminal
P0DKI4	64	120	middle
P0DKI4	233	313	middle
P11490	1	67	N-terminal
P16127	1	79	N-terminal
Q0WPZ6	781	874	C-terminal
Q39161	1	45	N-terminal
Q64FQ2	1	62	N-terminal
Q64FQ2	245	354	middle
Q64FQ2	482	525	C-terminal
Q67ZW2	1	132	N-terminal
Q6NME2	1	52	N-terminal
Q84JD6	1	166	N-terminal
Q84JD6	242	276	middle
Q84JS6	1	67	N-terminal
Q84JS6	188	219	middle
Q84WU5	346	674	C-terminal
Q8GZ89	1	317	N-terminal
Q8H0V6	90	170	middle
Q8L6Z3	1	88	N-terminal
Q8L981	1	63	IDP
Q8LPI5	1	82	N-terminal
Q8VXX3	96	158	C-terminal
Q9C6C7	1	73	N-terminal
Q9C6C7	178	208	middle
Q9C6C7	345	828	C-terminal
Q9C6G2	1	41	N-terminal
Q9C6M5	1	79	N-terminal
Q9C9Z6	1	35	N-terminal
Q9C9Z6	214	316	C-terminal
Q9FF22	1	107	N-terminal
Q9FFF1	50	97	middle
Q9FFF1	352	470	C-terminal
Q9FIX8	1	341	N-terminal
Q9FLL1	153	426	middle
Q9FLL1	533	602	C-terminal
Q9FNN3	1	351	N-terminal
Q9FNN3	480	578	middle
Q9FQ25	145	260	C-terminal
Q9FYJ6	1	210	N-terminal
Q9FYJ6	255	319	C-terminal
Q9FZ57	779	822	C-terminal
Q9LH95	173	454	middle
Q9LH95	574	608	C-terminal
Q9LR11	1	43	N-terminal
Q9LT07	1	33	N-terminal
Q9LUD4	144	178	C-terminal
Q9LUI4	1	36	N-terminal
Q9LVP7	1	62	N-terminal
Q9M020	638	688	C-terminal
Q9M2C6	1	85	N-terminal
Q9M2C6	131	541	middle
Q9M2P8	1	175	IDP
Q9MAM1	285	323	middle
Q9S746	1	57	N-terminal
Q9S7G7	1	39	N-terminal
Q9S7G7	196	776	C-terminal
Q9S7H1	1	73	N-terminal
Q9SCY3	1	68	N-terminal
Q9SF91	182	218	C-terminal
Q9SH31	1	60	N-terminal
Q9SH31	112	226	middle
Q9SKD7	1	74	N-terminal
Q9SKD7	643	706	C-terminal
Q9SQR5	297	554	C-terminal
Q9SW44	1	48	N-terminal
Q9SW44	358	391	middle
Q9SW44	567	626	C-terminal
Q9SZ85	302	345	C-terminal
Q9XF88	1	77	N-terminal
Q9ZQ46	1	127	N-terminal
Q9ZQ46	192	244	middle
Q9ZQ46	522	683	C-terminal
B9DFA8	1	170	N-terminal
C0LGQ5	864	940	middle
C4B8C4	1	107	IDP
F4IL92	1	82	N-terminal
F4IL92	130	170	C-terminal
F4IV84	1	73	IDP
F4JEI7	175	309	C-terminal
F4JGC9	70	156	C-terminal
F4KAK5	1	43	N-terminal
O22808	247	342	middle
O23425	391	468	C-terminal
O48813	1	59	N-terminal
O48813	220	291	C-terminal
O49485	1	45	N-terminal
O64635	1	43	N-terminal
O64635	477	511	C-terminal
O80928	1	78	N-terminal
O80928	133	330	C-terminal
O81643	726	866	middle
P30181	1	372	N-terminal
P42775	1	266	N-terminal
P42775	325	360	C-terminal
P93830	1	87	N-terminal
Q06611	1	41	N-terminal
Q0IGM5	125	247	middle
Q0WL80	1243	1298	middle
Q0WL80	1575	1613	C-terminal
Q39237	1	85	N-terminal
Q3ED68	1	57	N-terminal
Q6ID69	1	146	IDP
Q6J9Q2	1	61	N-terminal
Q6J9Q2	125	348	C-terminal
Q6ZY51	1	72	N-terminal
Q6ZY51	170	255	middle
Q6ZY51	802	862	middle
Q7X7R5	1	42	IDP
Q84M92	1	75	N-terminal
Q84RF2	1	128	N-terminal
Q8GYY7	212	330	middle
Q8GYY7	379	440	middle
Q8H0U3	1	103	N-terminal
Q8LF75	325	393	C-terminal
Q8LGA4	1	34	IDP
Q8LGC6	1	75	N-terminal
Q8LGC6	140	209	C-terminal
Q8RXC0	1	34	N-terminal
Q8VWV6	1	180	N-terminal
Q8VWV6	247	480	C-terminal
Q8VYU8	1	69	N-terminal
Q8VZ73	123	157	middle
Q940P1	1	262	N-terminal
Q940P1	461	491	C-terminal
Q94K98	1	85	N-terminal
Q9C810	1	39	N-terminal
Q9C810	659	697	C-terminal
Q9C9C0	1	92	N-terminal
Q9C9U7	186	233	C-terminal
Q9FI72	1	36	N-terminal
Q9FJP2	181	310	C-terminal
Q9FJW5	71	119	middle
Q9FJW5	182	227	middle
Q9FMT6	1	43	N-terminal
Q9FN56	42	77	middle
Q9FT54	332	369	C-terminal
Q9FWX8	610	687	middle
Q9LNV5	298	481	C-terminal
Q9LP37	1	157	IDP
Q9LQ98	1	277	N-terminal
Q9LT22	641	729	middle
Q9LXY6	1	65	N-terminal
Q9M1I7	392	467	C-terminal
Q9SAD4	1	328	IDP
Q9SAG1	1	67	N-terminal
Q9SCW1	1	34	N-terminal
Q9SF22	175	415	middle
Q9SGH8	1	52	N-terminal
Q9SM23	1	103	N-terminal
Q9SYZ4	1	75	N-terminal
Q9ZVE8	1	32	N-terminal
A0A1P8B041	1	451	N-terminal
A0A1P8B041	500	561	middle
A0A1P8B8L5	1	273	N-terminal
A8MQW2	1	37	N-terminal
B3H5Y6	1	35	IDP
B3H714	1	66	IDP
F4I1K8	75	119	middle
F4IME8	168	276	C-terminal
F4J6D3	115	169	middle
F4J6D3	287	357	C-terminal
F4JF82	1	231	N-terminal
F4JF82	556	592	middle
F4JF82	738	819	C-terminal
F4JKK8	1	211	N-terminal
F4JKK8	326	530	C-terminal
F4KBG4	92	148	C-terminal
O22699	1	132	N-terminal
O22802	1	97	IDP
O23100	139	367	C-terminal
O23628	1	35	N-terminal
O64619	1	46	N-terminal
O64619	349	392	C-terminal
O65154	1	39	N-terminal
O80734	1	194	N-terminal
O80734	534	627	C-terminal
P58047	1	40	N-terminal
Q0WRA3	146	177	C-terminal
Q1PE40	1	72	IDP
Q1PEB4	92	482	middle
Q2HIG9	1	124	N-terminal
Q3E8L0	55	97	C-terminal
Q3EAI1	1	215	N-terminal
Q3EAI1	335	426	C-terminal
Q681X4	1	249	N-terminal
Q6IDC0	145	192	middle
Q7Y208	1	40	N-terminal
Q7Y208	686	763	C-terminal
Q84JJ0	89	250	C-terminal
Q84K25	507	569	C-terminal
Q84VZ1	1	45	N-terminal
Q8GUM0	1	53	N-terminal
Q8GWW4	1	84	N-terminal
Q8GYI5	1	262	IDP
Q8GYS1	293	326	C-terminal
Q8GYX8	313	398	C-terminal
Q8LPI9	1	65	N-terminal
Q8S8D3	1	33	N-terminal
Q8S8D3	167	374	middle
Q8VZU4	1	214	IDP
Q8W109	87	131	middle
Q8W109	303	336	middle
Q8W109	534	663	C-terminal
Q8W4G3	1	109	N-terminal
Q93VI4	1	100	N-terminal
Q93VI4	179	227	C-terminal
Q93ZJ9	1	605	IDP
Q945P6	1	245	IDP
Q94CD4	1	53	N-terminal
Q9C758	1	324	IDP
Q9CAP4	1	45	N-terminal
Q9CAP4	99	244	C-terminal
Q9FFK8	1	91	N-terminal
Q9FFK8	763	831	middle
Q9FIT8	437	495	middle
Q9FL25	1	141	N-terminal
Q9LE42	1	601	N-terminal
Q9LE42	703	924	middle
Q9LIE7	1	50	N-terminal
Q9LK28	1	141	N-terminal
Q9LTT8	1	148	N-terminal
Q9LTT8	559	918	middle
Q9LU28	1	64	N-terminal
Q9M2Z1	965	1002	C-terminal
Q9M9T1	1	36	N-terminal
Q9MAH3	1	53	N-terminal
Q9S7S3	1	280	IDP
Q9SCS7	146	213	C-terminal
Q9SI96	1	57	N-terminal
Q9SJ31	1	89	N-terminal
Q9SSQ4	1	88	N-terminal
Q9T0I1	1	63	N-terminal
Q9T0I1	228	265	middle
Q9T0I1	534	570	middle
A0A1P8ASS6	1	70	IDP
A0A1P8B096	1094	1150	middle
A8MS81	1	80	N-terminal
A8MS81	184	223	C-terminal
B3H503	1	32	IDP
F4I671	1	39	N-terminal
F4JNM2	185	1090	C-terminal
F4JNX4	1	53	N-terminal
F4JNX4	141	208	C-terminal
F4JSP7	1	425	N-terminal
F4JSP7	774	914	middle
F4JSP7	1479	1525	middle
F4JSP7	1735	1807	middle
F4JSP7	2593	2730	C-terminal
F4JYY5	1	91	IDP
F4KFW5	326	373	C-terminal
O22199	1	96	N-terminal
O22199	410	561	C-terminal
O48724	1	172	N-terminal
O48724	701	807	C-terminal
O65638	255	301	C-terminal
P0DO23	1	58	N-terminal
P92965	164	350	C-terminal
Q39061	1	119	N-terminal
Q39061	295	329	C-terminal
Q3EDK2	1	96	IDP
Q4PSE8	283	447	C-terminal
Q4V3B4	1	94	N-terminal
Q4V3B4	149	271	middle
Q56Y11	1	69	N-terminal
Q5Q0B1	1	76	N-terminal
Q5XVA1	1	623	N-terminal
Q67XI5	1	51	N-terminal
Q67XI5	121	152	C-terminal
Q683K3	1	146	N-terminal
Q683K3	254	294	middle
Q6DBG8	1	53	N-terminal
Q6NKS1	1	58	N-terminal
Q6NKS1	349	382	C-terminal
Q7Y030	1	54	N-terminal
Q84K50	251	318	C-terminal
Q84WV7	189	302	C-terminal
Q8GW38	1	101	N-terminal
Q8GW38	298	369	C-terminal
Q8L828	846	909	C-terminal
Q8LE94	1	178	N-terminal
Q8S8D0	1	38	N-terminal
Q93Y01	208	302	middle
Q93Y01	636	673	middle
Q949Z1	1	83	N-terminal
Q9C5K6	1	86	N-terminal
Q9C5K6	391	446	C-terminal
Q9C6C2	1	36	N-terminal
Q9C8P0	1	36	N-terminal
Q9C8P0	125	182	middle
Q9C9L5	711	792	C-terminal
Q9FFL6	1	34	N-terminal
Q9FFL6	79	136	middle
Q9FG08	1	66	N-terminal
Q9FGQ7	1	45	N-terminal
Q9FGQ7	297	367	C-terminal
Q9FHS0	83	130	C-terminal
Q9FLU5	1	55	N-terminal
Q9FLU5	207	319	C-terminal
Q9FML3	1	61	N-terminal
Q9FRI0	1	70	N-terminal
Q9LN67	73	226	C-terminal
Q9LTH4	1	145	N-terminal
Q9LTH4	203	298	C-terminal
Q9LVG7	270	321	middle
Q9M250	1	78	N-terminal
Q9M8M1	266	334	middle
Q9S7W5	1	68	N-terminal
Q9S7W5	147	355	C-terminal
Q9SFV6	139	251	C-terminal
Q9SGN7	348	470	C-terminal
Q9SIZ2	311	344	C-terminal
Q9SLG9	1	56	N-terminal
Q9SQU4	1	97	N-terminal
Q9SQU4	174	309	middle
Q9SQU4	376	462	C-terminal
Q9SRQ5	469	508	C-terminal
Q9SS48	1	66	N-terminal
Q9STV7	1	164	IDP
Q9SUN7	1	142	IDP
Q9SYU4	278	321	middle
Q9SZC9	1	148	N-terminal
Q9SZC9	878	949	C-terminal
Q9XJ27	1	57	N-terminal
A8MQ92	1	57	N-terminal
A8MS19	1	34	N-terminal
B3H5U3	1	35	IDP
B3H6C8	1	56	IDP
C0LGE0	457	487	middle
C0LGE0	975	1014	C-terminal
F4IP61	1	139	N-terminal
F4IP61	334	498	middle
F4ISG1	1	423	N-terminal
F4ISG1	490	631	C-terminal
F4IYD1	1	371	IDP
F4J810	1	40	N-terminal
F4JEP8	1	458	IDP
F4JIF2	169	212	C-terminal
F4JWA1	1	75	N-terminal
F4JWA1	121	350	middle
F4JWA1	400	734	middle
F4K0H9	1	78	N-terminal
F4K0H9	155	206	C-terminal
F4K5D9	745	809	C-terminal
F4KEM0	1	349	N-terminal
F4KEM0	694	738	middle
F4KEM0	814	966	C-terminal
F4KFY2	1	80	N-terminal
O22159	1	44	N-terminal
O23038	1	71	N-terminal
O81064	1	62	N-terminal
O81064	402	462	C-terminal
O82339	1	294	IDP
P93308	1	41	N-terminal
P93741	1	41	N-terminal
P93741	185	268	C-terminal
Q1G3W7	1	93	N-terminal
Q1PE44	1	43	N-terminal
Q39224	1	44	N-terminal
Q3EB28	1	119	IDP
Q3ED65	1	41	N-terminal
Q42512	1	139	IDP
Q4V3C5	72	509	C-terminal
Q5XV71	571	644	middle
Q84JF0	1	88	N-terminal
Q84JF0	257	310	C-terminal
Q8L733	1	131	N-terminal
Q8LC94	1	87	IDP
Q8W464	1	103	IDP
Q93YS6	1	50	N-terminal
Q93YS6	244	555	middle
Q93YS6	610	688	C-terminal
Q940A6	1	79	N-terminal
Q94K10	1	35	N-terminal
Q94K10	176	325	C-terminal
Q9C683	1	52	N-terminal
Q9C683	182	285	C-terminal
Q9C744	611	869	C-terminal
Q9FFG3	1	54	N-terminal
Q9FFH1	1	34	N-terminal
Q9FFH1	70	389	middle
Q9FFH1	789	904	middle
Q9FFH1	974	1045	middle
Q9FFH1	1408	1694	C-terminal
Q9FG86	1	187	IDP
Q9FHC3	1	50	N-terminal
Q9FIW6	97	329	C-terminal
Q9FJJ3	1	37	N-terminal
Q9FLW9	1	79	N-terminal
Q9FM64	1	41	N-terminal
Q9FTA2	1	42	N-terminal
Q9FTA2	83	239	C-terminal
Q9FYH1	1	647	N-terminal
Q9FYL2	1	119	IDP
Q9LH74	1	259	N-terminal
Q9LPX2	1	64	N-terminal
Q9LTZ4	1	274	IDP
Q9LYP6	149	213	C-terminal
Q9LYU2	1	82	N-terminal
Q9LYU2	153	242	C-terminal
Q9M2B4	142	198	middle
Q9SFU0	1	304	N-terminal
Q9SQT5	1	58	IDP
Q9SUK6	75	473	C-terminal
Q9ZWS9	168	231	C-terminal
A0A1P8ANB5	1	236	N-terminal
B3H7G7	1	71	IDP
B7ZWR9	1	184	N-terminal
B7ZWR9	449	673	C-terminal
C8KI33	1	219	N-terminal
F4I065	508	569	middle
F4I065	856	888	C-terminal
F4I9K0	54	403	C-terminal
F4IMB4	66	311	C-terminal
F4JW68	1	71	N-terminal
F4JY84	1	97	N-terminal
F4JY84	255	459	C-terminal
F4K4L7	1	191	N-terminal
F4K4L7	255	572	middle
F4K4L7	666	852	C-terminal
F4K732	1	63	N-terminal
F4K804	1	484	IDP
F4KB73	1069	1104	middle
F4KB73	1391	1529	middle
F4KB73	1806	1848	middle
F4KB73	2047	2114	middle
F4KJ55	1	62	N-terminal
O04319	394	537	C-terminal
O23063	1	152	N-terminal
O23207	1	68	N-terminal
O65201	1	53	N-terminal
O80939	628	675	C-terminal
O82233	1	165	N-terminal
O82233	418	582	middle
P49243	1	65	N-terminal
P49243	252	287	middle
P93047	1	141	IDP
Q1G3S5	1	88	IDP
Q27IK7	1	148	N-terminal
Q27IK7	765	816	middle
Q27IK7	1008	1214	middle
Q27IK7	1389	1443	middle
Q27IK7	1796	1834	middle
Q27IK7	1995	2066	C-terminal
Q2V492	1	109	IDP
Q3E8F8	1	71	IDP
Q494Q2	1	64	N-terminal
Q6NMH7	1	421	IDP
Q8LE92	1	71	IDP
Q8LG53	1	32	N-terminal
Q8VZC3	1	42	N-terminal
Q94BR4	136	168	middle
Q9C9C8	123	333	C-terminal
Q9FJL1	1	64	N-terminal
Q9FKI0	624	687	C-terminal
Q9FMS3	1	35	N-terminal
Q9LMQ8	1	36	N-terminal
Q9LMQ8	103	202	C-terminal
Q9LTU7	253	289	C-terminal
Q9LU80	1	39	N-terminal
Q9LVZ3	1	68	N-terminal
Q9LY34	1	41	N-terminal
Q9M0I1	98	159	middle
Q9M0I1	244	319	middle
Q9M1K6	1	129	IDP
Q9M1X8	1	104	N-terminal
Q9M1X8	220	273	C-terminal
Q9M8T0	226	325	middle
Q9M9S3	1	75	N-terminal
Q9SGS4	1	74	N-terminal
Q9STV3	117	169	C-terminal
Q9SU50	1	135	N-terminal
Q9SUI4	1	70	N-terminal
Q9SVG0	1	34	N-terminal
Q9T0J0	1	73	IDP
Q9ZPE9	253	295	C-terminal
Q9ZQI2	1	42	N-terminal
A0A1P8B280	1	42	IDP
A0A1P8BCM5	229	281	middle
A8MQY1	161	473	C-terminal
B3H440	1	42	IDP
B3H489	74	117	middle
B3H544	1	405	N-terminal
C0LGH3	616	679	middle
C0LGH3	979	1033	C-terminal
F4I1E4	1	100	N-terminal
F4I2I5	898	976	middle
F4I7K3	1	518	N-terminal
F4I7K3	565	624	C-terminal
F4IAE9	1	373	N-terminal
F4IAE9	1037	1155	middle
F4IXJ0	125	470	middle
F4IXJ0	541	645	C-terminal
F4JWM0	1	66	N-terminal
F4JWM0	1086	1120	middle
O22197	232	328	C-terminal
O81002	1	148	N-terminal
O81483	1	107	IDP
P29402	216	304	middle
P29402	487	530	C-terminal
P42497	1	62	N-terminal
P82805	121	187	C-terminal
Q0WRJ7	1	76	N-terminal
Q2V3K9	1	69	IDP
Q67YE6	152	186	C-terminal
Q8GW24	72	207	C-terminal
Q8H1F1	201	261	middle
Q8L4B0	1	126	N-terminal
Q8L7S7	1	44	N-terminal
Q8L7S7	490	551	C-terminal
Q8LPK4	597	727	middle
Q8LPK4	976	1013	C-terminal
Q8S8J1	1	88	IDP
Q93ZT5	1	128	N-terminal
Q9FFU2	1	84	N-terminal
Q9FGN6	617	656	middle
Q9FKM9	1	55	N-terminal
Q9FKQ8	523	733	C-terminal
Q9FLV9	1	245	N-terminal
Q9FLV9	605	635	C-terminal
Q9FMN2	95	534	middle
Q9FMN2	645	686	middle
Q9FN36	207	377	C-terminal
Q9FNY8	1	140	IDP
Q9FPS0	1	76	N-terminal
Q9FRH3	1	47	N-terminal
Q9FYG2	164	448	middle
Q9FYG2	703	791	middle
Q9FZF8	1	34	N-terminal
Q9LES0	1	245	IDP
Q9LIB3	1	44	N-terminal
Q9LIB3	240	551	C-terminal
Q9LM69	62	100	middle
Q9LM69	167	197	C-terminal
Q9LR75	1	78	N-terminal
Q9LSS8	1	43	N-terminal
Q9LXD8	1	133	N-terminal
Q9LXD8	183	224	C-terminal
Q9LXE4	1	78	N-terminal
Q9LYS9	386	466	C-terminal
Q9M1J7	1	36	N-terminal
Q9M9Y6	174	204	C-terminal
Q9S9U3	891	957	C-terminal
Q9SCK5	1	166	IDP
Q9SFE0	1	58	N-terminal
Q9SGI7	1	43	N-terminal
Q9SGI7	207	331	middle
Q9SGI7	598	654	C-terminal
Q9SKE3	1	97	IDP
Q9SMS8	84	154	C-terminal
Q9SN12	107	236	middle
Q9SPG6	129	319	C-terminal
Q9SY02	1	67	N-terminal
Q9SZ98	90	191	C-terminal
Q9ZQR6	1	31	N-terminal
Q9ZUM1	1	377	N-terminal
Q9ZW75	1	103	N-terminal
A0A1I9LLN1	1	55	N-terminal
A0A1P8APD7	94	213	C-terminal
A0A1P8AQ63	1	32	N-terminal
A0A1P8AQ63	429	787	C-terminal
A0A1P8B630	46	87	middle
A8MRF5	1	35	N-terminal
B3H6V6	1	41	IDP
F4HTE0	1	44	N-terminal
F4I5S1	1	110	N-terminal
F4I5S1	213	751	middle
F4I7D2	1	634	N-terminal
F4I7D2	693	744	middle
F4I7D2	1027	1110	middle
F4IMD9	195	233	middle
F4J9Z7	1	32	N-terminal
F4JV88	1	96	N-terminal
F4JZW1	1	34	N-terminal
F4JZW1	376	494	C-terminal
F4K4X2	1	67	N-terminal
F4KCE9	126	598	C-terminal
O22160	1	100	N-terminal
O48848	1	201	IDP
O49298	1	43	N-terminal
O65507	185	216	middle
O80337	1	151	N-terminal
O80337	209	268	C-terminal
O80638	323	374	C-terminal
O80755	1	48	N-terminal
O80755	303	371	C-terminal
O81893	1	63	N-terminal
P0C041	88	122	middle
P0C041	268	310	C-terminal
P49062	1	37	N-terminal
Q0V7U5	1	34	N-terminal
Q0WPF2	1	38	N-terminal
Q0WPF2	187	808	C-terminal
Q0WV37	65	577	C-terminal
Q3EAM7	1	35	N-terminal
Q4PSP2	147	211	C-terminal
Q5XV54	70	253	middle
Q5XV54	313	371	middle
Q8H106	1	166	N-terminal
Q8H106	498	632	C-terminal
Q8RXN5	204	263	middle
Q8VZD5	1	53	N-terminal
Q93YP7	1	111	N-terminal
Q949N0	161	549	C-terminal
Q94BX2	1	253	N-terminal
Q94F28	1	81	IDP
Q94K71	1	75	N-terminal
Q96529	1	59	N-terminal
Q9FG06	1	689	IDP
Q9FHY2	1	221	N-terminal
Q9FHY2	297	345	middle
Q9FJ40	1	41	N-terminal
Q9FLD8	1	85	N-terminal
Q9FLR9	1	52	N-terminal
Q9FM08	1	167	IDP
Q9LE56	1	43	N-terminal
Q9LE56	104	180	C-terminal
Q9LFN1	1	60	N-terminal
Q9LHL8	58	196	C-terminal
Q9LK77	1	31	N-terminal
Q9LMX5	1	281	N-terminal
Q9LS84	73	120	middle
Q9LS84	328	419	C-terminal
Q9LSW2	109	183	middle
Q9LSW2	432	468	middle
Q9LUD7	1	39	N-terminal
Q9LUD7	464	512	middle
Q9LY10	88	228	C-terminal
Q9M160	1	291	IDP
Q9SCK4	92	147	C-terminal
Q9SJT1	195	296	middle
Q9SJT1	612	700	C-terminal
Q9SN79	1	59	N-terminal
Q9SPG3	127	367	C-terminal
Q9SSW0	1	40	N-terminal
Q9SSW0	95	193	C-terminal
Q9SY59	1	204	N-terminal
Q9SY59	1089	1188	C-terminal
Q9T0E4	75	136	middle
Q9ZQQ1	1	85	N-terminal
Q9ZQR3	490	552	middle
Q9ZSI4	142	348	C-terminal
Q9ZUT8	761	805	middle
X5JA13	1	84	N-terminal
A0A1I9LN94	1	35	N-terminal
A0A1I9LQL9	1	125	IDP
A0A1P8B1C2	1	320	IDP
A0A1P8B952	330	377	middle
A0A1P8BD38	53	106	C-terminal
F4HZF0	203	250	middle
F4HZF0	289	350	middle
F4HZF0	782	1040	C-terminal
F4I261	1	84	N-terminal
F4I957	99	140	C-terminal
F4IHR4	1	40	N-terminal
F4IPJ1	913	950	middle
F4IPJ1	997	1033	middle
F4IPJ1	1571	1618	middle
F4IPJ1	1995	2075	middle
F4IPJ1	3214	3306	middle
F4IUY8	1	709	N-terminal
F4IUY8	968	1006	C-terminal
F4JCM7	1	70	N-terminal
F4JCM7	420	473	middle
F4JCM7	679	719	middle
F4JCM7	1070	1108	middle
F4JCM7	1319	1376	C-terminal
F4KDA5	1	33	N-terminal
F4KDA5	209	239	middle
F4KG06	1	57	N-terminal
O22784	243	304	C-terminal
O65607	1	99	N-terminal
O81315	1	96	N-terminal
O81315	157	257	C-terminal
P04778	1	49	N-terminal
P0DKI5	229	310	middle
Q38831	1	121	N-terminal
Q39204	1	62	N-terminal
Q39204	266	455	middle
Q56XP4	445	546	C-terminal
Q6IM87	1	48	IDP
Q84JK0	1	192	N-terminal
Q84JK0	275	660	C-terminal
Q8L8Y4	1	95	IDP
Q8RX60	1	72	N-terminal
Q8S944	1	37	N-terminal
Q8S944	542	640	middle
Q8S944	755	808	C-terminal
Q8VYF4	1	40	N-terminal
Q8VZS3	52	354	C-terminal
Q8W4C5	1	43	N-terminal
Q9C550	1	75	N-terminal
Q9C8R5	99	176	C-terminal
Q9FE17	397	473	C-terminal
Q9FEP7	1	33	N-terminal
Q9FNQ6	1	272	N-terminal
Q9FPH2	1	129	IDP
Q9FRK8	262	296	C-terminal
Q9LDS0	1	90	N-terminal
Q9LES2	1	102	N-terminal
Q9LES2	200	248	middle
Q9LES2	322	478	C-terminal
Q9LNB6	191	249	middle
Q9LNH6	110	188	middle
Q9LQZ2	1	39	N-terminal
Q9LQZ2	96	206	C-terminal
Q9LSE1	1	54	N-terminal
Q9LSE1	365	432	C-terminal
Q9LV98	1	32	N-terminal
Q9LVN2	463	496	middle
Q9LY04	1	64	N-terminal
Q9LZP8	1	35	N-terminal
Q9M097	67	196	middle
Q9M9W8	1	45	N-terminal
Q9M9W8	121	172	middle
Q9M9W8	612	678	middle
Q9MAG4	1	42	N-terminal
Q9SHJ6	1	44	N-terminal
Q9SHJ6	274	323	C-terminal
Q9SLT8	66	114	middle
Q9SLT8	293	324	C-terminal
Q9SMT2	1	50	N-terminal
Q9SR18	1	95	N-terminal
Q9SR18	226	303	middle
Q9SUH2	1	91	IDP
Q9SZV0	1	90	N-terminal
Q9ZU70	1	67	N-terminal
Q9ZU70	167	220	C-terminal
Q9ZUF6	145	212	middle
Q9ZUS0	1	47	N-terminal
Q9ZW21	1	106	N-terminal
A0A178U9T0	1	74	IDP
A0A1I9LN13	1	170	N-terminal
A0A1I9LN13	220	317	C-terminal
A0A1P8B118	1	58	N-terminal
A0A1P8B118	495	1210	middle
A0A1P8B118	1326	1461	middle
A0A1P8B118	1817	1888	C-terminal
C0SUW7	1	101	N-terminal
C0SUW7	207	296	middle
F4HR54	1525	1556	C-terminal
F4HTN4	1	49	N-terminal
F4HTN4	342	391	middle
F4J4V4	295	327	middle
F4JGI4	1	103	N-terminal
F4JIN3	605	661	C-terminal
O04191	1	134	N-terminal
O04191	220	280	middle
O22256	1	34	N-terminal
O23504	1	204	IDP
O49323	1	131	N-terminal
O49323	615	676	middle
O80341	1	158	N-terminal
O80996	1	58	N-terminal
O80996	431	479	C-terminal
P27521	1	60	N-terminal
Q06BH3	250	469	middle
Q1G3R8	1	36	N-terminal
Q1PE83	1	45	N-terminal
Q1PEH0	1	35	IDP
Q1PFB1	79	205	middle
Q3EC41	1	105	IDP
Q42533	1	106	N-terminal
Q42533	145	218	middle
Q4PS45	1	52	N-terminal
Q58G02	144	190	C-terminal
Q5G5E0	110	178	middle
Q682E1	1	83	N-terminal
Q682E1	373	482	C-terminal
Q6NKS4	1	95	N-terminal
Q6NKT5	227	331	C-terminal
Q84WU1	1	107	N-terminal
Q84WU1	426	530	C-terminal
Q8GUK5	1	64	N-terminal
Q8L742	1	83	N-terminal
Q8LC42	1	47	N-terminal
Q8LC42	137	269	C-terminal
Q8LD43	1	62	IDP
Q8RXX5	1	107	N-terminal
Q8VYD8	1	74	N-terminal
Q8VZ13	1	32	N-terminal
Q93ZX7	1	157	N-terminal
Q94BV1	1	63	IDP
Q94K76	1	33	N-terminal
Q94K76	298	353	middle
Q9C7C4	74	131	middle
Q9C7C4	197	267	middle
Q9C7W0	1	85	IDP
Q9C965	1	101	N-terminal
Q9C965	164	214	middle
Q9FHN5	1	35	N-terminal
Q9FM60	1	86	N-terminal
Q9FM60	137	191	C-terminal
Q9FNK4	1	42	N-terminal
Q9LKA9	1	51	N-terminal
Q9LPC5	43	78	middle
Q9LPC5	216	330	middle
Q9LPC5	563	604	middle
Q9LPC5	981	1043	middle
Q9LQC0	1	58	N-terminal
Q9LSN1	1	165	IDP
Q9LUZ1	109	154	middle
Q9LX34	1	95	IDP
Q9M082	200	264	middle
Q9M082	420	539	middle
Q9M082	630	698	C-terminal
Q9M170	1	72	IDP
Q9M391	183	280	C-terminal
Q9SAI9	159	231	C-terminal
Q9SLV3	1	94	N-terminal
Q9SMM5	221	289	C-terminal
Q9SN86	1	74	N-terminal
Q9SNB8	1	206	N-terminal
Q9SNC4	178	307	C-terminal
Q9SUF1	342	384	C-terminal
Q9XIK6	1	80	N-terminal
Q9XIK6	230	353	middle
Q9XIK6	647	887	middle
Q9XIK6	1132	1173	C-terminal
Q9ZUM0	91	669	C-terminal
A0A1I9LN71	1	39	N-terminal
A0A1I9LTS9	1	39	N-terminal
A0A1P8APT0	1	73	IDP
A0A1P8AV59	1	141	IDP
F4IR95	1	118	N-terminal
F4IUR7	1	95	N-terminal
F4J1N5	1	53	N-terminal
F4J1N5	151	230	middle
F4J1N5	754	805	C-terminal
F4JDY6	345	388	middle
F4K172	1	69	N-terminal
O81069	502	564	middle
P30182	1191	1473	C-terminal
P37106	434	479	C-terminal
P42158	300	450	C-terminal
P52410	1	59	N-terminal
P59169	1	41	N-terminal
P92529	1	90	N-terminal
P92529	145	215	C-terminal
Q0WP44	380	412	middle
Q0WRB2	1	42	N-terminal
Q6DSS7	57	92	C-terminal
Q6IM86	1	144	IDP
Q6NM26	1	35	N-terminal
Q6NM26	106	222	C-terminal
Q6R8G5	39	107	middle
Q6R8G5	196	299	middle
Q7XHI5	1	221	N-terminal
Q7XHI5	296	362	C-terminal
Q84M91	65	444	C-terminal
Q8GW25	87	173	C-terminal
Q8GXW8	310	494	middle
Q8GXW8	568	664	C-terminal
Q8GYJ5	224	343	C-terminal
Q8H0T6	1	69	N-terminal
Q8L7W3	142	878	C-terminal
Q8LDU4	1	48	N-terminal
Q8LE98	1	156	N-terminal
Q8LE98	280	344	C-terminal
Q8VY52	1	74	N-terminal
Q8W030	1	301	N-terminal
Q944G5	1	55	N-terminal
Q94JV1	1	124	N-terminal
Q94JV1	261	329	middle
Q9C5C8	1	72	N-terminal
Q9C8S1	1	35	N-terminal
Q9C9V2	1	78	IDP
Q9FF78	1	60	N-terminal
Q9FG01	292	379	middle
Q9FIT7	1	32	N-terminal
Q9FK46	102	133	C-terminal
Q9FM77	1	48	N-terminal
Q9FX53	1	104	N-terminal
Q9FX53	177	221	middle
Q9LDE1	152	323	C-terminal
Q9LRX9	1	89	N-terminal
Q9LTE4	1	185	IDP
Q9LU07	1	62	N-terminal
Q9LXR8	261	318	C-terminal
Q9LXS2	1	67	N-terminal
Q9M9S2	1	31	N-terminal
Q9SGJ0	142	400	middle
Q9SGJ0	509	548	middle
Q9SGJ0	590	623	middle
Q9SGJ0	815	885	middle
Q9SII4	1	140	IDP
Q9SKL2	341	373	C-terminal
Q9SKT5	1	52	N-terminal
Q9SUC6	1	42	N-terminal
Q9SWH5	1	33	N-terminal
Q9SWH5	74	107	middle
Q9XFT3	1	101	N-terminal
A0A1I9LMG5	503	606	middle
A0A1I9LMG5	735	817	middle
A0A1I9LMG5	969	1010	C-terminal
A0A1P8AW81	1	47	N-terminal
A0A1P8AW81	465	515	middle
A0A1P8BB69	1	170	N-terminal
A0A1P8BG62	1	76	IDP
B3H514	1	40	IDP
B3H6L5	297	385	middle
B3H7L4	1	53	IDP
E3VNM4	1	165	N-terminal
F4HTE6	209	240	middle
F4IBD7	247	306	middle
F4IBD7	688	746	C-terminal
F4IHH0	167	307	middle
F4IHH0	505	583	C-terminal
F4IPX8	1	41	N-terminal
F4IYF8	1	39	N-terminal
F4IYF8	347	381	middle
F4JLH5	1	50	N-terminal
F4K7J1	147	257	middle
O04378	1	37	N-terminal
O22609	1	104	N-terminal
O81208	1	59	N-terminal
P49678	1	79	N-terminal
P93008	1	171	N-terminal
Q0WWX4	1	68	N-terminal
Q0WWX4	365	557	middle
Q1ACB3	1	80	N-terminal
Q1PE06	132	180	C-terminal
Q1PE76	1	176	IDP
Q2V3S7	1	85	IDP
Q3ECV3	1	104	IDP
Q681Q7	138	272	C-terminal
Q6NKQ9	1	32	N-terminal
Q6NKR3	72	136	middle
Q6R0H1	88	645	C-terminal
Q84M98	1	224	N-terminal
Q84MB5	1	74	N-terminal
Q8GWP4	1	87	N-terminal
Q8LA01	36	69	C-terminal
Q8RXG3	1	75	N-terminal
Q8S8M5	140	298	C-terminal
Q8VYS9	1	45	N-terminal
Q8W4E7	1	97	N-terminal
Q93ZS1	378	717	C-terminal
Q9C928	1	62	N-terminal
Q9C9J8	1	74	N-terminal
Q9C9J8	116	216	C-terminal
Q9C9X8	218	334	C-terminal
Q9CAD5	1	401	N-terminal
Q9CAD5	662	883	C-terminal
Q9FGP1	1	149	N-terminal
Q9FHG0	1083	1123	C-terminal
Q9FK88	1	129	N-terminal
Q9FMH4	1	219	N-terminal
Q9FXH3	1	70	N-terminal
Q9FYC5	205	313	middle
Q9FYC5	484	534	C-terminal
Q9LK82	1	64	N-terminal
Q9LK82	143	609	middle
Q9LK82	646	818	middle
Q9LK82	860	977	C-terminal
Q9LMC7	1	285	IDP
Q9LSP6	120	197	middle
Q9LTS3	1	53	N-terminal
Q9LVA2	1	41	N-terminal
Q9LVQ9	1	57	N-terminal
Q9LVQ9	337	405	C-terminal
Q9LVU1	110	160	middle
Q9LYP4	1	40	N-terminal
Q9LYP4	221	303	C-terminal
Q9LZF1	84	155	middle
Q9LZF1	219	392	C-terminal
Q9M1P7	599	703	C-terminal
Q9M1Q3	182	279	C-terminal
Q9M357	1	54	N-terminal
Q9S702	1	69	N-terminal
Q9SDA2	1	486	N-terminal
Q9SH40	1	31	N-terminal
Q9SJ22	237	271	middle
Q9SJ22	658	725	middle
Q9SR96	1	192	N-terminal
Q9SR96	415	503	middle
Q9SRN2	40	186	C-terminal
Q9SUE9	92	170	middle
Q9SUE9	232	504	C-terminal
Q9SV37	1	112	IDP
Q9SZ03	1	108	N-terminal
Q9SZ03	198	241	middle
Q9SZ03	463	495	C-terminal
Q9XI10	1	31	N-terminal
Q9XI28	1	72	N-terminal
Q9XI96	1	315	N-terminal
Q9XI96	601	699	C-terminal
Q9ZW07	1	621	N-terminal
A0A1I9LLJ2	1	68	N-terminal
A0A1P8AWD1	1	174	IDP
A0A1P8B2G4	1	313	N-terminal
A1YKT1	1	165	N-terminal
A1YKT1	210	433	C-terminal
A2RVW1	1	126	N-terminal
B3H5C2	1	42	IDP
B3H7D7	1	35	IDP
B6EUC0	139	305	C-terminal
B9DGD6	1	96	N-terminal
C0LGQ9	600	743	middle
F4HPH1	1	32	N-terminal
F4I5X3	1	50	N-terminal
F4I701	268	364	middle
F4I701	456	561	middle
F4I701	747	972	C-terminal
F4IG49	1	118	N-terminal
F4IG49	216	494	C-terminal
F4J099	1	124	N-terminal
F4JCH0	1	195	IDP
F4JJ78	1	155	IDP
F4JRH5	51	82	middle
F4K3A9	1	89	N-terminal
F4KIT4	1	61	N-terminal
O22870	1	81	N-terminal
O23262	1	40	N-terminal
O23262	80	117	C-terminal
O23278	1	84	N-terminal
O64584	1	41	N-terminal
O64584	100	175	middle
O64584	266	326	middle
Q0PCS3	1	151	N-terminal
Q0PCS3	678	910	C-terminal
Q0V7S5	1	64	N-terminal
Q0V7S5	231	308	middle
Q0WTS1	1	315	IDP
Q0WVW4	1	60	N-terminal
Q0WVW4	227	607	C-terminal
Q1PFY7	1	386	IDP
Q27GL4	107	172	middle
Q38872	1	57	N-terminal
Q39191	703	735	C-terminal
Q5PP69	1	303	IDP
Q6NLF5	67	99	C-terminal
Q6NQ63	1	278	N-terminal
Q6NQ63	327	523	middle
Q84JB7	1	139	N-terminal
Q84JB7	245	430	middle
Q84JB7	477	530	C-terminal
Q8GXI5	1	40	N-terminal
Q8GXW1	1	157	N-terminal
Q8GYA4	256	332	middle
Q8GYA4	634	669	C-terminal
Q8L746	1	41	N-terminal
Q8L746	555	586	C-terminal
Q8VZM9	1	159	IDP
Q940M5	94	324	C-terminal
Q949M4	1	198	N-terminal
Q949M4	248	747	middle
Q949M4	815	889	middle
Q9C8N0	1	46	N-terminal
Q9C8N0	193	226	middle
Q9FGR0	445	504	middle
Q9FHA3	1	339	N-terminal
Q9FMY5	187	283	C-terminal
Q9FPT5	304	958	middle
Q9FPT5	1040	1083	C-terminal
Q9FVS0	93	132	middle
Q9FWY9	1	75	N-terminal
Q9LS59	1	95	N-terminal
Q9LTR9	1	81	N-terminal
Q9LZY0	484	677	C-terminal
Q9SI58	416	516	C-terminal
Q9SNA3	532	577	middle
Q9SUS3	584	661	middle
Q9SVW2	1	211	N-terminal
Q9SX29	1	76	N-terminal
Q9SZY1	1	78	N-terminal
Q9SZY1	143	212	C-terminal
A0A1I9LQU9	1	140	N-terminal
A0A1I9LQU9	179	258	C-terminal
A0A1P8BB64	1	80	N-terminal
A0A1P8BB64	127	160	middle
A0A1P8BB64	219	279	C-terminal
A2RVJ8	1	136	N-terminal
B3H7G8	1	48	IDP
B7ZWR7	38	131	middle
B7ZWR7	516	565	C-terminal
F4I2J8	1	131	N-terminal
F4I2J8	450	564	middle
F4ID59	1	47	N-terminal
F4IF29	1	58	N-terminal
F4IGQ9	1	40	N-terminal
F4IRH5	1	138	N-terminal
F4J4Y8	1	92	N-terminal
F4JDI6	1	105	N-terminal
F4JDI6	535	839	middle
F4JDI6	1079	1114	C-terminal
F4JRF4	1	127	N-terminal
F4KFP8	1	112	N-terminal
F4KFP8	197	351	middle
O04291	119	170	middle
O04615	51	116	middle
O49538	138	374	C-terminal
O65389	283	329	C-terminal
O65426	1	39	N-terminal
O82210	1	44	N-terminal
P25860	1	81	IDP
P25864	1	53	N-terminal
Q058J1	1	33	N-terminal
Q0WQQ1	129	232	C-terminal
Q2V3L5	1	37	N-terminal
Q38803	1	45	IDP
Q3E9B8	1	55	N-terminal
Q5XV94	1	34	N-terminal
Q5XV94	112	214	C-terminal
Q681I0	1	97	N-terminal
Q681I0	381	465	C-terminal
Q6E238	1	95	N-terminal
Q6NN03	1	63	IDP
Q8GWA7	1	349	IDP
Q8GYV3	1	62	N-terminal
Q8L7R3	157	188	middle
Q8LEA8	63	199	middle
Q8RWZ5	769	821	C-terminal
Q8VYH4	1	53	N-terminal
Q8VYH4	143	179	middle
Q94AK0	1	97	IDP
Q94FL7	136	523	C-terminal
Q9C7R6	690	729	C-terminal
Q9FFA2	163	278	middle
Q9FLW0	1	71	N-terminal
Q9FLW0	430	476	middle
Q9FLW0	766	824	C-terminal
Q9FNY0	1	166	N-terminal
Q9FNY0	357	485	C-terminal
Q9LET8	106	353	C-terminal
Q9LEW4	1	76	N-terminal
Q9LHJ2	217	257	middle
Q9LN10	1	46	N-terminal
Q9LN10	115	341	middle
Q9LN10	399	429	middle
Q9LTD3	1	107	IDP
Q9LTV4	119	239	C-terminal
Q9LUJ8	428	459	C-terminal
Q9M0I6	1	95	N-terminal
Q9M0Y5	130	324	C-terminal
Q9M9A2	1	156	IDP
Q9S7D6	72	137	C-terminal
Q9S7N9	1	140	N-terminal
Q9SCX3	73	139	middle
Q9SJN7	1	40	N-terminal
Q9SQZ1	82	140	C-terminal
Q9SXC1	77	132	C-terminal
Q9ZUU5	1	45	N-terminal
A0A1I9LSS3	1	46	N-terminal
A0A1P8AMP4	430	468	middle
A0A1P8AMP4	1035	1239	middle
A0A1P8AMP4	1851	1891	middle
A0A1P8AMP4	2187	2249	middle
A0A1P8AMP4	3166	3245	middle
A0A1P8AMP4	3467	3549	middle
A0A1P8AMP4	4086	4132	C-terminal
A0A1P8ARM4	1	66	IDP
A0A1P8AZ85	1	115	IDP
A0A1P8B5G1	1	61	N-terminal
A0A1P8B5G1	109	159	C-terminal
A0JPW4	1	134	IDP
B0F481	1	32	N-terminal
B3H6J5	1	54	N-terminal
B3H6J5	105	591	C-terminal
F4HUW0	1	87	N-terminal
F4IQJ6	1	38	N-terminal
F4IWG7	1	77	N-terminal
F4IWG7	499	710	middle
F4IWG7	794	913	C-terminal
F4IXX4	434	574	C-terminal
F4J328	1	327	IDP
F4J549	414	446	middle
F4J549	967	1050	middle
F4J8C8	1	41	N-terminal
F4JS27	1	55	N-terminal
F4JVE8	131	237	middle
F4JVE8	681	819	middle
F4JVE8	881	967	middle
F4JYJ1	1	46	N-terminal
F4K7A8	1	43	N-terminal
O04087	1	260	N-terminal
O22212	1	94	N-terminal
O23167	79	115	middle
O49471	1128	1189	C-terminal
O64642	1	410	N-terminal
O82384	1	38	N-terminal
P16972	1	43	N-terminal
Q0WU02	1	125	N-terminal
Q1PF16	1	116	N-terminal
Q38929	1	61	N-terminal
Q42351	1	42	N-terminal
Q58FT1	73	133	middle
Q58FT1	170	232	C-terminal
Q5XVA8	1	34	N-terminal
Q5XVA8	222	264	middle
Q5XVA8	440	480	C-terminal
Q6NKT6	367	409	middle
Q6NPC9	1	61	N-terminal
Q6NPC9	145	189	middle
Q6R0E3	1	355	N-terminal
Q6R0E3	432	525	middle
Q84JI6	1	117	N-terminal
Q8GUG9	147	239	middle
Q8GUK1	1	85	N-terminal
Q8L7H3	320	357	C-terminal
Q8S9L0	1	171	N-terminal
Q8S9L0	241	396	C-terminal
Q8VY55	1	63	N-terminal
Q8VZG7	224	270	middle
Q8VZG7	461	505	middle
Q8VZN1	1	97	N-terminal
Q8VZN1	142	189	middle
Q94A73	56	109	middle
Q94A73	203	251	middle
Q94A73	539	668	C-terminal
Q9C6G8	92	201	middle
Q9FH28	1	79	N-terminal
Q9FH28	122	299	middle
Q9FJR6	128	174	C-terminal
Q9FR53	1	42	N-terminal
Q9FR53	820	858	middle
Q9FR53	1162	1209	middle
Q9FR53	2352	2383	middle
Q9FR53	2419	2481	C-terminal
Q9LFQ4	1	95	N-terminal
Q9LHR4	1	58	N-terminal
Q9LIJ0	117	153	C-terminal
Q9LJQ5	1	34	N-terminal
Q9LR67	1	63	N-terminal
Q9LUL8	1	82	N-terminal
Q9LZ00	1	138	N-terminal
Q9LZ00	211	426	C-terminal
Q9M2H9	147	180	middle
Q9MAI5	89	185	C-terminal
Q9S7J8	1	40	N-terminal
Q9SKC3	1	38	N-terminal
Q9SKC3	504	543	C-terminal
Q9SUV1	1	104	N-terminal
Q9SVS5	102	139	C-terminal
Q9SXA0	1	36	N-terminal
Q9XIC7	1	34	N-terminal
Q9XIC7	214	282	middle
Q9ZQ31	1	78	N-terminal
A0A1P8B2M5	1	44	N-terminal
A0A1P8B2M5	153	192	C-terminal
A8MRF6	1	44	N-terminal
B3H4W1	1	61	IDP
B3H511	1	41	IDP
B3H6I2	1	65	IDP
F4J0W8	1	978	IDP
F4JCQ3	1	32	N-terminal
F4JCV6	76	555	middle
F4JG23	1	56	N-terminal
F4JGH3	1	131	N-terminal
F4JTE7	1	59	N-terminal
F4K2L8	1	112	N-terminal
F4KF27	129	211	C-terminal
F4KHD8	1838	1923	C-terminal
F4KIH4	1	33	N-terminal
O04023	137	324	C-terminal
O22919	86	177	C-terminal
O23515	161	204	C-terminal
O64843	1	396	N-terminal
O65665	1	54	N-terminal
O65665	153	272	C-terminal
O80642	1	34	N-terminal
O80692	1	92	N-terminal
O81312	1	74	N-terminal
P38389	1	82	IDP
Q6DR24	1	211	IDP
Q6X5U0	1	40	IDP
Q84JH9	1	95	N-terminal
Q8GW42	1	41	N-terminal
Q8LF36	1	77	N-terminal
Q8RWT8	1	72	N-terminal
Q93WV5	1	71	N-terminal
Q93WV5	126	235	middle
Q93ZV1	1	70	N-terminal
Q94AD9	1	36	N-terminal
Q94AD9	160	404	C-terminal
Q94F50	1	65	N-terminal
Q9C666	1	46	N-terminal
Q9C8H0	839	894	middle
Q9C900	1	127	N-terminal
Q9C9I2	85	183	C-terminal
Q9CAP9	1	51	N-terminal
Q9CAP9	248	340	middle
Q9CAP9	638	779	C-terminal
Q9FH54	1	103	N-terminal
Q9FH54	143	248	C-terminal
Q9LE45	1	109	N-terminal
Q9LFV0	1	95	N-terminal
Q9LSZ3	1	141	N-terminal
Q9LU41	1	60	N-terminal
Q9LYT2	1	67	N-terminal
Q9LYT2	525	583	C-terminal
Q9M035	1	427	IDP
Q9M2D8	1	91	N-terminal
Q9M8M0	109	192	C-terminal
Q9SAJ7	1	70	N-terminal
Q9SCR0	1	174	N-terminal
Q9SH93	258	305	C-terminal
Q9SK90	128	174	C-terminal
Q9SYS6	1	46	N-terminal
Q9SYS6	137	216	C-terminal
Q9ZT63	1	52	N-terminal
Q9ZT63	183	245	middle
Q9ZU11	113	158	middle
Q9ZU11	591	628	middle
Q9ZVB8	1	251	N-terminal
A0A1P8AXN5	1	40	IDP
A0A1P8B2I1	1	33	N-terminal
B3H4Q0	1	86	IDP
B9DI20	1	95	N-terminal
B9DI20	167	359	C-terminal
F4HSR6	1	89	N-terminal
F4HSR6	145	222	middle
F4HTT8	1	99	IDP
F4HXC5	1	122	N-terminal
F4HXC5	196	243	C-terminal
F4IDQ6	59	128	middle
F4IDQ6	1011	1044	middle
F4IDQ6	1109	1576	C-terminal
F4J8V5	1	67	N-terminal
F4J8V5	263	625	C-terminal
F4JC80	1	325	N-terminal
F4JC80	408	892	C-terminal
O23491	1	74	N-terminal
O48713	1	51	N-terminal
O48713	215	585	C-terminal
O49290	1	34	N-terminal
O80832	1	108	N-terminal
O82485	1	67	N-terminal
P42749	150	185	C-terminal
Q39071	1	163	N-terminal
Q56Y42	1	57	N-terminal
Q6AWW7	121	298	middle
Q6AWW7	382	457	C-terminal
Q6DYC0	1	182	N-terminal
Q84ND9	1	225	N-terminal
Q84ND9	650	693	middle
Q84Q60	1	176	N-terminal
Q8GW89	1	99	IDP
Q8LGD1	1	99	IDP
Q8LPK7	1	36	N-terminal
Q8LPK7	402	455	middle
Q8LPK7	645	678	C-terminal
Q8LPL8	1	100	N-terminal
Q8LPL8	711	777	middle
Q8RY12	298	532	C-terminal
Q8VZ91	1	107	N-terminal
Q8VZ91	204	282	C-terminal
Q93ZV0	1	70	N-terminal
Q94II3	1	69	N-terminal
Q94JU3	213	260	C-terminal
Q9C5H9	1	55	N-terminal
Q9C920	1	42	N-terminal
Q9C9Z1	1	97	N-terminal
Q9CAL7	1	154	IDP
Q9FE83	456	527	C-terminal
Q9FGR1	1	828	IDP
Q9FJJ5	122	188	middle
Q9FJJ5	262	293	C-terminal
Q9FL12	1	112	N-terminal
Q9FL68	1	45	N-terminal
Q9FL77	1	49	N-terminal
Q9FMM4	1	536	N-terminal
Q9FMZ3	1	147	N-terminal
Q9FMZ3	209	641	middle
Q9FVX2	1	87	N-terminal
Q9FXA6	982	1096	C-terminal
Q9LDI5	180	321	C-terminal
Q9LFF2	1	50	N-terminal
Q9LNG8	143	323	C-terminal
Q9LS86	93	367	middle
Q9LTI5	1	221	N-terminal
Q9LUA5	1	170	IDP
Q9LXF1	125	326	C-terminal
Q9LXK6	1	157	IDP
Q9LXX4	1	186	N-terminal
Q9LXX4	227	280	middle
Q9LXX4	318	585	middle
Q9LZM1	1	60	N-terminal
Q9LZM1	354	396	middle
Q9M1Y0	1	100	N-terminal
Q9M1Y0	434	477	C-terminal
Q9S790	1	92	N-terminal
Q9SGP2	961	996	C-terminal
Q9SGU2	1	33	N-terminal
Q9SIY2	1	168	IDP
Q9SJ02	1	85	N-terminal
Q9SKZ5	1	114	N-terminal
Q9SN36	1	63	N-terminal
Q9SSP5	1	78	N-terminal
Q9SYZ5	1	187	N-terminal
Q9XIM0	1	203	IDP
Q9ZQG8	1	71	N-terminal
Q9ZSJ2	1	69	N-terminal
Q9ZTA2	178	266	middle
A0AQW4	1	126	N-terminal
A0AQW4	169	356	C-terminal
A4FVN8	1	53	N-terminal
A4FVN8	150	254	middle
B3H6F6	1	62	IDP
F4IGU3	1	300	IDP
F4IPY0	1	309	IDP
F4JAF4	1	136	IDP
F4JCI4	1	41	N-terminal
F4JPJ1	1	88	N-terminal
F4JPJ1	431	477	middle
F4KI00	1	122	N-terminal
F4KI00	419	456	C-terminal
O22812	1	151	N-terminal
O22812	280	351	C-terminal
O22958	1	75	N-terminal
O48522	1	172	IDP
O49629	1	71	N-terminal
O80772	376	487	middle
O80952	1	105	N-terminal
P0C2G4	1	33	N-terminal
P0DKI1	1	135	N-terminal
P10798	1	57	N-terminal
Q1PE17	1	46	N-terminal
Q1PEN0	670	718	C-terminal
Q42577	1	62	N-terminal
Q5XV04	263	303	C-terminal
Q6NLZ8	1	46	N-terminal
Q6NLZ8	135	215	C-terminal
Q6XBF8	1	46	N-terminal
Q7XJL2	811	925	C-terminal
Q8GWP1	152	391	C-terminal
Q8H111	1	98	N-terminal
Q8H111	522	609	middle
Q8H111	671	811	middle
Q8RY81	1	41	N-terminal
Q8S9J0	1	40	N-terminal
Q8VY70	1	41	N-terminal
Q8VZL4	1	133	N-terminal
Q8W493	1	80	N-terminal
Q93VB8	1	52	N-terminal
Q93VM8	55	87	middle
Q940U2	1	71	N-terminal
Q940U2	137	182	C-terminal
Q94A09	1	72	N-terminal
Q94A09	233	319	middle
Q9AT76	163	196	C-terminal
Q9C944	1	33	N-terminal
Q9C9I9	1	120	N-terminal
Q9C9I9	427	655	C-terminal
Q9CAI2	1	69	N-terminal
Q9CAI2	154	414	C-terminal
Q9FGH9	146	185	middle
Q9FHC2	1	69	N-terminal
Q9FHC2	197	268	C-terminal
Q9FHS4	1	94	N-terminal
Q9FHS4	130	170	C-terminal
Q9FM62	65	126	middle
Q9FMF9	1	451	N-terminal
Q9FWX2	166	395	C-terminal
Q9FZB8	498	564	middle
Q9LF94	82	195	middle
Q9LHA3	1	76	N-terminal
Q9LII0	128	188	C-terminal
Q9LTI4	1	172	IDP
Q9LVS8	1	245	IDP
Q9LYV5	1	61	N-terminal
Q9LYV5	185	244	middle
Q9SB42	1	131	N-terminal
Q9SB42	239	307	middle
Q9SFB6	272	558	middle
Q9SFB6	784	1038	middle
Q9SHU6	261	459	middle
Q9SKF8	1	137	N-terminal
Q9SLM8	1	58	N-terminal
Q9SUM3	1	44	N-terminal
Q9SUM4	82	143	middle
Q9SUM4	314	367	middle
Q9SUM4	453	620	middle
Q9SZ96	301	335	C-terminal
Q9XIF7	1	41	N-terminal
Q9XIF7	153	230	middle
Q9ZUA8	108	304	C-terminal
A0A1P8AP12	1	41	IDP
A0A1P8BBB0	1	82	IDP
A0A1P8BDK1	1	76	IDP
C0LGG3	496	563	middle
F4IAW1	1	34	N-terminal
F4IV18	1	128	N-terminal
F4IV18	207	267	middle
F4J7V7	1	105	IDP
F4K128	1	71	N-terminal
F4K128	307	361	middle
F4K128	864	1064	C-terminal
F4KEN8	1	135	N-terminal
F4KEN8	184	377	middle
F8S296	340	456	middle
F8S296	646	724	middle
F8S296	1220	1465	middle
F8S296	1771	1892	C-terminal
O22456	181	251	C-terminal
O23404	1	91	N-terminal
O23614	1	122	N-terminal
O48593	1	77	N-terminal
P25873	1	133	N-terminal
P41127	1	206	IDP
Q0WVR7	1	305	N-terminal
Q0WVV6	382	601	C-terminal
Q1G3S2	1	99	IDP
Q1PEM2	1	120	N-terminal
Q1PEM2	238	306	middle
Q1PEM2	614	649	middle
Q1PF17	1	118	N-terminal
Q1PF17	190	225	middle
Q29PZ8	1	78	N-terminal
Q41932	1	113	N-terminal
Q56Y76	165	500	C-terminal
Q5PNU3	106	331	middle
Q6E276	1	66	N-terminal
Q84JU5	1	50	N-terminal
Q8GX72	1	62	N-terminal
Q8L794	1	51	N-terminal
Q8L7Z2	332	389	middle
Q8L8A6	79	397	C-terminal
Q8LAM2	207	315	C-terminal
Q8LPI7	299	414	C-terminal
Q8RY15	1	626	IDP
Q8VYB9	1	73	N-terminal
Q8VYB9	588	686	middle
Q94A79	1	53	N-terminal
Q94B59	1	61	N-terminal
Q9CAK8	1	70	N-terminal
Q9FKB6	488	614	C-terminal
Q9FNZ4	1	112	IDP
Q9FZ68	272	358	C-terminal
Q9LDU1	1	85	IDP
Q9LFD0	1	35	N-terminal
Q9LFD0	324	358	middle
Q9LFI4	88	179	middle
Q9LFL7	1	37	N-terminal
Q9LK59	76	183	C-terminal
Q9LPC6	1	71	N-terminal
Q9LPC6	489	554	middle
Q9LPC6	594	628	middle
Q9LSW9	73	146	middle
Q9LSW9	217	375	C-terminal
Q9LZ60	1	115	IDP
Q9S7I6	1	34	N-terminal
Q9S7I6	771	812	middle
Q9SD66	1	100	IDP
Q9SGW5	1	202	N-terminal
Q9SQI2	150	188	middle
Q9SQI2	601	642	middle
Q9SQI2	820	869	middle
Q9SQQ6	185	338	C-terminal
Q9SSA4	1	100	N-terminal
Q9SU55	152	300	C-terminal
Q9SU89	1	64	N-terminal
Q9SUI2	242	280	middle
Q9SUI2	588	623	middle
Q9SYB2	1	32	N-terminal
Q9T007	1	38	N-terminal
Q9T0H1	1	125	IDP
Q9XI81	1	57	N-terminal
Q9XII4	1	66	N-terminal
Q9ZPV4	1	124	IDP
A0A1P8ASZ9	173	280	middle
A0A1P8AUG1	88	168	middle
A0A1P8AUG1	304	434	C-terminal
A0A1P8AZZ4	1	69	IDP
A8MPR5	1	96	N-terminal
F4I6S6	1	306	N-terminal
F4I6S6	638	1239	C-terminal
F4IG73	1	175	N-terminal
F4IG73	1013	1128	middle
F4IG73	1398	1502	middle
F4IG73	1551	1689	middle
F4IG73	1773	1911	middle
F4IG73	2031	2217	middle
F4IG73	2756	2789	middle
F4IHC3	1	146	IDP
F4IKD6	1	34	N-terminal
F4J284	151	195	middle
F4J3J5	1	128	N-terminal
F4J3J5	219	459	middle
O04292	119	164	middle
O04292	593	634	middle
O04529	306	378	C-terminal
O22224	158	188	middle
O48801	1	110	N-terminal
O49499	1	32	N-terminal
O80777	172	206	middle
O82133	1	76	N-terminal
O82133	136	330	C-terminal
Q01908	1	49	N-terminal
Q0V7S6	1	41	N-terminal
Q2V304	1	49	N-terminal
Q39110	1	31	N-terminal
Q42538	1	31	N-terminal
Q4PL95	229	276	C-terminal
Q5XF57	152	243	middle
Q5XVJ1	1	73	N-terminal
Q67YJ9	1	121	N-terminal
Q7XJK5	159	320	C-terminal
Q84R21	1	194	N-terminal
Q84R21	613	653	C-terminal
Q84VP7	1	126	IDP
Q8GSF0	1	231	N-terminal
Q8GWC7	1	102	IDP
Q8GYL9	1	137	N-terminal
Q8GYL9	204	320	middle
Q8LDN2	1	34	N-terminal
Q8LFV3	1	107	N-terminal
Q8LFV3	153	448	C-terminal
Q8RX84	1	32	N-terminal
Q8S4F6	1	99	N-terminal
Q93XY1	1	70	N-terminal
Q93XY1	296	544	middle
Q93XY1	633	682	C-terminal
Q93YZ7	1	84	N-terminal
Q93ZH3	1	44	N-terminal
Q93ZH3	111	322	middle
Q94JX8	81	237	C-terminal
Q96270	1	169	IDP
Q9C825	1	39	N-terminal
Q9FFZ7	1	37	N-terminal
Q9FJ00	1	216	N-terminal
Q9FKN4	1	39	N-terminal
Q9FMF6	1	55	N-terminal
Q9FNB0	1	65	N-terminal
Q9FNG0	1	35	N-terminal
Q9LJC4	1	61	N-terminal
Q9LSL6	1	43	N-terminal
Q9LSL6	89	316	C-terminal
Q9LUQ8	131	194	C-terminal
Q9LVG3	1	42	N-terminal
Q9LYE3	190	464	middle
Q9LZD0	1	129	N-terminal
Q9MAB6	1	44	N-terminal
Q9S7R4	1	50	N-terminal
Q9SH41	244	284	C-terminal
Q9SL09	1	302	IDP
Q9SLC7	1	175	N-terminal
Q9SN03	271	317	middle
Q9SRN4	1	60	N-terminal
Q9SS94	69	228	middle
Q9STF9	1	59	N-terminal
Q9STK6	403	456	middle
Q9STT5	561	599	middle
Q9SV36	1	107	N-terminal
Q9SV36	753	792	middle
Q9T0H0	1	226	IDP
A0A1P8B9U7	1	63	IDP
A0JQ78	1	77	N-terminal
B3H5Z6	1	47	IDP
F4HS78	1	63	N-terminal
F4I792	1	124	IDP
F4I854	1	112	N-terminal
F4I854	418	692	C-terminal
F4IB76	496	554	middle
F4J8B6	1	78	N-terminal
F4JHQ0	118	1133	C-terminal
F4KDR9	232	325	middle
O22847	1	39	N-terminal
O22847	216	267	middle
O80796	1	73	N-terminal
O80796	277	330	C-terminal
O81001	1	530	IDP
Q2HIJ8	1	131	N-terminal
Q39262	1	235	IDP
Q3E9A4	1	89	N-terminal
Q5XET7	1	62	N-terminal
Q5XET7	414	473	C-terminal
Q6ID70	109	150	C-terminal
Q6NPS5	1	137	IDP
Q7G8V2	148	206	C-terminal
Q7Y175	1	230	N-terminal
Q7Y175	283	340	middle
Q8GUK8	125	173	middle
Q8GUK8	286	469	C-terminal
Q8GX73	1	61	IDP
Q8LCY2	1	79	N-terminal
Q8LDI1	1	111	N-terminal
Q8LPR8	1	76	N-terminal
Q8LPR8	634	871	C-terminal
Q8RWQ4	327	572	middle
Q8RWQ4	641	870	C-terminal
Q8RYD1	135	193	middle
Q8W3M6	93	127	middle
Q8W4B2	201	266	middle
Q8W4J3	1	42	N-terminal
Q8W4J3	446	528	C-terminal
Q93YQ5	1	61	N-terminal
Q93YQ5	141	182	middle
Q940I4	1	49	N-terminal
Q94AQ6	1	153	N-terminal
Q94LW7	1	39	N-terminal
Q94LW7	465	502	middle
Q94LW7	901	1051	C-terminal
Q9ASP6	1	103	N-terminal
Q9ASP6	368	495	C-terminal
Q9C5U1	1	79	N-terminal
Q9C5U1	605	645	middle
Q9C6V4	157	464	C-terminal
Q9C9K2	1	39	N-terminal
Q9C9N5	334	383	middle
Q9C9N5	534	590	middle
Q9FIU8	1	39	N-terminal
Q9FN29	112	156	C-terminal
Q9FRR1	1	52	N-terminal
Q9FRR1	179	209	C-terminal
Q9LFR1	251	298	middle
Q9LNC6	168	222	middle
Q9LNC6	305	383	C-terminal
Q9LPR4	1	77	N-terminal
Q9LR53	1	189	N-terminal
Q9LR53	491	740	C-terminal
Q9LRW7	1	90	N-terminal
Q9LRW7	231	513	C-terminal
Q9LT69	1	46	N-terminal
Q9LTE2	73	104	middle
Q9LYG9	1	149	N-terminal
Q9M0A1	134	190	C-terminal
Q9SIT3	130	254	middle
Q9SJE2	1	84	N-terminal
Q9SKX0	772	830	middle
Q9SQU1	185	293	middle
Q9SRU2	505	552	middle
Q9SRU2	1481	1585	middle
Q9SRU2	1626	1747	middle
Q9SRU2	2573	2612	middle
Q9SRU2	2653	2733	middle
Q9SRU2	2826	2873	middle
Q9SRU2	3135	3180	middle
Q9SRU2	3812	3931	middle
Q9SRU2	4243	4295	middle
Q9SRU2	4618	4696	middle
Q9SRU2	4842	5029	middle
Q9SW62	193	524	middle
Q9T0K9	1	76	N-terminal
Q9T0K9	147	195	C-terminal
Q9ZUH4	1	60	N-terminal
A0A1P8B2T5	110	151	middle
B3H662	1	86	IDP
B3H6J4	1	57	IDP
B3LF45	455	524	C-terminal
C0LGR9	1	39	N-terminal
C0LGR9	271	349	middle
C0LGR9	637	676	C-terminal
F4HRT5	1	47	N-terminal
F4HRT5	721	1132	C-terminal
F4HXL0	1	167	N-terminal
F4HXL0	225	339	middle
F4HXL0	639	713	C-terminal
F4HZ48	1	407	N-terminal
F4I114	1	132	N-terminal
F4I114	435	714	C-terminal
F4IBX5	1	77	N-terminal
F4ICM0	1	57	IDP
F4IIC7	1	116	IDP
F4IMQ0	225	288	C-terminal
F4INW9	141	607	middle
F4INW9	715	760	C-terminal
F4JUQ2	1	473	N-terminal
F4JUQ2	729	812	middle
F4JV39	1	46	N-terminal
O64399	124	295	C-terminal
O64580	1	77	N-terminal
O80983	1	71	N-terminal
O80983	126	229	middle
O80983	663	717	C-terminal
O81916	1	82	N-terminal
O82307	1	88	N-terminal
O82307	201	315	C-terminal
P93749	1	52	N-terminal
Q1PE89	1	53	N-terminal
Q1PEM5	1	130	N-terminal
Q38959	413	455	C-terminal
Q39249	1	106	N-terminal
Q42431	1	49	N-terminal
Q42431	143	191	C-terminal
Q5HZ54	1	150	N-terminal
Q6AWV7	1	114	IDP
Q6NMJ6	238	274	C-terminal
Q6NNI1	1	36	N-terminal
Q6NNI1	155	191	C-terminal
Q6NNL3	1	102	IDP
Q8L748	1	122	N-terminal
Q8LFR2	1	69	N-terminal
Q8LFR2	126	341	C-terminal
Q8VZR8	1	80	N-terminal
Q8VZR8	173	441	middle
Q8VZT0	1	55	N-terminal
Q8VZT0	143	202	C-terminal
Q8W4I4	633	703	middle
Q8W4J8	1	267	IDP
Q94KT8	1	38	N-terminal
Q9ASX9	1	214	N-terminal
Q9C503	1	58	N-terminal
Q9C9K1	1	99	N-terminal
Q9FIV5	48	137	C-terminal
Q9FLW2	602	655	middle
Q9FMC8	1	148	N-terminal
Q9FMC8	213	260	C-terminal
Q9FTA0	1	69	N-terminal
Q9LK03	1	331	N-terminal
Q9LK03	629	717	C-terminal
Q9LK86	1	31	N-terminal
Q9LMT6	339	405	C-terminal
Q9LPQ8	1	58	N-terminal
Q9LPQ8	461	539	middle
Q9LPZ0	1	267	N-terminal
Q9LPZ0	308	363	C-terminal
Q9LTX1	95	501	middle
Q9LTX1	578	662	C-terminal
Q9LYD2	1	127	N-terminal
Q9LYD2	181	242	C-terminal
Q9LZ86	1	256	N-terminal
Q9LZ86	316	394	middle
Q9M069	422	504	C-terminal
Q9M1S6	1	62	N-terminal
Q9M1S6	176	315	middle
Q9M8X0	452	656	C-terminal
Q9SKT1	1	181	N-terminal
Q9SKT1	245	336	C-terminal
Q9SR19	1	67	N-terminal
Q9SR71	1	397	N-terminal
Q9SR71	505	539	C-terminal
Q9SSJ8	1	353	N-terminal
Q9SSJ8	601	776	middle
Q9SSJ8	1076	1181	middle
Q9SSJ8	1306	1379	middle
Q9SVC5	1	247	IDP
Q9SZI2	231	372	C-terminal
Q9SZL4	1	47	N-terminal
Q9XEC5	1	62	N-terminal
Q9ZUS8	1	321	IDP
A0A1I9LQW3	1	87	IDP
A0A1P8AS03	1	394	N-terminal
B3H4E3	1	33	IDP
C0LGQ7	1	34	N-terminal
C0LGQ7	526	579	middle
C0LGQ7	855	898	C-terminal
F4I8Q1	1	58	N-terminal
F4I8Q1	708	790	C-terminal
F4IP06	1	155	N-terminal
F4IP06	330	365	C-terminal
F4JKW7	1	614	N-terminal
F4JKW7	817	854	middle
O22800	109	331	middle
O23324	1	43	N-terminal
O48686	162	286	middle
O48686	371	405	middle
O48686	699	1021	middle
O48917	1	84	N-terminal
O49697	164	262	C-terminal
O64725	1	72	IDP
O65522	1	185	N-terminal
O80504	1	49	N-terminal
O80612	1	54	N-terminal
P56804	49	100	C-terminal
Q0WL69	1	156	IDP
Q1H5E3	1	39	N-terminal
Q42044	1	51	N-terminal
Q56XH8	1	204	N-terminal
Q56XH8	408	470	C-terminal
Q5Q0I2	1	87	IDP
Q5XV31	445	543	middle
Q5XV31	802	948	C-terminal
Q6X7J4	1	58	N-terminal
Q6X7J4	115	313	middle
Q8GWK5	1	52	N-terminal
Q8GXF7	1	134	IDP
Q8H1E5	1	107	N-terminal
Q8H1E5	567	601	middle
Q8L6Y4	1	43	N-terminal
Q8L6Y4	248	288	middle
Q8L6Y4	375	543	middle
Q8L7B1	1	96	N-terminal
Q8L7B1	229	261	middle
Q8L7B1	326	391	middle
Q8L7B1	628	664	middle
Q8L8K9	97	166	C-terminal
Q8L908	1	109	IDP
Q8L956	1	240	IDP
Q8LBM2	1	131	IDP
Q8LES9	1	83	N-terminal
Q8LES9	254	296	middle
Q8RWN5	82	310	C-terminal
Q8VZC7	114	223	middle
Q8VZC7	261	338	middle
Q8VZC7	976	1032	middle
Q8W0Z6	47	77	middle
Q8W0Z6	202	251	middle
Q8W4N3	1	45	N-terminal
Q8W4N3	334	835	middle
Q941C5	38	112	C-terminal
Q94CL1	136	254	C-terminal
Q9C8X0	1	173	IDP
Q9C983	1	148	N-terminal
Q9C983	214	287	C-terminal
Q9FFB8	1	45	N-terminal
Q9FGU3	1	33	N-terminal
Q9FK17	1	43	N-terminal
Q9LJG6	1	193	IDP
Q9LN27	88	218	C-terminal
Q9LPH9	1	89	IDP
Q9LRJ5	1	57	N-terminal
Q9LTA6	1	112	N-terminal
Q9LTA6	180	256	middle
Q9LTA6	678	740	C-terminal
Q9LVJ1	1	31	N-terminal
Q9LVJ1	198	228	middle
Q9LXQ8	542	618	C-terminal
Q9LY08	92	244	C-terminal
Q9LY62	1	72	N-terminal
Q9LYB9	154	186	C-terminal
Q9M209	290	438	C-terminal
Q9S9X4	1	72	N-terminal
Q9S9X4	477	554	C-terminal
Q9SCM7	1	96	IDP
Q9SIJ9	1	42	N-terminal
Q9SJ20	781	816	C-terminal
Q9SKX9	1	71	IDP
Q9SL78	1	34	N-terminal
Q9SL78	175	390	C-terminal
Q9SXY0	1	42	N-terminal
Q9SXY0	283	607	middle
Q9SXY0	766	815	C-terminal
Q9ZQ83	1	240	N-terminal
Q9ZQ83	287	450	C-terminal
Q9ZWB9	1	48	N-terminal
A0A178VTF4	120	152	middle
A0A1I9LNH5	1	110	IDP
A0A1P8ARG1	1	65	N-terminal
A0A1P8ARG1	276	383	middle
A0A1P8B2W3	1	175	N-terminal
A0A1R7T3I9	1	63	IDP
F4I9V0	1	33	N-terminal
F4J0W4	587	643	C-terminal
F4J6V1	1	1656	IDP
F4JJ40	1	62	IDP
F4KFG2	1	41	N-terminal
F4KFG2	208	266	C-terminal
P15457	1	86	N-terminal
P49077	1	78	N-terminal
Q058P4	1	47	N-terminal
Q0WPR4	1	33	N-terminal
Q1G3Y4	1	106	IDP
Q2HIM9	1	54	N-terminal
Q39266	1	209	IDP
Q3ECQ3	1	134	N-terminal
Q500X2	1	74	N-terminal
Q66GN9	1	247	N-terminal
Q66GN9	595	656	C-terminal
Q6DR10	1	40	N-terminal
Q6NPT7	331	407	middle
Q8LB02	1	47	N-terminal
Q8RUF8	1	87	N-terminal
Q8RXV4	287	324	middle
Q8S8P3	1	54	N-terminal
Q8W4E6	1	56	N-terminal
Q8W4I6	1	228	N-terminal
Q93V88	1	471	N-terminal
Q93Y32	1	50	N-terminal
Q945K9	133	247	C-terminal
Q94CL7	1	229	N-terminal
Q94CL7	354	409	C-terminal
Q96320	110	284	C-terminal
Q9ASZ8	1	42	N-terminal
Q9AT61	166	268	C-terminal
Q9FKA7	1	121	N-terminal
Q9FKA7	578	617	C-terminal
Q9FL30	1	274	N-terminal
Q9FNA5	335	377	C-terminal
Q9FPW4	1	434	N-terminal
Q9LFF7	1	295	N-terminal
Q9LFT8	345	505	C-terminal
Q9LH31	1	66	N-terminal
Q9LMD1	1	64	N-terminal
Q9LMD1	120	307	C-terminal
Q9LP10	1	65	N-terminal
Q9LP74	1	55	N-terminal
Q9LTF7	1	64	N-terminal
Q9LTF7	107	201	C-terminal
Q9LUM0	106	377	middle
Q9LUM0	654	863	middle
Q9LUM0	1140	1338	middle
Q9LUM0	1416	1476	middle
Q9LUU7	98	128	middle
Q9LV81	1	133	N-terminal
Q9LZZ5	1	112	N-terminal
Q9M249	1	77	N-terminal
Q9MAA6	1	48	N-terminal
Q9SCX9	1	56	N-terminal
Q9SHE8	1	74	N-terminal
Q9SIW2	1	269	N-terminal
Q9SIW2	307	349	middle
Q9SMQ4	268	350	C-terminal
Q9SNC6	224	254	middle
Q9SV87	168	341	C-terminal
Q9SVG4	1	42	N-terminal
Q9SVG4	540	570	C-terminal
Q9XIL6	1	66	IDP
Q9ZNU8	1	146	IDP
Q9ZU37	1	88	N-terminal
Q9ZV02	216	258	C-terminal
Q9ZVN6	328	653	C-terminal
A0A1I9LM22	288	324	middle
A0A1I9LTN0	1	128	N-terminal
A7UL74	1	80	N-terminal
B3H5D1	1	44	IDP
F4HQH8	1	105	N-terminal
F4HSN5	1	88	N-terminal
F4HSW0	1	90	N-terminal
F4IWT9	1	86	IDP
F4J0D4	1	75	N-terminal
F4J0H5	1	52	N-terminal
F4J9A3	339	369	C-terminal
F4JWP5	232	367	C-terminal
F4KIF3	1114	1197	C-terminal
O23208	1	66	N-terminal
O23208	160	216	C-terminal
O65649	1	41	N-terminal
O65649	303	343	middle
O65649	405	537	middle
O65649	574	736	middle
O65649	862	996	C-terminal
P0C5K2	1	56	N-terminal
P0C5K2	254	323	middle
P0DN99	1	92	IDP
P46416	1	68	N-terminal
P92934	1	35	N-terminal
P92943	1	56	N-terminal
P92943	756	792	C-terminal
Q0WVQ3	268	604	C-terminal
Q1PDX3	1	91	N-terminal
Q2V3H2	1	36	N-terminal
Q39168	1	148	IDP
Q570B4	1	37	N-terminal
Q570B4	403	433	middle
Q5E924	1	85	N-terminal
Q5Q0G4	1	43	N-terminal
Q6NKU3	1	205	IDP
Q6X7J5	1	56	N-terminal
Q6X7J5	116	262	middle
Q7XJK7	161	218	C-terminal
Q7XJN0	211	284	middle
Q7XJN0	564	609	C-terminal
Q7Y231	1	53	N-terminal
Q84K51	180	265	C-terminal
Q84RJ8	1	38	N-terminal
Q8L8Y0	1	52	N-terminal
Q8LC59	84	120	C-terminal
Q8S8N1	1	86	IDP
Q8W496	1	73	N-terminal
Q93YW0	1	68	N-terminal
Q93YW0	275	322	middle
Q93YW0	358	393	middle
Q94AI4	1	578	N-terminal
Q9CA75	1	113	N-terminal
Q9FG39	1	143	N-terminal
Q9FJD6	1	122	N-terminal
Q9FJJ1	1	142	N-terminal
Q9FJJ1	212	487	C-terminal
Q9FL96	1	73	IDP
Q9FT88	1	51	N-terminal
Q9FX33	381	434	C-terminal
Q9LFK6	1	36	N-terminal
Q9LIK7	1	141	N-terminal
Q9LK27	1	57	N-terminal
Q9LK27	101	170	middle
Q9LK27	285	332	middle
Q9LK27	401	574	middle
Q9LK27	638	813	C-terminal
Q9LP41	86	141	C-terminal
Q9LSQ3	1	111	N-terminal
Q9LSQ3	163	297	C-terminal
Q9LTK5	64	139	middle
Q9LVC3	1	216	N-terminal
Q9LYQ4	1	64	N-terminal
Q9M0H9	1	80	IDP
Q9M190	1	49	N-terminal
Q9M1N8	95	142	C-terminal
Q9SLV0	1	40	N-terminal
Q9SLV0	497	532	C-terminal
Q9STX1	1	224	N-terminal
Q9STX1	315	362	C-terminal
Q9SUH8	1	102	N-terminal
Q9SUQ7	707	820	C-terminal
Q9SVR9	1	115	IDP
Q9ZPF5	1	32	N-terminal
Q9ZPH9	1	75	N-terminal
Q9ZU23	124	452	middle
A0A1I9LPF9	1	126	IDP
A0A1I9LQA1	1	74	N-terminal
A0A1P8ASN1	1	70	IDP
A7REE5	1	90	IDP
B3H5N0	1	42	IDP
F4I974	1	49	N-terminal
F4I974	266	383	C-terminal
F4IMC1	1	103	N-terminal
F4IMC1	316	374	middle
F4IMC1	448	504	C-terminal
F4J078	1	32	N-terminal
F4J078	87	125	C-terminal
F4JIW2	1	75	N-terminal
F4JT43	48	219	middle
F4JT43	321	569	C-terminal
F4JX48	1	153	N-terminal
F4JX48	222	293	middle
F4JX48	416	537	middle
F4JX48	586	801	middle
F4KAB8	258	338	middle
F4KAB8	660	713	middle
O22193	303	532	middle
O24410	1	78	N-terminal
O49617	1	201	N-terminal
Q0WNX3	1	51	N-terminal
Q0WNX3	220	277	middle
Q0WNX3	466	548	C-terminal
Q1G3U3	1	69	IDP
Q1HDT3	1	31	N-terminal
Q27GK7	200	340	middle
Q27GK7	682	756	middle
Q27GK7	1073	1135	C-terminal
Q29Q18	1	227	N-terminal
Q67XW5	478	631	C-terminal
Q6NPL9	197	230	C-terminal
Q7XJL1	1	41	N-terminal
Q7XJL1	140	223	C-terminal
Q84VX3	1	41	N-terminal
Q84Y95	1	64	N-terminal
Q8GWB5	1	343	N-terminal
Q8GYH8	1	38	N-terminal
Q8GYH8	638	677	C-terminal
Q8GYP2	1	128	IDP
Q8H0T5	1	81	N-terminal
Q8H0T5	129	262	C-terminal
Q8L765	1	32	N-terminal
Q8L7L8	1	293	N-terminal
Q8L7L8	345	466	middle
Q8LBH2	319	571	C-terminal
Q8RY08	1	56	N-terminal
Q8RY08	347	377	middle
Q8S9D1	753	796	middle
Q8VZ23	1	66	N-terminal
Q94EH2	1	40	N-terminal
Q9C9U0	1	90	N-terminal
Q9FGP3	1	60	N-terminal
Q9FJH5	82	132	middle
Q9FJH5	199	283	C-terminal
Q9FLM1	330	374	C-terminal
Q9FN70	1	47	N-terminal
Q9FVR1	1	84	N-terminal
Q9FXD3	1	64	IDP
Q9FYG7	1	43	N-terminal
Q9FYG7	149	359	C-terminal
Q9LDY2	1	31	N-terminal
Q9LF66	456	548	C-terminal
Q9LFL5	1	31	N-terminal
Q9LI88	1	66	N-terminal
Q9LI88	124	183	C-terminal
Q9LQS7	134	165	C-terminal
Q9LZF0	1	37	N-terminal
Q9M144	85	160	middle
Q9M2Q5	1	141	IDP
Q9M3A3	175	312	C-terminal
Q9SHS2	1	70	N-terminal
Q9SJ09	1	202	IDP
Q9SJZ7	1	85	N-terminal
Q9SJZ7	155	191	middle
Q9SLB8	1	34	N-terminal
Q9SLB8	80	214	C-terminal
Q9SNE5	1	84	N-terminal
A0A1P8AWH6	1	124	IDP
A0JQ18	1	73	IDP
B3H5J1	1	88	IDP
B3H6Q4	1	31	IDP
F4HRC0	1	85	N-terminal
F4HRC0	128	315	middle
F4I6M1	1	256	N-terminal
F4I6M1	666	699	middle
F4IDY5	1	39	N-terminal
F4IDY5	530	580	middle
F4IDY5	821	1010	middle
F4J7P7	1	66	N-terminal
F4JAU2	1	526	N-terminal
F4JAU2	796	1043	middle
F4JAU2	1155	1194	middle
F4JAU2	1635	1697	C-terminal
F4JCA2	1	188	IDP
F4K2V2	195	475	middle
F4K2V2	701	888	middle
F4K8K6	1	31	N-terminal
F4KFE5	1	82	IDP
O22221	233	367	C-terminal
O22894	1	36	N-terminal
O81827	1	199	N-terminal
P16181	1	35	N-terminal
P42750	152	183	C-terminal
P82624	1	36	N-terminal
Q3EB86	1	106	N-terminal
Q3EDH0	1	309	N-terminal
Q43870	1	71	N-terminal
Q5HZ60	307	354	C-terminal
Q66GQ6	1	63	N-terminal
Q66GQ6	143	242	middle
Q7X9I0	176	389	C-terminal
Q8GX23	1	299	N-terminal
Q8GX23	583	670	C-terminal
Q8L7G4	1	64	N-terminal
Q8LPS1	1	35	N-terminal
Q8VZU6	1	132	IDP
Q8W4F1	1	58	N-terminal
Q8W4K1	1	70	N-terminal
Q8W4K1	204	247	middle
Q940I0	1	220	N-terminal
Q940I0	342	439	C-terminal
Q94C48	1	204	N-terminal
Q94C48	256	437	C-terminal
Q94CK6	1	194	IDP
Q94IA6	1	50	N-terminal
Q9ASX5	1	47	N-terminal
Q9C8L9	1	336	N-terminal
Q9FF65	1	83	N-terminal
Q9FF65	140	266	C-terminal
Q9FFV8	1	269	N-terminal
Q9FHP1	437	477	C-terminal
Q9FMS4	1	50	N-terminal
Q9LF34	1	402	IDP
Q9LND0	1	221	N-terminal
Q9LT93	174	207	C-terminal
Q9LVU7	54	97	middle
Q9M086	1	47	N-terminal
Q9M086	232	496	middle
Q9M086	876	932	middle
Q9M086	1103	1378	middle
Q9M086	1753	1883	C-terminal
Q9M1I6	582	801	C-terminal
Q9M397	111	456	C-terminal
Q9M658	1	475	N-terminal
Q9M658	792	946	middle
Q9M658	1070	1117	middle
Q9M658	1245	1736	middle
Q9M658	1812	2001	C-terminal
Q9MA55	121	179	middle
Q9MA55	483	549	middle
Q9SA08	352	574	middle
Q9SA08	631	673	C-terminal
Q9SFU7	1	203	IDP
Q9SLC4	60	217	C-terminal
Q9SN11	1	57	N-terminal
Q9SN11	288	361	C-terminal
Q9SPU7	167	678	middle
Q9SPU7	819	920	middle
Q9SZR6	1	138	N-terminal
Q9SZR6	197	291	C-terminal
Q9T0P4	1	91	N-terminal
Q9T0P4	1598	1629	C-terminal
A0A0A7EPL0	358	847	C-terminal
A0A1I9LQX8	1	34	N-terminal
A0A1I9LSU7	1	38	N-terminal
A0A1I9LSU7	137	457	C-terminal
A0A1P8AWJ4	1	71	IDP
A0A1P8AXS1	1	45	IDP
A0A1P8B8Q4	56	135	C-terminal
A9LLI7	131	194	middle
A9LLI7	565	870	C-terminal
B3H4Q2	1	47	IDP
B3H5T0	1	49	IDP
F4HRR0	119	155	middle
F4HRR0	244	808	C-terminal
F4HUN8	731	942	middle
F4I8U3	1	40	N-terminal
F4ID46	1	175	IDP
F4IHD7	198	308	middle
F4IT63	1	39	N-terminal
F4IT63	99	142	middle
F4JAC4	1	39	N-terminal
F4KF16	1	89	N-terminal
F4KF16	470	522	C-terminal
O64644	1	35	N-terminal
O65418	122	164	middle
O80970	491	634	C-terminal
O82312	1	39	N-terminal
O82312	490	800	C-terminal
P14671	1	67	N-terminal
P36210	1	123	N-terminal
P42799	1	49	N-terminal
Q0WRG4	119	168	middle
Q0WRG4	301	377	middle
Q1PDM1	84	192	C-terminal
Q39203	754	797	C-terminal
Q42589	1	37	N-terminal
Q45GG6	177	264	C-terminal
Q58FY4	1	208	N-terminal
Q66GP9	1	79	N-terminal
Q6EJ98	1	42	N-terminal
Q6NKR2	1	37	N-terminal
Q6NQN8	176	207	middle
Q8GS60	1	52	N-terminal
Q8GT73	1	366	N-terminal
Q8GT73	414	544	C-terminal
Q8GXN6	160	219	C-terminal
Q8L8X4	1	216	IDP
Q8LCW9	60	112	C-terminal
Q8RXE1	1	165	N-terminal
Q8VYF7	1	72	N-terminal
Q8VZT6	1	77	N-terminal
Q93W02	1	162	N-terminal
Q93W02	477	521	C-terminal
Q93YS7	641	787	middle
Q945P1	1	158	N-terminal
Q9C5N0	1	72	N-terminal
Q9C5N0	263	362	middle
Q9CAV7	1	116	N-terminal
Q9CAV7	243	414	middle
Q9FM16	1	268	IDP
Q9LFR3	1	210	N-terminal
Q9LHS1	1	334	IDP
Q9LM78	93	357	middle
Q9LM78	443	539	middle
Q9LM78	679	1019	C-terminal
Q9LXE7	1	66	N-terminal
Q9M306	313	476	C-terminal
Q9SJH8	129	293	C-terminal
Q9SKA2	48	139	middle
Q9SKA2	306	339	middle
Q9SKH8	1	35	N-terminal
Q9SVR4	426	475	middle
Q9T0K7	1	45	N-terminal
Q9ZQ26	1	49	N-terminal
Q9ZQ26	250	306	middle
Q9ZQ28	1	49	N-terminal
Q9ZQ28	147	178	C-terminal
Q9ZV64	85	175	C-terminal
A0A178UFC4	1	48	N-terminal
A0A1I9LM80	1	81	IDP
A0A1P8AZS4	1	75	N-terminal
F4HRB5	1	455	N-terminal
F4HRB5	516	555	C-terminal
F4I458	1	80	N-terminal
F4I458	249	553	middle
F4IA86	1	58	N-terminal
F4IBR2	479	524	middle
F4IBR2	2368	2401	C-terminal
F4IJB1	1	84	N-terminal
F4J9G2	1	281	N-terminal
F4J9G2	623	686	C-terminal
F4JB65	1	103	N-terminal
F4JB65	429	464	middle
F4JB65	575	704	C-terminal
F4JBG0	1	160	IDP
F4JKQ7	310	386	C-terminal
F4JQG6	1	33	N-terminal
F4JQG6	456	522	C-terminal
O22141	1	83	N-terminal
O49347	1	154	N-terminal
O80630	1	186	N-terminal
O81020	1	69	N-terminal
O81801	1	33	N-terminal
O81801	69	135	middle
O81801	173	275	C-terminal
P53780	1	92	N-terminal
P55228	1	86	N-terminal
Q1PE54	1	54	N-terminal
Q3E703	1	219	IDP
Q41914	1	38	N-terminal
Q5XVC4	1	160	N-terminal
Q5XVC4	201	366	middle
Q5XVC4	429	488	C-terminal
Q6NQD2	1	49	N-terminal
Q700D9	77	255	C-terminal
Q84J70	105	223	C-terminal
Q84K79	1	67	N-terminal
Q8LBL5	96	190	middle
Q8LBL5	259	304	middle
Q8RWD0	60	417	C-terminal
Q9C684	77	127	middle
Q9C6I7	1	196	IDP
Q9CAN3	1	265	N-terminal
Q9CAN3	619	658	C-terminal
Q9FFG6	1	51	N-terminal
Q9FFG6	569	608	C-terminal
Q9FG64	228	361	C-terminal
Q9FI19	91	121	middle
Q9FI34	372	422	C-terminal
Q9LES4	1	73	N-terminal
Q9LF08	1	163	IDP
Q9LG05	1	299	N-terminal
Q9LG05	360	430	middle
Q9LQ74	1	95	N-terminal
Q9LUD8	1	42	N-terminal
Q9LVN1	391	906	middle
Q9LVN1	1210	1266	C-terminal
Q9LW31	1	81	N-terminal
Q9LW31	199	313	C-terminal
Q9M001	1	109	N-terminal
Q9M3B0	1	44	N-terminal
Q9M3B9	1	72	N-terminal
Q9M3B9	653	821	middle
Q9MAL9	71	195	C-terminal
Q9S825	153	285	middle
Q9S9K4	1	52	N-terminal
Q9SA27	1	64	N-terminal
Q9SF04	331	572	C-terminal
Q9SLD0	241	328	middle
Q9SMX9	1	107	N-terminal
Q9SMX9	164	198	middle
Q9SMX9	245	361	middle
Q9SRQ6	1	65	N-terminal
Q9SRQ6	485	523	C-terminal
Q9SUV6	1	45	N-terminal
Q9SVG8	236	284	middle
Q9SY07	1	60	N-terminal
Q9ZSB5	206	299	middle
Q9ZSB5	638	676	middle
A8MQ86	1	33	N-terminal
F4HS13	1	102	N-terminal
F4HS13	149	192	C-terminal
F4I1A6	1	39	N-terminal
F4ICK6	482	919	middle
F4IHU8	1016	1280	C-terminal
F4J3Q1	238	311	middle
F4JB86	663	805	C-terminal
F4JVT8	1	156	IDP
O22764	1	133	N-terminal
O22764	439	492	C-terminal
O80905	1	32	N-terminal
O80905	253	288	middle
P42751	1	67	N-terminal
P42751	296	339	C-terminal
P43256	1	31	N-terminal
P43256	96	145	middle
Q0WUI9	1	61	N-terminal
Q39199	1	67	N-terminal
Q39199	409	439	C-terminal
Q3EAC9	1	579	IDP
Q56Z59	1	124	N-terminal
Q5BPM6	1	241	N-terminal
Q5XF04	1	67	N-terminal
Q6X5U1	1	45	IDP
Q8GUP3	257	610	middle
Q8GUP3	658	873	C-terminal
Q8GYJ3	1	289	IDP
Q8GYL3	1	208	N-terminal
Q8L7S9	1	53	N-terminal
Q8LG30	1	76	IDP
Q8LPF5	1	201	N-terminal
Q8LPF5	248	287	middle
Q8LPJ7	91	133	C-terminal
Q8RX26	272	319	middle
Q8S8R1	1	83	IDP
Q8VZI8	1	135	N-terminal
Q8VZI8	764	813	C-terminal
Q93YV5	148	401	C-terminal
Q940R3	1	90	N-terminal
Q940R3	360	529	C-terminal
Q9C667	1	39	N-terminal
Q9C667	573	611	C-terminal
Q9C829	1	303	N-terminal
Q9FGN7	675	726	C-terminal
Q9FHF5	1	62	N-terminal
Q9FHF5	232	314	middle
Q9FHF5	359	417	C-terminal
Q9FJT9	916	956	C-terminal
Q9FKR9	1	147	N-terminal
Q9FLK7	1	425	N-terminal
Q9FXA7	1	64	N-terminal
Q9LEU9	1	90	N-terminal
Q9LIQ7	1	49	N-terminal
Q9LK95	128	226	C-terminal
Q9LQL0	1	43	N-terminal
Q9LVD8	306	591	C-terminal
Q9LZK2	1	380	IDP
Q9M053	1	293	IDP
Q9M1R6	347	423	C-terminal
Q9M2J5	143	180	middle
Q9M360	1	104	N-terminal
Q9M360	289	640	middle
Q9M360	791	856	middle
Q9M360	1073	1121	C-terminal
Q9M3E6	84	166	C-terminal
Q9S7R3	146	177	C-terminal
Q9SEE9	1	97	N-terminal
Q9SEE9	173	414	C-terminal
Q9SFB7	1	76	N-terminal
Q9SGZ8	1	84	N-terminal
Q9SGZ8	126	162	C-terminal
Q9SMY8	1	191	N-terminal
Q9SVD3	1	133	IDP
Q9SZ63	1	62	N-terminal
Q9ZUU8	1	56	N-terminal
A0A1I9LLC5	87	127	middle
A0A1I9LLC5	408	438	middle
A0A1I9LLC5	511	1182	C-terminal
A0A1P8ANP5	1	210	N-terminal
A0A1P8ANP5	269	784	C-terminal
A0A1P8B616	1	34	IDP
D7SFH9	1	39	N-terminal
D7SFH9	690	751	middle
D7SFH9	1085	1118	C-terminal
F4HXZ1	420	548	middle
F4HXZ1	720	846	C-terminal
F4HZ99	1	1048	N-terminal
F4HZ99	1159	1208	middle
F4I5A3	1	45	N-terminal
F4I5A3	149	246	middle
F4I5A3	434	507	middle
F4IS01	1	80	N-terminal
F4IXI9	1	76	N-terminal
F4IXI9	195	337	middle
F4IXI9	395	1093	middle
F4JBE2	1	116	N-terminal
F4JBE2	167	197	middle
F4JBE2	283	407	middle
F4JBE2	575	615	C-terminal
F4JKX0	1	77	N-terminal
F4JKX0	257	427	middle
F4JKX0	593	680	middle
F4JMH0	1	157	N-terminal
F4JNL3	1	39	N-terminal
O22049	1	37	N-terminal
O49318	1	38	N-terminal
O49318	738	796	middle
O65515	1	154	N-terminal
O80654	1	47	N-terminal
O80654	108	244	C-terminal
P57681	1	34	N-terminal
P82281	1	64	N-terminal
Q39092	1	210	N-terminal
Q3ECE3	1	43	N-terminal
Q3ECM0	1	126	IDP
Q56XR7	1	71	N-terminal
Q6A331	1	37	N-terminal
Q6A331	114	145	middle
Q6A331	185	525	middle
Q6A331	829	902	middle
Q6TBX7	1	59	N-terminal
Q8GWA1	1	65	N-terminal
Q8GWG7	1	46	N-terminal
Q8L8N3	84	117	C-terminal
Q8RWG8	1	35	N-terminal
Q8RWG8	160	217	C-terminal
Q8RWX7	1	69	N-terminal
Q8RWX7	217	467	C-terminal
Q8S397	447	529	C-terminal
Q8S8M0	1	98	IDP
Q8VY47	1	206	IDP
Q8VZB1	1	77	N-terminal
Q8W4L0	1	168	N-terminal
Q9C6I8	404	434	middle
Q9C6I8	509	671	C-terminal
Q9FK84	254	302	middle
Q9FKS0	1	64	N-terminal
Q9FMN3	1	101	N-terminal
Q9FMV3	1	52	N-terminal
Q9FMV3	346	416	middle
Q9FMV3	483	543	C-terminal
Q9LDC0	1	47	N-terminal
Q9LFP5	1	117	N-terminal
Q9LK57	1	44	N-terminal
Q9LPW7	533	577	C-terminal
Q9LSR0	1	42	N-terminal
Q9LTE6	168	451	C-terminal
Q9LU85	1	50	N-terminal
Q9LVA0	1	63	N-terminal
Q9LVA0	156	299	middle
Q9LY41	1	116	N-terminal
Q9LY41	173	334	C-terminal
Q9M0B2	1	106	N-terminal
Q9M0X5	254	329	middle
Q9M0X5	631	675	C-terminal
Q9M246	1	35	N-terminal
Q9M246	194	238	C-terminal
Q9M350	1	32	N-terminal
Q9M350	306	353	middle
Q9SCL7	1	64	N-terminal
Q9SCT2	745	794	C-terminal
Q9SD05	1	42	N-terminal
Q9SJQ6	1	459	N-terminal
Q9SJQ6	618	864	middle
Q9SJQ6	1065	1190	middle
Q9SL42	71	119	C-terminal
Q9SW35	1	99	N-terminal
Q9XIF2	1	34	N-terminal
A0A1P8B6F6	115	279	middle
A0A1P8BAC2	1	152	N-terminal
A0A1P8BAC2	217	262	C-terminal
C0LGK4	419	509	middle
C0LGK4	809	915	C-terminal
C0LGP9	1	46	N-terminal
C0LGP9	386	473	middle
C0LGP9	752	784	C-terminal
F4IXI5	217	362	C-terminal
F4JI44	592	846	middle
F4JLP3	1	102	IDP
F4JV27	1	548	N-terminal
F4JV27	762	1035	middle
F4JV27	1300	1475	middle
F4K739	107	180	C-terminal
F4K956	1	379	IDP
F4KE84	1	111	N-terminal
F4KE84	323	459	middle
F4KG50	1	310	N-terminal
F4KG50	472	577	middle
F4KG50	879	930	middle
F4KG50	1114	1594	C-terminal
O23238	1	105	N-terminal
O49397	138	185	middle
O49397	258	552	C-terminal
O65435	1	64	N-terminal
O81292	639	674	C-terminal
P34881	1	56	N-terminal
P34881	271	363	middle
P34881	639	717	middle
Q1G3Y7	1	98	N-terminal
Q1G3Y7	210	298	C-terminal
Q1PE39	1	84	N-terminal
Q1PE39	261	294	middle
Q1PFW3	1	336	N-terminal
Q29Q07	44	125	C-terminal
Q2NND9	1	70	N-terminal
Q2NND9	156	371	C-terminal
Q39202	1	52	N-terminal
Q39202	466	512	middle
Q5W9E7	317	386	middle
Q8GWZ6	1	52	N-terminal
Q8GY46	575	679	C-terminal
Q8GY50	1	52	N-terminal
Q8GY50	557	623	middle
Q8GY50	896	971	C-terminal
Q8H0W0	1	49	N-terminal
Q8H133	1	112	N-terminal
Q8L798	1	44	N-terminal
Q8L798	631	684	middle
Q8LG76	59	406	C-terminal
Q8LPQ7	1	96	N-terminal
Q8RXN8	1	204	N-terminal
Q93YV9	1	34	N-terminal
Q93Z70	1	54	N-terminal
Q9C589	1	302	IDP
Q9C6S2	355	473	C-terminal
Q9C7G6	1	49	N-terminal
Q9FGD5	1	79	N-terminal
Q9FGD5	395	692	middle
Q9FI02	1	113	N-terminal
Q9FI02	193	275	C-terminal
Q9FLS0	1	31	N-terminal
Q9FZJ1	1	35	N-terminal
Q9LD95	1	232	N-terminal
Q9LIM2	1	546	N-terminal
Q9LIM2	970	1014	middle
Q9LIM2	1226	1257	middle
Q9LIM2	1365	1413	middle
Q9LIM2	1462	1499	middle
Q9LIM2	1572	1796	middle
Q9LJE2	1	82	N-terminal
Q9LS80	1	33	N-terminal
Q9LTB9	189	310	C-terminal
Q9LTW9	176	255	C-terminal
Q9LY37	126	187	C-terminal
Q9LZP3	1	128	N-terminal
Q9LZP4	1	42	N-terminal
Q9LZX7	1	74	N-terminal
Q9LZX7	211	265	C-terminal
Q9M5P2	1	54	N-terminal
Q9SAR0	445	495	C-terminal
Q9SB31	1	144	N-terminal
Q9SB31	327	404	C-terminal
Q9SDN0	1	65	N-terminal
Q9SI20	75	146	middle
Q9SU35	1	78	N-terminal
Q9SU65	69	135	C-terminal
Q9SYL8	1	147	N-terminal
Q9SYL8	253	366	middle
Q9T0B9	86	237	C-terminal
Q9ZUD9	1	51	N-terminal
A0A1I9LM63	1	125	N-terminal
B3H5R0	1	70	N-terminal
F4I499	83	147	middle
F4I6H6	476	618	C-terminal
F4IG46	1	93	IDP
F4IME2	1	293	N-terminal
F4IME2	468	542	middle
F4IPF7	1	122	N-terminal
F4IPL5	1	60	N-terminal
F4IPL5	108	198	middle
F4IPL5	275	393	middle
F4JV59	286	398	middle
F4JV59	868	942	middle
F4JV59	1810	1863	C-terminal
F4JWQ4	92	265	middle
F4JWQ4	303	642	C-terminal
O48772	1	44	N-terminal
O48772	156	256	middle
O48772	296	453	C-terminal
P0CAP3	61	119	middle
P29383	177	258	C-terminal
P92550	107	176	middle
Q0WV78	466	500	middle
Q0WV78	641	827	C-terminal
Q24JJ9	1	102	N-terminal
Q38998	1	44	N-terminal
Q39165	1	55	N-terminal
Q39165	150	199	C-terminal
Q67Y32	138	219	C-terminal
Q6NLH4	80	215	C-terminal
Q6NPL4	1	75	N-terminal
Q6NPM8	1	81	N-terminal
Q84JC0	1	63	N-terminal
Q84JN0	1	45	N-terminal
Q84JN0	181	405	C-terminal
Q84LH8	1	265	N-terminal
Q84LH8	313	444	C-terminal
Q8GW46	1	107	N-terminal
Q8GXQ3	1	41	N-terminal
Q8LPS2	1	51	N-terminal
Q8RWG1	1	103	N-terminal
Q8RXE7	124	649	C-terminal
Q94JZ8	53	176	middle
Q94JZ8	298	387	middle
Q94JZ8	433	468	C-terminal
Q9C5A9	1	79	N-terminal
Q9C707	1	211	N-terminal
Q9FL35	1092	1205	C-terminal
Q9FZE4	1	120	IDP
Q9LFE0	1	250	N-terminal
Q9LFE0	312	438	middle
Q9LFE0	506	820	C-terminal
Q9LFJ0	1	52	N-terminal
Q9LFV3	1	93	N-terminal
Q9LHG4	60	214	middle
Q9LIA4	1	74	N-terminal
Q9LIA4	289	578	C-terminal
Q9LIS2	1	136	IDP
Q9LJE0	1	39	N-terminal
Q9LPH0	1	32	N-terminal
Q9LPI7	185	358	C-terminal
Q9LS55	396	458	middle
Q9LTW5	1	166	N-terminal
Q9LTW5	347	403	middle
Q9LTW5	533	577	C-terminal
Q9LXX5	1	47	N-terminal
Q9LYP2	1	55	N-terminal
Q9LYP2	166	401	C-terminal
Q9M1G9	1	743	IDP
Q9SF86	1	69	N-terminal
Q9SF86	374	418	C-terminal
Q9SFZ3	1	334	N-terminal
Q9SFZ3	380	453	C-terminal
Q9SIQ7	1	49	N-terminal
Q9SIQ7	542	582	C-terminal
Q9SND2	1	181	IDP
Q9SRX2	157	214	C-terminal
Q9SXB4	1	40	N-terminal
Q9SXB4	774	820	C-terminal
Q9SYG2	1	93	N-terminal
Q9SYG2	185	295	middle
Q9SYG2	349	383	C-terminal
Q9ZUK7	762	826	C-terminal
Q9ZVF7	1	53	N-terminal
A0A1I9LNH2	1	123	IDP
A0A1P8AWJ7	1	50	N-terminal
A0A1P8AWJ7	113	228	C-terminal
A0A1P8AWZ4	105	379	C-terminal
A0A1P8AZT2	199	324	C-terminal
A0A1P8AZU2	1	69	IDP
A0A1P8B3S9	1	40	IDP
A0A1P8B795	57	148	middle
B3H4X6	1	42	IDP
B3H779	1	53	IDP
C0SV12	1	208	N-terminal
C0SV12	394	496	middle
C0SV12	707	750	middle
F4IQK5	1	37	N-terminal
F4IQK5	441	707	C-terminal
F4JRR5	171	421	C-terminal
F4JTJ2	1	35	N-terminal
F4JTJ2	168	385	middle
F4JTJ2	607	651	middle
F4KFY1	916	968	C-terminal
O04089	139	215	middle
O22882	1	105	IDP
O65639	68	135	middle
O80831	1	80	N-terminal
O80831	130	182	middle
O81037	1	191	N-terminal
O81037	250	292	middle
P92937	266	300	middle
Q0WPN8	1	31	N-terminal
Q0WUR5	1	36	N-terminal
Q0WUR5	73	429	middle
Q0WUR5	649	826	middle
Q0WUR5	1123	1325	middle
Q0WUR5	1724	1757	C-terminal
Q0WV01	1	309	N-terminal
Q0WVX5	1	184	N-terminal
Q3E8J4	1	39	N-terminal
Q3E8M6	1	120	IDP
Q5S2C3	1	44	N-terminal
Q5XVH0	1	63	N-terminal
Q5XVH0	125	185	C-terminal
Q6NPP7	1	57	N-terminal
Q6NQJ6	1	89	N-terminal
Q84MA5	1	51	N-terminal
Q84MD3	1	100	IDP
Q84WU7	452	529	C-terminal
Q8GZA4	156	189	middle
Q8GZA4	298	354	middle
Q8L727	230	272	middle
Q8L727	397	508	middle
Q8L736	1	123	N-terminal
Q8L7A6	1	34	N-terminal
Q8L9P8	1	66	N-terminal
Q8LA67	1	43	N-terminal
Q8LED7	1	151	IDP
Q8RXE9	1	71	N-terminal
Q8VYD3	256	318	middle
Q93XX4	402	751	C-terminal
Q9C6P6	1	47	N-terminal
Q9C6P6	138	174	C-terminal
Q9C9B1	105	193	C-terminal
Q9CAP6	1	384	N-terminal
Q9CAP6	660	1151	C-terminal
Q9FGJ1	1	171	N-terminal
Q9FGJ1	257	398	C-terminal
Q9FH95	1	96	N-terminal
Q9FH95	242	352	C-terminal
Q9FIK1	470	559	C-terminal
Q9FKP8	1	66	N-terminal
Q9FKP8	129	195	middle
Q9FKP8	247	279	C-terminal
Q9FL69	124	483	C-terminal
Q9FXF4	1	89	N-terminal
Q9LE81	1	199	N-terminal
Q9LE81	376	467	middle
Q9LE81	538	628	middle
Q9LE81	710	751	middle
Q9LE81	899	944	middle
Q9LE81	1063	1168	C-terminal
Q9LK09	1	48	N-terminal
Q9LK09	121	254	middle
Q9LN50	1	212	N-terminal
Q9LQZ7	106	331	C-terminal
Q9LRP8	313	345	middle
Q9LRP8	388	452	C-terminal
Q9LV69	1	43	N-terminal
Q9LVW0	1	96	N-terminal
Q9LVW4	1	187	N-terminal
Q9LVW4	281	408	middle
Q9LYV3	1	41	N-terminal
Q9LZW3	1	39	N-terminal
Q9M045	1	103	IDP
Q9S7Y1	1	160	N-terminal
Q9S7Y1	333	368	C-terminal
Q9S9U6	426	460	C-terminal
Q9SD43	78	133	C-terminal
Q9SIE6	1	114	N-terminal
Q9SL80	1	110	N-terminal
Q9SLC3	66	102	middle
Q9SLC3	154	236	C-terminal
Q9SLC8	1	56	N-terminal
Q9ZTC3	112	249	C-terminal
Q9ZVD1	50	413	middle
A0A1I9LQ30	1	100	IDP
A0A1I9LSA3	1	265	N-terminal
A0A1P8BGC7	1	236	IDP
B3H5V7	1	43	IDP
F4HTV1	411	569	C-terminal
F4I6E4	1	48	N-terminal
F4I6E4	500	562	C-terminal
F4I765	1	119	N-terminal
F4I765	498	644	C-terminal
F4IBY8	246	313	C-terminal
F4ICS8	1	183	N-terminal
F4IJP7	842	872	C-terminal
F4ISV2	429	463	C-terminal
F4JAZ0	1	60	N-terminal
F4JAZ0	325	362	C-terminal
F4JI12	1	100	IDP
F4K6F1	1	118	N-terminal
F4KIL8	458	492	C-terminal
O23227	1	73	N-terminal
O23315	447	508	C-terminal
O80872	1	38	N-terminal
O82329	1	78	N-terminal
O82329	163	212	middle
O82329	274	327	middle
P46573	1	47	N-terminal
P56799	1	38	N-terminal
Q0WMZ6	1	148	N-terminal
Q0WS99	1	245	N-terminal
Q0WS99	285	324	C-terminal
Q1PEF8	1	45	N-terminal
Q494Q0	301	334	middle
Q5BPF3	1	262	IDP
Q6IM92	1	107	IDP
Q6NLB7	1	84	N-terminal
Q700C2	1	81	N-terminal
Q700C2	140	480	middle
Q84J88	91	352	C-terminal
Q84R20	1	37	N-terminal
Q84R20	1014	1058	middle
Q84R20	1333	1379	C-terminal
Q84X54	1	72	N-terminal
Q8LD46	1	47	N-terminal
Q8RW94	153	285	middle
Q8VYI6	1	119	IDP
Q8W593	1	71	N-terminal
Q949T9	1	278	N-terminal
Q9C6M9	265	302	C-terminal
Q9C950	1	263	N-terminal
Q9C950	494	566	middle
Q9FG37	751	791	middle
Q9FL59	1	37	N-terminal
Q9LD43	1	63	N-terminal
Q9LD43	735	769	C-terminal
Q9LDM5	252	322	middle
Q9LDM5	621	666	C-terminal
Q9LFD8	233	273	C-terminal
Q9LHM2	1	63	N-terminal
Q9LJX0	604	666	middle
Q9LPT1	1	35	N-terminal
Q9LPT1	249	356	middle
Q9LPT1	650	686	C-terminal
Q9LUJ9	1	94	IDP
Q9LUL6	140	204	C-terminal
Q9LW12	1	225	IDP
Q9M0I4	1	97	N-terminal
Q9M0I4	141	402	C-terminal
Q9M875	1	217	IDP
Q9M8R7	1	48	N-terminal
Q9M8R7	146	182	middle
Q9M8R7	396	492	C-terminal
Q9SGN5	1	102	IDP
Q9SJJ2	1	54	N-terminal
Q9SJK6	1	36	N-terminal
Q9SJK6	327	440	middle
Q9SJK6	775	832	middle
Q9SKJ6	1	119	N-terminal
Q9SNA5	1	124	IDP
Q9SZA4	1	122	N-terminal
Q9SZM1	1	31	N-terminal
Q9ZR04	258	302	C-terminal
Q9ZUJ8	1	32	N-terminal
Q9ZVA7	1	201	N-terminal
A0A178VEK7	119	300	C-terminal
A0A1P8AQV3	41	150	middle
A0A1P8AQV3	235	318	C-terminal
A0A1P8ASI0	329	365	C-terminal
A0A219HZL6	1	82	N-terminal
A0A219HZL6	269	300	middle
B3H6H3	1	62	IDP
B3H6Z8	1	41	N-terminal
B3H6Z8	141	205	middle
B3H6Z8	837	1071	C-terminal
F4HSH8	1	117	N-terminal
F4HTF3	1	99	N-terminal
F4I270	1	87	N-terminal
F4I552	982	1117	C-terminal
F4IED7	1	120	N-terminal
F4IED7	182	239	C-terminal
F4IPG3	279	398	middle
F4J7T6	821	884	C-terminal
F4JL01	1	51	N-terminal
F4JL01	369	587	middle
F4K464	1	159	N-terminal
F4KEA4	147	246	middle
O23088	1	431	IDP
O49578	1	53	IDP
O81323	122	228	C-terminal
O81852	1	73	N-terminal
O82794	187	220	C-terminal
P84634	1	122	N-terminal
P92969	1	95	N-terminal
Q1G3P8	96	218	C-terminal
Q38958	1	63	N-terminal
Q39247	419	471	middle
Q42377	1	32	N-terminal
Q5BPW2	85	229	C-terminal
Q6NQK3	1	51	N-terminal
Q84JF4	1	32	N-terminal
Q8GZA6	1	54	N-terminal
Q8LG95	1	51	N-terminal
Q8LG95	245	307	C-terminal
Q8LRK9	1	635	N-terminal
Q8LRK9	1070	1111	middle
Q8LRK9	1198	1802	middle
Q8RWZ0	1	506	N-terminal
Q8VYG9	1	64	N-terminal
Q8VZG2	1	55	N-terminal
Q8VZG2	509	576	C-terminal
Q9C573	1	44	N-terminal
Q9C6Z0	1	40	N-terminal
Q9C8B6	1	222	IDP
Q9CA59	225	256	C-terminal
Q9FF75	1	104	N-terminal
Q9FFC9	1	48	N-terminal
Q9FFP2	72	492	C-terminal
Q9FGM9	1	71	N-terminal
Q9FJN8	188	226	C-terminal
Q9FN39	134	370	C-terminal
Q9FWZ3	1	80	N-terminal
Q9LII2	1	36	N-terminal
Q9LSN7	1	230	IDP
Q9LSU8	135	179	C-terminal
Q9LT62	348	394	middle
Q9LUI1	371	470	C-terminal
Q9LYF4	1	181	IDP
Q9M670	182	307	middle
Q9M7I9	1	88	N-terminal
Q9M8N2	1	121	N-terminal
Q9SA32	1	136	N-terminal
Q9SF51	1	31	N-terminal
Q9SN10	442	522	C-terminal
Q9SQT6	1	213	N-terminal
Q9SU04	1	61	N-terminal
Q9SZI4	1	286	IDP
Q9ZNT0	73	122	middle
Q9ZV88	75	325	C-terminal
A0A178WIZ5	1	108	N-terminal
A0A1I9LLS7	1	97	N-terminal
A0A1I9LLS7	430	631	C-terminal
A0A1I9LN39	1	137	N-terminal
A0A1P8BBA5	1	31	N-terminal
A0A1P8BBA5	86	190	middle
A0A1P8BBA5	634	674	middle
A8MR84	1	60	IDP
B3H6S4	1	39	IDP
C0SUU6	1	134	N-terminal
C0SUU6	235	281	middle
F4HQM3	1	31	N-terminal
F4ICA0	1	140	N-terminal
F4ICA0	490	725	C-terminal
F4ISE2	1	72	IDP
F4JFX4	1	140	IDP
F4JSF8	291	464	C-terminal
F4K1D8	146	211	C-terminal
F4K5K6	1	61	N-terminal
F4K5K6	199	1164	C-terminal
F4K9D8	1	113	IDP
F4KGE8	1	158	N-terminal
F4KGE8	213	295	middle
O22268	263	353	C-terminal
O22793	1	74	N-terminal
O22793	184	219	C-terminal
O23145	1	88	N-terminal
O23447	1	32	N-terminal
O23447	212	387	middle
O48782	1	105	N-terminal
O64749	1	31	N-terminal
O81078	847	940	C-terminal
O82378	1	46	N-terminal
O82645	1	90	N-terminal
O82645	372	488	C-terminal
P13853	1	157	IDP
P42770	1	85	N-terminal
Q0WQX9	1	142	N-terminal
Q0WQX9	199	313	middle
Q0WQX9	662	717	C-terminal
Q1PE48	1	86	N-terminal
Q24JN5	1	75	N-terminal
Q42572	1	157	N-terminal
Q42572	755	790	C-terminal
Q56WK6	1	240	N-terminal
Q56YY9	1	187	IDP
Q8GYH6	1	32	N-terminal
Q8H1B3	1	43	N-terminal
Q8H1F6	1	47	N-terminal
Q8VZQ4	55	121	middle
Q93YR9	98	133	middle
Q93YR9	220	271	middle
Q93YR9	391	593	middle
Q93ZN5	1	76	N-terminal
Q949V8	1	99	IDP
Q94BV2	119	181	C-terminal
Q9C544	1	64	N-terminal
Q9C8M5	1	72	N-terminal
Q9C9I0	1	164	IDP
Q9FGF3	1	39	N-terminal
Q9FGF3	154	513	C-terminal
Q9FHZ8	1	48	N-terminal
Q9FL84	1	69	N-terminal
Q9FLT4	537	569	middle
Q9FVE0	1	136	IDP
Q9LFB2	1	47	N-terminal
Q9LKB4	1	91	N-terminal
Q9LKB4	409	493	middle
Q9LY00	55	115	middle
Q9LY00	173	294	C-terminal
Q9LZJ8	1	36	N-terminal
Q9LZJ8	160	216	middle
Q9LZJ8	267	426	C-terminal
Q9M3B7	462	567	middle
Q9M8Z9	242	281	middle
Q9M9D1	1	54	N-terminal
Q9SG86	1	196	N-terminal
Q9SG86	252	431	middle
Q9SG86	469	521	middle
Q9SG86	577	640	middle
Q9SIZ3	1	75	N-terminal
Q9SL13	1	135	IDP
Q9SN39	1	63	N-terminal
Q9SSM4	139	203	C-terminal
Q9SUN6	1	90	N-terminal
Q9SX97	70	209	C-terminal
Q9SXL4	1	60	N-terminal
Q9SXL4	937	1026	middle
Q9SXL4	1086	1118	middle
Q9T010	1	95	N-terminal
Q9XHV0	177	320	C-terminal
Q9ZQ78	1	82	N-terminal
Q9ZUQ5	1	63	IDP
A0A178VBJ0	1	286	N-terminal
A0A178VBJ0	533	592	middle
A0A1P8B0Q6	1	50	IDP
A0A1P8B104	1	144	IDP
A0A1P8B756	1	178	IDP
B3H6V8	1	47	IDP
B5X564	1	72	N-terminal
B5X564	389	644	C-terminal
F4HYH4	338	813	middle
F4I423	1	32	N-terminal
F4I695	1	78	IDP
F4I844	1	105	IDP
F4IUU1	1	42	N-terminal
F4JCM2	1	33	N-terminal
F4JKW8	1	334	N-terminal
F4JWU5	1	263	N-terminal
F4K5W3	1	39	N-terminal
F4K5W3	328	376	middle
F4K6D3	1	59	N-terminal
F4K6D3	337	495	middle
F4K9X6	60	95	C-terminal
O22726	1	71	IDP
O64702	1	65	N-terminal
O65451	1	145	N-terminal
O80683	1	238	IDP
O81796	1	31	N-terminal
P0C7Q8	1	156	N-terminal
P0C7Q9	1	72	N-terminal
P32069	1	74	N-terminal
P92525	1	184	IDP
Q42290	1	48	N-terminal
Q5BPG5	1	165	IDP
Q5QIT3	55	121	middle
Q5XF24	295	468	C-terminal
Q6NPR6	289	452	middle
Q6NPR6	510	615	C-terminal
Q8GW81	1	44	N-terminal
Q8GW81	86	161	middle
Q8GWC0	1	42	N-terminal
Q8GYC9	84	680	C-terminal
Q8GYE6	1	66	IDP
Q8H0X6	1	53	N-terminal
Q8LPG1	1	57	N-terminal
Q8LPT2	1	204	N-terminal
Q8RY46	1	78	N-terminal
Q8VXV4	356	436	C-terminal
Q8VY06	1	100	N-terminal
Q93Z11	1	72	N-terminal
Q940Y8	1	192	N-terminal
Q940Y8	488	600	middle
Q94F26	1	44	N-terminal
Q94JQ7	1	39	N-terminal
Q94JQ7	104	144	C-terminal
Q94K01	367	418	C-terminal
Q9C8N8	1	69	N-terminal
Q9C9U4	1	56	N-terminal
Q9C9U4	456	576	C-terminal
Q9FFS4	1	101	IDP
Q9FL62	61	98	middle
Q9FL62	173	303	C-terminal
Q9FLP9	395	431	C-terminal
Q9FMJ4	1	99	N-terminal
Q9FXC1	1	42	N-terminal
Q9FXG3	41	78	middle
Q9LF38	240	293	C-terminal
Q9LRR2	1	66	N-terminal
Q9LT86	371	413	C-terminal
Q9LTC6	1	139	IDP
Q9LVA5	1	34	N-terminal
Q9LXD0	1	146	N-terminal
Q9LXD0	431	546	C-terminal
Q9LZZ6	154	245	C-terminal
Q9M128	1	116	N-terminal
Q9M128	173	229	middle
Q9M2I4	1	38	N-terminal
Q9M2J9	1	36	N-terminal
Q9M2Q1	1	32	N-terminal
Q9M2Q1	165	202	middle
Q9M2Q1	278	319	C-terminal
Q9M367	1	150	N-terminal
Q9M9A8	1	191	N-terminal
Q9M9E2	1	70	N-terminal
Q9SAH6	1	128	N-terminal
Q9SH64	1	257	N-terminal
Q9SH64	505	646	C-terminal
Q9SN67	1	81	IDP
Q9STW8	1	53	N-terminal
Q9SVG6	222	416	C-terminal
Q9T033	398	481	middle
Q9T033	788	864	C-terminal
Q9ZUL3	1	69	N-terminal
Q9ZUL3	213	602	C-terminal
Q9ZWB3	297	471	C-terminal
A0A1I9LNF2	1	245	N-terminal
A9QM73	589	1059	C-terminal
F4I5I4	1	113	N-terminal
F4IH31	1	42	N-terminal
F4IMC7	1	389	IDP
F4ISA9	1	93	IDP
F4J2K4	415	532	middle
F4J2K4	569	601	middle
F4JBM4	1	57	N-terminal
F4JJ52	1	46	N-terminal
F4JJ52	388	526	middle
F4JVE0	1	80	N-terminal
F4JVE0	191	534	C-terminal
F4JXC2	1	185	N-terminal
F4K2W6	1	33	N-terminal
O22225	1	83	N-terminal
O49403	1	120	N-terminal
O49403	186	401	C-terminal
O64824	84	227	C-terminal
O64867	1	93	N-terminal
O65896	130	162	middle
O80543	1	54	N-terminal
O81275	1	99	N-terminal
P33543	1	34	N-terminal
P33543	292	359	middle
P82658	1	60	N-terminal
P92513	1	107	IDP
Q0WM29	1	120	N-terminal
Q0WNR2	180	366	middle
Q147K6	93	125	C-terminal
Q1G3B3	1	113	IDP
Q2V397	1	54	N-terminal
Q38828	1	135	N-terminal
Q4V3D3	1	393	N-terminal
Q6AWX2	97	264	middle
Q6AWX2	366	475	C-terminal
Q6E297	1	61	N-terminal
Q6NLT4	1	197	IDP
Q6R0C4	118	249	C-terminal
Q84M97	1	167	N-terminal
Q84M97	354	388	middle
Q8GYB4	415	459	middle
Q8L751	1	85	N-terminal
Q8L751	148	256	middle
Q8L751	312	429	middle
Q8LPK5	65	170	middle
Q8LPK5	553	587	middle
Q8RY11	1	75	N-terminal
Q8VYC4	1	53	N-terminal
Q94BQ3	329	361	middle
Q94BQ3	491	610	middle
Q94BQ3	696	757	C-terminal
Q9C546	1	46	N-terminal
Q9C546	129	198	middle
Q9C9J1	1	100	N-terminal
Q9CAV6	290	393	middle
Q9CAV6	550	700	C-terminal
Q9FMH9	1	56	N-terminal
Q9FMK8	1	138	IDP
Q9FMZ0	1	337	IDP
Q9LHL7	175	222	middle
Q9LTZ0	1	31	N-terminal
Q9LXC9	1	66	N-terminal
Q9LXG8	1	212	N-terminal
Q9LXG8	282	548	C-terminal
Q9LZB2	1	32	N-terminal
Q9M0V4	1	131	N-terminal
Q9M0X1	133	197	C-terminal
Q9M158	1	104	N-terminal
Q9M158	252	466	C-terminal
Q9M7Z1	1	73	N-terminal
Q9M9H7	1	47	N-terminal
Q9SF37	569	614	middle
Q9SN19	1	84	N-terminal
Q9SN19	186	502	C-terminal
Q9SWH4	1	78	N-terminal
Q9SWH4	189	226	middle
Q9XII1	1	68	N-terminal
Q9XII1	135	307	C-terminal
Q9ZUU1	1	48	N-terminal
A0A1I9LQX3	1	73	N-terminal
A0A1P8ARH5	1	37	N-terminal
A0A1P8ARH5	85	155	C-terminal
A0A1P8B2A8	1	64	N-terminal
A0A1P8BAX2	1	59	IDP
F4I4Q1	188	303	C-terminal
F4I9Q5	1	374	N-terminal
F4I9Q5	537	590	middle
O24606	1	90	N-terminal
O24606	207	238	middle
O24606	304	628	C-terminal
P0DKB7	1	34	N-terminal
P92953	1	167	N-terminal
P92953	260	318	C-terminal
P92974	1	74	N-terminal
Q0WQ91	1	56	N-terminal
Q38847	182	268	C-terminal
Q58FW2	1	68	N-terminal
Q58FW2	112	154	C-terminal
Q6NN00	1	116	IDP
Q8GUN8	268	309	C-terminal
Q8LAB7	1	68	IDP
Q8VXX5	315	357	middle
Q8VY68	1	113	IDP
Q944Q0	280	334	middle
Q944Q0	425	509	middle
Q94AU3	1	65	N-terminal
Q9ATB4	1	43	N-terminal
Q9ATB4	181	246	middle
Q9ATB4	365	416	middle
Q9C6K4	1	82	N-terminal
Q9C6K4	209	305	middle
Q9C9I4	1	56	N-terminal
Q9LF48	101	175	C-terminal
Q9LMH6	1	214	N-terminal
Q9LQQ1	1	44	N-terminal
Q9LXF4	1	79	N-terminal
Q9LXF4	1196	1227	C-terminal
Q9SCY2	1	45	N-terminal
Q9SV09	65	223	middle
Q9SV09	332	540	C-terminal
Q9SVC2	1	49	N-terminal
Q9SVC2	309	341	C-terminal
Q9SZD3	1	115	IDP
Q9XFB0	1	115	N-terminal
