A0A1I9LPH3	gene_name:At3g29173
A0A1P8B415	gene_name:HIL1
A4FVP2	gene_name:TPS03
B3H6N5	gene_name:At3g26539
F4I2G0	gene_name:At1g03660
F4I316	gene_name:SUN3
F4I8H8	gene_name:GDPD4
F4IB23	gene_name:At1g43005
F4IB81	gene_name:LYK3
F4IG53	gene_name:At2g45406
F4IRU3	gene_name:XI-F
F4IYZ0	gene_name:At3g28080
F4J3U4	gene_name:At3g10585
F4J9Q6	gene_name:FKBP43
F4JN22	gene_name:At4g35500
F4JRR2	gene_name:At4g24860
F4JTS9	gene_name:At4g13760
F4K4Y5	gene_name:DEK4
F4K6R7	gene_name:ENODL21
F4KAN9	gene_name:MSF19.7
F4KGY0	gene_name:MKP11.10
O04714	gene_name:GCR1
O22718	gene_name:ACLA-2
O48850	gene_name:VAMP725
O64583	gene_name:At2g34740
O64764	gene_name:At2g35010
O65570	gene_name:VLN4
O80965	gene_name:At2g39160
O81760	gene_name:PP2C63
O82236	gene_name:ATFDB15
P20115	gene_name:CSY4
P25853	gene_name:BAM5
P42753	gene_name:CYCD3-1
P46286	gene_name:RPL8A
P48007	gene_name:PI
P92999	gene_name:GLP2A
Q0WP38	gene_name:At5g49710
Q1PF35	gene_name:RIC6
Q2V370	gene_name:At5g18403
Q3E6X9	gene_name:At1g47915
Q501D1	gene_name:At1g04090
Q5PP12	gene_name:AGP24
Q6XJG8	gene_name:RPN1B
Q6XL73	gene_name:ATJ39
Q7XA66	gene_name:ZOP1
Q84JH2	gene_name:G3BP-LIKE
Q84K72	gene_name:At1g06510
Q8GUH7	gene_name:OSCA2.3
Q8GUM2	gene_name:HSP70-9
Q8L706	gene_name:SYT5
Q8L9H6	gene_name:CLE17
Q8LAF9	gene_name:At5g20130
Q8LE42	gene_name:NRPD7
Q8LGI8	gene_name:NAA20
Q8RWD8	gene_name:At1g20540
Q8RXJ5	gene_name:At3g58020
Q8RXT2	gene_name:ISTL7
Q8VZW1	gene_name:NIP1-1
Q940Y9	gene_name:At5g43745
Q949X1	gene_name:DFR1
Q9ASQ2	gene_name:MAMYB
Q9C5H4	gene_name:MTV1
Q9C6G7	gene_name:At1g55380
Q9C8H4	gene_name:At1g51620
Q9CAA6	gene_name:ATDOA5
Q9CB01	gene_name:RABF1
Q9FG54	gene_name:MDK4.20
Q9FMY7	gene_name:ZHD13
Q9FVQ1	gene_name:NUCL1
Q9FY81	gene_name:At5g09340
Q9LDH1	gene_name:SIB1
Q9LNL1	gene_name:At1g34520
Q9LNP6	gene_name:NFYA8
Q9LS03	gene_name:AOC1
Q9LTF4	gene_name:PCMP-H52
Q9LUZ5	gene_name:MZN1.7
Q9LVR0	gene_name:ATHB-53
Q9LX87	gene_name:At3g46050
Q9LZ08	gene_name:MOS11
Q9M0L3	gene_name:At4g25040
Q9M1G5	gene_name:NDC80
Q9M1P5	gene_name:ARFA1E
Q9M363	gene_name:At3g61750
Q9M885	gene_name:RPS7B
Q9S756	gene_name:FER4
Q9S7Z8	gene_name:PIN3
Q9SCU5	gene_name:WNK5
Q9SD80	gene_name:TOM5
Q9SE45	gene_name:ANN3
Q9SH30	gene_name:HMA5
Q9SIJ5	gene_name:RL2
Q9SN99	gene_name:F18L15.100
Q9SVJ5	gene_name:At4g38980
Q9SZH8	gene_name:At4g26040
Q9SZR5	gene_name:F27B13.190
Q9T0A2	gene_name:At4g23870
Q9XF89	gene_name:LHCB5
Q9ZQI0	gene_name:EPR1
Q9ZUW2	gene_name:At2g27540
Q9ZVI9	gene_name:PECT1
A0A1I9LN10	gene_name:At3g43837
A0A1I9LQI3	gene_name:At3g31550
A0A1P8B6J1	gene_name:At4g23355
A0A1P8B9Z0	gene_name:At5g04347
A0A1P8BBR6	gene_name:At5g15685
A8MRC1	gene_name:At2g03667
B3H4D2	gene_name:At3g03826
F4HWT1	gene_name:At1g48145
F4HXU3	gene_name:KNATM
F4HYR3	gene_name:OSCA1.4
F4HZU9	gene_name:At1g29025
F4I4G1	gene_name:At1g16480
F4I8M5	gene_name:At1g78030
F4IAF4	gene_name:At1g05950
F4IZC5	gene_name:CAN1
F4J424	gene_name:RIC5
F4JT98	gene_name:SLK3
F4K3X8	gene_name:KIN7L
F4K4T3	gene_name:RLP56
F4K6L4	gene_name:At5g07225
F4K9W2	gene_name:MWD9.25
F4KEU5	gene_name:At5g52220
F4KG91	gene_name:At5g52580
O04147	gene_name:At4g18930
O64855	gene_name:At2g44200
O64859	gene_name:At2g44240
O80617	gene_name:At2g03030
O81815	gene_name:MO1
O82387	gene_name:CDC6
P34802	gene_name:GGPPS1
P52577	gene_name:At1g75280
P59277	gene_name:SYP81
P92517	gene_name:At2g07685
P92519	gene_name:At2g07683
Q0WPA5	gene_name:MSR2
Q0WR08	gene_name:At4g37409
Q0WVN5	gene_name:CSLG3
Q1PDI7	gene_name:At5g56325
Q2V4D9	gene_name:At1g68907
Q3E9U9	gene_name:At4g28405
Q3EA54	gene_name:At4g11655
Q3EAY9	gene_name:PME30
Q45GK4	gene_name:At3g50160
Q5XF82	gene_name:JAL11
Q5XVB9	gene_name:At3g15860
Q67ZE4	gene_name:At1g67760
Q6E260	gene_name:At3g06710
Q6NQ87	gene_name:CRK22
Q8H1N0	gene_name:At2g33400
Q8L649	gene_name:BB
Q8L7U6	gene_name:At1g16750
Q8LFV1	gene_name:At4g29550
Q8LPJ1	gene_name:CKL6
Q8W1P0	gene_name:CSN6B
Q93W95	gene_name:QUA3
Q949W8	gene_name:XK2
Q9C567	gene_name:At5g22210
Q9C5J3	gene_name:RRC1
Q9C5Z1	gene_name:TIF3B1
Q9C748	gene_name:TPS28
Q9FE46	gene_name:GSTF12
Q9FF86	gene_name:DCR
Q9FFP5	gene_name:MBK5.17
Q9FG24	gene_name:SRF2
Q9FGQ9	gene_name:FLZ1
Q9FGX6	gene_name:At5g49410
Q9FHG3	gene_name:At5g46420
Q9FHN4	gene_name:PME60
Q9FI73	gene_name:At5g48970
Q9FLJ3	gene_name:At5g61412
Q9FLQ4	gene_name:At5g55070
Q9FQ20	gene_name:SYN2
Q9FVQ5	gene_name:OSCA1.8
Q9FX55	gene_name:STO9
Q9LDV4	gene_name:ALAAT2
Q9LEW3	gene_name:AED1
Q9LFA3	gene_name:MDAR1
Q9LIM3	gene_name:At3g15110/F4B12_2
Q9LJG8	gene_name:ASIL2
Q9LQW4	gene_name:At1g14686
Q9LZC2	gene_name:F8F6_80
Q9M089	gene_name:At4g31130
Q9M0S8	gene_name:MET2
Q9M8K0	gene_name:At3g06180
Q9MA93	gene_name:At3g05260
Q9SAB7	gene_name:CYP77B1
Q9SAK0	gene_name:EMB2217
Q9SJ65	gene_name:At2g35850
Q9SJA6	gene_name:RSZ22A
Q9SKP6	gene_name:TIM
Q9SRQ3	gene_name:PEX19-1
Q9SV02	gene_name:SCPL39
Q9SWA6	gene_name:SNI1
Q9SYZ9	gene_name:TAF8
Q9T0H2	gene_name:SMAP1
Q9XIA6	gene_name:EMB1129
Q9ZNU5	gene_name:At2g01610
Q9ZQ96	gene_name:UGT73C3
Q9ZV43	gene_name:CHR8
Q9ZWD1	gene_name:PRA1G1
A0A1P8AP82	gene_name:At1g07690
A8MR43	gene_name:At5g63085
A8MSE2	gene_name:At3g45243
B3H7H9	gene_name:At5g04238
F4I9I6	gene_name:At1g51405
F4IAM7	gene_name:At1g18130
F4IK79	gene_name:At2g06908
F4J1T5	gene_name:At3g29152
F4JLS2	gene_name:DL4195C
F4KG58	gene_name:EXO70A3
O22315	gene_name:SR34
O22780	gene_name:At2g33280
O23461	gene_name:ARA1
O49305	gene_name:At1g23120
O49404	gene_name:BEH3
O49484	gene_name:ASK11
O49627	gene_name:ISU1
O64903	gene_name:NDPK2
O81793	gene_name:At4g35610
O82239	gene_name:RFI2
O82370	gene_name:At2g29860
P0CAY3	gene_name:At1g61685
P0DKG4	gene_name:At2g42465
P30188	gene_name:CML35
P49047	gene_name:At2g25940
P92543	gene_name:AtMg01110
Q1G3Q9	gene_name:At2g07820
Q1H5D6	gene_name:At3g63390
Q39221	gene_name:STL2P
Q3E8L3	gene_name:At5g38565
Q3EDK7	gene_name:At1g02320
Q41963	gene_name:TIP1-2
Q682H4	gene_name:HIGLE
Q6DR93	gene_name:At2g15170
Q6NLB1	gene_name:At2g26850
Q6NQK2	gene_name:SOG1
Q7Y205	gene_name:At5g28440
Q84JT6	gene_name:MSRB9
Q84XF3	gene_name:DRP1B
Q8L602	gene_name:CCT101
Q8L641	gene_name:At3g52170
Q8RX56	gene_name:PATROL1
Q8VYN5	gene_name:At4g38660
Q93YV0	gene_name:GES
Q93ZC6	gene_name:At4g31875
Q9C5N4	gene_name:At1g55680
Q9C633	gene_name:AGL97
Q9C6G0	gene_name:At1g58050
Q9FFF9	gene_name:APC1
Q9FGX3	gene_name:At5g49440
Q9FIL6	gene_name:At5g58950
Q9FL87	gene_name:CRR7
Q9FLP0	gene_name:MAP65-1
Q9FLX2	gene_name:MXC20.12
Q9FM05	gene_name:MQB2.23
Q9FM66	gene_name:At5g55720
Q9FMW5	gene_name:At5g23360
Q9FN75	gene_name:At5g17760
Q9FNH4	gene_name:NUDT27
Q9FVS9	gene_name:CYP96A15
Q9FYM0	gene_name:At1g24430
Q9LDB4	gene_name:LTP6
Q9LH50	gene_name:RABA4D
Q9LIK0	gene_name:PKP1
Q9LJP1	gene_name:GLIP4
Q9LND4	gene_name:PCMP-E61
Q9LQ16	gene_name:At1g62910
Q9LQQ8	gene_name:PBL5
Q9LR30	gene_name:GGAT1
Q9LS90	gene_name:LFR
Q9LUA3	gene_name:NIMIN-2
Q9LUH9	gene_name:EPFL5
Q9LVM2	gene_name:ndhN
Q9LW16	gene_name:At3g15630
Q9LX78	gene_name:F12M12_140
Q9LXB5	gene_name:FLP2
Q9LXU5	gene_name:At5g12940
Q9LZC5	gene_name:At5g03820
Q9LZQ3	gene_name:T12C14_70
Q9M0G4	gene_name:TYRDC
Q9M115	gene_name:PAT18
Q9M897	gene_name:DMP5
Q9M8K2	gene_name:REM21
Q9S841	gene_name:PSBO2
Q9SDA8	gene_name:FBL10
Q9SHQ8	gene_name:HIPP04
Q9SHY6	gene_name:EXPB2
Q9SIL4	gene_name:At2g20550
Q9SIY5	gene_name:RER5
Q9SK55	gene_name:JUB1
Q9SLL7	gene_name:RPL31A
Q9SMU1	gene_name:At3g49040
Q9SN77	gene_name:F1P2.160
Q9SQZ9	gene_name:At3g04780
Q9STI8	gene_name:At4g12230
Q9SX90	gene_name:PUP20
Q9T068	gene_name:EPFL2
Q9XEE8	gene_name:PP2C5
Q9ZQF0	gene_name:At2g15640
Q9ZV34	gene_name:CBP1
A0A1I9LLJ3	gene_name:At3g43610
A0A1I9LRU1	gene_name:ARA2
A0A1P8ATJ3	gene_name:At1g60670
A0A1P8B8C5	gene_name:At4g00925
A0A1P8BBX7	gene_name:MGN6.6
A0A1P8BGM4	gene_name:At5g39715
A8MRM3	gene_name:At2g25312
B3H473	gene_name:At5g17847
B3H5P3	gene_name:At3g14981
B3H608	gene_name:At2g29679
F4HQ70	gene_name:ADTO1
F4HTP2	gene_name:POLA2
F4HXG1	gene_name:BDR9
F4I2E4	gene_name:At1g76460
F4INE5	gene_name:At2g07827
F4IXJ9	gene_name:At3g21351
F4J8U4	gene_name:At3g18700
F4JKN4	gene_name:At4g34310
F4K5K3	gene_name:At5g20580
O22042	gene_name:ANP3
O22210	gene_name:MYBC1
O22833	gene_name:LECRK54
O23257	gene_name:At4g13960
O23341	gene_name:OFP11
O50008	gene_name:MS1
O80782	gene_name:At2g34330
O82189	gene_name:RDR4
P14714	gene_name:PHYC
P93738	gene_name:ACT9
Q0WTB4	gene_name:At3g49725
Q1G3N4	gene_name:At3g55646
Q1PDZ3	gene_name:At5g07380
Q39026	gene_name:MPK6
Q39132	gene_name:MLP1
Q42202	gene_name:RPL40B
Q4TU14	gene_name:RHF1A
Q5XEM9	gene_name:AL5
Q67ZW1	gene_name:HIPP27
Q6A333	gene_name:ALY2
Q7G1L2	gene_name:RAP2-6
Q84W56	gene_name:RNJ
Q84WM1	gene_name:At5g44005
Q84WU0	gene_name:OFUT5
Q84Y18	gene_name:CXIP4
Q8L4R0	gene_name:TGD1
Q8L9K4	gene_name:SOFL5
Q8RWJ4	gene_name:At2g36325
Q8S9L5	gene_name:TIG
Q8VZD1	gene_name:At5g08400
Q8W4L3	gene_name:BSK3
Q93ZE5	gene_name:FAHD1
Q93ZQ5	gene_name:At4g22990
Q940Z2	gene_name:ARP5
Q941A9	gene_name:At1g26300
Q94AA3	gene_name:PTAC13
Q94CH8	gene_name:EXL1
Q9C5U3	gene_name:RPT6A
Q9C7T2	gene_name:At1g72230
Q9C9D0	gene_name:SOT16
Q9C9Z7	gene_name:At3g08570
Q9FG44	gene_name:At5g37440
Q9FHJ0	gene_name:MFC19.13
Q9FI97	gene_name:UGT76C5
Q9FJZ9	gene_name:PER72
Q9FKV2	gene_name:At5g44360
Q9FLE4	gene_name:At5g39900
Q9FM65	gene_name:FLA1
Q9FM91	gene_name:At5g56400
Q9FNN7	gene_name:PCMP-E20
Q9FV81	gene_name:GATB
Q9FWA3	gene_name:PGD2
Q9LFV6	gene_name:RPOT2
Q9LHS7	gene_name:GPAT7
Q9LLR6	gene_name:LTP4
Q9LM75	gene_name:At1g20790
Q9LPF5	gene_name:At1g44760
Q9LRL0	gene_name:CRRSP27
Q9LU15	gene_name:AHP4
Q9LXG3	gene_name:PER56
Q9M060	gene_name:EIF6-2
Q9M1E8	gene_name:SEN1
Q9M8M6	gene_name:WRKY66
Q9M9C4	gene_name:At1g68390
Q9S7I0	gene_name:TADA
Q9S7P3	gene_name:KIN7N
Q9SAE3	gene_name:CYP71B28
Q9SAF5	gene_name:ALA11
Q9SH71	gene_name:At1g64210
Q9SIT4	gene_name:At2g13630
Q9SJE8	gene_name:ALMT2
Q9SKD3	gene_name:OXA1L
Q9SKD8	gene_name:At2g46420
Q9SSP7	gene_name:At1g52430
Q9STL4	gene_name:CEP2
Q9SVE6	gene_name:RHS17
Q9SX28	gene_name:At1g68650
Q9SZJ2	gene_name:GRDP2
Q9ZPR9	gene_name:At2g03570
Q9ZQ38	gene_name:At2g24290
Q9ZVT0	gene_name:At1g03290
A0A1I9LMZ8	gene_name:At3g43503
A0A1I9LNA0	gene_name:At3g06085
A0A1P8ARQ1	gene_name:At1g35895
A0A1P8B4L0	gene_name:At4g20920
A0A1P8B4L7	gene_name:At4g31715
A0A1P8BDF3	gene_name:At5g24275
A8MQL5	gene_name:At2g16594
C4B8C5	gene_name:EPFL7
F4I057	gene_name:At1g49015
F4IAN2	gene_name:M3KDELTA7
F4IG63	gene_name:At2g45460
F4IHD4	gene_name:At2g14800
F4J0K8	gene_name:At3g50300
F4J7S8	gene_name:SFH9
F4JEN3	gene_name:At3g14030
F4JLM5	gene_name:At4g10320
F4JQT1	gene_name:At4g18250
F4JZS0	gene_name:At5g26270
F4KFX5	gene_name:At5g40000
O04195	gene_name:At2g39920
O04532	gene_name:FH8
O22132	gene_name:LBD19
O22255	gene_name:ATL64
O65590	gene_name:WRKY34
O80637	gene_name:At2g39500
O80757	gene_name:BTL17
O80977	gene_name:VSR3
P38557	gene_name:TUBG1
P43296	gene_name:RD19A
P46011	gene_name:NIT4
Q04980	gene_name:LTI65
Q0WVH7	gene_name:At1g13160
Q1PE51	gene_name:QWRF7
Q1PF01	gene_name:At2g25270
Q29PZ2	gene_name:O3L3
Q39017	gene_name:DGK1
Q56W64	gene_name:At5g61540
Q5Q0E2	gene_name:CRRSP9
Q67XV2	gene_name:SAC3C
Q6DYB5	gene_name:At4g00530
Q7FB56	gene_name:ABCC15
Q7X6T3	gene_name:At4g22214
Q84W98	gene_name:CLE41
Q8L8C0	gene_name:At2g36260
Q8RWW1	gene_name:TMN10
Q8RXP6	gene_name:WAV2
Q8VZB5	gene_name:SAFE1
Q8W4C4	gene_name:At4g01995
Q94B05	gene_name:UMP1A
Q94CI6	gene_name:SFP2
Q94CJ8	gene_name:At5g12440
Q94K49	gene_name:ALP1
Q9C584	gene_name:At5g22040
Q9C6Y4	gene_name:CSI2
Q9C7P6	gene_name:EIF4E3
Q9C9E1	gene_name:SAUR78
Q9C9S0	gene_name:TPR12
Q9CA02	gene_name:At3g49510
Q9FHP8	gene_name:At5g37730
Q9FIG8	gene_name:KIN7J
Q9FIT1	gene_name:IQD23
Q9FJP3	gene_name:RPL29
Q9FJQ8	gene_name:MQD22.19
Q9FLK4	gene_name:At5g61290
Q9LF22	gene_name:SP1L4
Q9LJ86	gene_name:LTPG5
Q9LJR9	gene_name:At3g25030
Q9LK39	gene_name:AAE16
Q9LMY9	gene_name:PSK1
Q9LP03	gene_name:PCMP-E58
Q9LQQ0	gene_name:DIR25
Q9LR72	gene_name:PCMP-E3
Q9LS15	gene_name:At5g38050
Q9LSD0	gene_name:TSO2
Q9LV32	gene_name:NRPD2b
Q9LXZ9	gene_name:T5P19_60
Q9LY49	gene_name:F27K19_140
Q9LY66	gene_name:RPL1
Q9M0N1	gene_name:PUX10
Q9M2S4	gene_name:LECRKS4
Q9M310	gene_name:At3g61590
Q9M9P3	gene_name:UGP2
Q9S9N1	gene_name:HSP70-5
Q9SA14	gene_name:IMDH3
Q9SAF2	gene_name:At1g13190
Q9SAU2	gene_name:RPE
Q9SDY5	gene_name:RCE1
Q9SF55	gene_name:At3g09480
Q9SFF6	gene_name:PAE12
Q9SFU1	gene_name:RPL13AA
Q9SGD2	gene_name:GALT29A
Q9SHZ6	gene_name:UBA1A
Q9SIT6	gene_name:ABCG5
Q9SJ07	gene_name:At2g21920
Q9SK33	gene_name:WRKY60
Q9SVD7	gene_name:UEV1D
Q9SX80	gene_name:RBP47C'
Q9SZ21	gene_name:At4g26810
Q9SZ90	gene_name:At4g09740
Q9ZUA9	gene_name:At2g01810
A0A1P8ASE7	gene_name:At1g34049
A0A1P8AV53	gene_name:At1g11070
A0A1P8AYF2	gene_name:EXT6
A0A1P8B544	gene_name:MEE55
A8MR03	gene_name:CWC16B
A8MRI0	gene_name:ESFL3
B3H567	gene_name:At2g05294
F4HSD4	gene_name:ATOBGM
F4I1X0	gene_name:HIPP41
F4I6M4	gene_name:TOR1L1
F4IJA3	gene_name:At2g06420
F4ILE1	gene_name:At2g16940
F4JMJ3	gene_name:At4g16680
F4JN04	gene_name:At4g35370
F4JT80	gene_name:RPP2B
O22942	gene_name:At2g41780
O49286	gene_name:SKP2B
O81432	gene_name:At4g04090
O81772	gene_name:PER46
O81843	gene_name:At4g27400
P25859	gene_name:CDKB1-1
P42699	gene_name:DRT112
Q1G3B8	gene_name:At2g32645
Q2V2W8	gene_name:At5g60553
Q3E7T8	gene_name:UBQ14
Q56YN8	gene_name:SMC3
Q67Z07	gene_name:PER2
Q680I0	gene_name:ORTH5
Q6NLF1	gene_name:At2g17300
Q7Y218	gene_name:MZA15.15
Q84JL2	gene_name:At5g09300
Q84LM4	gene_name:AARE
Q8GXG6	gene_name:GALT4
Q8L799	gene_name:MIOX1
Q8RX72	gene_name:LAP3
Q8RXP3	gene_name:At1g47740
Q8S8J8	gene_name:At2g13900
Q8VYE2	gene_name:TIM50
Q93Z51	gene_name:At3g16190
Q93ZR6	gene_name:WSD1
Q94AB1	gene_name:At3g14075
Q9C525	gene_name:BGLU21
Q9C568	gene_name:At5g22200
Q9C580	gene_name:At5g22080
Q9C660	gene_name:PERK10
Q9C6W9	gene_name:At1g32020
Q9C7I1	gene_name:ATL34
Q9C7N2	gene_name:CAD1
Q9C882	gene_name:GTL1
Q9C8L2	gene_name:FAP3
Q9C8Y1	gene_name:CML23
Q9C911	gene_name:JJJ1
Q9C9U2	gene_name:CDKD-1
Q9CAL1	gene_name:EDA24
Q9FGW0	gene_name:FLA20
Q9FHK1	gene_name:At5g36200
Q9FHK4	gene_name:EDR4
Q9FIJ4	gene_name:RAD52-2
Q9FIS2	gene_name:ZIP12
Q9FIZ1	gene_name:At5g44760
Q9FJG2	gene_name:At5g18000
Q9FK62	gene_name:SAUR24
Q9FNE1	gene_name:CRK42
Q9FYC6	gene_name:F28D10_30
Q9LFH9	gene_name:LECRK81
Q9LJ94	gene_name:At3g22520
Q9LJB9	gene_name:At3g21130
Q9LM15	gene_name:RAP2-13
Q9LRT1	gene_name:At3g28040
Q9LSD6	gene_name:ARP2
Q9LUC9	gene_name:CYP72A11
Q9LW44	gene_name:MANP
Q9LXJ8	gene_name:F3C22_60
Q9LXY8	gene_name:T5P19_170
Q9LYY6	gene_name:At5g02995
Q9M224	gene_name:At3g60350
Q9M2B3	gene_name:At3g42800
Q9M2N6	gene_name:T27B3.30
Q9M3C6	gene_name:PSA3
Q9M8M7	gene_name:WIN1
Q9M9A1	gene_name:At1g48990
Q9SE83	gene_name:DRP2A
Q9SE97	gene_name:FH1
Q9SJD1	gene_name:At2g04380
Q9SJM3	gene_name:KIPK2
Q9SJP4	gene_name:FUT5
Q9SJY7	gene_name:AGP2
Q9SKN1	gene_name:MON1
Q9SKQ0	gene_name:CYP19-2
Q9SP32	gene_name:DCL1
Q9SRI3	gene_name:T22N4.1
Q9STJ7	gene_name:BHLH118
Q9SUG3	gene_name:ITPK3
Q9SUG6	gene_name:PUX3
Q9SUW3	gene_name:At4g22560
Q9SVC7	gene_name:F22O6_160
Q9ZPW7	gene_name:ZHD6
Q9ZQP6	gene_name:INT3
Q9ZUH0	gene_name:At2g24250
Q9ZUM9	gene_name:ASHR2
A0A178VBH8	gene_name:BSK9
A0A1I9LNA3	gene_name:At3g02255
A0A1P8AVJ4	gene_name:YUP8H12R.20
A0A1P8BCS3	gene_name:At5g45455
A0A1P8BEI2	gene_name:MAC12.12
A8MRD9	gene_name:PDS5D
C0Z274	gene_name:CCZ1B
F4HQ88	gene_name:DYRKP-2A
F4I507	gene_name:VIII-A
F4I5Q5	gene_name:At1g04590
F4I9U7	gene_name:At1g65120
F4INF6	gene_name:At2g07835
F4IQG2	gene_name:At2g18190
F4IZR5	gene_name:XPO1B
F4J982	gene_name:SRPK4
F4JCC9	gene_name:At3g19740
F4JGH9	gene_name:At4g05612
F4JP84	gene_name:DL4830C
F4JSV3	gene_name:EDA40
F4K2Y3	gene_name:MAB16.20
F4KD49	gene_name:At5g45240
O03986	gene_name:HSP90-4
O22248	gene_name:MAGL9
O22825	gene_name:At2g43780
O49399	gene_name:PCMP-E101
O49479	gene_name:At4g19620
O64641	gene_name:CXE9
O80481	gene_name:At1g09260
O80986	gene_name:At2g26110
P0DKC4	gene_name:PGLP1B
P14712	gene_name:PHYA
P30302	gene_name:PIP2-3
P42793	gene_name:RPL5
Q058G7	gene_name:At3g30430
Q0WM93	gene_name:At4g02470
Q0WVU7	gene_name:At1g65280
Q147F7	gene_name:At2g24030
Q38960	gene_name:LWD2
Q3E870	gene_name:SDH7B
Q3E9F6	gene_name:PUB47
Q5Q0H6	gene_name:MOS9
Q7FZR1	gene_name:RLP52
Q84K47	gene_name:ABCA2
Q84VX1	gene_name:At4g38650
Q84WD3	gene_name:At4g19060
Q8GWI7	gene_name:JAL10
Q8GXU5	gene_name:SDI1
Q8GY71	gene_name:DL3768W
Q8GYM6	gene_name:CYCT1-4
Q8H0Z9	gene_name:At5g13090
Q8L471	gene_name:FLZ8
Q8L7W5	gene_name:SMO1-1
Q8RVQ9	gene_name:CENH3
Q8VWI7	gene_name:KIN10A
Q8W3K0	gene_name:RPP7
Q93VH1	gene_name:YIP4B
Q949Q5	gene_name:PSAO
Q94AT5	gene_name:EX2
Q94BT2	gene_name:AIR12
Q94BY4	gene_name:OFUT35
Q94K80	gene_name:LARP1C
Q9C590	gene_name:At5g21970
Q9FFN4	gene_name:BGAL6
Q9FI10	gene_name:At5g44550
Q9FIC8	gene_name:At5g39130
Q9FJR7	gene_name:MQD22.8
Q9FK42	gene_name:NAC088
Q9FVV5	gene_name:At1g71290
Q9LI74	gene_name:CHUP1
Q9LNL3	gene_name:CYP94D1
Q9LSB5	gene_name:1g52420
Q9LSR8	gene_name:LECRK19
Q9LUV1	gene_name:PMEI2
Q9LVJ7	gene_name:NFYA6
Q9LXU2	gene_name:MCTP5
Q9M2A1	gene_name:At3g42630
Q9M8T7	gene_name:HIPP08
Q9M8X8	gene_name:At3g04220
Q9MA83	gene_name:RLP30
Q9MAD4	gene_name:At3g01250
Q9SB70	gene_name:At4g24760
Q9SEU7	gene_name:GAT1
Q9SF53	gene_name:RPL35A
Q9SFD9	gene_name:At1g21960
Q9SFZ2	gene_name:At1g27670
Q9SH43	gene_name:CRRSP5
Q9SHV0	gene_name:At2g15260
Q9SIB4	gene_name:WOX3
Q9SIR0	gene_name:At2g25330
Q9SIV5	gene_name:NERD
Q9SJZ3	gene_name:PCMP-E28
Q9SLM6	gene_name:GSTF3
Q9SMV7	gene_name:MSH7
Q9SRQ4	gene_name:At3g03500
Q9SSQ9	gene_name:PLDALPHA2
Q9SV07	gene_name:ASAT1
Q9SV30	gene_name:GATA8
Q9SX31	gene_name:PERK9
Q9SYJ2	gene_name:GPAT3
Q9SZL7	gene_name:FRS9
A0A1I9LR11	gene_name:At3g57465
A0A1P8B2W4	gene_name:At2g07655
A0A1P8B457	gene_name:At4g16535
B3H5T1	gene_name:At1g51823
B3H6E2	gene_name:At3g53294
F4HU55	gene_name:BSK4
F4HV06	gene_name:EMB2756
F4HYN6	gene_name:At1g55050
F4IAL1	gene_name:OFUT2
F4IBU4	gene_name:At1g78740
F4IFH3	gene_name:At2g14270
F4IGN8	gene_name:At2g27505
F4IIU2	gene_name:At2g34670
F4IUA7	gene_name:At2g12875
F4IWG3	gene_name:At3g27325
F4J368	gene_name:At3g44713
F4JCU0	gene_name:SUA
F4JCY2	gene_name:OSCA2.5
F4JMX1	gene_name:At4g29250
F4JQ95	gene_name:DGK7
F4JRK4	gene_name:At4g18530
F4K0Y5	gene_name:TPR16
F4KAH4	gene_name:At5g50940
F4KCY1	gene_name:At5g30495
F4KIP2	gene_name:MNF13.13
O04309	gene_name:JAL35
O04479	gene_name:AS2
O04951	gene_name:PP2A5
O22765	gene_name:TRPA1
O24521	gene_name:AHB2
O65718	gene_name:CNGC2
O80623	gene_name:At2g39360
P0CH03	gene_name:ATL21C
P46032	gene_name:NPF8.3
P46086	gene_name:At5g27450
P48001	gene_name:KNAT4
Q2V328	gene_name:At5g37474
Q2V462	gene_name:At2g24615
Q38870	gene_name:CPK2
Q56XE2	gene_name:At1g77122
Q56Y85	gene_name:MAP2B
Q67ZB3	gene_name:FRL3
Q6A332	gene_name:ALY3
Q6NPR7	gene_name:At1g29470
Q8GW57	gene_name:At1g80150
Q8GY54	gene_name:GGCT2;1
Q8GZ67	gene_name:At1g68160
Q8H0U5	gene_name:TIC62
Q8H0W3	gene_name:RVE6
Q8L7H7	gene_name:CYP705A4
Q8LBX6	gene_name:At5g08391
Q8LF87	gene_name:At3g27520
Q8RY24	gene_name:SPS3
Q8S8C6	gene_name:BPC4
Q8VZI4	gene_name:At3g24460
Q8VZN3	gene_name:MQK4.11
Q8W1E6	gene_name:At5g67540
Q93Z16	gene_name:RPN2
Q941D5	gene_name:VPS2.3
Q94CL6	gene_name:NAR1
Q9C7S7	gene_name:AERO1
Q9C826	gene_name:ABA2
Q9C8W3	gene_name:FUT13
Q9CAR3	gene_name:CBSCBS2
Q9FHY8	gene_name:HLB1
Q9FKC0	gene_name:RPL13AD
Q9FMQ2	gene_name:MXC9.5
Q9FMW9	gene_name:ICMTA
Q9FNB9	gene_name:bzip13
Q9FUA4	gene_name:SPT
Q9FV49	gene_name:MAP2A
Q9FYI3	gene_name:At1g30945
Q9LDY8	gene_name:NAC055
Q9LEU8	gene_name:At5g10920
Q9LMK0	gene_name:RPL35AA
Q9LN59	gene_name:WAKL11
Q9LNJ5	gene_name:BHLH13
Q9LRW3	gene_name:SCL29
Q9LTQ0	gene_name:RTL2
Q9LTU8	gene_name:At3g13228
Q9LVG9	gene_name:At5g60050
Q9LVT3	gene_name:At5g47260
Q9LYC7	gene_name:OTU5
Q9M8S5	gene_name:At3g02840
Q9M995	gene_name:At1g48930
Q9MAJ0	gene_name:DD18
Q9S7H5	gene_name:SCL21
Q9S9N6	gene_name:PNSB1
Q9SID1	gene_name:BBX25
Q9SIZ9	gene_name:PEP6
Q9SKB7	gene_name:IP5P14
Q9SN85	gene_name:PCMP-H76
Q9SS00	gene_name:AAE12
Q9SS93	gene_name:At3g01620
Q9SSR0	gene_name:RBL5
Q9T070	gene_name:COX6A
Q9T074	gene_name:PCK1
Q9ZQF9	gene_name:MBR1
Q9ZR03	gene_name:petC
Q9ZUN9	gene_name:At2g19530
A0A1I9LQF4	gene_name:At3g61480
A0A1P8AQ86	gene_name:At1g65349
A0A1P8ASY7	gene_name:At1g64320
A0A1P8AYD6	gene_name:At2g31432
A0A1P8B3C2	gene_name:At4g16955
A0A1P8B3W6	gene_name:At4g13577
A0A1P8B4E4	gene_name:At4g30990
A8MS20	gene_name:At2g43440
A8MSD1	gene_name:At5g60964
B3H4U6	gene_name:At4g28068
B3H5R8	gene_name:SUMO8
F4HTS4	gene_name:At1g73970
F4HYG2	gene_name:IRE3
F4I214	gene_name:TET10
F4I421	gene_name:At1g76820
F4IMB2	gene_name:At2g07599
F4ING4	gene_name:At2g08986
F4IU12	gene_name:At2g38970
F4IY03	gene_name:2ODDC23.3
F4J264	gene_name:PRFB3
F4JA67	gene_name:At3g25850
F4JK43	gene_name:DL3770C
F4JKZ3	gene_name:At4g16015
F4JPQ4	gene_name:AP22.38
F4K4J5	gene_name:At5g42955
F4KIX0	gene_name:JMJ13
O04201	gene_name:At2g39975
O22183	gene_name:UGT84B2
O23052	gene_name:At1g05150
O23702	gene_name:AN
O48523	gene_name:At2g42150
O49644	gene_name:LTPG27
O49662	gene_name:AHL24
O65020	gene_name:ETO1
P58048	gene_name:CYP71B8
P93302	gene_name:AtMg00470
Q02973	gene_name:EM6
Q1PDP3	gene_name:MHK7.9
Q38937	gene_name:ARAC5
Q39230	gene_name:At5g27470
Q3E7J7	gene_name:At5g25860
Q3E880	gene_name:GLV11
Q3ECI7	gene_name:TOM7-2
Q58FW4	gene_name:At3g09430
Q6NPL0	gene_name:CP33C
Q84W66	gene_name:NFYB6
Q84WP3	gene_name:REM17
Q8GW16	gene_name:At5g66675
Q8GXA4	gene_name:WIP1
Q8GXM7	gene_name:ATHB-X
Q8H1D9	gene_name:TDP1
Q8H1F9	gene_name:PCH2
Q8L8V4	gene_name:At3g07640
Q8LD26	gene_name:At1g56220
Q8LFP7	gene_name:NIP1-2
Q8RWS8	gene_name:EMB2654
Q8RWZ1	gene_name:SUB
Q8S8F2	gene_name:FBL11
Q8W4G6	gene_name:CRK15
Q93WK5	gene_name:APRR7
Q94AS5	gene_name:ICME
Q94JU2	gene_name:At3g28050
Q9C5V6	gene_name:TOP6B
Q9C741	gene_name:At1g48730
Q9C7G0	gene_name:MAP65-8
Q9C9P4	gene_name:KAS2
Q9CAP1	gene_name:At1g77670
Q9CAW4	gene_name:TRAPPC6
Q9FDX1	gene_name:SKIP1
Q9FFS7	gene_name:MBK23.5
Q9FGD2	gene_name:At5g66980
Q9FH92	gene_name:IRX15-L
Q9FIG6	gene_name:DIR1
Q9FJ30	gene_name:At5g41840
Q9FJ96	gene_name:MSG15.4
Q9FKV0	gene_name:At5g44380
Q9FLN9	gene_name:PXG2
Q9FRI1	gene_name:LRR-RLK
Q9FX44	gene_name:At1g73510
Q9FY87	gene_name:At5g09280
Q9LFB9	gene_name:OPSL1
Q9LJR0	gene_name:At3g15348
Q9LPV8	gene_name:ERF1-2
Q9LSM5	gene_name:At5g65490
Q9LTQ5	gene_name:At3g20370
Q9LU01	gene_name:Y3IP1
Q9LZ82	gene_name:BTR1
Q9LZC3	gene_name:MLS
Q9LZZ7	gene_name:At3g60660
Q9M9Y9	gene_name:GRXS11
Q9SB36	gene_name:PCMP-E53
Q9SJW5	gene_name:LBD14
Q9SMT9	gene_name:At3g49020
Q9SRE6	gene_name:CML38
Q9STN5	gene_name:At4g08330
Q9SUD5	gene_name:At4g28040
Q9SVF3	gene_name:HHP5
Q9XFR0	gene_name:KCO3
Q9XIA7	gene_name:TOM6
Q9ZQ71	gene_name:At2g03350
A0A1I9LRC5	gene_name:At3g18915
A0A1P8ARB6	gene_name:At1g48725
A0A1P8B1Q0	gene_name:At2g41505
B3H4E1	gene_name:At3g49551
F4HR62	gene_name:At1g27260
F4HSJ2	gene_name:At1g13635
F4IB54	gene_name:At1g43330
F4IQN9	gene_name:At2g24945
F4IS91	gene_name:RSA1
F4IT19	gene_name:At2g43930
F4IZ10	gene_name:At3g28230
F4J135	gene_name:At3g03405
F4JCS8	gene_name:SUO
F4JIM4	gene_name:At4g21140
F4JWE4	gene_name:At5g11080
F4JY38	gene_name:At5g18710
O22791	gene_name:RBGD2
O22810	gene_name:CRL2
O23116	gene_name:EIL3
O23180	gene_name:PLP5
O23244	gene_name:PAP25
O48705	gene_name:At2g26380
O49373	gene_name:CYP96A2
O49393	gene_name:F10N7.210
O80703	gene_name:MTERF30
O82392	gene_name:THIC
P0DKJ6	gene_name:At1g20120
P49204	gene_name:RPS4B
P93822	gene_name:ERF14
Q0WR90	gene_name:At1g67148
Q2PE60	gene_name:LTPG23
Q2V4F4	gene_name:At1g64107
Q38945	gene_name:AHL
Q3B724	gene_name:CALS5
Q3EAY7	gene_name:At3g28120
Q56XI1	gene_name:PCMP-H18
Q570Y5	gene_name:At1g55152
Q5Q0D8	gene_name:At1g69485
Q6ICW9	gene_name:At1g44890
Q7PC79	gene_name:PSD
Q7X9N2	gene_name:AGL53
Q84VG5	gene_name:At3g13275
Q8GUN9	gene_name:OXR1
Q8GWH5	gene_name:RTNLB22
Q8GX78	gene_name:PHT4;4
Q8H151	gene_name:AAE13
Q8L7S3	gene_name:At2g28450
Q8LG32	gene_name:At1g53870
Q8W413	gene_name:CWINV4
Q8W4D4	gene_name:BAGP1
Q8W4F3	gene_name:OVA9
Q8W4I9	gene_name:ML1
Q93V84	gene_name:FLXL1
Q93VR9	gene_name:SEH1
Q93W91	gene_name:At3g62550
Q940S9	gene_name:At3g57890
Q94A94	gene_name:LYSA2
Q94AM5	gene_name:MAGL4
Q94CC6	gene_name:At4g36195
Q94CJ5	gene_name:RER4
Q94JV0	gene_name:At1g69210
Q94JX6	gene_name:At5g18390
Q9C6T0	gene_name:NIP3-1
Q9FEF7	gene_name:F4F7.42
Q9FF17	gene_name:At5g38460
Q9FGH6	gene_name:CHX25
Q9FGS4	gene_name:QS
Q9FGV4	gene_name:BIA2
Q9FHA7	gene_name:HEC1
Q9FJP0	gene_name:MQN23.20
Q9FVQ0	gene_name:YUC10
Q9FVW4	gene_name:UPF3
Q9FYL1	gene_name:At1g24530
Q9FZC6	gene_name:FOX3
Q9LDG7	gene_name:MJK13.13
Q9LH92	gene_name:At3g28820
Q9LJY0	gene_name:PRK4
Q9LS76	gene_name:TPS15
Q9LTB2	gene_name:MMT1
Q9LUT0	gene_name:CARK1
Q9LX27	gene_name:CML4
Q9LXI8	gene_name:ZPR3
Q9M130	gene_name:At4g01440
Q9M212	gene_name:T8B10_130
Q9M2J7	gene_name:LBD29
Q9M439	gene_name:BCAT2
Q9S7Z3	gene_name:PCS1
Q9SA50	gene_name:NAIP2
Q9SFF2	gene_name:SKS8
Q9SK50	gene_name:TIC55
Q9SKS7	gene_name:TTRAPPC2(L)
Q9SMZ3	gene_name:FBX13
Q9SRD0	gene_name:At1g76830
Q9STI1	gene_name:CYP706A4
Q9STV2	gene_name:At4g24420
Q9SUN2	gene_name:At4g20470
Q9SUX0	gene_name:At4g22490
Q9XEC4	gene_name:APA3
Q9XIF8	gene_name:GSTU16
Q9ZNZ7	gene_name:GLU1
A0A1I9LTD7	gene_name:At3g25505
A0A1P8ANC1	gene_name:At1g20687
A0A1P8AWS5	gene_name:SIF1
A1L4X7	gene_name:AHL14
A8MQL1	gene_name:TRAF1B
B3H635	gene_name:At2g20784
B3H7F0	gene_name:At1g61415
F4HNV0	gene_name:At1g06925
F4HS31	gene_name:At1g80140
F4I7X4	gene_name:At1g41920
F4IK97	gene_name:At2g07215
F4IN39	gene_name:At2g42510
F4IQY1	gene_name:At2g37530
F4IUQ8	gene_name:At2g32820
F4J3I0	gene_name:At3g57790
F4J3M2	gene_name:PTAC3
F4JKW0	gene_name:At4g10000
F4JL64	gene_name:At4g22350
F4JN35	gene_name:NTL9
F4JX00	gene_name:KIN14K
F4K000	gene_name:MJC20.7
F4KFA3	gene_name:At5g03360
O23448	gene_name:dl4035c
O23680	gene_name:TOC33
O24621	gene_name:SIGC
O64716	gene_name:At2g02610
O64850	gene_name:TRM140A
O65267	gene_name:At4g00580
O80776	gene_name:At2g34270
O81045	gene_name:At2g03290
P29525	gene_name:At4g25140
P32746	gene_name:PYRD
P49599	gene_name:PPH1
P92978	gene_name:ARAC11
P93312	gene_name:YMF16
Q0WMR0	gene_name:JAL12
Q39131	gene_name:ENODL17
Q3ECH7	gene_name:At1g66245
Q4FE45	gene_name:XBAT33
Q4JL84	gene_name:MYB59
Q500V3	gene_name:NUB1
Q56ZX8	gene_name:At2g15318
Q6NMZ4	gene_name:At4g34412
Q84JA6	gene_name:CESA4
Q8GYS0	gene_name:At5g19190
Q8GYT9	gene_name:SIS3
Q8L5U0	gene_name:CSN4
Q8L7V7	gene_name:At4g02010
Q8L9M7	gene_name:At5g19875
Q8RW96	gene_name:B'GAMMA
Q8S8E3	gene_name:PYL6
Q8VYB3	gene_name:SKS9
Q93WV0	gene_name:WRKY20
Q93YN1	gene_name:CRPK1
Q93ZG1	gene_name:MDP40
Q94AR6	gene_name:DOF3.1
Q94B74	gene_name:NUDT2
Q94GB1	gene_name:PUP2
Q94K00	gene_name:TBL28
Q96266	gene_name:GSTF8
Q9C801	gene_name:MOS2
Q9C8N5	gene_name:STOP1
Q9FFY5	gene_name:MAC12.16
Q9FGC8	gene_name:At5g67020
Q9FGY5	gene_name:At5g49600
Q9FJ13	gene_name:COBL9
Q9FJF9	gene_name:SAUR21
Q9FKD6	gene_name:At5g37900
Q9FMX7	gene_name:NIC2
Q9FR95	gene_name:PEN1
Q9FRI3	gene_name:MYB116
Q9FX43	gene_name:MKK9
Q9FXA9	gene_name:PCMP-E64
Q9LFE3	gene_name:AVT1H
Q9LJN4	gene_name:BXL5
Q9LRM0	gene_name:CRRSP19
Q9LU10	gene_name:DEGP8
Q9LUN5	gene_name:At3g17620
Q9LVU3	gene_name:At5g47160
Q9LXI7	gene_name:PAP20
Q9LXK8	gene_name:F7K15_110
Q9LYF7	gene_name:At5g11730
Q9LYU9	gene_name:PCMP-H90
Q9M0Y1	gene_name:ENT5
Q9M7T1	gene_name:At3g06040
Q9M8J0	gene_name:At3g06280
Q9M8J5	gene_name:MKK8
Q9M9W5	gene_name:ATEH1
Q9MA92	gene_name:FPP3
Q9S845	gene_name:GONST3
Q9SIU9	gene_name:At2g20620
Q9SND6	gene_name:MAPKKK20
Q9SS81	gene_name:At3g09060
Q9SU24	gene_name:ORC1B
Q9SZ06	gene_name:ERF109
Q9XGN1	gene_name:TTG1
Q9XIE8	gene_name:At1g59800
Q9XIM8	gene_name:At2g15980
Q9ZPY7	gene_name:CAS
Q9ZUX4	gene_name:At2g27730
A0A1I9LNY2	gene_name:At3g28875
A0A1P8B2V1	gene_name:At2g07654
A0A1P8BD86	gene_name:At5g60265
A3KPF3	gene_name:At3g02710
B3H4J6	gene_name:At3g29633
B3H7C0	gene_name:At4g23271
B9DHD7	gene_name:PVA22
F4HZH9	gene_name:DTX11
F4I420	gene_name:EIF5B1
F4I5D7	gene_name:At1g70280
F4I7J9	gene_name:At1g17450
F4IEM5	gene_name:GCR2
F4IRK9	gene_name:At2g25169
F4J1R8	gene_name:At3g29033
F4JCA6	gene_name:At3g13404
F4JWL8	gene_name:BAR1
F4K0E2	gene_name:MUF9.21
F4K730	gene_name:At5g28295
F4K9U0	gene_name:At5g15510
F4KI78	gene_name:CYP81K2
O04542	gene_name:At1g70020
O04848	gene_name:At1g08880
O23317	gene_name:At4g14610
O23406	gene_name:UGT75D1
O23426	gene_name:dl3915c
O48722	gene_name:HO2
O48723	gene_name:PLP2
O49710	gene_name:HSP15.4
O64777	gene_name:At1g61430
O64827	gene_name:SUVR5
O80627	gene_name:MAGL6
P33154	gene_name:At2g14610
P48347	gene_name:GRF10
P54969	gene_name:ILL1
Q0WLY0	gene_name:At1g33680
Q0WPW5	gene_name:RMR4
Q3EBP7	gene_name:At2g32905
Q42586	gene_name:PYRE-F
Q501F9	gene_name:PP2C67
Q56WV9	gene_name:PROSCOOP5
Q58FU2	gene_name:At5g17100
Q5XVL8	gene_name:At1g05400
Q66GN3	gene_name:NPGR2
Q67ZF8	gene_name:At1g63820
Q6Q151	gene_name:CYP59
Q6R0A6	gene_name:MYB63
Q6RF46	gene_name:At2g17705
Q84WU4	gene_name:GC3
Q8GUU2	gene_name:RIE1
Q8L9T8	gene_name:AGP41
Q8LCH5	gene_name:MED22B
Q8LEC2	gene_name:At4g30500
Q8RXK8	gene_name:OVA2
Q8RXN6	gene_name:PRP31
Q8VYJ6	gene_name:SWAP70
Q8VZF6	gene_name:EDR2L
Q93WA2	gene_name:At3g45443
Q96305	gene_name:GRXC7
Q9C6F0	gene_name:At1g35190
Q9C710	gene_name:PCFS1
Q9C7S6	gene_name:KTI2
Q9C999	gene_name:PILS2
Q9CA36	gene_name:VQ8
Q9CAE0	gene_name:At1g63750
Q9FFG0	gene_name:ENAP2
Q9FGA8	gene_name:MPF21.4
Q9FHT3	gene_name:MNJ8.11
Q9FKB5	gene_name:KRP3
Q9FKD4	gene_name:At5g37920
Q9FMM7	gene_name:BZIP15
Q9FXD6	gene_name:ARR11
Q9FZH0	gene_name:RPL35AB
Q9LID5	gene_name:DIR7
Q9LJF6	gene_name:At3g26934
Q9LJI2	gene_name:CCX3
Q9LR64	gene_name:PSB27-1
Q9LSC7	gene_name:At3g27090
Q9LSR5	gene_name:At5g54400
Q9LT57	gene_name:CFM9
Q9LTX9	gene_name:HSP70-7
Q9LTZ3	gene_name:At3g27355
Q9LVU9	gene_name:MNB8.9
Q9LYF6	gene_name:AGP15
Q9LZ98	gene_name:ABCI20
Q9LZP5	gene_name:T12C14_150
Q9LZV6	gene_name:WRKY62
Q9M157	gene_name:ETC3
Q9M318	gene_name:F2A19.90
Q9MA32	gene_name:At1g05930
Q9S843	gene_name:F24J13.21
Q9SB80	gene_name:REM5
Q9SCT8	gene_name:T18N14.80
Q9SHI1	gene_name:At1g17220
Q9SI72	gene_name:PMEI9
Q9SIS2	gene_name:At2g25200
Q9SJN2	gene_name:At2g36240
Q9SKR7	gene_name:At2g20940
Q9SQI8	gene_name:LTA2
Q9SZG4	gene_name:PSK4
Q9ZPQ3	gene_name:GEK1
A0A1P8AN89	gene_name:At1g79103
A0A1P8AS56	gene_name:At1g65425
A0A1P8AV14	gene_name:At1g24475
A0A1P8BBK2	gene_name:At5g10190
A0A1P8BEK1	gene_name:At5g41763
A8MQG6	gene_name:At4g03298
B3H4W8	gene_name:At4g07408
B3H7D8	gene_name:At5g18037
B3H7M7	gene_name:At2g43795
C0SVG5	gene_name:RVE5
F4HPA7	gene_name:MED10B
F4HT41	gene_name:SAMC2
F4HXQ7	gene_name:MYOB1
F4HZB2	gene_name:SPI
F4IB52	gene_name:At1g43310
F4ISN0	gene_name:At2g25730
F4J389	gene_name:At3g51100
F4JGR5	gene_name:PFP-BETA2
F4JH56	gene_name:At4g01925
F4JKS9	gene_name:At4g09775
O64834	gene_name:At2g23680
O65476	gene_name:CRK16
O80489	gene_name:SARA1A
O82325	gene_name:At2g14870
O82733	gene_name:TOPP7
P0C8P5	gene_name:At1g19565
P56772	gene_name:clpP1
P93755	gene_name:At2g41900
Q0WV96	gene_name:NAC001
Q1G3I2	gene_name:MIP1A
Q1G3S0	gene_name:At2g35765
Q3E6X7	gene_name:At1g56620
Q3E970	gene_name:At5g24355
Q43387	gene_name:PER71
Q45GG2	gene_name:MJB21.6
Q494P0	gene_name:PHT1-7
Q4PSG2	gene_name:At5g09430
Q58G10	gene_name:At2g24530
Q5Q0H2	gene_name:FLA19
Q67ZM4	gene_name:ADF7
Q7X9H6	gene_name:AGL79
Q84M99	gene_name:ASPR1
Q84W27	gene_name:SCPL43
Q8GUL8	gene_name:At5g19230
Q8GWL2	gene_name:At2g30270
Q8GYD7	gene_name:ATG18C
Q8H107	gene_name:At4g26910
Q8H1S0	gene_name:MIOX4
Q8L3R3	gene_name:RFL1
Q8L9S1	gene_name:RPL18A1
Q8LBF7	gene_name:SWEET7
Q8LD98	gene_name:NHL6
Q8LG27	gene_name:At4g35905
Q8RY29	gene_name:ADPG2
Q8VY76	gene_name:BZIP19
Q8VYM4	gene_name:PSRP2
Q8VZE9	gene_name:UGT73B1
Q8W453	gene_name:DIR1
Q93ZM2	gene_name:MWD9.9
Q94AR8	gene_name:IIL1
Q95749	gene_name:RPS3
Q96520	gene_name:PER12
Q9ASQ7	gene_name:SLAH2
Q9C6S6	gene_name:At1g31840
Q9C8B7	gene_name:TOC75-I
Q9C9R6	gene_name:APUM7
Q9FGL9	gene_name:At5g53180
Q9FHI2	gene_name:MFC19.21
Q9FI03	gene_name:NHL26
Q9FIH4	gene_name:At5g42430
Q9FJQ0	gene_name:TPR14
Q9FKB1	gene_name:At5g48860
Q9FNC0	gene_name:MRH10.17
Q9FX61	gene_name:T6J4.11
Q9FYE2	gene_name:PKS4
Q9LDA4	gene_name:PER38
Q9LFN5	gene_name:GLR2.5
Q9LFP1	gene_name:VAMP713
Q9LJA2	gene_name:At3g29635
Q9LJF5	gene_name:DRB3
Q9LNJ0	gene_name:CNGC10
Q9LRM2	gene_name:CRRSP17
Q9LSK8	gene_name:At3g18020
Q9LTC3	gene_name:At3g23260
Q9LU33	gene_name:GLTP3
Q9LV48	gene_name:PERK1
Q9LV79	gene_name:RABH1A
Q9LYR0	gene_name:IQD11
Q9M0D8	gene_name:LRR-RLK
Q9M1C3	gene_name:T2O9.180
Q9M1T9	gene_name:T14D3.140
Q9M9T2	gene_name:At1g14300
Q9SGI8	gene_name:CML40
Q9SII9	gene_name:DSK2A
Q9SIU8	gene_name:PPC3-1.2
Q9SKE0	gene_name:SDH8
Q9SKZ0	gene_name:GLXI-LIKE
Q9SLB7	gene_name:LBD16
Q9SXA9	gene_name:At1g11230
Q9XI22	gene_name:XIW1
A0A1I9LLX4	gene_name:At3g29455
A0A1I9LQ93	gene_name:At3g02677
A0A1P8ARH0	gene_name:At1g18773
A0A1P8B877	gene_name:At4g16857
A0A1P8BBP0	gene_name:At5g54035
A0A1P8BGI2	gene_name:At5g22765
B3H5M8	gene_name:At3g61962
F4HT02	gene_name:At1g33820
F4I9J7	gene_name:Y14
F4IDV2	gene_name:At1g12672
F4IHJ0	gene_name:SFH8
F4IQ31	gene_name:ABCI16
F4ISW5	gene_name:At2g38255
F4JB46	gene_name:LLR4
F4JN57	gene_name:At4g10890
F4KCX6	gene_name:MQM1.23
O22476	gene_name:BRI1
O22929	gene_name:BLOS1
O22977	gene_name:BDG3
O64564	gene_name:HSP18.5
O64693	gene_name:At2g34540
O64738	gene_name:ZIP6
O65233	gene_name:At5g35320
O80842	gene_name:CPFTSY
O80861	gene_name:At2g30960
O81866	gene_name:PP2A2
O82337	gene_name:AGP16
O82615	gene_name:WIP4
P0CW77	gene_name:HMA3
P0DO11	gene_name:FLZ17
P29381	gene_name:AGL1
P93006	gene_name:PP2C27
Q1G3L5	gene_name:At3g25716
Q1G3S1	gene_name:At2g35658
Q1G3Y6	gene_name:At1g58007
Q1PDX9	gene_name:DTX26
Q1PE01	gene_name:MUG13.24
Q3E727	gene_name:At3g32410
Q3E900	gene_name:At5g27790
Q3EAP8	gene_name:At3g44785
Q5BPT6	gene_name:At2g17070
Q5PP31	gene_name:At1g68080
Q67YJ7	gene_name:At4g13070
Q8GWW6	gene_name:4MMP
Q8GXD3	gene_name:At4g01670
Q8GXV7	gene_name:PDLP1
Q8GXX6	gene_name:At1g14175/At1g14180
Q8GZM7	gene_name:PIF1
Q8LEN7	gene_name:At3g19550
Q8LGF7	gene_name:PEX4
Q8VXX0	gene_name:SEC23F
Q8VXY9	gene_name:UAH
Q8VYI4	gene_name:At1g14810
Q8VZB9	gene_name:RPL10AA
Q8VZV9	gene_name:PTAC7
Q93Z04	gene_name:PMR6
Q93Z74	gene_name:At3g27570
Q949S5	gene_name:PP2B11
Q94BY9	gene_name:RABGAP22
Q94CB5	gene_name:MNL12.8
Q9C6P3	gene_name:CPK33
Q9C8H6	gene_name:EXO70G2
Q9C8K8	gene_name:At1g51560
Q9FGL6	gene_name:MJM18.1
Q9FJN6	gene_name:P1R1
Q9FLU9	gene_name:BGLU31
Q9FXD4	gene_name:At1g67680
Q9FY74	gene_name:CAMTA1
Q9LD90	gene_name:CBF5
Q9LDU3	gene_name:MJK13.9
Q9LFS3	gene_name:At5g16010
Q9LFW0	gene_name:At5g15660
Q9LHN5	gene_name:PCMP-E92
Q9LJB7	gene_name:BBX32
Q9LK24	gene_name:At3g27290
Q9LK99	gene_name:RABA1G
Q9LRL4	gene_name:CRRSP24
Q9LU77	gene_name:PIN2
Q9LUC3	gene_name:MPK19
Q9LXQ5	gene_name:F26G5_20
Q9LY46	gene_name:ESK1
Q9LZT6	gene_name:F16L2_160
Q9M1V2	gene_name:SOT5
Q9M846	gene_name:At3g04410
Q9M9E0	gene_name:LECRKS1
Q9M9P7	gene_name:At3g03290
Q9S9Z2	gene_name:MYB93
Q9SQT9	gene_name:AGP27
Q9SRS2	gene_name:F21O3.15
Q9SUT9	gene_name:RTNLB2
Q9SVD6	gene_name:F22O6_70
Q9SYN4	gene_name:T30F21.19
Q9SZ10	gene_name:At4g26680
Q9SZ53	gene_name:At4g31860
Q9SZU4	gene_name:At4g37440
Q9T038	gene_name:At4g39320
Q9T039	gene_name:EC1.4
Q9XIN8	gene_name:At2g27310
Q9ZSK4	gene_name:ADF3
Q9ZV22	gene_name:ATL84
A0A1P8AVR2	gene_name:At1g74675
A8MQJ8	gene_name:At2g37680
B3DNN5	gene_name:APC6
B3H4K2	gene_name:At4g26701
B3H4W2	gene_name:At4g01516
B3H4X2	gene_name:At1g61090
B3H624	gene_name:At3g16117
C0SUW8	gene_name:At1g21160
F4I1Y9	gene_name:At1g63105
F4IB79	gene_name:At1g51920
F4IFM9	gene_name:At2g21010
F4IH25	gene_name:BOP1
F4INE2	gene_name:At2g07732
F4INY4	gene_name:HVT1
F4IWV2	gene_name:At3g55410
F4JPE9	gene_name:SUN5
F4JZX8	gene_name:At5g41770
F4K487	gene_name:PHOX3
O48582	gene_name:MORF4
O48670	gene_name:RER1A
O49506	gene_name:GLO5
O64762	gene_name:ATL38
O80964	gene_name:At2g39170
O82294	gene_name:At2g35460
O82622	gene_name:At4g10190
P0DI74	gene_name:SEC61G1
P0DKI9	gene_name:miPEP165a
P56781	gene_name:psbJ
P61039	gene_name:petN
P92562	gene_name:At2g07691
Q08112	gene_name:RPS15A
Q0WUG6	gene_name:SBT6.1
Q0WUZ5	gene_name:OFUT39
Q1ECK0	gene_name:At1g03730
Q1G3L1	gene_name:TIM21
Q1PEN6	gene_name:At3g21000
Q3EDH8	gene_name:CLE3
Q4V3B3	gene_name:BGLU28
Q5RJC5	gene_name:At5g63260
Q7XJE5	gene_name:AMC2
Q84J39	gene_name:REM1
Q84JE0	gene_name:At3g54000
Q84JE5	gene_name:At1g19980
Q84MB2	gene_name:TIFY8
Q8GUP1	gene_name:CSTF77
Q8GY55	gene_name:TIFY4B
Q8H1H9	gene_name:CuAOgamma1
Q8L7R1	gene_name:DJC53
Q8LAV5	gene_name:REM20
Q8LDL9	gene_name:At1g29040
Q8RW93	gene_name:At4g00165
Q8S9J3	gene_name:VPS38
Q8VXW7	gene_name:At3g03610
Q8VYI7	gene_name:At1g80610
Q8VYS2	gene_name:TRZ3
Q8VZB2	gene_name:PAS2
Q8VZS9	gene_name:FZR1
Q93ZA0	gene_name:NYC1
Q941B2	gene_name:At1g09870
Q94AC6	gene_name:At5g15220
Q94CL5	gene_name:At5g12270
Q9C5I0	gene_name:ATORM1
Q9FIG7	gene_name:DIR2
Q9FIJ6	gene_name:CCR4
Q9FKA4	gene_name:PER62
Q9FKW3	gene_name:CHI2
Q9FL72	gene_name:MDK4.6
Q9FMR0	gene_name:PER60
Q9LD44	gene_name:NAC056
Q9LFC0	gene_name:HAKAI
Q9LQS1	gene_name:AAE8
Q9LRU1	gene_name:At3g30247
Q9LSC4	gene_name:PGM48
Q9LSD2	gene_name:At3g27040
Q9LUA2	gene_name:ERF119
Q9LY43	gene_name:At3g56030
Q9LYD3	gene_name:DREB3
Q9LZ66	gene_name:SIR
Q9LZ71	gene_name:At5g04550
Q9LZU4	gene_name:CRK4
Q9M102	gene_name:At4g04730
Q9M8W6	gene_name:AGL57
Q9M9V4	gene_name:PCP2
Q9S735	gene_name:PHT1-9
Q9SHH0	gene_name:CAT8
Q9SIH0	gene_name:RPS14A
Q9SJG5	gene_name:At2g42930
Q9SK47	gene_name:TAT3
Q9SN95	gene_name:UXS5
Q9SPE6	gene_name:ASNAP2
Q9SSF0	gene_name:HIPP16
Q9STN7	gene_name:BOB2
Q9SXJ7	gene_name:CLPC2
Q9SXS7	gene_name:CYSD2
Q9SY67	gene_name:At1g10250
Q9SZF7	gene_name:SHR
Q9XFD1	gene_name:CBP20
Q9ZV15	gene_name:CPK20
Q9ZV19	gene_name:DJ1E
Q9ZVR0	gene_name:PP2B6
A0A178V9P2	gene_name:At3g24463
A0A1P8ASE3	gene_name:At1g30545
A0A1P8B3N2	gene_name:At4g38775
B3H4Y5	gene_name:At2g23834
B3H5F5	gene_name:At2g11522
F4HRK6	gene_name:At1g53633
F4I321	gene_name:At1g22910
F4ID20	gene_name:At1g59690
F4J2C6	gene_name:At3g03790
F4J8G7	gene_name:VIR
F4JJ77	gene_name:At4g08878
F4JLT3	gene_name:DL4230W
F4K2E9	gene_name:CUV
F4KE50	gene_name:MTG13.5
F4KFG5	gene_name:TPPI
F4KG64	gene_name:At5g52410
O04036	gene_name:ERD6
O22907	gene_name:RH24
O23081	gene_name:CRK41
O23266	gene_name:PCMP-H13
O23683	gene_name:At2g42110
O80366	gene_name:ARR9
O80536	gene_name:PIF3
O80982	gene_name:HSFA2
O81126	gene_name:RSZ22
O82264	gene_name:At2g47970
P0CB16	gene_name:At4g19050
P25697	gene_name:At1g32060
P93747	gene_name:CC3
P93834	gene_name:HXK2
Q0WPT7	gene_name:At2g41040
Q0WPY0	gene_name:TULP6
Q2UVJ5	gene_name:CCC1
Q39231	gene_name:SUC2
Q3E7Q8	gene_name:At1g58265
Q56XJ7	gene_name:At4g22758
Q56XU4	gene_name:At1g19860
Q5PNU4	gene_name:At2g35310
Q67XQ0	gene_name:CBSDUF1
Q67YU0	gene_name:CKX5
Q681K7	gene_name:GEX1
Q6R8G2	gene_name:PHO1-H8
Q7GB25	gene_name:ABCC5
Q7PC81	gene_name:ABCG43
Q7Y1Z8	gene_name:At4g04320
Q84XU2	gene_name:PAPP5
Q8GWF1	gene_name:WRKY38
Q8GY44	gene_name:At2g15910
Q8L6Z2	gene_name:MIT2
Q8L8Z8	gene_name:GRXS2
Q8LAL6	gene_name:At1g24575
Q8LD45	gene_name:At1g78040
Q8W106	gene_name:OM47
Q8W458	gene_name:F16G20.170-F16G20.180
Q8W4C8	gene_name:ARL8C
Q944K3	gene_name:HDA2
Q944S2	gene_name:GTS1
Q947D2	gene_name:PRAF1
Q94LA9	gene_name:CYCLASE3
Q9C581	gene_name:At5g22070
Q9C7N5	gene_name:At1g29660
Q9C8F8	gene_name:At1g36230
Q9C8M0	gene_name:CID8
Q9CA56	gene_name:PCMP-E69
Q9CAC3	gene_name:CRK43
Q9CAS9	gene_name:At1g73120
Q9FE54	gene_name:F6I1.15
Q9FFG4	gene_name:MOP10.5
Q9FH91	gene_name:At5g67220
Q9FJE6	gene_name:At5g59900
Q9FKJ0	gene_name:At5g60570
Q9FM90	gene_name:At5g56410
Q9FNZ5	gene_name:NIMIN-1
Q9FYB9	gene_name:CHX11
Q9LFI9	gene_name:At5g17140
Q9LFJ1	gene_name:At5g17120
Q9LIM7	gene_name:At3g26480
Q9LN49	gene_name:KCS4
Q9LRK0	gene_name:CRRSP37
Q9LSW5	gene_name:MWF20.18
Q9LXC2	gene_name:AT12CYS-2
Q9LXN8	gene_name:HDA17
Q9LYG6	gene_name:At5g11640
Q9M1R7	gene_name:T17J13.30
Q9M4P3	gene_name:DYW10
Q9M883	gene_name:HDF7
Q9M9U0	gene_name:XXT4
Q9SJJ5	gene_name:CKS2
Q9SKA5	gene_name:At1g22630
Q9SKY9	gene_name:OFP16
Q9SPG1	gene_name:MYB42
Q9SR59	gene_name:MDAR3
Q9SUJ6	gene_name:SGP1
Q9SUR5	gene_name:At4g23610
Q9SUR9	gene_name:SGT1A
Q9SVU0	gene_name:YUC8
Q9XI64	gene_name:At1g14220
Q9ZVH8	gene_name:TFIIS
Q9ZVQ8	gene_name:PP2B8
Q9ZVZ9	gene_name:PSB27-2
A0A1I9LLW8	gene_name:At3g15635
A0A1P8AY88	gene_name:MSF3.15
A0A1P8B1P2	gene_name:At2g19240
A0A1P8BGP4	gene_name:At5g38391
B3H599	gene_name:At1g62978
B3H5J4	gene_name:At4g14105
B3H718	gene_name:At1g05136
F4I0K9	gene_name:MES15
F4IN69	gene_name:MED33B
F4J4P8	gene_name:At3g58220
F4J5F2	gene_name:At3g30160
F4JBJ9	gene_name:At3g47490
F4JJ02	gene_name:ATL83
F4JL85	gene_name:ENODL3
F4JNL1	gene_name:At4g23510
F4JPR8	gene_name:At4g11745
F4JXD2	gene_name:MMN10.9
F4JY73	gene_name:At5g25640
F4JZD5	gene_name:At5g11870
F4K064	gene_name:ELP1
O22126	gene_name:FLA8
O22666	gene_name:RGP3
O23349	gene_name:AO1
O64527	gene_name:At1g79260
O64823	gene_name:MCU3
O80574	gene_name:DAPB1
O81061	gene_name:At2g03130
P0CB17	gene_name:At3g50810
P0DKG5	gene_name:At2g42470
P45951	gene_name:ARP
P51567	gene_name:AFC2
P92556	gene_name:AtMg01260
Q08A72	gene_name:EML4
Q0WWE3	gene_name:QCR6-1
Q1G3K4	gene_name:At4g33467
Q3E9D5	gene_name:SAMDC4
Q3EDH7	gene_name:At1g06320
Q5XF07	gene_name:APE1L
Q6NLS9	gene_name:At5g03010
Q84WL4	gene_name:At1g48325
Q8GY51	gene_name:DL3905C
Q8GYU0	gene_name:RIC2
Q8GZ53	gene_name:SOT14
Q8H115	gene_name:NAC102
Q8LFD3	gene_name:ATHB-23
Q8LGF0	gene_name:At5g40645
Q8LGG2	gene_name:At1g70985
Q8RWH8	gene_name:At5g11960
Q8RXT7	gene_name:At2g42975
Q8S929	gene_name:ATG4A
Q93YN0	gene_name:SCO2
Q94AK1	gene_name:At5g24990
Q94AX4	gene_name:DLD
Q94BY8	gene_name:MNF13.22
Q94C40	gene_name:CIPK17
Q94JQ6	gene_name:CESA6
Q9ASW8	gene_name:WDL2
Q9C6V2	gene_name:At1g31620
Q9C800	gene_name:At1g33530
Q9C8U4	gene_name:At1g33870
Q9C9T2	gene_name:SARD1
Q9FF12	gene_name:At5g07800
Q9FFE2	gene_name:MQK4.16
Q9FHE4	gene_name:BRG1
Q9FIU9	gene_name:ATDOB12
Q9FJ36	gene_name:At5g41780
Q9FKF5	gene_name:At5g61660
Q9FLT9	gene_name:HP30-2
Q9FT81	gene_name:TT8
Q9FWX0	gene_name:At1g12230
Q9FX83	gene_name:At1g16700
Q9FXI9	gene_name:At1g19940
Q9LFA6	gene_name:BGAL2
Q9LKV3	gene_name:At5g28370
Q9LNR2	gene_name:At1g17430
Q9LQU7	gene_name:MAP70.4
Q9LRJ8	gene_name:At3g22070
Q9LRP2	gene_name:At3g17430
Q9LTS6	gene_name:RPS16-2
Q9LXV9	gene_name:T15B3_160
Q9LZ78	gene_name:SIM
Q9LZT9	gene_name:F16L2_120
Q9M0B6	gene_name:GAE1
Q9M837	gene_name:At3g04500
Q9M9E8	gene_name:JMJ21
Q9MA50	gene_name:PDE247
Q9S7Q2	gene_name:PTAC2
Q9S7X6	gene_name:ACL5
Q9SCW4	gene_name:HSFB2A
Q9SCZ4	gene_name:FER
Q9SHU5	gene_name:At2g15310
Q9SIY7	gene_name:PRA1B2
Q9SNY3	gene_name:GMD1
Q9SS39	gene_name:KCS14
Q9SS65	gene_name:EDA5
Q9SST1	gene_name:AT4G09630.1
Q9SUG7	gene_name:ATG11
Q9SV31	gene_name:PIP2-5
Q9SYS3	gene_name:CRK40
Q9SZA1	gene_name:At4g09860
A0A1I9LQK5	gene_name:At3g21100
A0A1I9LQN4	gene_name:At3g43970
A0A1I9LRJ4	gene_name:At3g23910
A0A1P8AXQ6	gene_name:At2g13550
A0A1P8AY13	gene_name:At2g33685
A0A1P8B3L9	gene_name:At4g03495
A0A1P8B4J0	gene_name:At4g26415
A0A1P8BB42	gene_name:At5g20220
A8MR38	gene_name:At4g02725
A8MR90	gene_name:At3g59455
F4HU79	gene_name:At1g01920
F4HV53	gene_name:SYP81
F4HVZ5	gene_name:CSU2
F4IBK8	gene_name:At1g65810
F4IE60	gene_name:At1g26330
F4IF04	gene_name:At1g72890
F4IJK6	gene_name:KIN14R
F4INK3	gene_name:AGS1
F4J000	gene_name:At3g15605
F4J2U9	gene_name:CFM3A
F4JGV7	gene_name:At4g04632
F4JJU9	gene_name:At4g33860
F4JLK2	gene_name:SPS4
F4JTU7	gene_name:RLP48
F4JXV3	gene_name:At5g11430
F4K0B5	gene_name:MDK4.17
O22922	gene_name:U2B''
O48773	gene_name:PDIL2-3
O48946	gene_name:CESA1
O49597	gene_name:HMGB5
O65694	gene_name:SAUR49
O80358	gene_name:FPG1
O80778	gene_name:At2g34290
O81028	gene_name:At2g26790
O81888	gene_name:ATCAPE3
P0C1T5	gene_name:PEP7
P0C2D0	gene_name:At1g30930
P0DH95	gene_name:CAM1
P51424	gene_name:RPL39A
P59220	gene_name:CAM7
Q0WW43	gene_name:CSAP
Q38802	gene_name:GA1
Q39043	gene_name:BIP2
Q42539	gene_name:PIMT1
Q570J5	gene_name:At2g01755
Q84JF5	gene_name:PTAC14
Q84WK4	gene_name:SOBER1
Q8GX17	gene_name:At4g19150
Q8GX37	gene_name:FH9
Q8GZB4	gene_name:PLA2-BETA
Q8H1Q6	gene_name:At4g23420
Q8LBJ0	gene_name:At5g03440
Q8LCC1	gene_name:At4g12735
Q8RX35	gene_name:At1g09050
Q8RXC4	gene_name:At4g01860
Q8S8F3	gene_name:At2g15460
Q8VYI5	gene_name:VQ10
Q93ZA9	gene_name:At4g10360
Q93ZX6	gene_name:At3g58900
Q949S4	gene_name:BPL3
Q9C545	gene_name:At1g43010
Q9C5E4	gene_name:At3g60410
Q9C5F4	gene_name:At1g70570
Q9C6P8	gene_name:At1g50620
Q9C9Z8	gene_name:VHA-E2
Q9CAY7	gene_name:F24K9.3
Q9FFI3	gene_name:MKP11.13
Q9FFV7	gene_name:UMP1B
Q9FG00	gene_name:SUC9
Q9FGQ2	gene_name:SWEET13
Q9FHD8	gene_name:GT20
Q9FK91	gene_name:PARP3
Q9FL05	gene_name:VEN4
Q9LDL7	gene_name:PAT1
Q9LFA1	gene_name:F8J2_70
Q9LHQ1	gene_name:At3g20705
Q9LIJ8	gene_name:At3g22970
Q9LMX3	gene_name:At1g13755
Q9LN69	gene_name:At1g19290
Q9LR74	gene_name:NAC006
Q9LTH8	gene_name:At5g59530
Q9LY19	gene_name:PME48
Q9LYT1	gene_name:PAO3
Q9M0E0	gene_name:RPS15AE
Q9M3D9	gene_name:F18N11.160
Q9M9B9	gene_name:ARR19
Q9M9L2	gene_name:MUG7
Q9MA40	gene_name:At1g05860
Q9S6Z7	gene_name:CYSD1
Q9SCK9	gene_name:T9C5.90
Q9SI06	gene_name:At2g04300
Q9SI22	gene_name:At2g05060
Q9SI87	gene_name:At2g10550
Q9SJJ0	gene_name:At2g42660
Q9SJX1	gene_name:HEMA3
Q9STM8	gene_name:EXT7
Q9SW63	gene_name:RAP2-10
Q9SZX9	gene_name:RPL9D
Q9ZPE7	gene_name:EXO
Q9ZSP5	gene_name:AIR3
A0A1P8B5T9	gene_name:At4g34345
A0A1P8BAY2	gene_name:At5g41830
A8MQH9	gene_name:TRM3
B3H4N8	gene_name:At5g18748
B3H601	gene_name:At4g01703
F4HPZ9	gene_name:LIG6
F4HYQ5	gene_name:At1g55175
F4HYV5	gene_name:NAC026
F4I5R5	gene_name:FLIP
F4I672	gene_name:At1g23460
F4IBL4	gene_name:At1g65850
F4ICS1	gene_name:At1g43680
F4IMK4	gene_name:MES19
F4ISD8	gene_name:At2g12170
F4IZ03	gene_name:At3g28190
F4JED3	gene_name:At3g07250
F4JFU8	gene_name:OBL1
F4JKT1	gene_name:At4g09784
F4JNR2	gene_name:At4g29750
O23157	gene_name:MEE59
O23273	gene_name:MET4
O23277	gene_name:PRD1
O49352	gene_name:BG4
O80501	gene_name:RABH1B
O80854	gene_name:At2g30890
O82178	gene_name:At2g35130
P0DKC0	gene_name:PPI3B
P27450	gene_name:CST
P30366	gene_name:TOPP1
P41917	gene_name:RAN2
P48528	gene_name:PPX2
P82729	gene_name:LCR14
Q39244	gene_name:U1A
Q5XEY4	gene_name:WTG1
Q6J9N8	gene_name:AIL7
Q84JB8	gene_name:RUS3
Q84K46	gene_name:At1g27350
Q84W96	gene_name:At2g28780
Q8GRL7	gene_name:TFCE
Q8GUU3	gene_name:CPSF73-II
Q8GXI9	gene_name:PV42B
Q8GXW0	gene_name:At5g01670
Q8GXX7	gene_name:ZFN1
Q8GYG0	gene_name:At5g08139
Q8H1Y0	gene_name:IAR4
Q8L5Y4	gene_name:EMB2765
Q8L762	gene_name:BAM6
Q8LCS6	gene_name:At1g07020
Q8RXM6	gene_name:At1g23960
Q8VZ58	gene_name:SCO4
Q93VI3	gene_name:RPL17A
Q944L3	gene_name:BIB
Q944Q6	gene_name:At2g14835
Q94C53	gene_name:At4g27120
Q94F23	gene_name:At1g27290
Q96319	gene_name:At5g10810
Q9C5M5	gene_name:At1g27000
Q9C9F7	gene_name:At1g68220
Q9C9X1	gene_name:At1g68070
Q9FFX6	gene_name:EXO70C2
Q9FI15	gene_name:MFC16.18
Q9FI25	gene_name:At5g44410
Q9FJF8	gene_name:HTT2
Q9FK75	gene_name:At5g45670
Q9FKL3	gene_name:MUA2.19
Q9FLN8	gene_name:IAMT1
Q9FLR1	gene_name:MYB29
Q9LIE8	gene_name:At3g22142
Q9LIK5	gene_name:CML11
Q9LJK5	gene_name:At3g19240
Q9LJU0	gene_name:COBL10
Q9LMJ4	gene_name:EXO70B2
Q9LMM0	gene_name:GPAT4
Q9LMN1	gene_name:PIP5K10
Q9LPT3	gene_name:At1g50630
Q9LR29	gene_name:TAR1
Q9LST0	gene_name:DAP1
Q9LTE9	gene_name:At5g52680
Q9LTV9	gene_name:At3g12760
Q9LU46	gene_name:RH35
Q9LUC2	gene_name:PCMP-E31
Q9M2I3	gene_name:F9D24.240
Q9M3C3	gene_name:RPL23AB
Q9S710	gene_name:F11F8_2
Q9SF09	gene_name:ANT1
Q9SG85	gene_name:At3g10790
Q9SGE9	gene_name:At1g72550
Q9SI65	gene_name:At2g16490
Q9SJW9	gene_name:CDT1A
Q9SL54	gene_name:BZIP31
Q9SN22	gene_name:SCL32
Q9SUT5	gene_name:SGT1B
Q9SVT5	gene_name:At4g21620
Q9SXE1	gene_name:FMOGS-OX3
Q9T0A6	gene_name:UIEF2
Q9XFH9	gene_name:At5g16400
Q9XFR5	gene_name:SR30
Q9ZQ70	gene_name:WRKY3
Q9ZQI7	gene_name:ALD1
Q9ZVI7	gene_name:GAUT7
A0A1P8B3Y4	gene_name:At4g32535
A8MRJ5	gene_name:At5g38378
B3H475	gene_name:At3g25221
B3H5E1	gene_name:SPH7
B3H5Z1	gene_name:At1g36942
F4HSS8	gene_name:At1g20410
F4ITY5	gene_name:GBPL2
F4IW47	gene_name:TKL-2
F4JAP7	gene_name:At3g60290
F4JK76	gene_name:At4g15715
F4JMA6	gene_name:At4g35240
F4JZH9	gene_name:MXC9.18
F4K4E3	gene_name:LSM4
O04539	gene_name:SNL4
O22845	gene_name:CML5
O22914	gene_name:CP12-1
O22920	gene_name:CHX13
O48828	gene_name:DJC24
O64879	gene_name:BGLU15
O80483	gene_name:NAS3
O80626	gene_name:RPL35B
O80988	gene_name:GLDP2
O81832	gene_name:At4g27290
P0CJ56	gene_name:CRRSP49
P11574	gene_name:VHA-B1
P28493	gene_name:At1g75040
P52032	gene_name:GPX1
P82715	gene_name:PPD5
P82731	gene_name:LCR16
Q0WPN7	gene_name:CGR3
Q1G3Y1	gene_name:At1g61688
Q2V2Q4	gene_name:At2g03931
Q39022	gene_name:MPK2
Q3EAP6	gene_name:At3g44935
Q3ECH9	gene_name:CLE18
Q67YG7	gene_name:SOFL1
Q6DSU0	gene_name:At1g23110
Q6J9S1	gene_name:RAP2-11
Q8GWK1	gene_name:DI19-2
Q8GY12	gene_name:At1g52695
Q8GYB1	gene_name:NUDT15
Q8H102	gene_name:BHLH128
Q8L9S2	gene_name:At1g26795
Q8LPF1	gene_name:At5g15980
Q8VWG3	gene_name:TT1
Q93Y91	gene_name:STP5
Q93ZM9	gene_name:TIFY9
Q94AY3	gene_name:DRIP2
Q94C11	gene_name:At3g52120
Q94CK1	gene_name:At5g12410
Q94LW6	gene_name:SULTR3;5
Q9C4Z8	gene_name:F27M3_5
Q9C685	gene_name:CRR41
Q9C6B9	gene_name:NMT3
Q9C701	gene_name:BUB3.2
Q9C7Y4	gene_name:FDC2
Q9C907	gene_name:GDPD5
Q9C994	gene_name:DTX14
Q9FFA1	gene_name:GOLS5
Q9FFD0	gene_name:PIN5
Q9FFH6	gene_name:FLA13
Q9FFK7	gene_name:MJJ3.7
Q9FGG5	gene_name:MUF8.1
Q9FHB7	gene_name:At5g52430
Q9FHT8	gene_name:MNJ8.6
Q9FJV9	gene_name:At5g67640
Q9FMR6	gene_name:At5g22355
Q9LJQ9	gene_name:COX17-1
Q9LMW0	gene_name:At1g20530
Q9LSA9	gene_name:PUMPKIN
Q9LT36	gene_name:At3g20850
Q9LTC9	gene_name:At3g23190
Q9LTH2	gene_name:UGT76E2
Q9LTN1	gene_name:CYP86C2
Q9LV40	gene_name:ROPGEF8
Q9LV70	gene_name:MJE7.6
Q9LVF3	gene_name:At3g21530
Q9LW34	gene_name:At3g26770
Q9LW55	gene_name:At3g23420
Q9M8W9	gene_name:At3g04130
Q9MAS5	gene_name:VAMP726
Q9S7G2	gene_name:GATL2
Q9S9Q9	gene_name:At1g30440
Q9SA18	gene_name:AKHSDH1
Q9SB68	gene_name:At4g24730
Q9SGW3	gene_name:RPN12A
Q9SHU9	gene_name:At2g15270
Q9SIX2	gene_name:At2g16270
Q9SJ01	gene_name:At2g21980
Q9SJT7	gene_name:VHA-a2
Q9SJW0	gene_name:PHL7
Q9SQU6	gene_name:EMB2750
Q9SR92	gene_name:STR10
Q9SRH4	gene_name:At3g01270
Q9SU57	gene_name:T17F15.190
Q9SUI7	gene_name:PSAH1
Q9SW97	gene_name:GLR3.5
Q9SX45	gene_name:PCMP-E42
Q9ZVC9	gene_name:FRS3
Q9ZVX3	gene_name:At2g16900
A0A1P8AN25	gene_name:At1g53340
A0A1P8ARI2	gene_name:WSS1A
A0A1P8B8X6	gene_name:At4g26460
A0A1P8BB23	gene_name:At5g14515
A0A1P8BD72	gene_name:At5g39780
A0A1P8BFU6	gene_name:At5g11750
B3H439	gene_name:At2g11851
B3H5Q1	gene_name:BGLU11
B3H600	gene_name:At2g29654
B6IDH3	gene_name:RUS5
C0SUZ3	gene_name:At1g35490
F4HP54	gene_name:At1g19394
F4HYB6	gene_name:At1g35320
F4I5M8	gene_name:At1g77280
F4JB05	gene_name:MGH6.2
F4JY37	gene_name:RUK
F4JYW7	gene_name:At5g60290
F4KAS1	gene_name:FLS4
O04551	gene_name:At1g27020
O22873	gene_name:BZIP18
O22886	gene_name:HEME2
O64563	gene_name:At2g19300
O64712	gene_name:At2g02650
O80751	gene_name:NAC023
O80826	gene_name:At2g45930
O81057	gene_name:ASK14
O81757	gene_name:At4g33890
O82494	gene_name:T12H20.13
O82628	gene_name:VHA-G1
P0DI06	gene_name:At1g25211
P43298	gene_name:TMK1
P56773	gene_name:petB
P93304	gene_name:AtMg00490
P93315	gene_name:AtMg00600
Q08A97	gene_name:MPA22.7
Q0WSK8	gene_name:ZRK15
Q1G3K6	gene_name:At4g30662
Q2QAV0	gene_name:TIO
Q3E6N7	gene_name:At2g32275
Q3EBZ2	gene_name:SKIP23
Q500Y9	gene_name:NADK3
Q56XQ6	gene_name:NPF4.4
Q5EAF2	gene_name:IP5P11
Q5MK24	gene_name:ARV1
Q6DR13	gene_name:At2g42720
Q6IDA6	gene_name:LOT1
Q6IDC7	gene_name:At1g77550
Q6NLR7	gene_name:At5g04070
Q6NLU6	gene_name:At1g31060
Q6NM39	gene_name:At1g48070
Q6X7J3	gene_name:WOX11
Q7XA63	gene_name:At5g19860
Q84WF0	gene_name:SCPL37
Q8GY84	gene_name:RH10
Q8GYP5	gene_name:MYB60
Q8LEP7	gene_name:At4g39675
Q8RWE3	gene_name:At2g30700
Q8RXU4	gene_name:THA1
Q8RY67	gene_name:WAKL14
Q8S898	gene_name:At2g05430
Q8W475	gene_name:SWI3A
Q93XX8	gene_name:At2g20490
Q93YU6	gene_name:At3g56120
Q948K6	gene_name:RABG1
Q949U9	gene_name:At5g15640
Q94AA4	gene_name:PFK3
Q9C508	gene_name:PUP18
Q9C512	gene_name:MNS1
Q9C6I6	gene_name:ETFA
Q9C9H1	gene_name:GIS3
Q9C9M3	gene_name:PXMT1
Q9FDZ8	gene_name:T9L24.51
Q9FKR7	gene_name:MHK7.14
Q9FL70	gene_name:MDK4.12
Q9FM47	gene_name:HLP1
Q9FMN4	gene_name:At5g42850
Q9FN02	gene_name:PP7
Q9FPS2	gene_name:UBP25
Q9FVW6	gene_name:MAGL5
Q9LEU7	gene_name:CIPK5
Q9LEY1	gene_name:SCPL35
Q9LF79	gene_name:ACA8
Q9LFU1	gene_name:ASN3
Q9LHI0	gene_name:At3g12260
Q9LIG2	gene_name:At3g21340
Q9LML3	gene_name:At1g07210
Q9LR00	gene_name:SAUR51
Q9LTE1	gene_name:HIPP14
Q9LU90	gene_name:At3g26010
Q9LW74	gene_name:At3g16120
Q9M280	gene_name:BIC2
Q9M329	gene_name:F5K20_280
Q9SB75	gene_name:CSLC5
Q9SEI2	gene_name:RPT5A
Q9SH36	gene_name:At1g63520
Q9SIV9	gene_name:PAP10
Q9SN38	gene_name:RLP51
Q9ZQE6	gene_name:CML30
Q9ZUX5	gene_name:At2g27740
Q9ZW89	gene_name:At1g67180
A0A1I9LLV2	gene_name:At3g24530
A0A1I9LSK1	gene_name:At3g01415
A0A1P8AST2	gene_name:At1g72760
A0A1P8B5P0	gene_name:At4g28000
A4VCL8	gene_name:At4g36190
A8MS16	gene_name:At5g42567
B9DFS6	gene_name:SNX2B
C0Z225	gene_name:MRN17.5
F4HXW0	gene_name:At1g14890
F4I954	gene_name:At1g24148
F4I9G7	gene_name:At1g42480
F4IQ97	gene_name:At2g02061
F4J3Y5	gene_name:At3g16960
F4J7T2	gene_name:EAF1B
F4JF07	gene_name:At3g42550
F4JHN2	gene_name:IQD17
F4JUF8	gene_name:DIR15
F4K2K3	gene_name:GNL2
F4K6N3	gene_name:At5g07360
F4KDY1	gene_name:At5g09560
O04376	gene_name:B'BETA
O22152	gene_name:YAB1
O23141	gene_name:ADC2
O48692	gene_name:At1g24250
O49726	gene_name:PUP21
O81210	gene_name:RBOHC
P0C042	gene_name:At4g15970
P0C7R0	gene_name:PCMP-E56
P27323	gene_name:HSP90-1
P43333	gene_name:U2A'
P46014	gene_name:KAPP
P56770	gene_name:ccsA
P82646	gene_name:SCRL27
P83483	gene_name:At5g08670
P92544	gene_name:AtMg01130
Q0V865	gene_name:At5g22090
Q1H5B1	gene_name:MRH10.11
Q1PEN2	gene_name:At3g22350
Q39068	gene_name:CYCB2-1
Q3E8Q1	gene_name:At5g34881
Q3E944	gene_name:At5g25850
Q3EBA9	gene_name:At3g07425
Q58FZ0	gene_name:NAKR2
Q6AWW4	gene_name:At3g55900
Q6NML5	gene_name:NRPB7L
Q6NMR8	gene_name:FAF3
Q7Y223	gene_name:MAN2
Q84JZ4	gene_name:At5g21060
Q84V15	gene_name:At2g18780
Q8GRX2	gene_name:At5g37475
Q8GUN6	gene_name:C50
Q8L502	gene_name:At5g19950
Q8L643	gene_name:At2g34750
Q8L7T5	gene_name:At1g07990
Q8L7Z0	gene_name:CNGC17
Q8LAJ9	gene_name:MIC10
Q8LE84	gene_name:DVL18
Q8RWS4	gene_name:ENP1
Q8S8L1	gene_name:ATFDA15
Q8VY69	gene_name:VAMP723
Q93YS4	gene_name:ABCG22
Q93YT1	gene_name:GLR3.2
Q94A08	gene_name:RFS2
Q94JV8	gene_name:At2g04795
Q96511	gene_name:PER69
Q9C9X3	gene_name:ANN5
Q9FFP6	gene_name:MBK5.16
Q9FFZ2	gene_name:At5g36300
Q9FHG8	gene_name:ATL50
Q9FKW6	gene_name:LFNR1
Q9FY49	gene_name:LKHA4
Q9LFJ2	gene_name:At5g17110
Q9LPM9	gene_name:BCAT6
Q9LRS5	gene_name:At3g28100
Q9LTY8	gene_name:At3g27415
Q9LW00	gene_name:MBD11
Q9LXD9	gene_name:PME51
Q9M0A5	gene_name:GGP3
Q9M0F0	gene_name:At4g29310
Q9M150	gene_name:At4g01180
Q9M2N8	gene_name:T27B3.10
Q9M2Q7	gene_name:T10K17.120
Q9M907	gene_name:At3g06920
Q9MAT3	gene_name:At1g04850
Q9S7L6	gene_name:At2g05230
Q9SAH0	gene_name:MRS2-10
Q9SD48	gene_name:F13I12.300
Q9SEI3	gene_name:RPT4A
Q9SKC2	gene_name:ARI11
Q9SLK0	gene_name:ICDH
Q9SND9	gene_name:At3g50280
Q9SS03	gene_name:DIR21
Q9SXH3	gene_name:TRM7C
Q9SYG9	gene_name:CCX4
Q9SYH2	gene_name:TAF9
Q9SYP1	gene_name:BRR2A
Q9T002	gene_name:At4g35150
Q9XIA4	gene_name:CCS1
Q9XIE2	gene_name:ABCG36
Q9ZPS1	gene_name:At2g02030
A0A1I9LNT8	gene_name:At3g19552
A0A1P8BBB8	gene_name:At5g07175
A0A1P8BH99	gene_name:At5g05675
B3H7M4	gene_name:At4g04601
B9DFG5	gene_name:PTI13
C0LGL4	gene_name:At2g28960
F4HPP4	gene_name:At1g52990
F4HQ87	gene_name:DYRKP-2B
F4I8G4	gene_name:At1g71235
F4I907	gene_name:GLYR2
F4J361	gene_name:DM2H
F4JKC9	gene_name:At4g21950
F4JXC5	gene_name:SBT5.4
F4JZ53	gene_name:At5g66230
F4K5K4	gene_name:TBL5
F4K9D7	gene_name:At5g01440
O04193	gene_name:WLIN2A
O04573	gene_name:At1g62060
O22807	gene_name:GALS1
O64598	gene_name:At1g70380
O64774	gene_name:At1g61460
O65278	gene_name:ULP1B
O80490	gene_name:T12M4.13
O80719	gene_name:At2g47060
O80971	gene_name:At2g14810
O82299	gene_name:At2g35410
P60040	gene_name:RPL7B
Q0WQL0	gene_name:A_IG005I10.16
Q1G3C4	gene_name:RL4
Q1PFT0	gene_name:At1g23590
Q2V3K1	gene_name:At4g09647
Q38933	gene_name:LCY1
Q3E6Q1	gene_name:PCMP-H40
Q3E958	gene_name:SHN3
Q5XET6	gene_name:At1g78910
Q66GQ3	gene_name:PDIL1-6
Q680K2	gene_name:At4g39970
Q6AWX6	gene_name:SCAR1
Q7XA64	gene_name:At3g05155
Q84JI7	gene_name:DL4775C
Q84WV9	gene_name:QCT
Q8H0W1	gene_name:PLSP1
Q8L7S1	gene_name:TLL1
Q8LCP6	gene_name:At1g75680
Q8LEU9	gene_name:At5g14105
Q8RWE5	gene_name:PIRL8
Q8RWI2	gene_name:At5g07910
Q8RXR2	gene_name:CLC-F
Q8S3W4	gene_name:ZIP8
Q8VYA1	gene_name:PARG2
Q8VYN9	gene_name:PHOS32
Q8VZ31	gene_name:TPR4
Q8VZA5	gene_name:KDTA
Q8W4B1	gene_name:RCF3
Q8W4C3	gene_name:At3g25430
Q94A51	gene_name:PUB32
Q94KJ2	gene_name:CIL
Q96512	gene_name:PER9
Q9C695	gene_name:MYB50
Q9C7D4	gene_name:SCPL16
Q9C9Y8	gene_name:At3g08680
Q9CA34	gene_name:GT17
Q9CAL2	gene_name:CRK3
Q9CAU4	gene_name:SCPL4
Q9FFH0	gene_name:GLK2
Q9FFS9	gene_name:At5g41510
Q9FHX6	gene_name:MJC20.20
Q9FLC4	gene_name:IDL6
Q9FZK4	gene_name:NTF2A
Q9LEX2	gene_name:CYP76C7
Q9LF37	gene_name:CLPB3
Q9LMG8	gene_name:SNAP30
Q9LMQ2	gene_name:LHCB6
Q9LRN0	gene_name:At3g24190
Q9LSZ9	gene_name:LCB2a
Q9LU47	gene_name:PUB53
Q9LUN3	gene_name:At3g17640
Q9LUR6	gene_name:At3g16670
Q9LV14	gene_name:ELF5
Q9LV46	gene_name:At3g24570
Q9LV87	gene_name:PROPEP1
Q9LXE8	gene_name:PCMP-H91
Q9LXQ4	gene_name:At3g44080
Q9LY82	gene_name:GLCAK2
Q9LYA5	gene_name:At5g14240
Q9LYY5	gene_name:At5g03000
Q9LZX9	gene_name:T4C21_260
Q9M0E6	gene_name:At4g29370
Q9SA80	gene_name:WRKY14
Q9SHB0	gene_name:ATTIM21L-1
Q9SR86	gene_name:At3g08860
Q9SVY1	gene_name:WIP2
Q9SXC8	gene_name:At1g27530
Q9SYM9	gene_name:At1g78530
Q9XF43	gene_name:CUT1
Q9XF67	gene_name:PDPK1
Q9XI19	gene_name:PTAC6
Q9XIE7	gene_name:AGL50
Q9ZPR8	gene_name:At2g03580
Q9ZQP5	gene_name:At2g35730
A0A1P8ANA9	gene_name:At1g70175
A0A1P8ATB1	gene_name:At1g18335
A0A1P8B135	gene_name:At2g42455
A1L4Y1	gene_name:GET3B
A3KPE8	gene_name:SDN1
B3H4C2	gene_name:At2g22942
B3H6H0	gene_name:At5g35069
F4HVH9	gene_name:RAF11
F4I1G5	gene_name:COR413IM2
F4IGQ3	gene_name:At2g27650
F4J6I6	gene_name:COQ6
F4K499	gene_name:At5g27340
F4KFU8	gene_name:MKM21.10
O04373	gene_name:ILL4
O04630	gene_name:THRRS
O23294	gene_name:dl3230w
O48809	gene_name:LRX2
O64865	gene_name:LTPG14
O65595	gene_name:At4g26390
O80932	gene_name:EXPA3
O81834	gene_name:BBX28
O82363	gene_name:PCMP-E39
P18616	gene_name:NRPB1
P46248	gene_name:ASP5
P56759	gene_name:atpF
Q0WN60	gene_name:PCMP-H8
Q0WPK4	gene_name:PAT1
Q0WRE7	gene_name:At5g03995
Q0WX00	gene_name:RING1B
Q1G3U8	gene_name:VQ1
Q1JPL4	gene_name:NDB1
Q3EDB7	gene_name:At1g15830
Q6XMI3	gene_name:BSMT1
Q70II3	gene_name:ERF110
Q7Y232	gene_name:UGT73B4
Q84M90	gene_name:At3g15180
Q8GY87	gene_name:UBC26
Q8GYI3	gene_name:At3g23175
Q8L604	gene_name:At1g65230
Q8L7C9	gene_name:GSTU20
Q8RWN9	gene_name:At3g13930
Q8RY99	gene_name:At3g10140
Q8W033	gene_name:ALDH3I1
Q8W1X2	gene_name:PK
Q8W465	gene_name:At4g31360
Q93VQ0	gene_name:VCL1
Q93YN4	gene_name:ELM1
Q940N7	gene_name:At4g05150
Q949Y5	gene_name:EGY1
Q94B38	gene_name:GPT2
Q94F20	gene_name:DGR2
Q9ASR4	gene_name:At5g27410
Q9C5X3	gene_name:KEU
Q9C6U6	gene_name:At1g31520
Q9C820	gene_name:RABG3D
Q9C8R8	gene_name:NMAT1
Q9CAM1	gene_name:At1g63210
Q9FF71	gene_name:MUG13.11
Q9FG04	gene_name:At5g06660
Q9FG77	gene_name:WRKY2
Q9FGI1	gene_name:At5g58410
Q9FIJ0	gene_name:RBOHD
Q9FIY7	gene_name:RAD5B
Q9FPJ8	gene_name:RBP45A
Q9FT93	gene_name:At5g08420
Q9FVR3	gene_name:CSLD6
Q9FVV1	gene_name:At1g71250
Q9FXJ2	gene_name:At1g28580
Q9LFD1	gene_name:LAC9
Q9LFQ6	gene_name:At5g14990
Q9LFV5	gene_name:At5g15710
Q9LHF4	gene_name:At3g24450
Q9LK10	gene_name:CLSY4
Q9LQQ3	gene_name:At1g07750
Q9LR87	gene_name:CSLA10
Q9LRR3	gene_name:At3g14480
Q9LUK6	gene_name:MZA15.26
Q9LUM6	gene_name:At3g17710
Q9LW17	gene_name:At3g15610
Q9LYT5	gene_name:PME35
Q9M0R4	gene_name:ATL37
Q9M185	gene_name:T5C2_40
Q9M1L7	gene_name:PRK3
Q9M3D7	gene_name:LECRK14
Q9M7Q3	gene_name:ABF3
Q9M9B2	gene_name:ERF117
Q9M9E7	gene_name:UGT85A4
Q9SAV1	gene_name:F-ATMBP
Q9SB38	gene_name:PMEI4
Q9SCW5	gene_name:HSFA1E
Q9SEY4	gene_name:At2g17660
Q9SFF9	gene_name:At3g05950
Q9SID8	gene_name:RABH1D
Q9SN89	gene_name:CML47
Q9SRX3	gene_name:CEL2
Q9SVM8	gene_name:RBG2
Q9SVZ8	gene_name:At4g25870
Q9SW21	gene_name:ACP4
Q9XEC1	gene_name:At4g04430
Q9ZUZ3	gene_name:SAUR32
A0A178VAW3	gene_name:At3g48980
A0A1P8B936	gene_name:At4g07995
A0A1P8BDW2	gene_name:At5g04937
A8MQA5	gene_name:ESF1.3
B3H6E3	gene_name:At5g39024
B5X503	gene_name:NUGWD1
B9DHD3	gene_name:HISN6A
F4HUC4	gene_name:ACA5
F4HW05	gene_name:At1g08270
F4HYR4	gene_name:OFUT15
F4IIV5	gene_name:MEE22
F4IRK4	gene_name:At2g25120
F4ISY9	gene_name:At2g38450
F4IVY6	gene_name:At2g39670
F4IX05	gene_name:At3g61898
F4JGH5	gene_name:At4g05540
F4JJT9	gene_name:At4g33760
F4JMN7	gene_name:At4g22870
F4K727	gene_name:At5g28237
O22040	gene_name:ANP1
O22898	gene_name:LACS1
O24454	gene_name:UBP3
O24456	gene_name:RACK1A
O64621	gene_name:At2g18910
O64703	gene_name:AGL29
O65402	gene_name:SQE6
O65659	gene_name:At4g39720
O80340	gene_name:ERF4
O80980	gene_name:At2g14710
O81347	gene_name:PAM1
O81778	gene_name:REM9
P0DKB9	gene_name:LPXC4
P25857	gene_name:GAPB
P35614	gene_name:ERF1-3
P56807	gene_name:rps18
P82778	gene_name:LCR64
Q29Q00	gene_name:At4g39235
Q3E9F5	gene_name:PUB48
Q5XEV4	gene_name:At1g65030
Q5XVC7	gene_name:At2g40480
Q84J71	gene_name:At2g17670
Q84JV0	gene_name:MNC17.8
Q8H174	gene_name:IAA31
Q8L770	gene_name:CLPR3
Q8LC53	gene_name:EPF2
Q8LFW5	gene_name:HTT1
Q8LGJ5	gene_name:PCO2
Q8RYD3	gene_name:ARF32
Q8S3D2	gene_name:BHLH87
Q8VYT3	gene_name:At4g30520
Q943Z6	gene_name:SRP19
Q94A41	gene_name:AMY3
Q94AH9	gene_name:FIB2
Q9ASR3	gene_name:CYP709B1
Q9C5Z3	gene_name:TIF3E1
Q9C7C3	gene_name:At3g12130
Q9C7G9	gene_name:At1g72060
Q9C8V9	gene_name:At1g36020
Q9CAE4	gene_name:SNRNP31
Q9CAY8	gene_name:F24K9.2
Q9FE58	gene_name:RPL22C
Q9FGW5	gene_name:CDKG1
Q9FH55	gene_name:At5g66340
Q9FHF9	gene_name:PCMP-H49
Q9FI53	gene_name:FUM2
Q9FKV8	gene_name:DRMH2
Q9FMJ8	gene_name:MDC12.22
Q9FNC4	gene_name:MRH10.13
Q9FX58	gene_name:At1g13390
Q9FYE5	gene_name:UUAT1
Q9LF14	gene_name:CRS2B
Q9LF60	gene_name:ASG1
Q9LHS0	gene_name:At5g35200
Q9LSL8	gene_name:PCMP-H47
Q9LV01	gene_name:EOL2
Q9LVC4	gene_name:MJB24.15
Q9LVL1	gene_name:PER68
Q9LXE3	gene_name:PUB28
Q9LY99	gene_name:PHB5
Q9M0G0	gene_name:GGT3
Q9M274	gene_name:NAC066
Q9M3C7	gene_name:T26I12.120
Q9M8S8	gene_name:VTC4
Q9M8T6	gene_name:THO7B
Q9MA63	gene_name:At3g05500
Q9MBA2	gene_name:MIND1
Q9S799	gene_name:F28J7.7
Q9SG94	gene_name:MAN3
Q9SGP4	gene_name:AGL59
Q9SKQ2	gene_name:DIR4
Q9SLP1	gene_name:CYP78A9
Q9SR62	gene_name:RLPH2
Q9SRM0	gene_name:ATL66
Q9SUP5	gene_name:F9D16.290
Q9SW07	gene_name:GDU2
Q9SX55	gene_name:TOM40-2
Q9ZUD1	gene_name:F5O8.19
Q9ZV90	gene_name:At1g78720
Q9ZVX0	gene_name:At2g16930
Q9ZVY5	gene_name:UGT75B2
A0A178V7N9	gene_name:At3g19080
A0A1P8B268	gene_name:At2g07634
B3H5K1	gene_name:At4g09731
B3H640	gene_name:At2g04622
B3H693	gene_name:At3g56590
B3H723	gene_name:At4g13992
F4IUJ2	gene_name:At2g26360
F4J8K6	gene_name:RRP5
F4JMF4	gene_name:At4g10730
F4JTI1	gene_name:PHOX4
F4JTW1	gene_name:DL3025C
F4K645	gene_name:RAF10
F4KI79	gene_name:At5g10605
O04035	gene_name:At1g08940
O22885	gene_name:At2g40500
O22959	gene_name:PER19
O23040	gene_name:DEAL4
O48583	gene_name:T19K24.12
O80569	gene_name:At2g43990
O80738	gene_name:TPS10
O80851	gene_name:At2g30840
O81108	gene_name:ACA2
O81123	gene_name:ZIP1
P0DO00	gene_name:At1g31672
P82639	gene_name:SCRL20
P82754	gene_name:LCR39
P92948	gene_name:CDC5
Q1PFB9	gene_name:AGC1-7
Q39099	gene_name:XTH4
Q3E9D7	gene_name:At5g18880
Q3ECF8	gene_name:At1g68945
Q4V397	gene_name:At4g10720
Q500V8	gene_name:ECT9
Q570M0	gene_name:MBB18.26
Q680Z7	gene_name:PCMP-E25
Q6NQ79	gene_name:ARID4
Q7XA71	gene_name:At2g22080
Q7XBQ8	gene_name:At1g09290
Q84ZT9	gene_name:WVD2
Q8GX81	gene_name:At5g30490
Q8GYC1	gene_name:IDD4
Q8LD89	gene_name:At4g38790
Q8RY59	gene_name:RCD1
Q8VY85	gene_name:ORG4
Q8VYY8	gene_name:At2g43630
Q8VZK1	gene_name:At1g64610
Q93W87	gene_name:At3g05760
Q940U9	gene_name:LUC7B
Q94AI7	gene_name:TPL
Q9C5E6	gene_name:At1g15430
Q9C5H6	gene_name:UTR6
Q9C616	gene_name:KAN2
Q9C6U5	gene_name:At1g31510
Q9C931	gene_name:At1g52900
Q9C9F6	gene_name:APRR6
Q9CAI7	gene_name:TIF4A-3
Q9FFH5	gene_name:PHB7
Q9FFL0	gene_name:MJJ3.3
Q9FGF5	gene_name:MVP7.11
Q9FGW2	gene_name:MIF21.17
Q9FI27	gene_name:TPS20
Q9FIM8	gene_name:SBT4.10
Q9FJ14	gene_name:At5g49260
Q9FJX7	gene_name:At5g67460
Q9FJZ7	gene_name:At5g66420
Q9FN69	gene_name:GL3
Q9FPS9	gene_name:UBP15
Q9FV52	gene_name:MAP1B
Q9LDJ3	gene_name:EXPA12
Q9LFU3	gene_name:BZIP3
Q9LHP2	gene_name:SCL30A
Q9LJ97	gene_name:RAB28
Q9LJV9	gene_name:At3g29070
Q9LMQ3	gene_name:At1g15810
Q9LN35	gene_name:At1g19600
Q9LNK0	gene_name:At1g01210
Q9LNU4	gene_name:RPN3A
Q9LRZ6	gene_name:TPS24
Q9LUV4	gene_name:FRL4A
Q9LV04	gene_name:PAP14
Q9LZL9	gene_name:NDP1
Q9LZR5	gene_name:HDT3
Q9M2Y0	gene_name:PSK3
Q9MAH4	gene_name:ABCG10
Q9SFG0	gene_name:STP6
Q9SIH4	gene_name:CASP1
Q9SIN9	gene_name:DALL5
Q9SIT5	gene_name:CHX15
Q9SKA9	gene_name:CHX21
Q9SQX6	gene_name:SCPL7
Q9SV93	gene_name:F24G24.80
Q9SVD1	gene_name:F22O6_120
Q9SX99	gene_name:OSB1
Q9SY95	gene_name:At1g61550
Q9XI74	gene_name:PUMP3
Q9ZPR6	gene_name:UPS3
Q9ZQC1	gene_name:At4g07940
Q9ZV48	gene_name:TPS11
Q9ZV85	gene_name:GGH3
Q9ZW11	gene_name:LECRK32
A0A1P8AQT9	gene_name:At1g13920
A0A1P8AWW1	gene_name:At1g08645
A0A1P8BFD8	gene_name:At5g01940
B3H4R3	gene_name:At3g22723
F2Q9V5	gene_name:SPH16
F4HV22	gene_name:At1g47660
F4HZX7	gene_name:OFUT8
F4I9S3	gene_name:RLP9A
F4ITM1	gene_name:RSL1
F4IVV0	gene_name:RIC1
F4IZ60	gene_name:At3g43574
F4J4G2	gene_name:NTP6
F4JNE2	gene_name:DL4605C
F4JPP0	gene_name:MORC3
F4JS91	gene_name:At4g13110
F4KEI6	gene_name:NAC093
O04326	gene_name:NUP35
O23154	gene_name:CYP81D3
O23174	gene_name:SMP2
O23342	gene_name:SECE1
O23469	gene_name:At4g16220
O48790	gene_name:CYCB1-4
O65270	gene_name:At4g00610
O80685	gene_name:PAT02
O80760	gene_name:PGL2
O80856	gene_name:ARPC1A
O81913	gene_name:NAC004
O82638	gene_name:At4g32960
P05466	gene_name:At2g45300
P0C8A0	gene_name:At3g49730
P0CJ55	gene_name:CRRSP48
P35631	gene_name:AP1
P46643	gene_name:ASP1
P56796	gene_name:rpl33
P82785	gene_name:LCR76
P94032	gene_name:gene1000
Q00218	gene_name:DHS2
Q1EC69	gene_name:SMO1-2
Q1G3C3	gene_name:At2g19146
Q29Q26	gene_name:AKR2B
Q38865	gene_name:EXPA6
Q39027	gene_name:MPK7
Q3ECI5	gene_name:At1g64405
Q3EDJ0	gene_name:ABCI19
Q42601	gene_name:CARB
Q5MAU8	gene_name:PAP27
Q5XF36	gene_name:KMS1
Q67Y83	gene_name:SCPL51
Q6NQ66	gene_name:GULLO2
Q8H1U4	gene_name:APC5
Q8LEB6	gene_name:At5g18500
Q8LEQ0	gene_name:RPP1C
Q8LEV3	gene_name:At2g30600/At2g30610
Q8VZ22	gene_name:BHLH103
Q8VZ68	gene_name:BLP1
Q8VZT8	gene_name:NFD3
Q8W3K3	gene_name:At1g58400
Q8W4I5	gene_name:ERF069
Q93YW3	gene_name:At1g01830
Q93Z13	gene_name:BOR3
Q9ASV5	gene_name:MIC60
Q9C5K7	gene_name:At1g06640
Q9C5S1	gene_name:MKP1
Q9C5W6	gene_name:GRF12
Q9C8P8	gene_name:BHLH80
Q9CAF9	gene_name:At1g67620
Q9FFJ9	gene_name:MJJ3.20
Q9FH09	gene_name:HDA7
Q9FH73	gene_name:At5g41490
Q9FIF1	gene_name:LECRK21
Q9FJ65	gene_name:ATLTP44
Q9FNI3	gene_name:At5g06250
Q9LIG0	gene_name:At3g21360
Q9LME8	gene_name:UGT85A7
Q9LQ81	gene_name:ADF10
Q9LU05	gene_name:PCAP2
Q9LUP2	gene_name:At3g17560
Q9LVE2	gene_name:B'ZETA
Q9LVI9	gene_name:PYD1
Q9LVJ0	gene_name:At3g17800
Q9LX99	gene_name:KIN14A
Q9LYU8	gene_name:AK1
Q9LZV7	gene_name:PXC2
Q9M0Y2	gene_name:ENT4
Q9M3G5	gene_name:T14K23_20
Q9SA13	gene_name:F28K20.13
Q9SA19	gene_name:At1g31240
Q9SI42	gene_name:At2g13350
Q9SJI8	gene_name:MBF1A
Q9SJR2	gene_name:At2g36430
Q9STS1	gene_name:ALDH10A9
Q9SU64	gene_name:CNGC16
Q9SY74	gene_name:At1g10320
Q9SY88	gene_name:CSU1
Q9T0J9	gene_name:TPS12
Q9XIA2	gene_name:At1g49360
Q9XIF0	gene_name:At1g59780
Q9ZSB1	gene_name:SBT3.10
Q9ZUI7	gene_name:At1g60060
Q9ZUP5	gene_name:ZETH
A0A1I9LM99	gene_name:At3g59570
A0A1P8AQ96	gene_name:At1g34855
A0A1P8B4T0	gene_name:At4g13030
A0A1P8B8Y5	gene_name:At4g22467
A0A1P8BGN3	gene_name:At5g19633
A5HEI1	gene_name:SCC2
A8MQ98	gene_name:At2g22155
A8MRC6	gene_name:LURE1.5
C0LGK9	gene_name:At2g24230
F4HZK4	gene_name:REC3
F4I7P0	gene_name:At1g23935
F4I924	gene_name:ATI3A
F4I964	gene_name:At1g24200
F4INW8	gene_name:At2g30680
F4J4G9	gene_name:At3g51640
F4J5L3	gene_name:RFA6
F4JJJ3	gene_name:NDB3
F4JQH3	gene_name:APP1
F4K452	gene_name:HBP5
F4K4C5	gene_name:KIN14S
F4K5T4	gene_name:At5g28040
F4KCF2	gene_name:At5g02540
O23184	gene_name:CML19
O23462	gene_name:dl4110w
O49663	gene_name:SAP9
O64770	gene_name:At1g61490
O80338	gene_name:ERF2
O80492	gene_name:At1g09160
O80707	gene_name:At1g62030
O80813	gene_name:At1g65420
P0DI15	gene_name:At1g59406
P25269	gene_name:TSB2
P26288	gene_name:ndhD
P92962	gene_name:PROT2
Q0PW40	gene_name:CRK13
Q0WQ41	gene_name:IP5P7
Q0WSU9	gene_name:MXI22.4
Q1G3T6	gene_name:At1g22065
Q38967	gene_name:AAP2
Q39162	gene_name:TGA4
Q39187	gene_name:PR1
Q3E7D9	gene_name:At5g25010
Q3E922	gene_name:At5g26805
Q43866	gene_name:CWINV1
Q494Q1	gene_name:UGT76E3
Q5Q0F0	gene_name:At1g44780
Q5S4V7	gene_name:At2g39490
Q5XEN4	gene_name:At2g37950
Q5XV52	gene_name:At5g05350
Q66GQ1	gene_name:TRME
Q682I1	gene_name:BOLA1
Q6GKX4	gene_name:At5g24170
Q7XJU0	gene_name:BHLH157
Q84JT5	gene_name:At1g21280
Q8GYN8	gene_name:At5g25240
Q8L4M1	gene_name:THO6
Q8L707	gene_name:IRX14
Q8L719	gene_name:ALY2
Q8L829	gene_name:ARI5
Q8LBB2	gene_name:KING1
Q8RWG0	gene_name:At2g36720
Q8RWH3	gene_name:YAK1
Q8W486	gene_name:OFUT1
Q940N9	gene_name:DTX39
Q949Y0	gene_name:UBP6
Q9C8G6	gene_name:DLAH
Q9FF54	gene_name:MUP24.7
Q9FG97	gene_name:MPF21.16
Q9FGM1	gene_name:PYL8
Q9FJ49	gene_name:PYL12
Q9FKK1	gene_name:MUF9.9
Q9FL95	gene_name:At5g45020
Q9FLG1	gene_name:BXL4
Q9FN11	gene_name:LBD37
Q9FNM2	gene_name:JAL45
Q9FNM7	gene_name:RH26
Q9FT45	gene_name:FLA15
Q9FWW5	gene_name:At1g12150
Q9LF27	gene_name:WDR12
Q9LH39	gene_name:At3g19553
Q9LHQ6	gene_name:OCT4
Q9LJA0	gene_name:OASA2
Q9LQM5	gene_name:NHL8
Q9LRZ2	gene_name:At3g16820
Q9LXX0	gene_name:T15B3_30
Q9LY05	gene_name:ERF106
Q9LZJ7	gene_name:PRP3
Q9M1V3	gene_name:PCMP-H83
Q9SSR4	gene_name:At1g52620
Q9SW18	gene_name:CHLM
Q9SX67	gene_name:At1g48330
Q9XI55	gene_name:FNRL
Q9ZP59	gene_name:TULP1
Q9ZQ02	gene_name:At2g06090
Q9ZUB2	gene_name:At1g23830
Q9ZUH3	gene_name:PUP5
Q9ZUN7	gene_name:At2g19550
Q9ZVJ6	gene_name:ANN4
Q9ZW19	gene_name:SDR
Q9ZWA8	gene_name:FLA9
A0A1I9LNK8	gene_name:At3g32420
A0A1I9LQ53	gene_name:At3g50230
A0A1I9LSP4	gene_name:At3g21950
A0A1P8AMN4	gene_name:At1g44030
A0A1P8AQT5	gene_name:At1g52700
A0A1P8B019	gene_name:At2g07648
A0A1P8B223	gene_name:At2g35820
A0A1P8B3B5	gene_name:At4g09585
A0A1P8B9F1	gene_name:At5g46085
B3H596	gene_name:At1g67855
B3H5A3	gene_name:At4g03113
B3H5A7	gene_name:At3g17261
B3H7A3	gene_name:At1g76728
F4I0Z0	gene_name:At1g09440
F4I1T9	gene_name:KIN14T
F4J7U3	gene_name:At3g25013
F4JLZ6	gene_name:SMO1-3
F4JN30	gene_name:DAW1
F4JX46	gene_name:MQL5.24
F4K465	gene_name:At5g20200
O04474	gene_name:RCPG
O04652	gene_name:ACP5
O22951	gene_name:NUDT22
O23339	gene_name:dl3460c
O23379	gene_name:COL11
O23482	gene_name:OPT3
O64745	gene_name:At2g34810
O65663	gene_name:At4g39760
O80500	gene_name:At2g44600
O80571	gene_name:At2g44010
P0CAY6	gene_name:LURE1.4
P42746	gene_name:UBC3
P43287	gene_name:PIP2-2
P46602	gene_name:HAT3
P56757	gene_name:atpA
P82745	gene_name:LCR30
P82765	gene_name:LCR50
P82795	gene_name:LCR86
Q1G3B1	gene_name:At3g21352
Q1PE84	gene_name:At4g13690
Q39013	gene_name:NAC002
Q3EAF8	gene_name:At3g62540
Q4PSD8	gene_name:At5g37860
Q4PSE2	gene_name:NFYC8
Q501G5	gene_name:At5g03100
Q7DMA9	gene_name:PAS1
Q84JS7	gene_name:At1g10750
Q8GWG0	gene_name:GPAT9
Q8GY96	gene_name:PGM
Q8GZ63	gene_name:At5g25630
Q8LD15	gene_name:At1g67210
Q8LD38	gene_name:MPC3
Q93WX6	gene_name:NFS2
Q93ZY7	gene_name:NUDT12
Q94A06	gene_name:MKK1
Q94AG7	gene_name:At1g17740
Q94BM7	gene_name:SPA4
Q94CC1	gene_name:At5g27730
Q94F08	gene_name:HIPL2
Q9C872	gene_name:At1g31370
Q9FF49	gene_name:MUP24.2
Q9FFX0	gene_name:RBL9
Q9FGG3	gene_name:At5g64700
Q9FGQ5	gene_name:RLK
Q9FHP2	gene_name:At5g65880
Q9FJK8	gene_name:RPP8L4
Q9FKH0	gene_name:At5g61490
Q9FM53	gene_name:EMB1692
Q9FMX8	gene_name:NIC3
Q9FNP9	gene_name:ACT
Q9LEU4	gene_name:CAF1-10
Q9LMH5	gene_name:At1g13800
Q9LQX2	gene_name:MPSR1
Q9LYK3	gene_name:At5g14560
Q9LZK0	gene_name:F26K9_80
Q9LZQ0	gene_name:At3g62400
Q9M008	gene_name:CHX26
Q9M044	gene_name:F1I16_220
Q9M0A4	gene_name:CNGC9
Q9M2Y9	gene_name:RAX3
Q9MAA7	gene_name:GID1A
Q9SAB4	gene_name:At1g11630
Q9SFC6	gene_name:GDI1
Q9SFU3	gene_name:PAP15
Q9SKK2	gene_name:RLP21
Q9SL91	gene_name:At2g25720
Q9SLI4	gene_name:At1g54500
Q9SLT5	gene_name:CW14
Q9SSS0	gene_name:At1g52680
Q9STG2	gene_name:COPT2
Q9STJ9	gene_name:SAP10
Q9SU00	gene_name:CML2
Q9SVN2	gene_name:RLP47
Q9SZ15	gene_name:LIP5
Q9T069	gene_name:At4g37820
Q9T0A0	gene_name:LACS4
Q9T0I5	gene_name:PRP4
Q9ZUL8	gene_name:PDF2.6
Q9ZVD2	gene_name:NHL13
Q9ZW35	gene_name:PCNA2
A0A178VQ59	gene_name:MRH6
A0A1P8ATM4	gene_name:At1g24440
A0A1P8B531	gene_name:At4g22370
A0A1P8B684	gene_name:At4g12495
A0A1P8BGB6	gene_name:At5g18937
A0MEX7	gene_name:CRRSP30
A2RVU1	gene_name:MWL1
B3H5P4	gene_name:At3g43291
B3H7J7	gene_name:At3g07273
C0LGE4	gene_name:At1g12460
C0LGV1	gene_name:RGI2
F4HPY1	gene_name:At1g60700
F4HQA2	gene_name:At1g79740
F4HR91	gene_name:At1g33610
F4HYR6	gene_name:SBT2.4
F4JLV4	gene_name:DHYPRP1
F4JMI5	gene_name:PGSIP7
F4JQ75	gene_name:EMB140
F4KA19	gene_name:At5g28830
F4KBH1	gene_name:At5g29050
F4KED4	gene_name:At5g30520
O04547	gene_name:CLE26
O23222	gene_name:AGL40
O23593	gene_name:RGGB
O48812	gene_name:At2g39640
O64602	gene_name:CORD5
O64741	gene_name:MAPKKK14
O80462	gene_name:XLG1
O82261	gene_name:DEGP2
P0C2G3	gene_name:At1g30925
P25865	gene_name:UBC1
P48623	gene_name:FAD3
P93739	gene_name:BIL2
Q38956	gene_name:DTX29
Q39250	gene_name:ADF1
Q3EB32	gene_name:At3g20900
Q6NLB0	gene_name:GSTL1
Q6NQ72	gene_name:ALY4
Q6NQI8	gene_name:LOH3
Q7X6A5	gene_name:At1g55630
Q8GWV5	gene_name:PUB3
Q8GY61	gene_name:BHLH63
Q8L9R0	gene_name:At4g31150
Q8LD48	gene_name:P1R3
Q8RU59	gene_name:BZIP48
Q8VZ59	gene_name:YUC6
Q8W569	gene_name:At4g26650
Q93WC9	gene_name:IPT3
Q93YQ3	gene_name:PURU1
Q93ZR8	gene_name:RRT2
Q940C2	gene_name:At5g52550
Q949W6	gene_name:KAKU4
Q9AT00	gene_name:TGD3
Q9C788	gene_name:CYP704B1
Q9C7F1	gene_name:At1g28020
Q9C8T1	gene_name:ABCI1
Q9CAT1	gene_name:At1g73160
Q9FE52	gene_name:srpk3
Q9FF88	gene_name:MRO11.4
Q9FG94	gene_name:SOT1
Q9FGU8	gene_name:COPT3
Q9FHG1	gene_name:At5g46440
Q9FIQ5	gene_name:TRN2
Q9FL48	gene_name:LNK4
Q9FLA1	gene_name:At5g44960
Q9FLY5	gene_name:GNL1
Q9FMA0	gene_name:EXPA14
Q9FVT2	gene_name:At1g57720
Q9FY99	gene_name:G6PD2
Q9LJ88	gene_name:LTPG18
Q9LK30	gene_name:At3g27230
Q9LNC0	gene_name:At1g06270
Q9LPD9	gene_name:MCM2
Q9LQ32	gene_name:GXM3
Q9LSY7	gene_name:PER30
Q9LT45	gene_name:GATA29
Q9LTJ3	gene_name:At5g59350
Q9LXD6	gene_name:BXL3
Q9LXH3	gene_name:F14D17_90
Q9M240	gene_name:T18D12_70
Q9M315	gene_name:KPHMT2
Q9M335	gene_name:F5K20_210
Q9M9R9	gene_name:At1g14450
Q9MAU3	gene_name:TAF6
Q9S7B5	gene_name:TS1
Q9S808	gene_name:T17H3.11
Q9SCS9	gene_name:HR1
Q9SDM9	gene_name:NSP1
Q9SGP9	gene_name:At1g28510
Q9SH69	gene_name:PGD1
Q9SIK7	gene_name:At2g29900
Q9SJ24	gene_name:EC1.2
Q9SK91	gene_name:BHLH94
Q9SRT8	gene_name:At3g02220
Q9SS40	gene_name:At3g10290
Q9SSL1	gene_name:CAR7
Q9SUL7	gene_name:CIPK4
Q9SUP6	gene_name:WRKY53
Q9SUV9	gene_name:INP1
Q9ZW03	gene_name:At2g29150
A0A1I9LLB7	gene_name:At3g24575
A0A1P8AUL5	gene_name:At1g29730
A0A1P8AW32	gene_name:At1g65050
A0A1P8B2F9	gene_name:At2g07613
A0A1P8B3W3	gene_name:At4g20947
A0A1P8BAH0	gene_name:At5g26955
A0A1P8BG42	gene_name:At5g60350
B3H528	gene_name:At3g30222
B3H5I3	gene_name:At5g04853
B3H6E8	gene_name:At3g53611
B9DGU7	gene_name:TPK1
F4I594	gene_name:RLM1A
F4II29	gene_name:CTEXP
F4IJB0	gene_name:At2g06541
F4IZU8	gene_name:At3g09160
F4J3G5	gene_name:CTPA3
F4J4H2	gene_name:At3g51650
F4J8S4	gene_name:At3g18530
F4JD24	gene_name:At3g61000
F4JY55	gene_name:At5g25530
F4K5Q9	gene_name:At5g27890
F4KAV2	gene_name:ALKBH1D
O22953	gene_name:ATL99
O22983	gene_name:T19F6.12
O64503	gene_name:UTR1
O65785	gene_name:CYP71B3
O80467	gene_name:SDT
O80528	gene_name:HASPIN
O81629	gene_name:KLCR1
P0DH97	gene_name:CAM2
P50318	gene_name:At1g56190
P50883	gene_name:RPL12A
Q0WQH3	gene_name:At1g27100
Q1G3C5	gene_name:At2g17905
Q1G3F4	gene_name:At1g04555
Q1G3X0	gene_name:At1g75335
Q1PEF6	gene_name:ASK6
Q2V2S7	gene_name:ndhM
Q2V4F0	gene_name:At1g65352
Q39023	gene_name:MPK3
Q3E6Q3	gene_name:At1g02620
Q3EAN0	gene_name:At3g47836
Q5XEP9	gene_name:KCS2
Q5XVC1	gene_name:At3g05725
Q681K2	gene_name:ATS3A
Q681Y3	gene_name:At1g60990
Q84RK2	gene_name:FAP2
Q84W41	gene_name:GLR3.6
Q8GWG9	gene_name:DL4610W
Q8GWN6	gene_name:PROSCOOP8
Q8GXC9	gene_name:CROLIN1
Q8GXV5	gene_name:UGLYAH
Q8H0Z0	gene_name:At2g32850
Q8H126	gene_name:SELO
Q8LBP4	gene_name:ALB3
Q8LCE9	gene_name:At3g19470
Q8RWA2	gene_name:MED9
Q8RWC9	gene_name:CIPK1
Q8RWN7	gene_name:POL
Q8RWY6	gene_name:CLASP
Q8S8I2	gene_name:ULT2
Q8VY60	gene_name:At1g15260
Q94JL3	gene_name:BHLH112
Q94KB9	gene_name:MLO3
Q9C5V5	gene_name:GLR2.8
Q9C6X0	gene_name:At1g32030
Q9C7E6	gene_name:CFL2
Q9C966	gene_name:IAA15
Q9C9E3	gene_name:TIFY11B
Q9C9L7	gene_name:At1g69760
Q9C9X6	gene_name:BPC3
Q9FHR7	gene_name:WRKY49
Q9FI16	gene_name:At5g44490
Q9FI49	gene_name:PCMP-H59
Q9FIL9	gene_name:DIV1
Q9FK55	gene_name:MRG7.11
Q9FKZ0	gene_name:At5g66910
Q9FLF3	gene_name:MUB3.19
Q9FLJ4	gene_name:At5g61400
Q9FLR0	gene_name:NEN1
Q9FMW4	gene_name:At5g23370
Q9FYQ8	gene_name:TMN11
Q9LEZ7	gene_name:At5g08090
Q9LHD2	gene_name:GATL10
Q9LMM2	gene_name:FRO1
Q9LNM6	gene_name:At1g34640
Q9LRK6	gene_name:CRRSP31
Q9LW08	gene_name:At3g15710
Q9M290	gene_name:NAC061
Q9M2E4	gene_name:T20K12.100
Q9S7R9	gene_name:F14P3.19
Q9SAB5	gene_name:At1g11620
Q9SRX7	gene_name:RPL22A
Q9SU26	gene_name:At4g12600
Q9SYC7	gene_name:At1g51250
Q9SZD6	gene_name:PETs
Q9SZQ8	gene_name:At4g29870
Q9SZV6	gene_name:At4g30030
Q9T0H4	gene_name:ADR
Q9XGM3	gene_name:RPS4
A0A178VIK9	gene_name:At3g19085
A0A1P8AX05	gene_name:PPRT1
A0A1P8AXI7	gene_name:At2g13105
B3H6L2	gene_name:At1g20132
F4HWC3	gene_name:At1g20970
F4I8D6	gene_name:At1g71000
F4JP52	gene_name:PQT3
F4K829	gene_name:At5g07571
F4KA29	gene_name:At5g28920
O04486	gene_name:RABA2A
O04574	gene_name:At1g62070
O04576	gene_name:MTERF24
O22707	gene_name:At1g60690
O23029	gene_name:At1g04560
O49401	gene_name:At4g18860
O64717	gene_name:At2g02590
O64801	gene_name:At1g67450
O82176	gene_name:EXL7
O82503	gene_name:CRF1
P0DI02	gene_name:At1g24800
P28769	gene_name:CCT1
P42763	gene_name:ERD14
P82644	gene_name:SCRL25
Q0WQM8	gene_name:At1g53790
Q1PDN7	gene_name:At5g42785
Q1PDW1	gene_name:At5g16920
Q2V472	gene_name:At2g21465
Q39219	gene_name:AOX1A
Q3ED81	gene_name:At1g21395
Q494N8	gene_name:At2g25890
Q4PSR5	gene_name:At2g37810
Q6R2K2	gene_name:SRF4
Q6R3K9	gene_name:YSL2
Q6S7B0	gene_name:TAF5
Q84Q59	gene_name:At3g27610
Q84R24	gene_name:At1g70030
Q84WE4	gene_name:PMEI3
Q8H128	gene_name:At3g63510
Q8LAS7	gene_name:CBL2
Q8LLD0	gene_name:NUP96
Q8RWQ5	gene_name:At5g54860
Q8RX85	gene_name:DYRKP-1
Q8VZ17	gene_name:SUVH6
Q8W1E8	gene_name:At2g17710
Q94AX0	gene_name:DL4535W
Q9C6Y0	gene_name:At1g44085
Q9C7B1	gene_name:TRP3
Q9C891	gene_name:DIR20
Q9C8F3	gene_name:PROSCOOP20
Q9C9V6	gene_name:At1g67900
Q9FFG9	gene_name:At5g44220
Q9FH77	gene_name:DCP5-L
Q9FJ77	gene_name:AT6
Q9FKV3	gene_name:At5g44350
Q9FLZ1	gene_name:At5g39460
Q9FMH8	gene_name:RD21B
Q9FXB0	gene_name:SVB
Q9FYR1	gene_name:At5g35110
Q9LDD8	gene_name:MCCB
Q9LFM6	gene_name:At5g11310
Q9LHE8	gene_name:At3g19970
Q9LHI7	gene_name:NEK7
Q9LHK4	gene_name:ABCB8
Q9LID7	gene_name:At3g13630
Q9LIR8	gene_name:At3g23880
Q9LJH8	gene_name:UBP1C
Q9LK25	gene_name:PHB4
Q9LPJ2	gene_name:At1g32710
Q9LQ92	gene_name:PUB54
Q9LQK0	gene_name:DRG1
Q9LSV3	gene_name:WAKL16
Q9LTV6	gene_name:At3g12800
Q9LVD2	gene_name:CYP71B10
Q9LVH4	gene_name:CAR4
Q9LVP2	gene_name:At3g29170
Q9LVZ6	gene_name:At3g15830
Q9LX33	gene_name:FTA
Q9LZ72	gene_name:KCS19
Q9M8R6	gene_name:At3g02740
Q9M9G7	gene_name:At1g71790
Q9M9N9	gene_name:AXY9
Q9S7I7	gene_name:F9E10.28
Q9SAG7	gene_name:At1g80930
Q9SB65	gene_name:At4g24700
Q9SCU9	gene_name:BGAL13
Q9SGN6	gene_name:NSL1
Q9SJF1	gene_name:LSG1-2
Q9SST2	gene_name:MTERF12
Q9STM6	gene_name:At3g48460
Q9STR1	gene_name:RPL31B
Q9SUP1	gene_name:ALKBH6
Q9SUX3	gene_name:At4g22460
Q9SX78	gene_name:CXE2
Q9SY37	gene_name:At4g03590
Q9T0J2	gene_name:SAUR14
Q9XEA0	gene_name:EMB2369
Q9XGZ8	gene_name:At5g25990
Q9ZUA5	gene_name:VIT1
Q9ZUY1	gene_name:At2g27800
Q9ZVB5	gene_name:BHLH100
A0A1I9LT98	gene_name:ATFDB20
A0A1P8ANT2	gene_name:At1g53655
A0A1P8ANX4	gene_name:At1g68340
A0A1P8BCU8	gene_name:At5g52270
A2RVK8	gene_name:At1g03620
A8MRN0	gene_name:At2g32788
A8MS10	gene_name:At1g58248
B3H5I7	gene_name:At3g55566
B3H5N8	gene_name:At2g16019
C0LGS2	gene_name:At4g36180
F4HYA7	gene_name:At1g35220
F4I3C6	gene_name:At1g49700
F4IK98	gene_name:At2g07240
F4IQ10	gene_name:At2g37160
F4JJD2	gene_name:At4g15075
F4JLP5	gene_name:LPD2
F4JWB3	gene_name:MTM2
F4K8B2	gene_name:At5g15030
O04209	gene_name:CLC2
O22862	gene_name:PER26
O23547	gene_name:EXLB1
O23610	gene_name:At4g17700
O49255	gene_name:NAC029
O49301	gene_name:GH37
O65252	gene_name:At5g26700
O80488	gene_name:PCMP-E70
O80891	gene_name:CSLB4
O82391	gene_name:At2g29640
P0DI09	gene_name:At1g18020
P53494	gene_name:ACT4
P92559	gene_name:At2g07695
P92994	gene_name:CYP73A5
P93744	gene_name:MUSE2
Q2V3K0	gene_name:At4g10603
Q3E9B1	gene_name:HRGP2
Q501H5	gene_name:SFH13
Q56XM9	gene_name:PAPS3
Q5Q0C5	gene_name:At3g51760
Q66GI1	gene_name:At4g37235
Q680K8	gene_name:At1g55760
Q6E279	gene_name:RRT3
Q6NL17	gene_name:At1g15800
Q6NQH9	gene_name:CID6
Q8GW17	gene_name:ERF116
Q8GXL7	gene_name:GATA24
Q8GXT3	gene_name:BHLH123
Q8GY03	gene_name:At5g58782
Q8L6Z4	gene_name:RPS9M
Q8L7E9	gene_name:MCA1
Q8L936	gene_name:At4g40080
Q8L9R7	gene_name:At3g05460
Q8LC76	gene_name:CYS7
Q8LEJ6	gene_name:FLA11
Q8LGU6	gene_name:CDC27B
Q8S927	gene_name:ATG8C
Q8VYP0	gene_name:HCC1
Q93YU2	gene_name:RUS6
Q9C524	gene_name:At1g66430
Q9C5W3	gene_name:NADK2
Q9C6K5	gene_name:LSM3B
Q9C7U7	gene_name:MYB20
Q9C888	gene_name:PLDALPHA4
Q9C937	gene_name:At1g52810
Q9C9A1	gene_name:At1g71070
Q9FFT6	gene_name:MBG8.21
Q9FGC7	gene_name:ZEP
Q9FHW4	gene_name:At5g37040
Q9FJX5	gene_name:BT4
Q9FK29	gene_name:UBC33
Q9FLB1	gene_name:PYL5
Q9FNY2	gene_name:DPB
Q9LEW7	gene_name:T27I15_180
Q9LH83	gene_name:At3g28520
Q9LHA4	gene_name:VHA-d2
Q9LK47	gene_name:SRRP1
Q9LM02	gene_name:SMT1
Q9LQK7	gene_name:ABCI7
Q9LRY7	gene_name:HCR1
Q9LV18	gene_name:At3g18215
Q9LV55	gene_name:At3g24510
Q9LYY2	gene_name:TIM14-3
Q9M0K4	gene_name:LAF1
Q9M2M5	gene_name:F28O9.70
Q9M2U4	gene_name:SRS6
Q9M896	gene_name:TBL20
Q9M8Y0	gene_name:SEC
Q9M9P4	gene_name:HDG8
Q9S7S4	gene_name:F11C1_10
Q9SF14	gene_name:MYOB8
Q9SI37	gene_name:WRKY1
Q9SID6	gene_name:At2g22320
Q9SIL3	gene_name:DNAJ
Q9SK19	gene_name:At2g10020
Q9SLH9	gene_name:At1g54550
Q9SMP2	gene_name:SEC61G3
Q9SN53	gene_name:F25I24.230
Q9SS44	gene_name:TFIIB2
Q9SSD2	gene_name:PRP8A
Q9SWI1	gene_name:PKS1
Q9T065	gene_name:ACS8
A0A1I9LS99	gene_name:At3g28922
A0A1P8AQC2	gene_name:At1g16945
A0A1P8BDM5	gene_name:At5g14895
A0A1P8BET4	gene_name:At5g13590
A0A1P8BG68	gene_name:At5g52115
A2RVM4	gene_name:At5g17570
A3KPF2	gene_name:PRMT14
B3H4P1	gene_name:At5g66631
B3H5D6	gene_name:At2g22426
B3H6C0	gene_name:At3g05425
F4HTX0	gene_name:At1g74330
F4HUE2	gene_name:At1g08165
F4HV88	gene_name:At1g54217
F4IUE7	gene_name:COV1
F4IZ80	gene_name:CYSTM10
F4J0F6	gene_name:At3g28880
F4JTD2	gene_name:TRM7B
F4JYZ8	gene_name:IDD13
F4K185	gene_name:At5g26730
F4K4J0	gene_name:THO5B
F4K4W6	gene_name:MTE17.27
O23140	gene_name:AP2M
O48840	gene_name:PAP13
O64711	gene_name:At2g02660
O80934	gene_name:At2g37660
O82202	gene_name:At2g19780
P10896	gene_name:RCA
P53665	gene_name:MTACP1
P56762	gene_name:rpoA
P82634	gene_name:SCRL15
P93015	gene_name:SPL3
Q38825	gene_name:IAA7
Q39019	gene_name:ASK10
Q39147	gene_name:MAG
Q4VNZ8	gene_name:At2g03933
Q56YQ1	gene_name:At3g13432
Q5M729	gene_name:At1g54220
Q6DBH2	gene_name:At4g09970
Q6NPG3	gene_name:At1g07300
Q6WWW4	gene_name:UPL3
Q84W89	gene_name:RH37
Q84WG1	gene_name:NHX3
Q8GW35	gene_name:At1g58225
Q8GXN2	gene_name:NPF7.2
Q8GY42	gene_name:NAC025
Q8GYM2	gene_name:At5g18950
Q8H156	gene_name:RAN3
Q8L5Y5	gene_name:PAT19
Q8L7B5	gene_name:At2g33210
Q8RXD6	gene_name:HUB1
Q8S8M2	gene_name:CLE16
Q8S8S1	gene_name:PEX16
Q8VWQ5	gene_name:WRKY50
Q8VYD9	gene_name:At4g31010
Q93VG8	gene_name:At4g17486
Q944H0	gene_name:NMT2
Q94A18	gene_name:ABCG29
Q9C5C0	gene_name:MPK18
Q9C629	gene_name:At1g46840
Q9C7J3	gene_name:VIR3
Q9C9E6	gene_name:At1g72480
Q9CAY6	gene_name:F24K9.4
Q9FGC4	gene_name:JAL42
Q9FH97	gene_name:EPS1
Q9FHA5	gene_name:MAPKKK19
Q9FKC1	gene_name:At5g48750
Q9FM14	gene_name:At5g62800
Q9FN51	gene_name:TET12
Q9FVX3	gene_name:At1g77350
Q9FY46	gene_name:SULTR4;1
Q9LET1	gene_name:CRK7
Q9LF10	gene_name:At5g16180
Q9LIB9	gene_name:CWINV5
Q9LQ27	gene_name:TPS22
Q9LSE9	gene_name:At3g25270
Q9LTM4	gene_name:CYP71B19
Q9LW53	gene_name:EDA6
Q9LZI7	gene_name:F26K9_210
Q9M0V0	gene_name:MFDX1
Q9M0Y8	gene_name:NSF
Q9M7Q5	gene_name:ABF1
Q9M9L6	gene_name:BHLH150
Q9M9S9	gene_name:At1g14330
Q9MA36	gene_name:T20M3.17
Q9SA37	gene_name:CHX1
Q9SAI1	gene_name:FDM5
Q9SB89	gene_name:RH27
Q9SCQ2	gene_name:UPL7
Q9SIA7	gene_name:At2g28680
Q9SKN6	gene_name:GATA13
Q9SLB9	gene_name:VOZ2
Q9SLD2	gene_name:DGAT1
Q9STJ6	gene_name:BHLH126
Q9SU17	gene_name:At4g12690
Q9SVL9	gene_name:F18B3.70
Q9SW65	gene_name:C7A10.130
Q9ZUI6	gene_name:At1g60070
Q9ZUX1	gene_name:CYP94C1
Q9ZV57	gene_name:VCC
Q9ZVD6	gene_name:CYP705A9
A0A1I9LQ65	gene_name:At3g50380
A0A1I9LTT2	gene_name:At3g63093
A0A1P8AVV8	gene_name:At1g55947
A0A1P8AZA7	gene_name:At2g07626
A0A1P8B275	gene_name:At2g07631
B3H6U7	gene_name:At2g13422
F4HXW9	gene_name:OFUT4
F4I532	gene_name:PRFB2
F4IB51	gene_name:At1g43260
F4IPI5	gene_name:At2g17860
F4ISL7	gene_name:TIC236
F4JL03	gene_name:DL4085W
F4JZJ0	gene_name:NSH5
F4K310	gene_name:At5g42635
F4K933	gene_name:ET2
F4KHQ2	gene_name:MNB8.7
O23034	gene_name:At1g05350
O23126	gene_name:At1g22970
O23389	gene_name:CYP705A3
O49423	gene_name:POT9
O49645	gene_name:LTPG33
O64883	gene_name:BGLU26
O80575	gene_name:At2g44050
O80725	gene_name:ABCB4
O80910	gene_name:TOL6
O80912	gene_name:PER23
O81316	gene_name:SCL6
O82320	gene_name:At2g25770
P0CAP4	gene_name:REM12
P42761	gene_name:GSTF10
P52839	gene_name:SOT12
Q0WQ09	gene_name:At4g24026
Q0WQA4	gene_name:At3g17450
Q2V476	gene_name:At2g20463
Q38882	gene_name:PLDALPHA1
Q38884	gene_name:TIF3I1
Q38903	gene_name:ARAC2
Q3E6W9	gene_name:At2g11015
Q4PSN0	gene_name:PME29
Q570L6	gene_name:At2g36295
Q5XVB7	gene_name:At3g19530
Q66GR0	gene_name:FLA17
Q67YN2	gene_name:MJC20.4
Q6DR69	gene_name:AGL95
Q6NME6	gene_name:RALFL19
Q6NMK2	gene_name:At5g49400
Q6NQC3	gene_name:At3g48120
Q8GXE9	gene_name:HVA22J
Q8GXR9	gene_name:NDC1
Q8GXT7	gene_name:P4H12
Q8S2T1	gene_name:At2g17570
Q8VZ08	gene_name:At3g24180
Q8VZ40	gene_name:PUB14
Q93Z34	gene_name:At2g24280
Q940G0	gene_name:TMN1
Q94BX4	gene_name:PIGA
Q94JV4	gene_name:At1g54290
Q9C518	gene_name:TCP8
Q9C636	gene_name:CC1
Q9C778	gene_name:ELP4
Q9C8X2	gene_name:SUC5
Q9FGI2	gene_name:MPA22.10
Q9FLZ3	gene_name:KIN12
Q9FM18	gene_name:MQB2.7
Q9FN12	gene_name:At5g67410
Q9FN19	gene_name:HOS15
Q9FYD1	gene_name:F22J12_30
Q9FYJ0	gene_name:At1g30990
Q9LIQ6	gene_name:ING1
Q9LJ43	gene_name:TRM34
Q9LMK5	gene_name:STN1
Q9LNC9	gene_name:MYB13
Q9LRU5	gene_name:MYB121
Q9LRW6	gene_name:At3g13820
Q9LS23	gene_name:ALMT13
Q9LXD7	gene_name:HAM2
Q9LZ89	gene_name:At5g02360
Q9LZX2	gene_name:At5g01740
Q9M1T7	gene_name:At3g45220
Q9M844	gene_name:NAC049
Q9S7U5	gene_name:HSFA8
Q9SAA2	gene_name:CLPP6
Q9SEU4	gene_name:SCL33
Q9SFW6	gene_name:CYCB2-4
Q9SK28	gene_name:FH18
Q9SSR8	gene_name:At1g52660
Q9STE3	gene_name:UGT76E4
Q9SUF9	gene_name:PCMP-E100
Q9SYI3	gene_name:ABCB5
Q9SZ74	gene_name:At4g12090
Q9SZD5	gene_name:LECRK59
Q9T0C3	gene_name:T4F9.120
Q9ZNQ5	gene_name:At2g01410
Q9ZPX5	gene_name:SDH1-2
Q9ZQF1	gene_name:At2g15630
Q9ZQZ6	gene_name:7SL2
Q9ZR12	gene_name:GRH1
Q9ZR13	gene_name:At4g03180
Q9ZW00	gene_name:At1g05380
Q9ZW09	gene_name:LECRK31
A0A1P8AP59	gene_name:At1g54110
A0A1P8AZS2	gene_name:At2g24535
A0A1P8B4J1	gene_name:At4g03500
A3KPF8	gene_name:At1g79080
B5X0I6	gene_name:VIP6
F4HRS2	gene_name:SWEETIE
F4I6P0	gene_name:At1g64255
F4IE66	gene_name:RID1
F4IIS6	gene_name:PCA22
F4ILW4	gene_name:At2g41830
F4IVU7	gene_name:At2g33435
F4JLL3	gene_name:At4g10210
F4JNF8	gene_name:DL4655C
F4JUP6	gene_name:DL3185C
F4KAD6	gene_name:MFB16.4
F4KI56	gene_name:IPSP
O04663	gene_name:EIF(ISO)4E
O22757	gene_name:MLO8
O23051	gene_name:KAO1
O23155	gene_name:CYP81D4
O23419	gene_name:GRXS4
O23429	gene_name:VAMP724
O80553	gene_name:At1g22680
O80798	gene_name:At1g65270
O82354	gene_name:At2g46150
P0DI05	gene_name:At1g25150
P92998	gene_name:GLP7
Q0WNW0	gene_name:BGLC3
Q1G3U5	gene_name:LAZY3
Q2V3L3	gene_name:YY1
Q38944	gene_name:DET2
Q39070	gene_name:CYCB2-2
Q3E8P4	gene_name:At5g35120
Q3E8R5	gene_name:At5g33355
Q56FQ1	gene_name:ASML3
Q6DBE8	gene_name:At1g53100
Q6NMF0	gene_name:CLE13
Q6NNG9	gene_name:At1g30300
Q6X7K0	gene_name:WOX1
Q84JL6	gene_name:YUP8H12R.23
Q84JN2	gene_name:TIN1
Q84K38	gene_name:MNF13.19
Q84TE6	gene_name:NAC021
Q84UC7	gene_name:BAC1
Q84WZ8	gene_name:At2g28815
Q8GW63	gene_name:At1g64600
Q8H0U2	gene_name:At2g12400
Q8L4R9	gene_name:At2g15860
Q8LCT2	gene_name:At3g55605
Q8LGI2	gene_name:At5g39410
Q8RWL2	gene_name:CPK29
Q8S9G8	gene_name:SPL7
Q8VY21	gene_name:TULP3
Q8VZG4	gene_name:At1g21590
Q8VZJ2	gene_name:At4g16260
Q93ZT2	gene_name:MVA3.190
Q94C15	gene_name:At1g69680
Q9C836	gene_name:AGL91
Q9C8T4	gene_name:At1g63300
Q9C9C4	gene_name:ENO1
Q9C9Y4	gene_name:At3g08750
Q9CA57	gene_name:GSTU10
Q9FID8	gene_name:At5g39000
Q9FLH2	gene_name:MPA24.10
Q9FMC4	gene_name:MUK11.18
Q9FRL5	gene_name:ZHD5
Q9FX56	gene_name:SOT8
Q9LDP7	gene_name:At4g19270
Q9LFQ7	gene_name:MAGL14
Q9LJJ9	gene_name:At3g28560
Q9LM91	gene_name:CYCB2-5
Q9LN86	gene_name:DREB1F
Q9LP39	gene_name:At1g29080
Q9LS79	gene_name:RLP38
Q9LV42	gene_name:At3g24605
Q9LVP1	gene_name:TOP3A
Q9LXZ0	gene_name:T5P19_150
Q9LZD3	gene_name:EXO70A1
Q9M0Y3	gene_name:ENT3
Q9M107	gene_name:At4g03830
Q9M126	gene_name:NAC69
Q9M1Y7	gene_name:F24G16.140
Q9M2J2	gene_name:At3g58240
Q9S7M2	gene_name:TIFY10B
Q9SCZ3	gene_name:F26O13.200
Q9SHX9	gene_name:At1g65770
Q9SK38	gene_name:At2g24950
Q9SKH6	gene_name:At2g11010
Q9SRT7	gene_name:COBL1
Q9SRZ6	gene_name:CICDH
Q9SSA1	gene_name:MYB57
Q9SSN6	gene_name:At1g72900
Q9SXD5	gene_name:At1g62620
Q9SZW4	gene_name:HMA2
Q9T0B1	gene_name:At4g23970
Q9XHZ8	gene_name:At1g21780
Q9XID2	gene_name:RLP5
Q9ZPY0	gene_name:DOF2.5
Q9ZQL3	gene_name:At2g07290
Q9ZV06	gene_name:GNAT8
A0A1I9LQF0	gene_name:SAUR57
A0A1P8AQX1	gene_name:CP4
A0A1P8AWA7	gene_name:At1g24545
A0A1P8B0U6	gene_name:At2g19960
A0A1P8B5L0	gene_name:At4g10305
A0A1P8B8F8	gene_name:XYN5
B3H434	gene_name:At4g29103
F4IEH1	gene_name:At1g44740
F4IHS2	gene_name:SYD
F4INZ4	gene_name:At2g36670
F4J1Q3	gene_name:At3g28925
F4J7F3	gene_name:At3g11720
F4JYH0	gene_name:MBK23.19
F4JZ68	gene_name:KIN7H
F4K946	gene_name:At5g56890
F4KBP5	gene_name:CHR4
F4KG63	gene_name:CYP715A1
F4KGY6	gene_name:RVE1
O04342	gene_name:MADA4
O22789	gene_name:At2g33390
O23249	gene_name:CKS1
O64788	gene_name:At1g61320
O64847	gene_name:FAX7
O82201	gene_name:At2g19790
O82259	gene_name:NET3C
P0CB25	gene_name:BHLH131
P27140	gene_name:BCA1
P82638	gene_name:SCRL19
P82733	gene_name:LCR19
P92531	gene_name:AtMg00970
Q0WPH8	gene_name:NEK5
Q1G3P7	gene_name:At2g17442
Q2V467	gene_name:At2g22807
Q2V4E5	gene_name:At1g66855
Q43314	gene_name:GDH1
Q500Z2	gene_name:PAT15
Q5MK23	gene_name:ARV2
Q5XV40	gene_name:LAZY1
Q67Y69	gene_name:WDL7
Q680A6	gene_name:GDPD3
Q681J0	gene_name:At5g54095
Q6AWX4	gene_name:ATL88
Q6DBI3	gene_name:At5g18630
Q6NLQ3	gene_name:GLTP2
Q7XA68	gene_name:At3g01790
Q84TF7	gene_name:At2g42395
Q8GWP3	gene_name:COPT6
Q8GXX5	gene_name:A_TM018A10.1
Q8LBC0	gene_name:CYCT1-3
Q8LF09	gene_name:At4g00160
Q8W4A0	gene_name:F14P3.15
Q93WU9	gene_name:WRKY51
Q93Z37	gene_name:At1g69160
Q941Q3	gene_name:HUA1
Q94AR4	gene_name:CID2
Q94JX1	gene_name:At2g18090
Q9C615	gene_name:SYP24
Q9C7W1	gene_name:PARCL
Q9C8U0	gene_name:At1g63370
Q9C9Q4	gene_name:JAC1
Q9C9W5	gene_name:HPR
Q9FEB5	gene_name:DSP4
Q9FFK2	gene_name:MJJ3.16
Q9FI96	gene_name:UGT76C3
Q9FLY6	gene_name:SPH15
Q9FM80	gene_name:MTERF9
Q9FN09	gene_name:NPY3
Q9FXA4	gene_name:PUB26
Q9FXB6	gene_name:LIP4
Q9FZ19	gene_name:At1g02420
Q9FZE6	gene_name:At1g26620
Q9LM73	gene_name:At1g20800
Q9LPC2	gene_name:At1g01990
Q9LQM8	gene_name:MKK10
Q9LS99	gene_name:ATL77
Q9LSK9	gene_name:At5g65660
Q9LSU9	gene_name:At3g25545
Q9LSY6	gene_name:UGT71B6
Q9LTV2	gene_name:At3g12840
Q9LUC8	gene_name:CYP72A13
Q9LX48	gene_name:At3g59230
Q9LY91	gene_name:AGP6
Q9M111	gene_name:SUS3
Q9M1B9	gene_name:At3g59480
Q9M291	gene_name:SEC24B
Q9M9H4	gene_name:PDE338
Q9SIB6	gene_name:PBL6
Q9SJ72	gene_name:At2g04870
Q9SJU5	gene_name:BBX18
Q9SR52	gene_name:URE
Q9SRD6	gene_name:At1g76770
Q9SSM7	gene_name:PYL3
Q9SU72	gene_name:EDS1
Q9SU98	gene_name:At4g26660
Q9SV54	gene_name:At4g28920
Q9SVC4	gene_name:OEP7
Q9SYB9	gene_name:UNC
Q9ZUB8	gene_name:SKIP22
Q9ZV45	gene_name:PCP
Q9ZVT6	gene_name:At1g03350
A0A178VY62	gene_name:At2g25320
A0A1P8AUM0	gene_name:At1g63206
A0A1P8AV76	gene_name:At1g05087
A0A1P8B399	gene_name:At4g38905
A0A1P8BFI2	gene_name:At5g25756
A0A1P8BFS0	gene_name:At5g07165
B3H703	gene_name:At3g53342
B9DHQ0	gene_name:TUBA5
F4HQ20	gene_name:LRK10L-2.5
F4HSY9	gene_name:ATFDB4
F4HY55	gene_name:At1g28410
F4I543	gene_name:At1g56423
F4IEY4	gene_name:At1g72740
F4IHN9	gene_name:At2g27980
F4IM67	gene_name:At2g01008
F4IP69	gene_name:MIP3
F4JG10	gene_name:XYN3
F4JI58	gene_name:At4g03165
F4JJC7	gene_name:At4g15053
F4JRF6	gene_name:At4g12760
F4JTZ2	gene_name:At4g19820
F4K0A6	gene_name:VIII-2
F4K4A6	gene_name:At5g27390
F4K4W1	gene_name:MTE17.24
F4KDA6	gene_name:LPA2
F4KDR7	gene_name:At5g02650
O23471	gene_name:dl4160c
O65258	gene_name:BAM2
O65369	gene_name:ELP
O80690	gene_name:BGLU46
O80990	gene_name:CIA1
O82155	gene_name:DOF1.7
P49598	gene_name:PP2CA
Q0WM46	gene_name:At3g06868
Q0WML0	gene_name:ABCB27
Q2V3Q6	gene_name:At3g45577
Q3E914	gene_name:At5g27310
Q3EBZ0	gene_name:At2g17305
Q42337	gene_name:S1FA2
Q4V3A2	gene_name:At5g16170
Q4V3D6	gene_name:FLOT2
Q6DBD7	gene_name:TOD1
Q6NLS8	gene_name:At5g19830
Q7Y224	gene_name:PBL29
Q84VW1	gene_name:At3g03150
Q8GS18	gene_name:At4g31350
Q8L617	gene_name:SZE1
Q8L7Y8	gene_name:KIN12B
Q8LGN1	gene_name:GLR1.4
Q8S9L2	gene_name:At4g31410
Q8VY73	gene_name:At3g22530
Q8VZ95	gene_name:PVA11
Q93VP3	gene_name:ELF5A-2
Q93ZD8	gene_name:At5g20885
Q93ZR3	gene_name:PRP39-1
Q94BV5	gene_name:At1g62600
Q94C12	gene_name:At3g18410
Q9AV97	gene_name:KDSA1
Q9C5U2	gene_name:AHK2
Q9CAA4	gene_name:BIM2
Q9FGP9	gene_name:RER1
Q9FGZ3	gene_name:At5g49530
Q9FHY5	gene_name:MJC20.8
Q9FIC9	gene_name:At5g39120
Q9FII5	gene_name:TDR
Q9FKP0	gene_name:PSRP6
Q9FL56	gene_name:CYP93D1
Q9FLN4	gene_name:RPL27
Q9FN28	gene_name:UGT79B9
Q9FY78	gene_name:LTPG29
Q9FZK9	gene_name:At1g27270
Q9LMR4	gene_name:At1g15680
Q9LNP2	gene_name:PCMP-E72
Q9LP44	gene_name:At1g29140
Q9LQN3	gene_name:F5D14.2
Q9LTA8	gene_name:JAL46
Q9LVV3	gene_name:PHYL2.2
Q9LVZ5	gene_name:PIFI
Q9LYM2	gene_name:AVT6C
Q9M1B6	gene_name:T16L24.60
Q9M1K9	gene_name:TA1
Q9M305	gene_name:T21J18_40
Q9M892	gene_name:ABR
Q9M8L9	gene_name:AVT6E
Q9M8T8	gene_name:EXL6
Q9M8T9	gene_name:MCC1
Q9M9R4	gene_name:AHL28
Q9SHQ2	gene_name:At1g28700
Q9SJH1	gene_name:At2g42860
Q9SLH1	gene_name:MYB81
Q9SRL5	gene_name:FER2
Q9STT1	gene_name:PUB39
Q9SVX4	gene_name:At3g57590
Q9SYH3	gene_name:SPL2
Q9T095	gene_name:OPT6
Q9XIR1	gene_name:At1g64840
Q9ZPH4	gene_name:At4g04930
Q9ZQA8	gene_name:PAB7
Q9ZQI9	gene_name:At2g13840
Q9ZVJ5	gene_name:SGPP
A0A1I9LRJ5	gene_name:At3g46565
A0A1P8B9Q6	gene_name:RZFP
B0F9L4	gene_name:GC6
B3H4Y2	gene_name:STMP3
B3H5H2	gene_name:At5g44306
B3H6L3	gene_name:At2g05786
F4IFY6	gene_name:At2g33796
F4IN32	gene_name:At2g42460
F4J7V3	gene_name:At3g30820
F4J800	gene_name:At3g46240
F4JBG1	gene_name:At3g32904
F4JGH6	gene_name:At4g05553
F4JIU4	gene_name:VIII-B
F4JNA9	gene_name:RPP4
F4JYN2	gene_name:MCA23.6
O48916	gene_name:FAH1
O48947	gene_name:CESA2
O49498	gene_name:DML3
O65541	gene_name:At4g32580
O65705	gene_name:At4g19340
O81027	gene_name:HMGCL
O81153	gene_name:PBC2
O81469	gene_name:At4g08510
P0CG94	gene_name:At4g22165
P29197	gene_name:CPN60
P60039	gene_name:RPL7C
P92522	gene_name:AtMg00850
P93011	gene_name:PCMP-H6
P93732	gene_name:PIP
P93746	gene_name:MT4A
Q1G3M2	gene_name:At3g19508
Q2HIG7	gene_name:At4g26550
Q2V3B2	gene_name:CYCD5-1
Q38821	gene_name:PP2AB1
Q3ECM7	gene_name:At1g58242
Q42472	gene_name:GAD2
Q5BPR6	gene_name:At2g43390
Q5XF11	gene_name:At4g35930
Q6NKW7	gene_name:At2g19280
Q6NLZ3	gene_name:At2g27340
Q7G9E7	gene_name:At1g52490
Q7XJM2	gene_name:CCD7
Q84R16	gene_name:GT14
Q84WV4	gene_name:SEC23A
Q8GWC9	gene_name:At5g22545
Q8H125	gene_name:SCL5
Q8LE43	gene_name:DOF2.1
Q8RX88	gene_name:FACE1
Q8S8D2	gene_name:At2g42650
Q8VZW3	gene_name:CHI3
Q93VQ7	gene_name:CCI2
Q93W22	gene_name:RPL10C
Q93YZ9	gene_name:At5g26200
Q94C21	gene_name:At1g11480
Q94FT2	gene_name:SKIP5
Q94K18	gene_name:EMB2752
Q9C628	gene_name:At1g46912
Q9FGE9	gene_name:TBL12
Q9FHB2	gene_name:At5g58280
Q9FI95	gene_name:ATL98
Q9FJH7	gene_name:NRT2.3
Q9FMI7	gene_name:PER70
Q9FMT4	gene_name:At5g14170
Q9FN78	gene_name:At5g17730
Q9FVI6	gene_name:HDG6
Q9FYB5	gene_name:ATJ11
Q9LES8	gene_name:T8M16_120
Q9LFM0	gene_name:At5g11370
Q9LFU0	gene_name:DOT3
Q9LHA7	gene_name:PER31
Q9LJU1	gene_name:ENODL9
Q9LQ83	gene_name:At1g01730
Q9LQP9	gene_name:EXO70H6
Q9LSB9	gene_name:EREX
Q9LT77	gene_name:RDL2
Q9LUB2	gene_name:MIF21.11
Q9LV63	gene_name:At5g48510
Q9LV65	gene_name:DIR1-LIKE
Q9LVM0	gene_name:At5g58300
Q9LW65	gene_name:MLM24.4
Q9LYR4	gene_name:TRA2
Q9M149	gene_name:PIP5K11
Q9M2V9	gene_name:MAEA
Q9M2X0	gene_name:T16K5.230
Q9SCY0	gene_name:PGMP
Q9SD52	gene_name:F13I12.260
Q9SIF3	gene_name:At2g04020
Q9SJ41	gene_name:At2g05160
Q9SPG9	gene_name:MYB24
Q9SRD4	gene_name:IGMT5
Q9SRM4	gene_name:AL2
Q9STQ3	gene_name:AGP13
Q9STW1	gene_name:At4g24330
Q9SUH5	gene_name:AUG8
Q9SV41	gene_name:B'EPSILON
Q9SXB0	gene_name:SYP125
Q9SZA2	gene_name:At4g09870
Q9T0K5	gene_name:LRX3
Q9XI71	gene_name:At1g14170
Q9ZVK1	gene_name:XTH10
A0A178W1I1	gene_name:SAUR58
A0A1P8AP43	gene_name:At1g30290
A0A1P8AR58	gene_name:At1g48355
A0A1P8AZN4	gene_name:At2g47950
A0A1P8B048	gene_name:EDA12
A0A1P8B666	gene_name:At4g00883
A8MSA3	gene_name:At5g63063
B3H4X8	gene_name:TCL2
C0LGU1	gene_name:At5g37450
F4HP43	gene_name:AFR2
F4HYC8	gene_name:At1g35420
F4I8B9	gene_name:At1g65010
F4IB88	gene_name:At1g51990
F4IBX8	gene_name:At1g78922
F4ID24	gene_name:At1g59722
F4J2H2	gene_name:At3g09925
F4J5U9	gene_name:At3g58430
F4JA39	gene_name:At3g25680
F4JC18	gene_name:At3g06640
F4JDF3	gene_name:DIR8
F4JRA6	gene_name:MES20
F4JWH8	gene_name:BKN3
F4K2V4	gene_name:At5g27260
F4KCK0	gene_name:VPS9B
F4KI39	gene_name:At5g04000
F4KIJ2	gene_name:At5g24810
O22056	gene_name:SIGB
O22533	gene_name:ZAT6
O23629	gene_name:H2B
O48711	gene_name:PME12
P92516	gene_name:At2g07686
Q0WMZ5	gene_name:OEP162
Q1G3R9	gene_name:At2g36355
Q1PF11	gene_name:At2g23530
Q29QA1	gene_name:At5g38195
Q3E7L7	gene_name:BHLH139
Q3E7N5	gene_name:At5g54067
Q3E8K6	gene_name:At5g39470
Q43284	gene_name:OL3
Q4PT07	gene_name:At1g34500
Q58G44	gene_name:At1g53260
Q5XVH7	gene_name:At1g61920
Q6DR20	gene_name:At2g17036
Q700E4	gene_name:BHLH67
Q8GV05	gene_name:TRY
Q8GW96	gene_name:At2g18193
Q8GWM8	gene_name:DL4445W
Q8GXB4	gene_name:At1g09380
Q8GXJ1	gene_name:HDA15
Q8GYA3	gene_name:At1g09400
Q8H0Z6	gene_name:IP5P3
Q8H1D6	gene_name:RBK1
Q8L960	gene_name:SVR1
Q8LB10	gene_name:CLPR4
Q8RWV3	gene_name:CYCL1-1
Q8W4S5	gene_name:At5g63710
Q93YQ0	gene_name:F10L8.3
Q96274	gene_name:MLP2
Q9ASU1	gene_name:DGAT2
Q9C6E4	gene_name:EXL1
Q9C9Q8	gene_name:QUA2
Q9FF39	gene_name:MXA21.17
Q9FFD2	gene_name:RGP5
Q9FFI0	gene_name:HDG9
Q9FHD4	gene_name:CRRSP58
Q9FI37	gene_name:THAS1
Q9FI56	gene_name:CLPC1
Q9FIM5	gene_name:SBT4.9
Q9FIT2	gene_name:LTP14
Q9FIV0	gene_name:MRB17.4
Q9FIV6	gene_name:DEGP10
Q9FKE3	gene_name:At5g45220
Q9FKK9	gene_name:MUA2.23
Q9FMT5	gene_name:At5g14160
Q9FY56	gene_name:At5g11090
Q9FY84	gene_name:At5g09310
Q9LDX1	gene_name:SGS3
Q9LEA7	gene_name:GLP9
Q9LEY2	gene_name:T22D6_190
Q9LPL3	gene_name:YUC11
Q9LVA9	gene_name:GCD1
Q9LZF8	gene_name:PCRK2
Q9M099	gene_name:SCPL24
Q9M2H6	gene_name:At3g58400
Q9M644	gene_name:LEP
Q9M9W7	gene_name:PME22
Q9S7P8	gene_name:SP1L3
Q9SGH2	gene_name:MBD9
Q9SI15	gene_name:BZIP2
Q9SJE1	gene_name:CHLD
Q9SJX8	gene_name:MYB14
Q9SK01	gene_name:At2g28570
Q9SSB4	gene_name:RPT1B
Q9STF3	gene_name:CRR2
Q9SUA9	gene_name:DOF4.4
Q9SV69	gene_name:At4g13000
Q9SYJ8	gene_name:SOK1
Q9T0J1	gene_name:CRK26
Q9XI20	gene_name:At1g15490
Q9ZVB9	gene_name:NRPD5B
A0A1I9LRZ7	gene_name:At3g48343
A0A1P8B0S1	gene_name:At2g35935
C0SVM5	gene_name:BBX19
F4HRW3	gene_name:At1g67420
F4I5U6	gene_name:At1g10640
F4I878	gene_name:BLT
F4I9B6	gene_name:At1g31270
F4IK69	gene_name:At2g47090
F4IL68	gene_name:TASH3
F4IPZ8	gene_name:GPT1
F4J9T2	gene_name:At3g12545
F4JCB2	gene_name:CPL5
F4JDQ6	gene_name:ELT3
F4JXP4	gene_name:MUK11.5
F4K1T0	gene_name:MRB17.12
O04656	gene_name:NOP5-3
O04846	gene_name:ACA1
O22841	gene_name:At2g43620
O23046	gene_name:YUP8H12.17
O23179	gene_name:PLP1
O23714	gene_name:PBD1
O64872	gene_name:At2g44380
P0CAX9	gene_name:At4g14276
P92983	gene_name:POX1
Q0IGM1	gene_name:At1g12845
Q147M4	gene_name:At5g26610
Q1G390	gene_name:At4g03945
Q1G3E3	gene_name:At1g47497
Q1G3I6	gene_name:At4g14104
Q1PET7	gene_name:At3g02125
Q24JN1	gene_name:At5g11910
Q2V337	gene_name:At5g28288
Q3EDD8	gene_name:At1g12180
Q42524	gene_name:4CL1
Q5EAF4	gene_name:At5g14500
Q5Q0E6	gene_name:MTOPVIB
Q5Q0I9	gene_name:At1g04670
Q66GS4	gene_name:At5g19870
Q67Z93	gene_name:FRI
Q681W7	gene_name:At3g04950
Q6DBG0	gene_name:At2g47485
Q6NNJ2	gene_name:At5g01790
Q6STH5	gene_name:HCF101
Q84W11	gene_name:MUK11.3
Q8GX45	gene_name:At4g24380
Q8GZB6	gene_name:SUVH4
Q8H1P9	gene_name:MYB3R3
Q8L4A7	gene_name:PAB2
Q8L7R0	gene_name:At2g37890
Q8RX77	gene_name:NPF2.13
Q8VXY4	gene_name:TIP41L
Q8VYC8	gene_name:RIN2
Q8VZJ1	gene_name:ATXR5
Q93W77	gene_name:NIFU1
Q94KD8	gene_name:BXL2
Q94KE3	gene_name:At3g52990
Q9FFB3	gene_name:VPS24-1
Q9FGV5	gene_name:At5g47940
Q9FHB5	gene_name:EDA41
Q9FKG1	gene_name:ERF104
Q9FKU2	gene_name:NHL43
Q9FLM3	gene_name:PAT06
Q9FMZ6	gene_name:MJB21.5
Q9FPR2	gene_name:AGP18
Q9FVR6	gene_name:At1g32220
Q9FYE1	gene_name:AMC9
Q9LJB4	gene_name:5MAT
Q9LJE5	gene_name:ECT2
Q9LM46	gene_name:AGL104
Q9LM59	gene_name:SHM6
Q9LMA2	gene_name:At1g19240
Q9LMR3	gene_name:TYRAAT2
Q9LS02	gene_name:AOC2
Q9LS95	gene_name:PERK6
Q9LT08	gene_name:RPN11
Q9LU02	gene_name:BGLU13
Q9LUB8	gene_name:MIF21.3
Q9LZE2	gene_name:At5g03450
Q9LZW4	gene_name:CIPK14
Q9M1A3	gene_name:T16L24.200
Q9M243	gene_name:T18D12_40
Q9M9C3	gene_name:At1g68380
Q9M9V8	gene_name:CPK10
Q9SCX5	gene_name:AKT5
Q9SFD2	gene_name:F17A17.16
Q9SI56	gene_name:TET13
Q9SII6	gene_name:PIX13
Q9SJ96	gene_name:NRPB6B
Q9SKK0	gene_name:EBF1
Q9SN47	gene_name:DOGL1
Q9SR40	gene_name:LAC7
Q9SRZ8	gene_name:NAC028
Q9SVH7	gene_name:At4g20700
Q9SXA5	gene_name:SCAMP5
Q9SYX2	gene_name:SPA1
Q9ZPV8	gene_name:COAD
Q9ZRT5	gene_name:GSTT1
Q9ZT72	gene_name:At4g03440
Q9ZUP0	gene_name:LBD8
Q9ZVV4	gene_name:SKS12
A0A1P8AUK0	gene_name:At1g61565
A0A1P8AW47	gene_name:At1g29320
A0A1P8AYB6	gene_name:At2g34020
A0A1P8AZA3	gene_name:At2g07628
A0A1P8BDM1	gene_name:At5g19110
A7REH6	gene_name:At5g36350
B3H4H8	gene_name:At5g18661
F4I5A5	gene_name:At1g64130
F4JLJ3	gene_name:At4g10070
F4JLN1	gene_name:At4g10370
F4JMH6	gene_name:DL4290W
F4JVW1	gene_name:At4g32990
F4JW26	gene_name:CYP96A10
F4K5Y5	gene_name:MNL12.14
F4KH50	gene_name:At5g24450
O04265	gene_name:PK3
O04619	gene_name:ADNT1
O22208	gene_name:BZIP17
O23252	gene_name:EIF4E1
O23715	gene_name:PAG1
O48696	gene_name:At1g24290
O48716	gene_name:JGB
O49304	gene_name:At1g23130
O80885	gene_name:ARASP
O80925	gene_name:AGD7
O80949	gene_name:OTU8
O82598	gene_name:TIP1-3
O82813	gene_name:At2g22820
P28187	gene_name:RABA5C
P82627	gene_name:SCRL8
Q06AN9	gene_name:CDC27A
Q147F4	gene_name:SWP73A
Q1PF74	gene_name:At2g13770
Q2V333	gene_name:At5g35195
Q38942	gene_name:RAE1
Q39134	gene_name:AAP3
Q4PSE9	gene_name:At5g24820
Q501B7	gene_name:At3g54910
Q67XU1	gene_name:MYH9.17
Q6DR03	gene_name:PAT21
Q6S591	gene_name:JAG
Q84JF9	gene_name:At1g10650
Q8GW22	gene_name:HES
Q8GW53	gene_name:At4g24340
Q8L743	gene_name:G6PD3
Q8LCU9	gene_name:At1g15010
Q8RWF5	gene_name:DTX6
Q8RXF1	gene_name:At1g14650
Q8S9K8	gene_name:MES10
Q8VWI1	gene_name:ERD2B
Q8VZQ0	gene_name:At4g31240
Q93ZF6	gene_name:AIRP1
Q9C821	gene_name:PERK15
Q9C8C8	gene_name:At1g66190
Q9FFU7	gene_name:At5g54820
Q9FGS3	gene_name:At5g50220
Q9FGZ9	gene_name:UBL5
Q9FHH1	gene_name:At5g57720
Q9FHI6	gene_name:MFC19.17
Q9FI91	gene_name:MEE60
Q9FJS9	gene_name:MIK19.31
Q9FJX6	gene_name:FH6
Q9FKW8	gene_name:STR18
Q9FLP5	gene_name:SUMO3
Q9FN07	gene_name:At5g63820
Q9FN27	gene_name:At5g54000
Q9FNR1	gene_name:RBG3
Q9FXE4	gene_name:At1g67820
Q9FZ86	gene_name:PDCB3
Q9LF57	gene_name:HIPP21
Q9LFU9	gene_name:GNA1
Q9LP52	gene_name:At1g29240
Q9LPZ9	gene_name:SD113
Q9LQQ4	gene_name:At1g07790
Q9LT39	gene_name:At3g20820
Q9LUI0	gene_name:FL2
Q9LUQ3	gene_name:SDE5
Q9LVB9	gene_name:OXS3
Q9LZM8	gene_name:BLH9
Q9M0J3	gene_name:ERF054
Q9M2E3	gene_name:T20K12.110
Q9MAJ1	gene_name:CTL05
Q9S7J9	gene_name:CAR9
Q9SAY1	gene_name:SULTR1;1
Q9SF21	gene_name:RICE1
Q9SF49	gene_name:F11F8_12
Q9SGS5	gene_name:At1g76070
Q9SJ34	gene_name:At2g05270
Q9SLC0	gene_name:MHK10.11
Q9SLD4	gene_name:ZAT11
Q9SMV6	gene_name:XPO1
Q9SSJ7	gene_name:F15H11.21
Q9STI7	gene_name:At4g12240
Q9SW23	gene_name:ATNHR2B
Q9SW27	gene_name:MUB3
Q9SYC4	gene_name:At1g51210
Q9SZ69	gene_name:SAP7
Q9ZQE7	gene_name:At2g15670
Q9ZW32	gene_name:At2g29510
Q9ZWC4	gene_name:At1g04040
A0A1P8APU8	gene_name:At1g40086
A0A1P8ARQ3	gene_name:CP5
A0A1P8AXY6	gene_name:At2g13965
A0A1P8B891	gene_name:At4g08550
A0A1R7T3J3	gene_name:At5g14275
F4I392	gene_name:At1g36745
F4K1C7	gene_name:At5g26850
F4KFX2	gene_name:MYH19.17
F4KGC9	gene_name:MZN1.28
O04983	gene_name:CAC2
O22130	gene_name:AHL22
O64476	gene_name:At2g19120
O80582	gene_name:At2g44130
O81056	gene_name:At2g03180
O81791	gene_name:RKD5
O82275	gene_name:TAX1
P42776	gene_name:GBF3
Q0WQK2	gene_name:PAT07
Q1PED2	gene_name:At4g00130
Q1PF33	gene_name:TIM44-1
Q2V3Q8	gene_name:At3g45093
Q39194	gene_name:PSBW
Q3EAT4	gene_name:At3g32200
Q3EBI7	gene_name:At2g40910
Q42596	gene_name:THI2.1
Q4PSN6	gene_name:FBW1
Q4PT37	gene_name:NEAP3
Q5BPG8	gene_name:MGN6.5
Q5BPJ1	gene_name:NUFIP
Q5XF33	gene_name:CHLI2
Q5XV83	gene_name:At4g07868
Q67XK8	gene_name:REN1
Q683C9	gene_name:AUR2
Q6NLR2	gene_name:At1g64650
Q6NMQ7	gene_name:GASA6
Q84P23	gene_name:4CLL9
Q8GUI9	gene_name:At5g49900
Q8L586	gene_name:At4g09580
Q8L766	gene_name:LNP22
Q8L7S2	gene_name:At2g44280
Q8LAC4	gene_name:URH2
Q8LBB5	gene_name:DVL20
Q8LF28	gene_name:COSY
Q8RXF0	gene_name:At4g25610
Q8S8S9	gene_name:MES1
Q8VY01	gene_name:SCPL46
Q93ZY3	gene_name:STT3A
Q940N4	gene_name:At4g22740
Q941R7	gene_name:MLP15
Q94CD5	gene_name:ATG7
Q9C5T6	gene_name:F11F8_41
Q9C6U2	gene_name:T8G24.9
Q9C8R7	gene_name:At1g30020
Q9C9G4	gene_name:ENDO2
Q9CA76	gene_name:At1g74370
Q9CAX1	gene_name:TBL8
Q9FF66	gene_name:UBC22
Q9FFP9	gene_name:SRK2H
Q9FGT9	gene_name:GDPDL6
Q9FGW6	gene_name:At5g63375
Q9FHJ2	gene_name:At5g45440
Q9FIQ1	gene_name:UBP21
Q9FKU0	gene_name:MDA7.12
Q9FME3	gene_name:TCP5
Q9FPE7	gene_name:ECT8
Q9FRM1	gene_name:At1g75300
Q9LDG2	gene_name:TBL10
Q9LFR0	gene_name:GMII
Q9LHQ0	gene_name:At3g20710
Q9LIM8	gene_name:At3g26470
Q9LMM5	gene_name:MPK11
Q9LN61	gene_name:At1g19370
Q9LQ12	gene_name:4CLL1
Q9LRR9	gene_name:GLO1
Q9LUF8	gene_name:MBA10.15
Q9LUG9	gene_name:MED33A
Q9LX93	gene_name:ATL55
Q9M5K2	gene_name:LPD2
Q9M891	gene_name:At3g02490
Q9M9N1	gene_name:ARFB1C
Q9MA87	gene_name:OFUT23
Q9MAC9	gene_name:RP2
Q9SA72	gene_name:At1g30570
Q9SA98	gene_name:ALKBH1A
Q9SCP9	gene_name:VPS37-1
Q9SD98	gene_name:MXM12.10
Q9SJ60	gene_name:At2g35900
Q9SKH1	gene_name:At2g13720
Q9SS04	gene_name:FMOGS-OX1
Q9SU44	gene_name:GRF8
Q9SUA3	gene_name:D6PKL1
Q9SVQ6	gene_name:At4g13210
Q9SZ50	gene_name:At4g31830
Q9SZE1	gene_name:At4g29120
Q9SZW6	gene_name:At4g30130
Q9T076	gene_name:ENODL2
Q9XEE9	gene_name:ALG11
Q9ZR37	gene_name:DSPTP1
Q9ZSM8	gene_name:EZA1
Q9ZVL8	gene_name:AGL85
A0A1I9LQW7	gene_name:At3g62615
A2RVQ4	gene_name:DEAL3
A8MRV4	gene_name:At3g01331
B6ETT7	gene_name:NTMC2T52
F4HR64	gene_name:At1g27280
F4HZQ7	gene_name:At1g21890
F4I871	gene_name:At1g57830
F4J4A2	gene_name:At3g44805
F4JLV7	gene_name:At4g22505
F4KCH4	gene_name:At5g08770
F4KFT6	gene_name:At5g32460
O23212	gene_name:U2AF65A
O49465	gene_name:At4g19470
O80456	gene_name:At2g23390
O80711	gene_name:At2g47150
O81058	gene_name:ASK19
O81322	gene_name:LBD31
O82775	gene_name:ATI1
P0C035	gene_name:ATL60
P0C8Q8	gene_name:PCMP-E42
P0CJ61	gene_name:CRRSP54
P34791	gene_name:CYP20-3
P61839	gene_name:psbT
P92511	gene_name:AtMg00690
P92536	gene_name:AtMg01020
P92561	gene_name:At2g07692
P92964	gene_name:RS31
P93300	gene_name:At2g07702
Q2HIQ2	gene_name:At1g01170
Q4PT42	gene_name:At1g02550
Q5BPX4	gene_name:At1g49260
Q5XV37	gene_name:At5g21910
Q5XVG3	gene_name:LAZY4
Q682D3	gene_name:XRCC2
Q682T9	gene_name:CAM5
Q6DBA5	gene_name:NRPD4
Q6DBN4	gene_name:RTNLB6
Q84JV2	gene_name:ENODL4
Q84WB6	gene_name:TRM140B
Q84WW1	gene_name:At3g12350
Q8GYM4	gene_name:REM14
Q8L440	gene_name:ORRM1
Q8L5W7	gene_name:PIF6
Q8L5Y2	gene_name:At1g19490
Q8L6Y3	gene_name:At5g24830
Q8L7E5	gene_name:WIT1
Q8L986	gene_name:OST4B
Q8LPN3	gene_name:ADCS
Q8RY06	gene_name:At2g04305
Q8S307	gene_name:BZR1
Q8W1E3	gene_name:CDF1
Q93XY5	gene_name:TOM2AH2
Q93Z91	gene_name:AT5G42660.1
Q940M6	gene_name:At4g27435
Q944S1	gene_name:RH22
Q94A28	gene_name:ACO2
Q94C37	gene_name:HDG2
Q94JS4	gene_name:SMT3
Q9C6H2	gene_name:At1g66630
Q9C9A5	gene_name:MYBL2
Q9C9L3	gene_name:At1g69710
Q9CA58	gene_name:At1g74580
Q9FLL7	gene_name:ELT4
Q9FM51	gene_name:MJH22.7
Q9FMU2	gene_name:At5g14080
Q9FR97	gene_name:MYB65
Q9FRK9	gene_name:At1g75180
Q9FXE5	gene_name:FXG1
Q9LH38	gene_name:At3g30730
Q9LHQ5	gene_name:At3g20670
Q9LJH5	gene_name:GLO4
Q9LKA1	gene_name:S40-7
Q9LPW0	gene_name:GAPA2
Q9LV99	gene_name:MMI9.23
Q9LXE1	gene_name:REM23
Q9LXQ3	gene_name:At3g44090
Q9M0F7	gene_name:At4g29240
Q9M0Q0	gene_name:At4g09420
Q9M210	gene_name:ERF035
Q9M324	gene_name:BSK6
Q9M9U3	gene_name:At1g18720
Q9MA56	gene_name:PDP4
Q9S772	gene_name:At1g74820
Q9SA55	gene_name:PRP18A
Q9SA94	gene_name:At1g11810
Q9SHK2	gene_name:At1g06580
Q9SIA4	gene_name:DTX3
Q9SL79	gene_name:At2g20020
Q9SLK2	gene_name:ALIS3
Q9SV76	gene_name:At4g12930
Q9SX95	gene_name:CYP96A8
Q9SYB1	gene_name:CRRSP1
Q9SZQ2	gene_name:At4g29790
Q9XIH1	gene_name:At2g16190
Q9XII3	gene_name:At2g16040
Q9XIQ7	gene_name:At1g64890
Q9ZPS3	gene_name:GAD4
Q9ZQL1	gene_name:At2g07310
Q9ZV65	gene_name:HDG3
Q9ZWT3	gene_name:PHT1-6
A0A178URU8	gene_name:At5g02140
A0A1I9LMU1	gene_name:At3g44555
A0A1P8AQ20	gene_name:At1g55335
A0A1P8AUP0	gene_name:At1g54930
A0A1R7T3I3	gene_name:At5g16100
F4HSZ1	gene_name:TANG1
F4HW92	gene_name:At1g14640
F4I824	gene_name:At1g51310
F4IGS5	gene_name:At2g27790
F4III1	gene_name:At2g21850
F4J0G0	gene_name:At3g43682
F4J1Q8	gene_name:At3g28958
F4J339	gene_name:RPP1
F4JNI8	gene_name:At4g23380
F4JNL5	gene_name:At4g23540
F4JYE9	gene_name:DHFS
F4K265	gene_name:ATG101
O22927	gene_name:At2g30310
O23304	gene_name:BLUS1
O23530	gene_name:SNC1
O64728	gene_name:STI
O65468	gene_name:CRK8
O80502	gene_name:At2g44630
O81010	gene_name:UGT79B8
P42797	gene_name:RPS10
P48483	gene_name:TOPP3
P49063	gene_name:At3g07850
P93280	gene_name:CCMB
P93319	gene_name:AtMg00670
P93829	gene_name:PRA1D
Q0V819	gene_name:At1g76955
Q0WQF4	gene_name:VPS53
Q1PF53	gene_name:NIP1
Q1PFG1	gene_name:At1g66490
Q2V483	gene_name:At2g17723
Q39096	gene_name:ERD15
Q3EAZ3	gene_name:At3g27140
Q500V9	gene_name:DPB2
Q56XR6	gene_name:At5g46680
Q5XET4	gene_name:EMB975
Q6NL02	gene_name:At5g39560
Q6NPD7	gene_name:NUDT10
Q6PQQ3	gene_name:AIL5
Q6XAT2	gene_name:ERL2
Q7DLR9	gene_name:PBG1
Q8LDU5	gene_name:At4g01400
Q8LG60	gene_name:ATHIGD2
Q8LJW3	gene_name:ACR4
Q8LPR5	gene_name:TCP4
Q8RXN9	gene_name:BGLU5
Q8VYG5	gene_name:At3g57120
Q8VZT4	gene_name:At1g29370
Q93WN0	gene_name:SBP2
Q93Y09	gene_name:SCPL45
Q940Q1	gene_name:At1g04680
Q946J8	gene_name:LHP1
Q94C95	gene_name:ATG1A
Q94JT6	gene_name:At1g78070
Q9ASW1	gene_name:GALT3
Q9C5C4	gene_name:At4g17830
Q9C5G6	gene_name:At1g23430
Q9C7K7	gene_name:At1g56320
Q9C899	gene_name:F6'H2
Q9C9V0	gene_name:At1g73610
Q9CAL6	gene_name:JASSY
Q9CAY5	gene_name:F24K9.5
Q9FH80	gene_name:BAM8
Q9FHN9	gene_name:PUB31
Q9FJ24	gene_name:BDG2
Q9FJF5	gene_name:SOK5
Q9FKQ9	gene_name:SOFL4
Q9FL53	gene_name:FLA21
Q9FNR0	gene_name:MAF19.5
Q9FY50	gene_name:RPL10
Q9LFY3	gene_name:At1g27030
Q9LHB3	gene_name:At3g12540
Q9LR10	gene_name:At1g75710
Q9LRW5	gene_name:At3g13825
Q9LSP9	gene_name:CTL2
Q9LT23	gene_name:BHLH121
Q9LVV5	gene_name:At5g52970
Q9LW27	gene_name:CYP71B15
Q9LXU1	gene_name:NOT9B
Q9M081	gene_name:SEC24C
Q9M886	gene_name:LBD41
Q9MA39	gene_name:At1g05870
Q9S7C9	gene_name:AHL27
Q9S9M3	gene_name:WAKL3
Q9S9M8	gene_name:TULP8
Q9SH88	gene_name:At2g37990
Q9SJK4	gene_name:SAUR46
Q9SKP9	gene_name:PRP2
Q9SM27	gene_name:MYB104
Q9SSK4	gene_name:At1g70900
Q9STG9	gene_name:ASE2
Q9SYY5	gene_name:C7A10.800
Q9T0F9	gene_name:At4g10010
Q9ZU40	gene_name:QSOX2
Q9ZUN0	gene_name:At2g19630
Q9ZWJ9	gene_name:ARR2
A0A1P8AS11	gene_name:At1g68877
A0A1P8AYP1	gene_name:At2g11815
A0A1P8B386	gene_name:At4g00155
A0A1R7T3C4	gene_name:At5g05085
A8MR59	gene_name:NDHV
B3H427	gene_name:At3g28918
B3H4K7	gene_name:PPI2
B3H5C0	gene_name:At1g64561
B3H7A5	gene_name:At4g16855
B3H7K4	gene_name:At5g28491
B4F7Q0	gene_name:MQN23.5
F4HTL4	gene_name:At1g61450
F4HYD7	gene_name:RANBPM
F4I7U9	gene_name:ORE15
F4I9T0	gene_name:BCHB
F4IBM1	gene_name:At1g71940
F4JRI9	gene_name:At4g18422
F4JT89	gene_name:At4g19580
F4JXY6	gene_name:At5g11700
F4JZZ1	gene_name:POLA3
O22785	gene_name:PRP19B
O23047	gene_name:YUP8H12.18
O23544	gene_name:dl4530c
O64509	gene_name:At2g02730
O64820	gene_name:At2g23110
O65422	gene_name:F18E5.190
O80705	gene_name:MTERF14
O80774	gene_name:At2g34250
O81013	gene_name:At2g26940
P0CB26	gene_name:At1g10890
P28147	gene_name:TBP1
P92512	gene_name:AtMg00710
Q04613	gene_name:ATP4
Q08466	gene_name:CKA2
Q0V809	gene_name:At4g12890
Q0WRU9	gene_name:At2g43445
Q0WSY2	gene_name:FPP4
Q0WWW9	gene_name:At5g59250
Q39085	gene_name:DIM
Q41220	gene_name:SAUR15
Q4PSK1	gene_name:MBD3
Q5XVJ4	gene_name:FAN1
Q6DST1	gene_name:At1g64065
Q6ID68	gene_name:At5g66005
Q6NM69	gene_name:BPL5
Q84JP1	gene_name:NFYA7
Q84JZ7	gene_name:At3g29270
Q84X43	gene_name:FBX8
Q8GWK7	gene_name:BEE3
Q8GWT4	gene_name:PMRT15
Q8L8Q7	gene_name:COBL2
Q8LDC8	gene_name:ERF1B
Q8LFH3	gene_name:At5g18460
Q8LK56	gene_name:DME
Q8RWY7	gene_name:CYP95
Q8RXD3	gene_name:AIP2
Q93ZV8	gene_name:EMB2004
Q940H3	gene_name:TBL36
Q94AY1	gene_name:AO
Q94IB8	gene_name:LCB1
Q9C4Z7	gene_name:MINE1
Q9C682	gene_name:BHLH115
Q9C6H3	gene_name:At1g66620
Q9C6W6	gene_name:TPS29
Q9C8M3	gene_name:GSTU28
Q9C9U8	gene_name:CML26
Q9CAC7	gene_name:CRRSP4
Q9FE70	gene_name:At1g57550
Q9FG67	gene_name:MAM1
Q9FHD1	gene_name:At5g52280
Q9FKC6	gene_name:SUMO6
Q9FKE6	gene_name:CYCT1-5
Q9FL61	gene_name:MLE8.5
Q9FLI0	gene_name:BHLH120
Q9FMH5	gene_name:CYCA3-1
Q9FT41	gene_name:At5g24790
Q9FVT5	gene_name:CAND1
Q9LF98	gene_name:FBA8
Q9LKI5	gene_name:UVH1
Q9LPU8	gene_name:IGMT4
Q9LU39	gene_name:GLUTRBP
Q9LXL9	gene_name:NAC60
Q9LYH2	gene_name:At5g12010
Q9LZQ5	gene_name:T12C14_50
Q9M8K3	gene_name:At3g06150
Q9M9C5	gene_name:At1g68400
Q9M9P6	gene_name:At3g03280
Q9M9V6	gene_name:ICS2
Q9SIB8	gene_name:At2g05720
Q9SJ74	gene_name:At2g04850
Q9SJV5	gene_name:TATC
Q9SL04	gene_name:ATG8D
Q9SR22	gene_name:PAE5
Q9SSN0	gene_name:At1g72960
Q9T0F3	gene_name:IAN12
Q9XEF0	gene_name:BHLH51
Q9XI42	gene_name:At1g15270
Q9ZR07	gene_name:FH
Q9ZU79	gene_name:At2g48100
Q9ZUY6	gene_name:AXS1
A0A178UVL2	gene_name:At4g05030
A0A1I9LQZ6	gene_name:At3g51360
A0A1I9LTU3	gene_name:At3g48187
A0A1P8AVN1	gene_name:At1g69520
A0A1P8AW53	gene_name:PSF1
A0A1P8AWX3	gene_name:At1g33590
A0A1P8B1J1	gene_name:At2g11215
A0A1P8BD36	gene_name:PROSCOOP19
A8MQL7	gene_name:RALFL20
B3H4S9	gene_name:At4g13575
F4HWT7	gene_name:At1g48190
F4HZZ6	gene_name:At1g35660
F4I348	gene_name:CELLULOSE
F4IEK8	gene_name:At1g52780
F4IHD8	gene_name:At2g14825
F4IKT4	gene_name:CTF2A
F4IQK9	gene_name:At2g18590
F4JA50	gene_name:At3g25727
F4JY11	gene_name:CAND7
F4K4J2	gene_name:MBD2.13
O04308	gene_name:MPPalpha2
O23684	gene_name:At2g41950
O50072	gene_name:At4g19090
O64562	gene_name:At2g19290
O64790	gene_name:At1g61300
O80505	gene_name:At2g44660
O82381	gene_name:UGT71C1
O82760	gene_name:EFC
P46309	gene_name:GSH1
Q08682	gene_name:RPSaA
Q0WNP3	gene_name:PCMP-A2
Q0WNZ5	gene_name:MS3
Q1G3X3	gene_name:At1g68238
Q1PED9	gene_name:At3g59190
Q39080	gene_name:DAD1
Q3E983	gene_name:At5g21050
Q3EAS6	gene_name:At3g32920
Q3ED15	gene_name:At1g34490
Q42112	gene_name:RPP0B
Q501A2	gene_name:MAC9.11
Q501E9	gene_name:At3g51530
Q5BPJ0	gene_name:TBL11
Q6NLP2	gene_name:IF3-1
Q6NM25	gene_name:UTR5
Q6NPP2	gene_name:MDA7.18
Q6QJ72	gene_name:PDL2
Q8GW13	gene_name:At2g14045
Q8GXC6	gene_name:SFH5
Q8H184	gene_name:At1g06470
Q8LBY9	gene_name:At5g05960
Q8LG05	gene_name:STKL1
Q8RXK6	gene_name:RH8
Q8W0Z7	gene_name:At3g05190
Q8W1W6	gene_name:MYB33
Q8W4A7	gene_name:GUX3
Q93V61	gene_name:LCAT3
Q940T9	gene_name:COL4
Q9C5P1	gene_name:SUVH7
Q9C659	gene_name:At1g26140
Q9FFV2	gene_name:TRAPPC3
Q9FG70	gene_name:At5g55950
Q9FGD6	gene_name:DOF5.8
Q9FI48	gene_name:At5g51000
Q9FN23	gene_name:At5g54040
Q9FX36	gene_name:MYB54
Q9FXE2	gene_name:SEOC
Q9FXG8	gene_name:BLH10
Q9LDE2	gene_name:BPC2
Q9LFG8	gene_name:ABCG20
Q9LFV9	gene_name:At5g15670
Q9LHE4	gene_name:CHR27
Q9LIB4	gene_name:At3g16880
Q9LJ90	gene_name:At3g22560
Q9LJJ3	gene_name:At3g28620
Q9LJM6	gene_name:At3g19680
Q9LK31	gene_name:At3g27220
Q9LM50	gene_name:EMB2204
Q9LMT1	gene_name:At1g18030
Q9LQ48	gene_name:GSTU15
Q9LQF2	gene_name:CINV1
Q9LTI3	gene_name:At5g59470
Q9LUB4	gene_name:MIF21.9
Q9LUG5	gene_name:At3g23620
Q9LUI6	gene_name:At3g22750
Q9LVW2	gene_name:HSFA9
Q9LX86	gene_name:F12M12_40
Q9LZ26	gene_name:DAP2
Q9LZI1	gene_name:F26K9_280
Q9M1R1	gene_name:LCD
Q9S752	gene_name:LOG2
Q9SA78	gene_name:At1g30630
Q9SH27	gene_name:At1g63410
Q9SJH6	gene_name:RLP29
Q9SKU8	gene_name:At2g20690
Q9STF7	gene_name:SBT4.6
Q9SX22	gene_name:At1g68590
Q9T071	gene_name:At4g37840
Q9ZUE4	gene_name:At1g23500
Q9ZUR8	gene_name:At2g37480
Q9ZV05	gene_name:NATA1
A0A1I9LNT1	gene_name:CYP72A10
A0A1I9LPE3	gene_name:At3g08840
A0A1P8BH19	gene_name:At5g05653
A0A1P8BH59	gene_name:PICBP
A8MRM1	gene_name:RALFL16
B3H721	gene_name:At5g55508
F4HV08	gene_name:At1g34570
F4HXY7	gene_name:PSS1
F4I3M3	gene_name:BSK7
F4I4Z0	gene_name:At1g50190
F4I5N6	gene_name:RIC3
F4IIA9	gene_name:At2g05915
F4IJB6	gene_name:At2g06845
F4IRE1	gene_name:At2g11462
F4J0A8	gene_name:P4H6
F4JG50	gene_name:At4g01735
F4JU10	gene_name:At4g19925
F4K779	gene_name:MPA22.6
O23006	gene_name:LYM2
O64565	gene_name:At2g19320
O65390	gene_name:APA1
O81769	gene_name:At4g31790
O81836	gene_name:SPL
O82175	gene_name:SUVH5
P26587	gene_name:TIP3-1
P48491	gene_name:CTIMC
P57106	gene_name:MDH2
P58045	gene_name:CYP71A14
P82633	gene_name:SCRL14
P93740	gene_name:NUDT23
Q05762	gene_name:THY-1
Q1G3G4	gene_name:At5g57567
Q1PFA6	gene_name:PCMP-E22
Q2PE70	gene_name:LTPG4
Q3E884	gene_name:LECRK110
Q3E902	gene_name:RPS21C
Q3E985	gene_name:At5g21020
Q6AWW6	gene_name:At2g47310
Q6DBN6	gene_name:At1g51370
Q8GWU3	gene_name:At3g20200
Q8GY06	gene_name:At5g57785
Q8GY88	gene_name:SK2
Q8GYF1	gene_name:At1g57760/T8L23_22
Q8L6Y1	gene_name:UBP14
Q8L8Z4	gene_name:At5g24313
Q8LEB2	gene_name:At5g24760
Q8RUZ6	gene_name:At2g07505
Q8RWN4	gene_name:At1g75210
Q8RWW7	gene_name:URGT4
Q8W494	gene_name:At1g11240
Q93VM6	gene_name:At4g39900
Q93VT6	gene_name:MAH20.10
Q93WE4	gene_name:SINAT6
Q93ZY6	gene_name:At1g65220
Q940U6	gene_name:FLU
Q943Z4	gene_name:At3g50560
Q94B78	gene_name:GLDP1
Q9C571	gene_name:At5g22170
Q9C8T2	gene_name:At1g63280
Q9C9D1	gene_name:CYP78A10
Q9CAB8	gene_name:PXG5
Q9CAL5	gene_name:At1g70500
Q9CAN9	gene_name:ERF026
Q9FE98	gene_name:TAR3
Q9FEA2	gene_name:OVA3
Q9FIW4	gene_name:BGLU42
Q9FJ17	gene_name:DI19-7
Q9FKD0	gene_name:At5g37970
Q9FKR0	gene_name:At5g38780
Q9LDE3	gene_name:At1g23390
Q9LF05	gene_name:S-ACP-DES3
Q9LFC4	gene_name:At5g01120
Q9LPF1	gene_name:At1g44800
Q9LQ29	gene_name:At1g33770
Q9LS44	gene_name:PCR4
Q9LUL9	gene_name:At3g14280
Q9LVZ7	gene_name:ROD1
Q9LXT9	gene_name:CALS3
Q9LXV5	gene_name:NFYA1
Q9LYZ6	gene_name:At5g02890
Q9LZQ7	gene_name:T12C14_30
Q9M8Y5	gene_name:LTL1
Q9SAJ6	gene_name:GAPCP1
Q9SD74	gene_name:OPL3
Q9SDS7	gene_name:VHA-C
Q9SFG3	gene_name:LLR3
Q9SFU9	gene_name:T1B9.14
Q9SGY7	gene_name:PERK11
Q9SKY2	gene_name:PTAC18
Q9SR77	gene_name:At3g10130
Q9SRT3	gene_name:CSLC6
Q9SY75	gene_name:PCMP-E71
Q9XEC8	gene_name:CRK38
Q9XEE2	gene_name:ANN2
Q9ZU66	gene_name:EMB2444
Q9ZUA7	gene_name:At2g01790
Q9ZUU2	gene_name:At2g37240
Q9ZVU2	gene_name:EDA11
Q9ZVY7	gene_name:OBAP1A
Q9ZWB4	gene_name:3AT1
A0A1I9LPY7	gene_name:At3g17227
A0A1P8AVM4	gene_name:At1g36085
A0A1P8AZY5	gene_name:At2g24285
A0A1P8B1K0	gene_name:At2g29735
A0A1P8B5Z9	gene_name:At4g27565
A0A1P8BCS2	gene_name:At5g41025
A0A1P8BHW0	gene_name:At5g15537
A8MR80	gene_name:At4g30845
B3H707	gene_name:RBL17
B3LF83	gene_name:CYP74B2
F4I0M4	gene_name:At1g69360
F4I221	gene_name:At1g63320
F4I9V4	gene_name:At1g65170
F4IA73	gene_name:GSTU21
F4IC29	gene_name:HIPP28
F4IGX9	gene_name:At2g34240
F4IIK6	gene_name:LST8-2
F4IXU5	gene_name:At3g43153
F4JYU0	gene_name:MJP23.7
F4JZV9	gene_name:MOK9.21
F4JZW5	gene_name:At5g35603
F4K741	gene_name:At5g28410
F4KBJ3	gene_name:CLD1
F4KHI3	gene_name:VICTR
O22928	gene_name:At2g30320
O64778	gene_name:At1g61420
O81849	gene_name:At4g19670
O82344	gene_name:At2g46250
P0CH32	gene_name:UBQ4
P26569	gene_name:At2g30620
P42731	gene_name:PAB2
P53497	gene_name:ACT12
P69834	gene_name:ISPD
P82721	gene_name:LCR6
Q0WML3	gene_name:PROSCOOP6
Q0WN95	gene_name:At1g53887
Q0WSE9	gene_name:At5g15610
Q1JPN7	gene_name:At2g31800
Q1PE15	gene_name:MCU4
Q2V4F6	gene_name:At1g63535
Q38951	gene_name:PP2AA3
Q39261	gene_name:ZFP2
Q3ECX8	gene_name:At1g43665
Q3S4A7	gene_name:AHK5
Q501F4	gene_name:At3g19990
Q5BPJ9	gene_name:CC4
Q5HZ03	gene_name:MTE17.25
Q5M731	gene_name:TH1
Q6A329	gene_name:SUC6
Q6DUW6	gene_name:IDL4
Q6IDA8	gene_name:At2g14110
Q84MA1	gene_name:NOP2C
Q8GUN1	gene_name:At4g31340
Q8GW10	gene_name:RF178
Q8GXF6	gene_name:At4g19870
Q8GYU3	gene_name:IYO
Q8L9Y3	gene_name:ARR14
Q8LCN1	gene_name:At1g16740
Q8LEV0	gene_name:At5g02590
Q8LPN7	gene_name:At3g19950
Q8VY53	gene_name:At4g35530
Q93VP9	gene_name:SLP1
Q93YN3	gene_name:MUG134
Q93ZV7	gene_name:LA1
Q94K41	gene_name:SDR3b
Q9C5J5	gene_name:At1g19010
Q9C6I4	gene_name:GA2OX7
Q9FF61	gene_name:At5g05130
Q9FFG1	gene_name:SDN2
Q9FKJ9	gene_name:ZHD12
Q9FN08	gene_name:BGAL10
Q9FZ70	gene_name:At1g13570
Q9LDH0	gene_name:XYLT
Q9LDR8	gene_name:MYB102
Q9LFM4	gene_name:At5g11330
Q9LJL4	gene_name:IPT8
Q9LMJ7	gene_name:At1g07040
Q9LQU2	gene_name:PCR1
Q9LRN9	gene_name:At3g17460
Q9LSJ6	gene_name:ABCB17
Q9LXJ2	gene_name:QCR9
Q9LXR1	gene_name:At3g58910
Q9LZH8	gene_name:OEP164
Q9M1K5	gene_name:PAT04
Q9M331	gene_name:NPF5.7
Q9M8N0	gene_name:At1g80630
Q9MAT0	gene_name:RPN2B
Q9S7S5	gene_name:F28J7.6
Q9SGP6	gene_name:GRXC9
Q9SHL5	gene_name:MJB20.9
Q9SK46	gene_name:At2g24860
Q9SKI5	gene_name:At2g06500
Q9SKM6	gene_name:At2g28440
Q9SNB0	gene_name:UGT76E6
Q9STR4	gene_name:ACS7
Q9SUW2	gene_name:APT3
Q9SV05	gene_name:At3g51990
Q9SZZ6	gene_name:At4g25680
Q9T029	gene_name:RPS25E
Q9ZTX8	gene_name:ARF6
A0A1I9LT65	gene_name:At3g14467
A0A1P8ANJ1	gene_name:STMP5
A0A1P8AUV6	gene_name:At1g20570
A0A1P8AWX0	gene_name:At1g34015
A0A1P8AXS6	gene_name:At2g41375
B3H6D0	gene_name:HIPP45
F4I837	gene_name:JAL14
F4IIN7	gene_name:At2g28360
F4ISC6	gene_name:At2g11626
F4IWC6	gene_name:At3g20980
F4JDV4	gene_name:SNX5
F4JET1	gene_name:NSE4B
F4JME7	gene_name:GTC2
F4JP81	gene_name:DL4825C
F4JQE2	gene_name:PDE327
O23215	gene_name:PBRP1
O23382	gene_name:UGT71B5
O48844	gene_name:RPN2A
O48962	gene_name:At1g20050
O80497	gene_name:At2g44570
O80560	gene_name:IP5P12
O80673	gene_name:CRK1
O81346	gene_name:CYP79B2
O81626	gene_name:F8M12.4
O82222	gene_name:At2g23940
O82762	gene_name:At2g25970
P0C043	gene_name:At4g17915
P0CAY4	gene_name:At5g29576
P0CAY8	gene_name:At2g04033
P0CH01	gene_name:ATL21A
P42752	gene_name:CYCD2-1
P54144	gene_name:AMT1-1
P92521	gene_name:AtMg00840
P92976	gene_name:SSL11
Q38954	gene_name:PHT2-1
Q3E6S8	gene_name:DEGP14
Q3E7K8	gene_name:UBQ12
Q3EBG4	gene_name:At2g44175
Q42340	gene_name:RPS16C
Q588V7	gene_name:TEB
Q5BPK3	gene_name:At4g30050
Q5XEZ0	gene_name:At1g01070
Q5XVE4	gene_name:At2g20495
Q6IDL4	gene_name:At1g09580
Q6NLE0	gene_name:At5g41720
Q7XA06	gene_name:SYT3
Q84K34	gene_name:At5g37930
Q8GUJ5	gene_name:MASP1
Q8GY23	gene_name:UPL1
Q8L4M6	gene_name:GATA3
Q8L9C4	gene_name:KCR1
Q8L9L9	gene_name:At5g18940
Q8RY22	gene_name:DEGP7
Q8VYC6	gene_name:E-4PDHASE
Q941R8	gene_name:MLP36
Q9FFE8	gene_name:WSD8
Q9FGC9	gene_name:ERF121
Q9FME2	gene_name:NTF2
Q9FUQ7	gene_name:CBL8
Q9FYK2	gene_name:CML25
Q9FZD0	gene_name:At1g26450
Q9FZP6	gene_name:MBD12
Q9LF85	gene_name:F8J2_240
Q9LFE7	gene_name:At5g16700
Q9LHL2	gene_name:RBGD3
Q9LNU1	gene_name:CRSP
Q9LPW6	gene_name:At1g12830
Q9LQB2	gene_name:At1g69080
Q9LSD5	gene_name:TCP20
Q9LT96	gene_name:At5g49770
Q9LTS9	gene_name:MHM17.2
Q9LUG3	gene_name:At3g23633
Q9LX47	gene_name:At3g59240
Q9LZ47	gene_name:At5g02550
Q9LZP7	gene_name:At3g62430
Q9LZT1	gene_name:F16L2_230
Q9LZZ9	gene_name:ATG8G
Q9M0C5	gene_name:SMXL2
Q9M7Q2	gene_name:ABF4
Q9MAD3	gene_name:At3g01240
Q9MAP0	gene_name:At1g33030
Q9SAF6	gene_name:CRWN2
Q9SAU9	gene_name:AR791
Q9SD88	gene_name:At5g07960
Q9SFT9	gene_name:T1B9.26
Q9SIP7	gene_name:RPS3A
Q9SIV3	gene_name:GLK1
Q9SJF0	gene_name:BSL2
Q9SLI8	gene_name:B''DELTA
Q9SMX4	gene_name:RPS14
Q9SQU9	gene_name:ELO1
Q9STM4	gene_name:At3g48440
Q9SU83	gene_name:At4g29680
Q9SUM5	gene_name:BHLH146
Q9SV01	gene_name:At3g52030
Q9SZD2	gene_name:At4g29020
Q9ZSI6	gene_name:At4g01700
Q9ZU00	gene_name:At4g02180
Q9ZUG4	gene_name:At2g05830
Q9ZVU5	gene_name:KIN17
A0A178VNT0	gene_name:At3g10455
A0A178VUB9	gene_name:At2g27507
A0A1P8AU04	gene_name:At1g29775
A0A1P8AXW5	gene_name:At2g41355
A0A1P8B0B8	gene_name:At2g46455
A4FVS4	gene_name:At1g76380
B3H634	gene_name:At3g19274
B3H730	gene_name:SPH18
B9DGC0	gene_name:CCP1
F4HYC4	gene_name:At1g35365
F4HZF4	gene_name:At1g09195
F4IA59	gene_name:GRF13
F4IA77	gene_name:PGX2
F4J7B4	gene_name:At3g05450
F4JGI8	gene_name:At4g06534
F4KEY9	gene_name:NAA25
O04318	gene_name:NSP3
O22281	gene_name:T15F16.8
O22832	gene_name:FAB2
O23166	gene_name:HCF164
O23913	gene_name:AOX1B
O49725	gene_name:PUP10
O65679	gene_name:PLR3
O82207	gene_name:At2g19700
P46312	gene_name:FAD6
P55826	gene_name:PPOX1
Q0WRY1	gene_name:CTPS4
Q39117	gene_name:GT-2
Q3E912	gene_name:DMP10
Q3E936	gene_name:MAKR1
Q3ED38	gene_name:VQ5
Q56ZZ7	gene_name:At5g16150
Q58CN2	gene_name:At1g31250
Q5XF59	gene_name:At3g60510
Q6NM27	gene_name:At2g37820
Q6NM81	gene_name:At4g28330
Q7G9P4	gene_name:AAO3
Q84J43	gene_name:ISI1
Q84J48	gene_name:At4g29780
Q84K35	gene_name:PUMY
Q8GUN4	gene_name:NSE3
Q8GYM5	gene_name:MHA1
Q8GYN9	gene_name:MENB
Q8L7K0	gene_name:RPL18AD
Q8S8L6	gene_name:At2g27775
Q8VY00	gene_name:ESP3
Q8VY62	gene_name:DL3040W
Q8VYY4	gene_name:BASS6
Q8W589	gene_name:At1g16840
Q93VK7	gene_name:At5g14910
Q93XW7	gene_name:At3g21810
Q93XY7	gene_name:M3E9.200
Q93ZY1	gene_name:At5g66480
Q940M1	gene_name:At1g65370
Q941L3	gene_name:BON1
Q94A88	gene_name:At1g23970
Q94CI7	gene_name:SFP1
Q94IU8	gene_name:At5g19050
Q96316	gene_name:UCC3
Q9FG73	gene_name:NOP2A
Q9FHF6	gene_name:At5g46490
Q9FHK7	gene_name:At5g05160
Q9FJ28	gene_name:At5g41860
Q9FJ33	gene_name:At5g41810
Q9FJ75	gene_name:AT4
Q9FJW3	gene_name:WIH1
Q9FKY5	gene_name:MLO10
Q9FMV2	gene_name:MLE2.13
Q9FNK5	gene_name:At5g46170
Q9FWY7	gene_name:IMPA6
Q9FXB9	gene_name:PCMP-H69
Q9FZ82	gene_name:At1g18610
Q9LEU3	gene_name:At5g10970
Q9LFG3	gene_name:F4P12_260
Q9LFY0	gene_name:PTST2
Q9LMJ3	gene_name:At1g06990
Q9LT11	gene_name:MQM1.22
Q9LT87	gene_name:At3g19300
Q9M0E2	gene_name:RPL28C
Q9M0R7	gene_name:ATL39
Q9M169	gene_name:T6D9_70
Q9MAP1	gene_name:At1g33020
Q9S9T0	gene_name:At4g05080
Q9SA31	gene_name:At1g16320
Q9SA87	gene_name:At1g30720
Q9SFC4	gene_name:OFUT24
Q9SIJ3	gene_name:At2g21680
Q9SJG6	gene_name:PCMP-E75
Q9SJI7	gene_name:At2g42690
Q9SK02	gene_name:RAD51B
Q9SKR2	gene_name:SYT1
Q9SLF7	gene_name:RPP2B
Q9SLI0	gene_name:NHL4
Q9SQT8	gene_name:EMB3004
Q9SS82	gene_name:MZB10.8
Q9SUP7	gene_name:HMGB6
Q9SZT8	gene_name:ELI1
Q9ZQ98	gene_name:UGT73C2
Q9ZRZ8	gene_name:RH28
Q9ZW29	gene_name:GSTU2
A0A1I9LP11	gene_name:At3g03776
A0A1P8AME0	gene_name:At1g13830
A0A1P8AST1	gene_name:At1g59470
A0A1P8AW98	gene_name:At1g45229
A0A1P8AZY1	gene_name:At2g41417
A0A1P8BCW9	gene_name:At5g26090
B3H4D4	gene_name:At2g01021
B3H674	gene_name:At1g07175
F4HPT1	gene_name:At1g53250
F4HX15	gene_name:PLA1
F4I037	gene_name:TBL7
F4I6V2	gene_name:At1g70650
F4IB60	gene_name:At1g51790
F4J6S0	gene_name:At3g45800
F4JMQ8	gene_name:At4g23000
F4JUL9	gene_name:ARPC4
F4KAF8	gene_name:At5g50830
O04421	gene_name:SRP14
O23016	gene_name:KAB1
O64466	gene_name:RALFL11
O64876	gene_name:NTAN1
O80720	gene_name:At2g47050
O80739	gene_name:POT12
O81816	gene_name:MO2
P0DI77	gene_name:TPS23
P40602	gene_name:APG
P82735	gene_name:LCR21
P92549	gene_name:ATPA
P93014	gene_name:rps5
P93019	gene_name:E6L1
Q0WN69	gene_name:KIN14P
Q0WPZ0	gene_name:EMB1427
Q38871	gene_name:CPK5
Q3E920	gene_name:At5g26890
Q3EBR2	gene_name:At2g30985
Q41916	gene_name:CYS5
Q5PP37	gene_name:ATXR2
Q6AWV1	gene_name:EMB1687
Q6DST3	gene_name:At1g62305
Q6NMM4	gene_name:SAUR26
Q84K31	gene_name:At5g04390
Q84RQ7	gene_name:NIFU3
Q84TE9	gene_name:DOF5.3
Q8GUP2	gene_name:At1g16445
Q8GYI4	gene_name:At2g43180
Q8GYR7	gene_name:At3g52905
Q8H0W2	gene_name:HDA9
Q8L4S3	gene_name:At5g09390
Q8L623	gene_name:At4g34560
Q8LBI1	gene_name:RPL5A
Q8LDK5	gene_name:At5g27820
Q8LEE7	gene_name:AOX3
Q8RWQ8	gene_name:FBX14
Q8RY17	gene_name:WAKL22
Q8VYV9	gene_name:APF1
Q8W4Q5	gene_name:RIN3
Q941C9	gene_name:At5g25410
Q949X7	gene_name:LYSA1
Q94AK9	gene_name:At4g32590
Q94BQ9	gene_name:At1g30890
Q94CD8	gene_name:At3g13560
Q94F16	gene_name:At3g05510
Q9C529	gene_name:MEE9
Q9C5C1	gene_name:At4g31330
Q9C7N7	gene_name:S40-1
Q9C8H1	gene_name:ABCC11
Q9FIU5	gene_name:CRLK1
Q9FKF0	gene_name:RTL3
Q9FMC2	gene_name:BZIP43
Q9FPE4	gene_name:At1g28660
Q9FQ04	gene_name:XRN4
Q9LFC7	gene_name:At5g01090
Q9LMU1	gene_name:EGY3
Q9LQI6	gene_name:SAUR77
Q9LQM7	gene_name:HSFA1D
Q9LS39	gene_name:CCR4-3
Q9LSJ3	gene_name:At3g28410
Q9LTV0	gene_name:At3g12860
Q9LU65	gene_name:MWD22.3
Q9LUS9	gene_name:At3g16555
Q9LVG5	gene_name:MGO3.7
Q9LVR6	gene_name:DAR3
Q9LW25	gene_name:At3g26850
Q9M364	gene_name:ATX3
Q9M9B3	gene_name:COL8
Q9MA09	gene_name:At1g79660
Q9MAA1	gene_name:At3g05180
Q9S7L2	gene_name:MYB98
Q9SFU2	gene_name:T1B9.22
Q9SGD1	gene_name:WIP3
Q9SHF2	gene_name:AGO3
Q9SIB9	gene_name:ACO3
Q9SJ12	gene_name:At2g21870
Q9SKT7	gene_name:NDB4
Q9SND3	gene_name:F11C1_180
Q9SRT9	gene_name:RGP1
Q9SVS8	gene_name:GA3OX3
Q9XFI1	gene_name:At5g61440
Q9ZT95	gene_name:7SL1
Q9ZUE0	gene_name:PERK12
A0A1I9LQ11	gene_name:At3g26395
A0A1I9LQY7	gene_name:At3g56570
A0A1P8AX58	gene_name:At2g01035
A0A1P8B460	gene_name:At4g08535
A8MRH6	gene_name:At3g29797
B3H4U2	gene_name:At1g70944
B3H4V8	gene_name:At2g31981
F4HQI8	gene_name:At1g01130
F4IBE4	gene_name:RF45
F4IK78	gene_name:At2g06906
F4IMF2	gene_name:At2g17060
F4IPY2	gene_name:SYCO
F4ISC4	gene_name:At2g11623
F4IWJ8	gene_name:At3g27510
F4IXW2	gene_name:BIG5
F4J220	gene_name:LPPE1
F4J355	gene_name:At3g44620
F4JGB6	gene_name:RLP46
F4JK03	gene_name:At4g09430
F4JP48	gene_name:MSH4
F4K4N0	gene_name:MNL12.6
F4KD53	gene_name:At5g45275
F4KG14	gene_name:GBPL3
F4KI28	gene_name:At5g03920
O04544	gene_name:MYBD
O22227	gene_name:MIZ1
O22775	gene_name:XXT2
O22879	gene_name:At2g40560
O23087	gene_name:ECA2
O23235	gene_name:C7A10.900
O23386	gene_name:CSLB6
O49006	gene_name:PME3
O65268	gene_name:At4g00590
P15458	gene_name:AT2S2
P25863	gene_name:XERO1
Q058H0	gene_name:At4g07515
Q4V3C1	gene_name:MED8
Q56YH2	gene_name:At5g18780
Q5EAF6	gene_name:NSFBx
Q6NLQ4	gene_name:At4g25433
Q6NMB6	gene_name:UTR5B
Q7G8T1	gene_name:F18K10.4
Q8GW47	gene_name:At2g18876
Q8GYD9	gene_name:SDE3
Q8H191	gene_name:PAO4
Q8L845	gene_name:At2g01220
Q8S8N4	gene_name:At2g46850
Q8VZ44	gene_name:At1g02160
Q8VZS6	gene_name:GIP1
Q8W207	gene_name:CSN2
Q940U5	gene_name:At1g27700
Q94BP3	gene_name:FAO4B
Q9ASS2	gene_name:FREE1
Q9C993	gene_name:At1g71150
Q9C9L4	gene_name:HO3
Q9CAD8	gene_name:At1g63730
Q9FFH2	gene_name:MLN1.9
Q9FFV9	gene_name:AGL73
Q9FG59	gene_name:DHAR4
Q9FGI9	gene_name:TRM10
Q9FIM6	gene_name:SBT4.8
Q9FJ84	gene_name:MSG15.18
Q9FJT8	gene_name:HAG2
Q9FJU4	gene_name:MIOX5
Q9FK16	gene_name:AGP22
Q9FN34	gene_name:PRMA
Q9FN79	gene_name:BDG5
Q9FRI5	gene_name:PCMP-H74
Q9FYK5	gene_name:ESR2
Q9LJ42	gene_name:At3g24670
Q9LJ45	gene_name:CYCU1-1
Q9LJE6	gene_name:NRF1
Q9LK62	gene_name:ABCC7
Q9LK96	gene_name:At3g15090
Q9LRR0	gene_name:At3g14510
Q9LSC2	gene_name:At3g15890
Q9LVX6	gene_name:SMR7
Q9M135	gene_name:At4g01380
Q9M1L9	gene_name:F18P9_20
Q9M1Y3	gene_name:SKIP35
Q9M2K7	gene_name:F28O9.250
Q9M374	gene_name:CRF6
Q9MAU5	gene_name:At1g04970
Q9S763	gene_name:WRKY45
Q9SCQ6	gene_name:GAF1
Q9SF87	gene_name:F8A24.10
Q9SGI3	gene_name:At3g01920
Q9SGU9	gene_name:MGL
Q9SJW6	gene_name:ARPC1B
Q9SK32	gene_name:MAIL1
Q9SK34	gene_name:At2g24990
Q9SK44	gene_name:At2g24880
Q9SUQ9	gene_name:At4g23680
Q9SVY6	gene_name:ZRK2
Q9SZ67	gene_name:WRKY19
Q9SZV5	gene_name:SBT2.6
Q9ZPQ5	gene_name:SOT13
Q9ZPV3	gene_name:At2g18200
Q9ZPY9	gene_name:PI4KG4
Q9ZQZ7	gene_name:At4g03340
A0A1I9LLE1	gene_name:At3g63255
A0A1P8ATR9	gene_name:RLP9B
A0A1P8AUR6	gene_name:At1g33945
A0A1P8B5U0	gene_name:At4g20835
A0A1P8BB09	gene_name:At5g38865
A0A1P8BB71	gene_name:At5g66335
A0A1P8BH24	gene_name:PROSCOOP18
A8MQN6	gene_name:At2g01818
A8MQW9	gene_name:At2g26865
A8MQY8	gene_name:ESFL9
B3H4U7	gene_name:At1g11684
B3H5U2	gene_name:At2g02026
B3H748	gene_name:At3g44704
B6IDH2	gene_name:At4g11350
F4HQX6	gene_name:CSA-2
F4HWB0	gene_name:At1g14710
F4I394	gene_name:At1g36920
F4J379	gene_name:At3g44755
F4J432	gene_name:At3g23460
F4J6D7	gene_name:At3g17712
F4JBT8	gene_name:At3g60420
F4JEB4	gene_name:At3g01410
F4JPC0	gene_name:At4g23760
F4JQR9	gene_name:At4g18150
F4JW93	gene_name:NAC077
F4KFK3	gene_name:At5g16980
O22285	gene_name:At2g39750
O22727	gene_name:At1g61190
O22901	gene_name:UPB1
O49500	gene_name:MBR2
O64517	gene_name:AMC4
O81493	gene_name:F9D12.8
P0DKC3	gene_name:PGLP1A
P22738	gene_name:ARP2
P33078	gene_name:IAA5
P41568	gene_name:At4g27130
P43255	gene_name:CSN8
P56779	gene_name:psbE
P58051	gene_name:CYP71B14
P82635	gene_name:SCRL16
P82743	gene_name:LCR28
Q3ECR3	gene_name:At1g53360
Q3ECV8	gene_name:At1g47470
Q43735	gene_name:PER27
Q56X58	gene_name:At4g11547
Q5S4W8	gene_name:At2g32235
Q67Y03	gene_name:At4g19430
Q680I5	gene_name:GGT2
Q6AWW2	gene_name:At4g16165
Q7X6P3	gene_name:RUS1
Q84JG2	gene_name:SWI3B
Q84MD8	gene_name:FHY
Q8L402	gene_name:ISTL8
Q8L5Y0	gene_name:VPS39
Q8LAL2	gene_name:IAA26
Q8LD49	gene_name:ATHX
Q8LFZ9	gene_name:At4g26620
Q940M2	gene_name:AGT2
Q94AN2	gene_name:CHER1
Q94EH8	gene_name:ALY3
Q94K91	gene_name:At3g22280
Q9FFI4	gene_name:MKP11.12
Q9FFZ4	gene_name:TBL9
Q9FGD7	gene_name:PUB50
Q9FIS1	gene_name:AGL42
Q9FKC3	gene_name:At5g48730
Q9FKS3	gene_name:MHK7.6
Q9FME5	gene_name:COBL5
Q9FVT6	gene_name:At1g57670
Q9FZ41	gene_name:T24C10.2
Q9FZF2	gene_name:AGL102
Q9FZI2	gene_name:LUP5
Q9LRR7	gene_name:NCED3
Q9LSA5	gene_name:At3g18720
Q9LUU4	gene_name:At3g17270
Q9LVL2	gene_name:PER67
Q9LW77	gene_name:HRD1A
Q9LXC6	gene_name:At5g09620
Q9LYC8	gene_name:GRXS6
Q9LYN3	gene_name:At3g56080
Q9LZ91	gene_name:At5g02340
Q9LZD8	gene_name:UGT89A2
Q9M0A0	gene_name:At4g30600
Q9M0U2	gene_name:At4g05620
Q9M1G4	gene_name:LECRK15
Q9M1I1	gene_name:At3g54460
Q9M2H2	gene_name:At3g58440
Q9SIA8	gene_name:DIR10
Q9SIN2	gene_name:TBL39
Q9SU33	gene_name:At4g12500
Q9SU71	gene_name:EDS1B
Q9SVG5	gene_name:At4g20820
Q9SY09	gene_name:SMD1B
Q9SZH2	gene_name:PER43
Q9XEC7	gene_name:CRK37
Q9XES1	gene_name:ECA4
Q9ZPX2	gene_name:At2g18400
Q9ZQ88	gene_name:UPS4
Q9ZRT1	gene_name:GR1
Q9ZSU4	gene_name:XTH14
A0A1I9LT82	gene_name:At3g29794
A0A1P8B2C8	gene_name:At2g10025
A0A1P8B772	gene_name:At4g04555
A7REE8	gene_name:At1g34795
A8MRZ2	gene_name:At3g26085
B3H4I2	gene_name:At3g18291
F4I3Y1	gene_name:At1g70150
F4IJK5	gene_name:At2g22600
F4JIP9	gene_name:At4g21250
F4JQ51	gene_name:KIN7I
F4JVA9	gene_name:SFH2
F4K1Q9	gene_name:MJE7.17
F4KA31	gene_name:At5g38090
F4KC30	gene_name:MRI1.6
F4KF14	gene_name:FTSHI4
O48704	gene_name:At2g26370
O65572	gene_name:CCD1
O80704	gene_name:MTERF13
O80756	gene_name:NAC024
O80916	gene_name:At2g38350
P0C7R2	gene_name:LIP2P2
P16180	gene_name:RPS17
P21238	gene_name:CPN60A1
P92566	gene_name:AtMg01400
P92981	gene_name:APR2
P93825	gene_name:ERS2
Q0WR59	gene_name:At5g10020
Q0WSX0	gene_name:At2g02620
Q1EBS5	gene_name:At3g16040
Q1PEY8	gene_name:At2g29910
Q39021	gene_name:MPK1
Q39072	gene_name:CYCB1-5
Q39089	gene_name:PAC
Q39255	gene_name:SKP1A
Q3EBR6	gene_name:DALL3
Q42093	gene_name:ABCC2
Q42593	gene_name:APXT
Q56XX3	gene_name:At2g02148
Q8H113	gene_name:2ODDC23.2
Q8H1Q1	gene_name:TL20.3
Q8L757	gene_name:At4g02715
Q8L8B8	gene_name:LOG3
Q8L999	gene_name:BPC6
Q8RWM9	gene_name:MXI10.5
Q8RX80	gene_name:CRK18
Q8RYC6	gene_name:IAA32
Q8W1Y0	gene_name:SYN4
Q93XY9	gene_name:At1g35430
Q93YP9	gene_name:At1g19450
Q941I6	gene_name:PMS1
Q949T8	gene_name:ASHR3
Q94A40	gene_name:At1g62020
Q94AM1	gene_name:OOP
Q94BT6	gene_name:ADO1
Q94F58	gene_name:NAC089
Q94K61	gene_name:At2g20725
Q9C5L3	gene_name:At3g47420
Q9C673	gene_name:At1g26290
Q9C8M9	gene_name:SRF6
Q9C8N9	gene_name:ARF21
Q9C8Y6	gene_name:At1g66310
Q9C9X7	gene_name:IDD14
Q9FJH0	gene_name:RABA1F
Q9FK02	gene_name:DIM1B
Q9FLG2	gene_name:MRS2-2
Q9FMU5	gene_name:At5g14050
Q9LP68	gene_name:At1g48560
Q9LQZ4	gene_name:At1g75510
Q9LRQ7	gene_name:At3g29680
Q9LRW4	gene_name:At3g13830
Q9LTD4	gene_name:At3g23160
Q9LTF2	gene_name:RPS10C
Q9LTK7	gene_name:At5g52130
Q9LW03	gene_name:At3g15760
Q9LXR9	gene_name:PGPP1
Q9LYL3	gene_name:At3g56300
Q9M2A0	gene_name:AHA8
Q9M2R2	gene_name:T10K17.60
Q9M651	gene_name:RANGAP2
Q9M9E9	gene_name:SRK2C
Q9M9Q4	gene_name:At1g15015
Q9M9Q6	gene_name:SCPL50
Q9S762	gene_name:HISN1A
Q9S7T1	gene_name:GTE3
Q9SAC4	gene_name:At1g10780
Q9SAH9	gene_name:CCR2
Q9SD24	gene_name:At3g51220
Q9SG80	gene_name:ASD1
Q9SIA5	gene_name:DTX1
Q9SIC9	gene_name:GUN1
Q9SR91	gene_name:T16O11.15
Q9STL1	gene_name:CYP71A22
Q9SVM3	gene_name:RLP49
Q9SVP6	gene_name:PRR2
Q9SZ70	gene_name:AHL26
Q9XI27	gene_name:At1g15415
Q9ZPS7	gene_name:TMN3
Q9ZR14	gene_name:At4g03170
Q9ZVC2	gene_name:NPR5
Q9ZWS6	gene_name:ARR6
A0A1I9LM77	gene_name:At3g59300
A0A1P8AUV5	gene_name:At1g74385
A0A1P8BAB6	gene_name:At5g10580
A0A1P8BGE7	gene_name:At5g62573
A1A6I1	gene_name:At1g69980
A4FVS9	gene_name:PBL31
A7REE9	gene_name:At1g34800
A8MSA6	gene_name:ESF1.1
F4HPL7	gene_name:At1g44990
F4I1T7	gene_name:NUP214
F4I2H2	gene_name:SWI2
F4I7E0	gene_name:At1g11145
F4I994	gene_name:At1g24390
F4IAT8	gene_name:LPXC1
F4ICZ4	gene_name:At1g52510
F4IFM3	gene_name:At2g20970
F4IH52	gene_name:At2g45840
F4IK96	gene_name:At2g07200
F4JI18	gene_name:At4g01390
F4JJF6	gene_name:DL3665C
F4JMI7	gene_name:At4g16620
F4JR77	gene_name:AP22.35
F4JYG0	gene_name:PIAL2
O23401	gene_name:UGT84A3
O48802	gene_name:CLMP1
O49607	gene_name:SBT1.6
O65036	gene_name:TZF6
O80834	gene_name:AHL9
O81833	gene_name:SD11
P0CJ48	gene_name:LHCB1.1
P38605	gene_name:CAS1
P41088	gene_name:CHI1
Q1G3U2	gene_name:At1g23965
Q1H568	gene_name:POLD4
Q1PEF3	gene_name:At3g54530
Q39115	gene_name:GPRP
Q39192	gene_name:SRK2D
Q3EAR7	gene_name:At3g42180
Q43383	gene_name:2A6
Q6IDS6	gene_name:MKRN
Q6NPE4	gene_name:At5g14440
Q84RR2	gene_name:ARI2
Q84TH4	gene_name:SR45A
Q84WW3	gene_name:VIP2
Q8GZ07	gene_name:At3g13435
Q8L7N3	gene_name:MHF2
Q8LAP8	gene_name:DOF4.6
Q8LCE1	gene_name:GLN1-2
Q8LPL5	gene_name:FZR3
Q8RX04	gene_name:At5g49215
Q8RY71	gene_name:ESP
Q8S886	gene_name:At2g07721
Q8S8P4	gene_name:At2g38465
Q8S8Q2	gene_name:At2g35155
Q8VY49	gene_name:LCV1
Q8VY80	gene_name:FLZ5
Q8VY84	gene_name:UMK1
Q8VYU5	gene_name:At1g18700
Q8VZ49	gene_name:At1g64710
Q93W30	gene_name:SWIB6
Q93XZ6	gene_name:At1g04790
Q93YS2	gene_name:At3g63340
Q93ZI1	gene_name:BUG22
Q93ZK9	gene_name:At5g18770
Q94JY4	gene_name:BRK1
Q9AUE0	gene_name:CALS1
Q9C681	gene_name:At1g51060
Q9C6S4	gene_name:At1g31820
Q9FH17	gene_name:At5g56220
Q9FI18	gene_name:MFC16.13
Q9FJL4	gene_name:BHLH78
Q9FKB9	gene_name:At5g48770
Q9FLC2	gene_name:MO3
Q9FQ24	gene_name:TON1B
Q9FUD3	gene_name:BZIP9
Q9FUT1	gene_name:GSTU14
Q9FZ92	gene_name:RH44
Q9LEW0	gene_name:UBP22
Q9LK29	gene_name:CYC1-1
Q9LQE3	gene_name:ARF15
Q9LT56	gene_name:ATN1
Q9LUF2	gene_name:HSD7
Q9LV23	gene_name:At3g18170
Q9M2C9	gene_name:SKIP4
Q9M2V1	gene_name:NCA1
Q9M3C9	gene_name:NAC063
Q9M8K6	gene_name:MUTE
Q9M8L6	gene_name:PTAC17
Q9S7R7	gene_name:EAP3
Q9SG12	gene_name:CRK6
Q9SH08	gene_name:DJC65
Q9SJ10	gene_name:CAD3
Q9SLM4	gene_name:At2g40980
Q9SN74	gene_name:BHLH47
Q9SNB6	gene_name:RDUF1
Q9STY8	gene_name:HSD2
Q9SUZ8	gene_name:GNTL
Q9SVQ9	gene_name:At4g13180
Q9SXZ2	gene_name:FT
Q9ZQB9	gene_name:CSLC12
A0A178VR03	gene_name:At2g23890
A0A1P8AM75	gene_name:At1g11591
A0A1P8B4P1	gene_name:At4g38120
A0A1P8B947	gene_name:At4g06643
A0A1P8BCQ2	gene_name:At5g13565
A8MQW3	gene_name:UFD1
B3H4Z4	gene_name:At2g14289
B6IDH7	gene_name:At1g03200
B9DGX7	gene_name:At3g54800
F4HR92	gene_name:At1g33612
F4HVK3	gene_name:At1g68030
F4I7U4	gene_name:At1g30974
F4I9N5	gene_name:At1g57850
F4ID96	gene_name:At1g66235
F4IDI6	gene_name:BRG2
F4IG60	gene_name:ZPR1
F4IJY5	gene_name:At2g41231
F4IK44	gene_name:At2g46940
F4ING5	gene_name:At2g09388
F4IRZ1	gene_name:OPL2
F4JD27	gene_name:At3g61030
F4JI14	gene_name:At4g01350
F4KDF5	gene_name:MPS1
F4KER9	gene_name:MSG15.11
F4KGD4	gene_name:SBT4.7
O49320	gene_name:RALFL18
O64885	gene_name:At2g44510
O80516	gene_name:At2g44770
O80822	gene_name:PER25
O82230	gene_name:STIC2
O82663	gene_name:SDH1-1
O82730	gene_name:MGD2
P0C5B6	gene_name:4CLL4
P0C6E7	gene_name:PUB55
P38666	gene_name:RPL24B
P46690	gene_name:GASA4
P55852	gene_name:SUMO1
P93306	gene_name:NAD7
P94077	gene_name:LSD1
Q1PDG8	gene_name:ESFL10
Q39002	gene_name:AATP1
Q39033	gene_name:PLC2
Q41969	gene_name:EIF2B
Q4TU35	gene_name:At1g60610
Q5PNZ0	gene_name:At5g18430
Q6IMT0	gene_name:KIP
Q8GXR5	gene_name:PPCS1
Q8LPJ4	gene_name:ABCE2
Q8LPT1	gene_name:ABCB6
Q8RXR3	gene_name:MSG15.17
Q8RY09	gene_name:At3g08780
Q93XZ7	gene_name:At5g42570
Q94BS8	gene_name:EFL2
Q9ASS7	gene_name:CAT2
Q9C6R4	gene_name:T18I24.6
Q9C8U5	gene_name:IAN2
Q9C8V2	gene_name:IAN7
Q9C9V7	gene_name:At1g67910
Q9CAM8	gene_name:At1g63150
Q9CAN7	gene_name:At1g63060
Q9FFA0	gene_name:DUF10
Q9FG35	gene_name:TBR
Q9FGG7	gene_name:MQJ2.16
Q9FHF0	gene_name:RPS4B
Q9FJ29	gene_name:At5g41850
Q9FJ82	gene_name:DAPB3
Q9FM54	gene_name:FOLB2
Q9FNN5	gene_name:At5g08530
Q9FPH3	gene_name:THA2
Q9LHD3	gene_name:At3g28330
Q9LHS8	gene_name:LBD33
Q9LI85	gene_name:At3g25597
Q9LKB9	gene_name:XI-2
Q9LPN5	gene_name:VPS60-1
Q9LQ07	gene_name:EXPA18
Q9LSP7	gene_name:UBC32
Q9LVX8	gene_name:MAB16.14
Q9LW59	gene_name:At3g23370
Q9LXL7	gene_name:ATDOB2
Q9LXZ7	gene_name:ATTIM21L-2
Q9LYW5	gene_name:LUL1
Q9LZW2	gene_name:OFP1
Q9M174	gene_name:NPF2.2
Q9M205	gene_name:CYCU2-2
Q9M548	gene_name:DRM2
Q9SAB0	gene_name:DTX36
Q9SBB2	gene_name:ABC1
Q9SD71	gene_name:SGIP1
Q9SIQ3	gene_name:At2g31540
Q9SJT8	gene_name:SRS3
Q9SL70	gene_name:TCX6
Q9SS33	gene_name:F14P13.19
Q9SS43	gene_name:MUCI21
Q9STG6	gene_name:DUT
Q9SY90	gene_name:At1g61600
Q9SZ11	gene_name:GDPDL3
Q9SZY7	gene_name:VHA-c''1
Q9SZZ9	gene_name:At4g25710
Q9ZSY8	gene_name:IAA27
Q9ZW06	gene_name:APUM2
A0A1I9LTB9	gene_name:At3g13276
A0A1P8AVD0	gene_name:At1g36005
A0A1P8B4S5	gene_name:At4g02655
A0A1P8B7B7	gene_name:At4g12555
A1L4V1	gene_name:At4g28550
A1XJK0	gene_name:TIM22-4
A2RVS6	gene_name:SR34A
F4HPR9	gene_name:ATMAP4K
F4I2S4	gene_name:CCZ1A
F4I3K4	gene_name:At1g56145
F4I7Y4	gene_name:BSK11
F4IPZ0	gene_name:At2g37035
F4J0L0	gene_name:At3g50320
F4J890	gene_name:At3g59310
F4JC74	gene_name:At3g13210
F4JJC3	gene_name:DL3556W
F4JJY3	gene_name:OXR6
F4JTD8	gene_name:At4g25770
F4K5Q4	gene_name:At5g27860
O04130	gene_name:PGDH2
O22145	gene_name:GCP1
O64776	gene_name:At1g61440
O65543	gene_name:PCMP-E7
O65707	gene_name:At4g19360
O80714	gene_name:SDR3c
O80829	gene_name:TRM13
P56783	gene_name:cemA
Q04996	gene_name:HAT3.1
Q0WMJ4	gene_name:At2g45500
Q0WR05	gene_name:At2g42730
Q1G3C0	gene_name:At2g27229
Q1PDW9	gene_name:At5g14290
Q2HIV9	gene_name:BHLH35
Q39193	gene_name:SRK2I
Q5PNU5	gene_name:At3g25160
Q5Q0B2	gene_name:At4g31960
Q6NLU2	gene_name:GRXS7
Q7X9I4	gene_name:AERO2
Q7XA73	gene_name:TIFY4A
Q84J57	gene_name:At2g38630
Q84J91	gene_name:At5g24500
Q8GXY6	gene_name:YUP8H12.12
Q8H0U8	gene_name:RH42
Q8L3W1	gene_name:VRN1
Q8LDQ8	gene_name:At5g24165
Q8RYE2	gene_name:FEX
Q8VYP8	gene_name:MYJ24.12
Q93Y31	gene_name:ARL8B
Q949M9	gene_name:GET3A
Q94BT0	gene_name:SPS1
Q9C9Z9	gene_name:ELD1
Q9FF29	gene_name:PR5K
Q9FHM4	gene_name:MAP65-3
Q9FIU1	gene_name:MRB17.13
Q9FJ93	gene_name:DREB1D
Q9FJI4	gene_name:LECRK111
Q9FJP8	gene_name:MQN23.11
Q9FJT7	gene_name:NDL1
Q9FKK2	gene_name:AGL62
Q9FKZ3	gene_name:LBD36
Q9FL13	gene_name:MSN9.9
Q9FVR9	gene_name:At1g57770
Q9FX32	gene_name:SUS6
Q9LIE1	gene_name:At3g22220
Q9LIP5	gene_name:CYP71B35
Q9LKU5	gene_name:At5g28610
Q9LM71	gene_name:FKBP18
Q9LMB0	gene_name:At1g19160
Q9LTS8	gene_name:MHM17.3
Q9LUH2	gene_name:DTX19
Q9LVR3	gene_name:At5g66670
Q9LVR5	gene_name:MCU6
Q9LX28	gene_name:F25L23_290
Q9LX46	gene_name:At3g59250
Q9LXM2	gene_name:CAF1-9
Q9LY23	gene_name:IPK2a
Q9LYQ8	gene_name:CIPK2
Q9LZA6	gene_name:SDP1
Q9M148	gene_name:At4g01200
Q9M2H4	gene_name:F14P22.10
Q9M339	gene_name:RPS3B
Q9M9M6	gene_name:At3g03070
Q9SAF4	gene_name:At1g13200
Q9SEU8	gene_name:TRXM2
Q9SFB3	gene_name:ATAB2
Q9SHQ5	gene_name:At1g28815
Q9SIT9	gene_name:NFYB7
Q9SJL6	gene_name:MEMB11
Q9SK51	gene_name:At2g24810
Q9SK53	gene_name:COL3
Q9SN35	gene_name:RABA1D
Q9STV1	gene_name:At4g24430
Q9SV20	gene_name:At4g31490
Q9SVA1	gene_name:At4g39570
Q9SVQ1	gene_name:YUC2
Q9SVS0	gene_name:At4g21770
Q9XFK7	gene_name:MFT
Q9XI97	gene_name:PEG2
Q9ZUA0	gene_name:OST1B
Q9ZVH3	gene_name:ORC6
A0A1I9LQP1	gene_name:At3g59245
A0A1P8ASM2	gene_name:At1g13825
A0A1P8AUJ0	gene_name:At1g03165
A0A1P8AVN7	gene_name:At1g66940
A0A1P8AYN3	gene_name:At2g25215
A0A1P8B1I0	gene_name:At2g10625
B3H4Y0	gene_name:At3g53065
B3H7E1	gene_name:At4g04078
F4I526	gene_name:ATRM2
F4IN23	gene_name:BZIP34
F4ISV9	gene_name:APD4
F4ITY1	gene_name:At2g38820
F4IZM8	gene_name:HULK3
F4J5D3	gene_name:At3g24080
F4J5Q3	gene_name:OEX1
F4JM19	gene_name:XI-H
F4JSL7	gene_name:TRM23
F4K005	gene_name:ATORM2
F4K0E6	gene_name:MUP24.1
F4K6W1	gene_name:At5g20870
F4K6X6	gene_name:At5g20970
F4K7Y4	gene_name:At5g01130
F4KHQ8	gene_name:NCER3
F4KIN1	gene_name:At5g33806
O04198	gene_name:At2g39950
O22842	gene_name:At2g43610
O23049	gene_name:RPL6
P24100	gene_name:CDKA-1
P82763	gene_name:LCR48
P93293	gene_name:At2g07736
Q0WTS9	gene_name:At4g07455
Q0WVU0	gene_name:At3g51320
Q17TI5	gene_name:BRX
Q1PEG5	gene_name:At3g50580
Q2NNE0	gene_name:IQD22
Q38838	gene_name:AGL14
Q42134	gene_name:PAE2
Q43309	gene_name:ACS4
Q4PSZ8	gene_name:ENODL6
Q4V3E0	gene_name:AHL7
Q570Q8	gene_name:At5g58784
Q6DUW8	gene_name:IDL5
Q6R8G7	gene_name:PHO1;H3
Q84K70	gene_name:HIPP31
Q84LK0	gene_name:MSH1
Q84RJ3	gene_name:At2g22460
Q8GXZ5	gene_name:At5g18910
Q8GY91	gene_name:APX6
Q8LC69	gene_name:ATL8
Q8LDN8	gene_name:UGE3
Q8RWT4	gene_name:At2g42710
Q93W26	gene_name:ANU7
Q944H5	gene_name:MTM1
Q94AL6	gene_name:At4g20150
Q94AS9	gene_name:CNGC4
Q94FL5	gene_name:REV7
Q94JW9	gene_name:At2g43340
Q94KE0	gene_name:ESL1
Q9C5U0	gene_name:AHK4
Q9C5X8	gene_name:ABA3
Q9C6N1	gene_name:At1g27870
Q9C9A0	gene_name:At1g71080
Q9CB03	gene_name:NPGR1
Q9FFT9	gene_name:RH32
Q9FHC7	gene_name:At5g52330
Q9FI00	gene_name:MLO11
Q9FIP0	gene_name:At5g24190
Q9FJL8	gene_name:NRPB5L1
Q9FJV1	gene_name:At5g56570
Q9FNM0	gene_name:MUSE7
Q9FYF8	gene_name:At1g67350
Q9LIJ9	gene_name:At3g22961
Q9LME2	gene_name:ZYP1A
Q9LSB4	gene_name:NAI2
Q9LT10	gene_name:CXE18
Q9LT31	gene_name:VPS9A
Q9LU97	gene_name:At3g25940
Q9LUI8	gene_name:At3g22730
Q9LVU5	gene_name:MNB8.13
Q9LX09	gene_name:T31P16_200
Q9LY17	gene_name:PME50
Q9M0U1	gene_name:ARF46
Q9M2F8	gene_name:CCR4-2
Q9M384	gene_name:SCR
Q9M8Z1	gene_name:At3g04350
Q9S7D9	gene_name:CCR1
Q9S7T8	gene_name:At1g47710
Q9SB47	gene_name:SIC
Q9SCQ4	gene_name:PEG7
Q9SJF3	gene_name:At1g08370
Q9SNC3	gene_name:FLA4
Q9SNE1	gene_name:ERF011
Q9SR44	gene_name:At1g67640
Q9SV04	gene_name:SCPL36
Q9SZG3	gene_name:VQ29
Q9T093	gene_name:CYP709B3
Q9ZRW8	gene_name:GSTU19
Q9ZVQ3	gene_name:GSTZ1
Q9ZVQ9	gene_name:PP2B7
Q9ZW95	gene_name:CYP735A2
A0A1P8APV7	gene_name:At1g55865
A0A1P8AUA6	gene_name:At1g69085
A0A1P8AV25	gene_name:At1g20720
A0A1P8B203	gene_name:At2g27313
B3H574	gene_name:At5g44065
B3H670	gene_name:At4g01671
F4HYS3	gene_name:At1g62410
F4IFY5	gene_name:ASY4
F4IKG5	gene_name:At2g22795
F4IT21	gene_name:At2g43945
F4J5Z7	gene_name:At3g01260
F4J8D3	gene_name:TPLATE
F4JGT3	gene_name:At4g07524
F4JM51	gene_name:At4g28940
F4JUA3	gene_name:At4g32370
F4JZU2	gene_name:At5g35400
F4K599	gene_name:CYP712A2
F4K5J1	gene_name:XI-K
O23188	gene_name:C7A10.390
O23344	gene_name:FDC1
O49293	gene_name:PER13
O64647	gene_name:TCP9
O64789	gene_name:At1g61310
O80783	gene_name:At2g34340
O82618	gene_name:F24G24.30
P49211	gene_name:RPL32A
P92524	gene_name:AtMg00880
Q0WKZ3	gene_name:At1g64580
Q0WMV8	gene_name:At1g07170
Q0WP12	gene_name:HOL1
Q1H5C9	gene_name:OEP24A
Q1KS79	gene_name:At2g23160
Q1PDG7	gene_name:At5g61630
Q2V2W6	gene_name:At5g60805
Q38873	gene_name:CPK7
Q39097	gene_name:ERF1-1
Q39100	gene_name:extA
Q39142	gene_name:LHB1B1
Q3EBY6	gene_name:MCA2
Q42404	gene_name:RNU1
Q43873	gene_name:PER73
Q4PSZ5	gene_name:At1g51410
Q5BPG9	gene_name:At5g53220
Q5XF75	gene_name:EFTS
Q5XUX6	gene_name:RMI1
Q5XVB0	gene_name:At3g46750
Q680B9	gene_name:PRORP2
Q6GKW8	gene_name:At1g02290
Q8GTS2	gene_name:BZIP23
Q8GUN5	gene_name:PHL1
Q8GWP5	gene_name:PYRD
Q8GWS0	gene_name:GRXC5
Q8L3R2	gene_name:CML41
Q8L968	gene_name:At4g13720
Q8LA14	gene_name:PSK6
Q8LCT6	gene_name:At1g24210
Q8LEM7	gene_name:CBL3
Q8LFP9	gene_name:ABA4
Q8RWK2	gene_name:MPF21.15
Q8RYC3	gene_name:At2g33845
Q8VY07	gene_name:EPSIN1
Q8VZR3	gene_name:At1g45010
Q93W93	gene_name:At1g55270
Q940T5	gene_name:DURF2
Q944I5	gene_name:NF-YB12
Q94BZ7	gene_name:GYRBM
Q9C7F8	gene_name:ABCB13
Q9C9S1	gene_name:At1g78110
Q9CA46	gene_name:BZIP8
Q9CA69	gene_name:ROH1D
Q9CAA7	gene_name:PUB42
Q9CAK4	gene_name:ROH1A
Q9FFW8	gene_name:TSBTYPE2
Q9FH21	gene_name:DTX55
Q9FM06	gene_name:MQB2.22
Q9FN45	gene_name:MYJ24.9
Q9FNJ8	gene_name:ADT5
Q9FPW6	gene_name:POB1
Q9LDF2	gene_name:LOH1
Q9LIN0	gene_name:At3g26450
Q9LKG8	gene_name:NAC091
Q9LKW9	gene_name:NHX7
Q9LNX4	gene_name:SMR5
Q9LS47	gene_name:At3g18430
Q9LVM9	gene_name:YKT62
Q9LW15	gene_name:COX5B-1
Q9LX44	gene_name:F25L23_130
Q9LXH7	gene_name:F14D17_50
Q9LYC0	gene_name:T20O10_120
Q9M085	gene_name:RAF28
Q9M0S0	gene_name:MED20B
Q9M332	gene_name:F5K20_250
Q9M336	gene_name:UPP
Q9SK37	gene_name:At2g24960
Q9SUX9	gene_name:At4g22400
Q9T014	gene_name:SPA2
Q9T042	gene_name:PDIL5-4
Q9XIA5	gene_name:At1g49390
Q9ZUA3	gene_name:MAP70.3
Q9ZUS1	gene_name:At2g37460
A0A1I9LPG2	gene_name:At3g44769
A0A1P8AMQ7	gene_name:At1g23915
A0A1P8AN84	gene_name:At1g65735
A0A1P8B2M8	gene_name:At2g07674
A8MRU6	gene_name:PROSCOOP11
B3H5J5	gene_name:At2g23321
F4HQD3	gene_name:At1g79915
F4HSY7	gene_name:At1g27570
F4HV91	gene_name:At1g54230
F4HYM3	gene_name:At1g54950
F4IB55	gene_name:At1g43415
F4ICF4	gene_name:RBL10
F4IHD3	gene_name:At2g05790
F4IQ85	gene_name:CARK6
F4IS71	gene_name:At2g02960
F4JC28	gene_name:At3g36659
F4JJ97	gene_name:At4g09012
O04904	gene_name:PYR4
O22719	gene_name:At1g61270
O22890	gene_name:At2g40450
O24495	gene_name:GLX2-1
O49362	gene_name:At4g32290
O65704	gene_name:CTG10
O80926	gene_name:SLT1
O82268	gene_name:LSH3
P62109	gene_name:psbM
P92528	gene_name:AtMg00910
Q1JPL7	gene_name:PME18
Q1PDI2	gene_name:DGK4
Q24JK4	gene_name:XRCC1
Q38854	gene_name:DXS
Q39128	gene_name:KAT1
Q3E9W6	gene_name:SPH20
Q3ED23	gene_name:At1g33710
Q43348	gene_name:BFRUCT3
Q7X9B9	gene_name:NLP2
Q84KJ5	gene_name:CRYD
Q84TD5	gene_name:At5g27400
Q8GUN2	gene_name:HINT1
Q8GWB3	gene_name:At3g05280
Q8GXM1	gene_name:At2g16586
Q8GZA1	gene_name:At2g47820
Q8H0X5	gene_name:MTG13.11
Q8H0Z8	gene_name:MIK19.26
Q8L633	gene_name:TRZ2
Q8L7W8	gene_name:FUC95A
Q8LDS4	gene_name:NAKR1
Q8RUZ5	gene_name:At2g40435
Q8S8N7	gene_name:At2g23945
Q8S8T8	gene_name:PCR10
Q8VWG0	gene_name:BZIP52
Q8VY63	gene_name:At4g07390
Q8VYZ1	gene_name:At1g33050
Q8VZ16	gene_name:At5g20390
Q93Z58	gene_name:At1g22140
Q940Y3	gene_name:ARID3
Q94AG2	gene_name:SERK1
Q94JT5	gene_name:CYCLASE2
Q96293	gene_name:ACT8
Q9C6K3	gene_name:DF1
Q9C6S7	gene_name:At1g31850
Q9C7D7	gene_name:At3g12180
Q9C865	gene_name:SH3P1
Q9CAR0	gene_name:NAC032
Q9FH82	gene_name:PAE11
Q9FI36	gene_name:MDN11.10
Q9FJ69	gene_name:MTE17.12
Q9FJ98	gene_name:NRPB6A
Q9FLJ6	gene_name:At5g61370
Q9FLR7	gene_name:MBK20.8
Q9FNI7	gene_name:CSLA2
Q9FUG4	gene_name:XPB2
Q9LE33	gene_name:HPR3
Q9LF54	gene_name:CML29
Q9LFL9	gene_name:DXPS3
Q9LFT6	gene_name:HNL
Q9LK58	gene_name:At3g13150
Q9LRJ9	gene_name:CRRSP38
Q9LU92	gene_name:GT-4
Q9LW80	gene_name:At3g16070
Q9LZI4	gene_name:F26K9_240
Q9M1X4	gene_name:ASK5
Q9M2U5	gene_name:EP3
Q9M386	gene_name:NHL39
Q9M841	gene_name:PEX12
Q9M8X1	gene_name:At3g04150
Q9M9F0	gene_name:VQ9
Q9M9L7	gene_name:LON4
Q9MBG7	gene_name:At3g28980
Q9S972	gene_name:SD16
Q9S9N4	gene_name:MRS2-1
Q9SF38	gene_name:HCF152
Q9SIK4	gene_name:DRTS3
Q9SJ76	gene_name:ATFDB10
Q9SJW1	gene_name:At2g01050
Q9SK03	gene_name:RAP2-7
Q9STF5	gene_name:T6H20.160
Q9T0K8	gene_name:CORD3
Q9ZUB5	gene_name:At1g23810
Q9ZVA1	gene_name:At1g78820
A0A1I9LNT0	gene_name:At3g18775
A0A1I9LNY7	gene_name:At3g25493
A0A1P8ANL4	gene_name:At1g68937
A0A1P8B9R1	gene_name:NAC099
A1A6K6	gene_name:NSRA
B3H4H0	gene_name:At1g55205
B3H555	gene_name:At4g30097
B3H566	gene_name:At1g30972
B9DG97	gene_name:At1g24350
C0SUT9	gene_name:JMJ16
F4HUV0	gene_name:At1g28000
F4IC62	gene_name:At1g12244
F4IDS9	gene_name:At1g12490
F4IFD7	gene_name:At2g04910
F4IG33	gene_name:At2g40004
F4IGM0	gene_name:At2g21350
F4IPF5	gene_name:At2g02023
F4IR05	gene_name:At2g37700
F4K253	gene_name:MUD21.8
F4K6Z1	gene_name:At5g21080
O22755	gene_name:ATL44
O23120	gene_name:F10G19.2
O24409	gene_name:IAA19
O48727	gene_name:At2g26600
O49698	gene_name:At4g17990
O64613	gene_name:MSF3.21
O80793	gene_name:At2g07760
O81831	gene_name:KRP1
P0CH31	gene_name:At1g43140
P0CW97	gene_name:PCR3
P15455	gene_name:CRA1
P25851	gene_name:CFBP1
P56802	gene_name:rps11
Q1PE65	gene_name:At4g19740
Q1PER6	gene_name:APX2
Q1PEW0	gene_name:At2g37880
Q42534	gene_name:PME2
Q56Y48	gene_name:At1g31990
Q6NNI6	gene_name:ZP1
Q6NPP4	gene_name:CAMTA2
Q6NQ43	gene_name:At5g24980
Q6NQ80	gene_name:At1g30860
Q8GWI1	gene_name:At5g12320
Q8GYX9	gene_name:WDL1
Q8H1R3	gene_name:TBL24
Q8L9B5	gene_name:At4g16442
Q8LB29	gene_name:At5g63905
Q8RUI8	gene_name:MKD15.6
Q8RY73	gene_name:DXO1
Q8S8E6	gene_name:At2g04675
Q8S9K1	gene_name:At1g23880
Q8W103	gene_name:CHR24
Q93Y22	gene_name:At5g05010
Q93Z82	gene_name:At1g31300
Q949P1	gene_name:CYP707A1
Q949Y3	gene_name:PAP26
Q94C57	gene_name:UGT73B2
Q9C597	gene_name:RAD7C
Q9C5K0	gene_name:At1g70160
Q9C6D7	gene_name:T32G9.39
Q9CAH0	gene_name:MORF7
Q9CAT5	gene_name:At1g73210
Q9FF18	gene_name:CYP735A1
Q9FHI7	gene_name:At5g45490
Q9FI59	gene_name:At5g50890
Q9FID6	gene_name:At5g39020
Q9FIH9	gene_name:CML37
Q9FKQ3	gene_name:At5g65350
Q9FM00	gene_name:MUL8.1
Q9FN35	gene_name:At5g53910
Q9FNA4	gene_name:ELP1
Q9FWA5	gene_name:At3g02340
Q9LE85	gene_name:At4g11540
Q9LF41	gene_name:PUB1
Q9LFP6	gene_name:PIN8
Q9LIB2	gene_name:PHS1
Q9LPK5	gene_name:CML44
Q9LQX4	gene_name:DOF1.3
Q9LRP6	gene_name:At3g15590
Q9LS48	gene_name:SG1
Q9LSY5	gene_name:UGT71B7
Q9LT82	gene_name:MPC
Q9LYL9	gene_name:At3g56230
Q9LZY4	gene_name:At3g60790
Q9M1Z5	gene_name:MPK10
Q9MA15	gene_name:ABC1K3
Q9SF20	gene_name:F26K24.7
Q9SHV1	gene_name:GLR2.2
Q9SJ84	gene_name:FIM4
Q9SJA7	gene_name:At2g24580
Q9SJJ3	gene_name:BLH8
Q9SSE9	gene_name:JMJ25
Q9SU30	gene_name:CPR1
Q9SV13	gene_name:SULTR3;1
Q9SYM4	gene_name:TPS1
Q9SZ58	gene_name:BAT1
Q9SZU2	gene_name:At4g37420
Q9ZUD0	gene_name:F5O8.20
Q9ZVA2	gene_name:At1g78830
Q9ZVD7	gene_name:CYP705A8
A0A1I9LPZ1	gene_name:At3g50370
A0A1P8ANB3	gene_name:At1g64010
A0A1P8ARU2	gene_name:At1g47845
A0A1P8AVE4	gene_name:At1g22980
A0A1P8B397	gene_name:At4g11390
A0A1P8B5D8	gene_name:At4g38550
A0A1P8B9R0	gene_name:NOT3
A0A1P8BC53	gene_name:At5g10435
A0A1P8BDT1	gene_name:At5g28345
A0A1P8BHA8	gene_name:At5g66050
A8MQF4	gene_name:At1g45221
B3H5L8	gene_name:At2g28426
F4I232	gene_name:At1g63420
F4I983	gene_name:At1g24300
F4I9V7	gene_name:At1g65200
F4IBA0	gene_name:At1g52110
F4IRM4	gene_name:PHOX1
F4IYH7	gene_name:At3g02900
F4J0F5	gene_name:At3g28870
F4JEW3	gene_name:At3g27030
F4JGJ8	gene_name:At4g07675
F4JV81	gene_name:At4g32920
F4K2U6	gene_name:At5g27170
O22257	gene_name:At2g47540
O22900	gene_name:WRKY23
O23373	gene_name:FH3
O48814	gene_name:BIK1
O64495	gene_name:SBT1.2
O65547	gene_name:At4g31030
O65655	gene_name:At4g39680
O80386	gene_name:CIP7
O82593	gene_name:NAC067
P0C899	gene_name:PCMP-H77
P29513	gene_name:TUBB5
P49572	gene_name:IGPS
P60839	gene_name:At1g12290
Q05085	gene_name:NPF6.3
Q2V477	gene_name:At2g19893
Q37165	gene_name:ndhA
Q3E8G0	gene_name:At5g46115
Q3E984	gene_name:AGO8
Q501G7	gene_name:CRSH
Q683D5	gene_name:PUB37
Q84JM6	gene_name:At2g25310
Q84LG2	gene_name:BZIP68
Q84LG4	gene_name:At3g09800
Q84W54	gene_name:CSLA1
Q8GY70	gene_name:At3g10120
Q8H0X4	gene_name:MFC19.10
Q8H130	gene_name:At1g65295
Q8H1D7	gene_name:GTE5
Q8LJT8	gene_name:TKI1
Q8RV72	gene_name:At2g11270
Q8RV83	gene_name:ARF70
Q8RWW3	gene_name:MTG10.5
Q8RX83	gene_name:CSLB3
Q8RXY0	gene_name:At3g63330
Q8SAA5	gene_name:COPT4
Q8SAB7	gene_name:SPK1
Q8VX13	gene_name:PDIL1-3
Q93WI1	gene_name:At1g32920
Q940G8	gene_name:DA2L
Q940J7	gene_name:At4g40045
Q949U2	gene_name:PHL6
Q949U4	gene_name:OFUT16
Q94BP7	gene_name:AUG6
Q9C7P2	gene_name:EIF4E2
Q9C877	gene_name:At1g33290
Q9C878	gene_name:BRN1
Q9C8G5	gene_name:OSCA3.1
Q9C9B4	gene_name:At1g73930
Q9C9G2	gene_name:AEE22
Q9FE06	gene_name:EXL2
Q9FHB3	gene_name:FIB3
Q9FHI4	gene_name:MFC19.19
Q9FJB4	gene_name:GPC1
Q9FJQ5	gene_name:EIL5
Q9FLJ2	gene_name:NAC100
Q9FYC1	gene_name:CHX4
Q9FYR6	gene_name:OVA6
Q9LD84	gene_name:ATA20
Q9LDK1	gene_name:MJK13.14
Q9LE44	gene_name:SMP1
Q9LFG9	gene_name:F4P12_190
Q9LFT9	gene_name:RABH1E
Q9LK41	gene_name:At3g23770
Q9LQ54	gene_name:At1g59620
Q9LRZ3	gene_name:APUM24
Q9LS22	gene_name:ALMT14
Q9LSW8	gene_name:ETFB
Q9LVI4	gene_name:TIFY6B
Q9M2C8	gene_name:At3g61360
Q9SAC0	gene_name:Z-ISO
Q9SCP2	gene_name:At3g53190
Q9SD07	gene_name:SSL4
Q9SH66	gene_name:DIR5
Q9SSA8	gene_name:RAP2-12
Q9ZS91	gene_name:MSRB5
Q9ZVM9	gene_name:At1g54610
Q9ZVT9	gene_name:At1g03370
A0A178UQR8	gene_name:At5g50443
A0A178V165	gene_name:MTERF26
A0A178VQE8	gene_name:At2g25297
A0A1P8AU44	gene_name:At1g02067
A0A1P8B423	gene_name:At4g36795
A2RVU4	gene_name:At4g08910
B3H7D9	gene_name:At2g23067
C0LGW6	gene_name:ERL1
F4HSA3	gene_name:At1g01355
F4HVV7	gene_name:NOT1
F4HWR0	gene_name:At1g47980
F4I9A2	gene_name:TNO1
F4I9C1	gene_name:At1g31310
F4I9G9	gene_name:At1g42525
F4IFM0	gene_name:At2g20950
F4IGA5	gene_name:NUP133
F4IXC9	gene_name:At3g14860
F4J4N6	gene_name:ECAP
F4J738	gene_name:At3g59020
F4JCM1	gene_name:At3g33293
F4JJE5	gene_name:PAC2
F4JWT7	gene_name:DNMT2
O04482	gene_name:UCH2
O04540	gene_name:At1g70040
O22622	gene_name:DAD2
O23156	gene_name:CYP81D5
O48526	gene_name:At2g42190
O64632	gene_name:At2g45520
O80345	gene_name:CDKF-1
O80532	gene_name:At1g09490
O81015	gene_name:At2g26920
P42804	gene_name:HEMA1
P59833	gene_name:At5g19250
P93743	gene_name:At2g42040
Q2PE59	gene_name:LTPG26
Q2V3K5	gene_name:At4g08868
Q56XC6	gene_name:MBK23.23
Q5RM09	gene_name:At1g05920
Q66GJ0	gene_name:ENF2
Q66WT5	gene_name:SGR2
Q84TG1	gene_name:RH57
Q8GWL1	gene_name:HSA32
Q8GY58	gene_name:At4g39000
Q8H1S7	gene_name:JMJ28
Q8L5Z7	gene_name:SNX2A
Q8RYD9	gene_name:TT16
Q8S8K8	gene_name:CV
Q8VYS5	gene_name:TBL18
Q8VYY5	gene_name:NCRK
Q8VZC8	gene_name:At1g07280
Q8W4S6	gene_name:CWINV6
Q93ZE2	gene_name:TGA7
Q94F40	gene_name:At1g28600
Q94ID2	gene_name:IPT5
Q95748	gene_name:NAD9
Q9C6F6	gene_name:At1g58120
Q9C9G5	gene_name:At1g68300
Q9CAS2	gene_name:At1g69890
Q9FF95	gene_name:MRO11.11
Q9FIE3	gene_name:VIN3
Q9FII7	gene_name:SMC6B
Q9FIP9	gene_name:MYC3
Q9FJB8	gene_name:GRF7
Q9FLH5	gene_name:AGL72
Q9FMS0	gene_name:MWD9.11
Q9FNA3	gene_name:NAGLU
Q9FX89	gene_name:At1g49610
Q9FX99	gene_name:At1g49730
Q9LF46	gene_name:HACL
Q9LFF4	gene_name:F4P12_370
Q9LFW3	gene_name:COBL4
Q9LHE9	gene_name:VIII-1
Q9LM92	gene_name:SMD3B
Q9LS54	gene_name:VQ20
Q9LT92	gene_name:MJM18.3
Q9LTF5	gene_name:At5g52620
Q9LTS7	gene_name:EMB1789
Q9LU08	gene_name:PROSCOOP10
Q9LUW3	gene_name:ATFDB21
Q9LVT4	gene_name:At5g47250
Q9LX79	gene_name:F12M12_130
Q9M0M2	gene_name:ABCB9
Q9M0W0	gene_name:At4g05350
Q9M2U8	gene_name:T12E18_80
Q9M9S4	gene_name:At1g14390
Q9SA25	gene_name:WAKL8
Q9SFX3	gene_name:OST1A
Q9SJ81	gene_name:FLA7
Q9SJQ4	gene_name:At2g36540
Q9SRE7	gene_name:CML39
Q9SRR7	gene_name:CML3
Q9SRS1	gene_name:F21O3.16
Q9SRY6	gene_name:GSTF5
Q9SZR7	gene_name:At4g29970
Q9XF50	gene_name:PIT1
Q9XGZ0	gene_name:NADP-ME3
Q9XIF5	gene_name:At1g59725
Q9XIR4	gene_name:APO1
Q9ZV80	gene_name:At2g07120
Q9ZW26	gene_name:GSTU6
A0A1P8AYI7	gene_name:At2g14395
A8MQK2	gene_name:At5g36370
A8MRK9	gene_name:RPC14
B3H742	gene_name:At4g21902
B9DFZ0	gene_name:NTH2
C0LGX3	gene_name:HSL2
F4I3V3	gene_name:LRK10L-1.5
F4I6V0	gene_name:RAY1
F4J1U2	gene_name:BFA1
F4J2K2	gene_name:FPGS2
F4JCI2	gene_name:At3g26360
F4JLQ2	gene_name:DL4130C
F4K0T3	gene_name:MJJ3.13
F4KBF5	gene_name:TK1B
O23305	gene_name:At4g14490
O49733	gene_name:At4g18300
O64792	gene_name:At1g61280
O65041	gene_name:ECR1
O65697	gene_name:At4g19260
O80920	gene_name:PYL4
O81067	gene_name:At2g28970
O81296	gene_name:At4g02370
O82772	gene_name:BGLU25
P40228	gene_name:CKB1
P47735	gene_name:RLK5
P54968	gene_name:ILR1
P56775	gene_name:petG
P82761	gene_name:LCR46
P93310	gene_name:AtMg00550
Q0WUC5	gene_name:ALB3L3
Q29PT3	gene_name:BZIP5
Q2V4J8	gene_name:At1g31772
Q39112	gene_name:GA20OX3
Q3EAE7	gene_name:At4g00232
Q3ECT0	gene_name:At1g50340
Q4PSY2	gene_name:SCPL32
Q680Q4	gene_name:SIZ1
Q6GKX7	gene_name:GASA12
Q6NKX5	gene_name:POT1B
Q6NNI8	gene_name:SAP1
Q6NQH4	gene_name:TAF13
Q7X9V2	gene_name:PIE1
Q84R08	gene_name:At3g21210
Q84WP6	gene_name:NAC043
Q8GYA5	gene_name:At3g15518
Q8LK93	gene_name:PCMP-H26
Q8S8N0	gene_name:CLE4
Q8VY93	gene_name:At4g26790
Q8VYS4	gene_name:At1g27470
Q8VYW7	gene_name:At5g16210
Q8W460	gene_name:At2g19160
Q8W4E9	gene_name:At4g30060
Q93YN8	gene_name:REM4.1
Q94AF7	gene_name:PFD1
Q94JR6	gene_name:At3g59930
Q9C6S5	gene_name:At1g31830
Q9C7Y9	gene_name:At1g47970
Q9C869	gene_name:At1g31400
Q9FHM3	gene_name:At5g51610
Q9FIP7	gene_name:MZA15.20
Q9FL80	gene_name:EXPA22
Q9FLF9	gene_name:MUB3.11
Q9FNN0	gene_name:MAH20.14
Q9FRL8	gene_name:DHAR2
Q9FVU0	gene_name:CYB
Q9FWT4	gene_name:At1g75460
Q9LFR7	gene_name:CXE17
Q9LIF9	gene_name:BGLU19
Q9LJR6	gene_name:PCMP-E96
Q9LMH0	gene_name:KTI12
Q9LMM4	gene_name:At1g01570
Q9LPG3	gene_name:MSL4
Q9LQY3	gene_name:At1g26690
Q9LSP8	gene_name:CAMTA6
Q9LU78	gene_name:MUL3.2
Q9LW60	gene_name:At3g23360
Q9LX45	gene_name:At3g59260
Q9LXI4	gene_name:PAP21
Q9LZ56	gene_name:DOF5.1
Q9M0Q5	gene_name:At4g09360
Q9M171	gene_name:NPF2.1
Q9M277	gene_name:F21F14.40
Q9M2F9	gene_name:RH52
Q9M2V7	gene_name:ABCG16
Q9M667	gene_name:RPP13
Q9M8L4	gene_name:GLPK
Q9SAI6	gene_name:At1g80720
Q9SD45	gene_name:F24M12.40
Q9SGV6	gene_name:At1g64590
Q9SJR4	gene_name:At2g36410
Q9SK67	gene_name:ERF120
Q9SL05	gene_name:PGR5
Q9SL41	gene_name:NAC037
Q9SL65	gene_name:ASK17
Q9SS53	gene_name:At1g65070
Q9SVA7	gene_name:CYP96A12
Q9SZV2	gene_name:At4g29990
Q9XI80	gene_name:FUT6
Q9ZU13	gene_name:JAL13
Q9ZVE7	gene_name:CRR3
A0A1I9LPS6	gene_name:At3g25880
A0A1P8AMD1	gene_name:At1g05005
A0A1P8AQ87	gene_name:At1g27610
A0A1P8B188	gene_name:At2g42865
A0A1P8B5J9	gene_name:At4g27845
A0A1P8BGF0	gene_name:RRP7
B3H5V2	gene_name:At2g14692
B3H7I7	gene_name:At2g29263
F4HR00	gene_name:At1g19970
F4I0U4	gene_name:At1g03240
F4I7Y8	gene_name:At1g51030
F4IHL3	gene_name:MTERF2
F4IL89	gene_name:At2g07676
F4JHJ3	gene_name:At4g02465
F4JQJ7	gene_name:At4g36945
F4K2D3	gene_name:MBL20.7
F4K8P3	gene_name:At5g37960
F4KAF2	gene_name:MORC4
F4KH89	gene_name:SRS8
O22174	gene_name:ERF008
O24520	gene_name:AHB1
O49429	gene_name:MORF1
O49680	gene_name:PCMP-E2
O82347	gene_name:At2g46220
O82782	gene_name:HISN3
P0C7P7	gene_name:UGT74E1
P42339	gene_name:VPS34
P42814	gene_name:RNS2
P46667	gene_name:ATHB-5
P82749	gene_name:LCR34
P93301	gene_name:AtMg00450
Q058P6	gene_name:CLT1
Q08298	gene_name:RD22
Q0V7V2	gene_name:PP2C42
Q1G3B4	gene_name:At3g03341
Q1G3K1	gene_name:At4g03566
Q39127	gene_name:TINY
Q3E7N2	gene_name:At3g49305
Q42262	gene_name:RPS3AB
Q501B3	gene_name:At5g61865
Q56Y90	gene_name:At1g43666
Q5BQ04	gene_name:TET16
Q84WJ2	gene_name:At1g67320
Q84X02	gene_name:At2g26860
Q8H1E6	gene_name:OFUT9
Q8L710	gene_name:CRK17
Q8LCC6	gene_name:At5g06265
Q8VZ37	gene_name:At3g50860
Q8W4R7	gene_name:At1g76620
Q93Z55	gene_name:At3g58470
Q93ZX1	gene_name:RFC4
Q94HV7	gene_name:SPL1
Q9C7V1	gene_name:F15H21.15
Q9C7X2	gene_name:At1g56460
Q9C942	gene_name:CSE
Q9CA68	gene_name:At1g74460
Q9CA98	gene_name:F19K16.7
Q9FF90	gene_name:RPL13D
Q9FHU1	gene_name:MNJ8.2
Q9FI71	gene_name:At5g48990
Q9FKZ4	gene_name:MUD21.12
Q9FNE0	gene_name:At5g40382
Q9LDH3	gene_name:At1g12500
Q9LE54	gene_name:SP1L2
Q9LF45	gene_name:At5g17390
Q9LHE3	gene_name:ASPG2
Q9LPS8	gene_name:UGT79B5
Q9LSP1	gene_name:PME67
Q9LSY0	gene_name:ASK7
Q9LVH5	gene_name:OEP64
Q9LXK2	gene_name:F3C22_20
Q9LYQ7	gene_name:At5g07080
Q9M065	gene_name:At4g36680
Q9M098	gene_name:At4g30620
Q9M1Q8	gene_name:T17J13.120
Q9M373	gene_name:AGP20
Q9M3A8	gene_name:EMB1796
Q9MA74	gene_name:SDC
Q9MA79	gene_name:CYFBP
Q9S9N7	gene_name:At1g15970
Q9SB79	gene_name:REM4
Q9SBA5	gene_name:ITPK1
Q9SF40	gene_name:RPL4A
Q9SJM0	gene_name:CALS10
Q9SQT4	gene_name:At3g06310
Q9SRH5	gene_name:VDAC1
Q9SSP4	gene_name:At1g72820
Q9SSR2	gene_name:At1g52600
Q9STM3	gene_name:REF6
Q9STY6	gene_name:RPS20B
Q9SX54	gene_name:At1g50390
Q9SYF2	gene_name:F15I1.4
Q9SYJ4	gene_name:RFS4
Q9SZK4	gene_name:At4g38040
Q9XI82	gene_name:F7A19.14
Q9ZQ99	gene_name:UGT73C1
Q9ZQE3	gene_name:At2g15710
Q9ZUL5	gene_name:ETL1
Q9ZUP8	gene_name:At2g12290
Q9ZVA4	gene_name:At1g78850
A0A1P8AQA9	gene_name:At1g68723
A0A1P8AW78	gene_name:At1g47695
A0A1P8AZZ2	gene_name:At2g36290
A0A1P8B2L4	gene_name:At2g25460
A0A1P8B4Y3	gene_name:CYP96A11
B3H615	gene_name:ING2
B3H686	gene_name:At3g59490
F4IJ79	gene_name:TAC1
F4ISE1	gene_name:RALFL12
F4IYM6	gene_name:At3g09100
F4J0N6	gene_name:At3g50540
F4JBU0	gene_name:At3g60440
F4JIK2	gene_name:ACA4
F4JTN2	gene_name:LAZ1
F4K723	gene_name:At5g28190
O22690	gene_name:At1g04340
O22798	gene_name:NAC041
O23119	gene_name:T26J12.17
O49434	gene_name:AAH
O82281	gene_name:BRXL1
O82647	gene_name:PDC1
P0CAY7	gene_name:At1g47320
P25856	gene_name:GAPA1
P43273	gene_name:TGA2
P46640	gene_name:KNAT2
P49637	gene_name:RPL27AC
P59233	gene_name:RPS27AC
P61430	gene_name:ZYP1B
Q1G3Y8	gene_name:At1g55207
Q1HDT2	gene_name:CHX24
Q1PDF5	gene_name:At5g66970
Q38834	gene_name:RPP13L4
Q3EB68	gene_name:At3g13674
Q42453	gene_name:ZAT7
Q4V389	gene_name:PCMP-E24
Q500W8	gene_name:At1g26520
Q52QU1	gene_name:ERF042
Q5PP32	gene_name:At3g45870
Q67YR4	gene_name:At5g22050
Q6DBH0	gene_name:APD2
Q84UV0	gene_name:TPS14
Q84WV6	gene_name:MORC1
Q8GXC5	gene_name:At1g75560
Q8GZ20	gene_name:CYP81G1
Q8L7N8	gene_name:ZFN3
Q8LB60	gene_name:CYCU3-1
Q8LGG8	gene_name:At3g01520
Q8RW95	gene_name:MBB18.24
Q8RWT0	gene_name:LUP2
Q8RX66	gene_name:NEK3
Q8S8I3	gene_name:At2g20835
Q8S9J8	gene_name:At4g32285
Q8VZ55	gene_name:RPL35
Q93YW4	gene_name:MBB18.15
Q94B60	gene_name:CLPP4
Q94C49	gene_name:PAT13
Q94K48	gene_name:At3g62530
Q96502	gene_name:COL2
Q9ASQ5	gene_name:CRCK3
Q9C653	gene_name:At1g58525
Q9C6T2	gene_name:PCMP-H11
Q9C768	gene_name:UGT76B1
Q9CAM2	gene_name:At1g63205
Q9FG96	gene_name:LOTR1
Q9FJX9	gene_name:DAR7
Q9FLZ9	gene_name:PCMP-E16
Q9FN77	gene_name:At5g17740
Q9FY94	gene_name:SWEET15
Q9FYF4	gene_name:At1g67390
Q9LFJ5	gene_name:At5g17080
Q9LFT5	gene_name:EPFL1
Q9LG02	gene_name:HMGB11
Q9LHB9	gene_name:PER32
Q9LHJ4	gene_name:At3g29300
Q9LJU7	gene_name:PAP18
Q9LJZ2	gene_name:CYP705A15
Q9LKU3	gene_name:T32B20.g
Q9LNW6	gene_name:At1g07460
Q9LPK8	gene_name:At1g21510
Q9LRZ4	gene_name:At3g16800
Q9LS00	gene_name:HHO1
Q9LS06	gene_name:ARF14
Q9LTM1	gene_name:CYP71B22
Q9LTR0	gene_name:At3g20340
Q9LTT9	gene_name:VCR
Q9LV03	gene_name:GLT1
Q9LVT8	gene_name:RGGC
Q9LW88	gene_name:NUP50B
Q9LXX6	gene_name:SEC15A
Q9LYT7	gene_name:SSU3
Q9LZT0	gene_name:At3g46030
Q9LZT8	gene_name:F16L2_130
Q9M2T9	gene_name:OVA1
Q9S7D1	gene_name:DGD1
Q9S9N2	gene_name:T24D18.13
Q9SMN1	gene_name:GAMMACAL2
Q9SV06	gene_name:F4F15.90
Q9T0J6	gene_name:At4g38890
Q9XIP8	gene_name:CDI
Q9ZUN5	gene_name:TET2
A0A1I9LPY2	gene_name:At3g53075
A0A1P8AW93	gene_name:At1g42615
A0A1P8AZJ4	gene_name:At2g38780
A0A1P8B2B4	gene_name:At2g07633
A0A1P8BCK8	gene_name:At5g32670
A2RVN2	gene_name:SAB1
B3H5J9	gene_name:At1g53541
B3H6V4	gene_name:At2g24683
B3H6Z2	gene_name:At1g47271
F4HPF4	gene_name:At1g32975
F4HTT6	gene_name:CYP26-2
F4IJJ8	gene_name:At2g22530
F4IV99	gene_name:CHR5
F4JJC8	gene_name:At4g15056
F4JMK5	gene_name:At4g16745
F4JQZ7	gene_name:At4g24610
F4JXB6	gene_name:MGN6.11
F4JY67	gene_name:At5g25600
F4KFR6	gene_name:At5g24200
F4KHI4	gene_name:At5g46530
O04324	gene_name:T02O04.18
O22874	gene_name:EXPA8
O23553	gene_name:BAM3
O49354	gene_name:COQ3
O49472	gene_name:INDH
O49613	gene_name:HIPP25
O65924	gene_name:At2g19210
O81821	gene_name:HSFA1B
P11832	gene_name:NIA1
P37107	gene_name:FFC
P82625	gene_name:SCRL6
P82631	gene_name:SCRL12
Q05153	gene_name:SSRP1
Q0WL44	gene_name:NAMT1
Q0WQN4	gene_name:RABA6B
Q0WV90	gene_name:TPR1
Q0WW17	gene_name:RWA2
Q1PET6	gene_name:ICMEL2
Q39008	gene_name:MEKK1
Q39190	gene_name:PRL2
Q42384	gene_name:PRL1
Q42403	gene_name:TRX3
Q58P71	gene_name:CHX8
Q5HZ38	gene_name:GRIK2
Q6DBN0	gene_name:At3g58130
Q6NKX3	gene_name:At2g04230
Q84JS8	gene_name:At2g38790
Q84MC0	gene_name:At3g06035
Q8H1E2	gene_name:At5g58330
Q8H1F3	gene_name:BTZ2
Q8L403	gene_name:PCP1
Q8L8S0	gene_name:MTI20.11
Q8L9E3	gene_name:MAF19.16
Q8L9S3	gene_name:GRXC6
Q8RWL0	gene_name:E2FF
Q8VZJ5	gene_name:At5g23575
Q8W4D6	gene_name:HCF173
Q940T0	gene_name:BDR2
Q944J0	gene_name:At2g22425
Q94JM3	gene_name:ARF2
Q95695	gene_name:ndhG
Q9C5E8	gene_name:SDH7A
Q9C6B3	gene_name:GAMMACA2
Q9C6B6	gene_name:HRD3B
Q9C7H3	gene_name:At1g72100
Q9C8C1	gene_name:LCV2
Q9CA15	gene_name:At1g77790
Q9FFT0	gene_name:At5g41500
Q9FG74	gene_name:D6PK
Q9FLC6	gene_name:ATL73
Q9FLP3	gene_name:Mge1
Q9FNH2	gene_name:MHF15.12
Q9FZD4	gene_name:At1g26500
Q9LD57	gene_name:PGK1
Q9LJ64	gene_name:PEX1
Q9LMC0	gene_name:At1g19086
Q9LNQ6	gene_name:At1g17490
Q9LPJ1	gene_name:At1g32730
Q9LPJ7	gene_name:At1g32660
Q9LS09	gene_name:ASF1B
Q9LUC7	gene_name:At3g14670
Q9LV59	gene_name:At3g24490
Q9LV80	gene_name:MXK3.21
Q9LY09	gene_name:GRP17
Q9M203	gene_name:EXPB5
Q9M2M0	gene_name:BG1
Q9M8X2	gene_name:SNRNP48
Q9M9R3	gene_name:At1g14500
Q9S9T8	gene_name:T32N4.7
Q9SA52	gene_name:CSP41B
Q9SA76	gene_name:EMB2279
Q9SHY3	gene_name:At1g65720
Q9SI64	gene_name:ADC1
Q9SIY3	gene_name:TTM3
Q9SN20	gene_name:At3g49980
Q9SU70	gene_name:T17F15.60
Q9SZE4	gene_name:VPS32.2
Q9XFM6	gene_name:MSBP1
Q9XI12	gene_name:AUXILIN-LIKE3
Q9ZU26	gene_name:At1g51970
A0A178V5Q1	gene_name:At3g21305
A0A178VM33	gene_name:At3g02245
A0A1P8BDU6	gene_name:At5g21950
A0JPZ8	gene_name:At1g79700
A8MR74	gene_name:At2g32785
B3H562	gene_name:At5g10336
B3H6P1	gene_name:At4g09649
F4HSU3	gene_name:OFUT6
F4HUN7	gene_name:At1g20740
F4HWQ7	gene_name:At1g35170
F4IN63	gene_name:ALKBH10A
F4J8C6	gene_name:VIP1
F4JH53	gene_name:FDM2
F4JT92	gene_name:At4g19610
F4K087	gene_name:MIF21.13
O22921	gene_name:WRKY25
O24629	gene_name:SIGA
O64700	gene_name:UREG
O65376	gene_name:At1g12030
O80439	gene_name:RPS31
O80476	gene_name:MES2
O80647	gene_name:PCMP-E33
O82190	gene_name:RDR3
P48622	gene_name:FAD8
P82730	gene_name:LCR15
P82784	gene_name:LCR75
P92547	gene_name:ATP6-2
P93824	gene_name:At1g04350
Q08A69	gene_name:At1g10040
Q0WNP7	gene_name:ROPGEF4
Q0WQY3	gene_name:At1g29465
Q0WSF1	gene_name:ALDH22A1
Q1G3U9	gene_name:At1g14455
Q38879	gene_name:TRX2
Q39111	gene_name:GA20OX2
Q3E9B4	gene_name:OFP8
Q3EA58	gene_name:At4g10695
Q42328	gene_name:ATTI1
Q42371	gene_name:ERECTA
Q67XZ3	gene_name:CWINV3
Q67YC0	gene_name:PS2
Q6NKU9	gene_name:TIM22-3
Q84J81	gene_name:FES1A
Q8GT74	gene_name:NIP2
Q8L923	gene_name:MATI
Q8LPG9	gene_name:IQD14
Q8RWN3	gene_name:PRP4KA
Q8RWR2	gene_name:LARP1B
Q8RXN4	gene_name:At4g31810
Q8S8Q6	gene_name:TET8
Q8VY77	gene_name:TGD5
Q8W463	gene_name:At4g17560
Q93XX2	gene_name:SEOA
Q940A7	gene_name:TAF12B
Q941F1	gene_name:DALL4
Q9ASV6	gene_name:RPS20
Q9C593	gene_name:O3L1
Q9C6F7	gene_name:At1g58090
Q9C6V3	gene_name:AGL86
Q9C7U8	gene_name:SBT3.17
Q9C802	gene_name:At1g33500
Q9C8B5	gene_name:At1g35890
Q9FFW6	gene_name:JAL44
Q9FHG2	gene_name:RPL32B
Q9FIF3	gene_name:RPS8B
Q9FJL0	gene_name:SMC4
Q9FKS6	gene_name:AITR4
Q9FM73	gene_name:MDF20.9
Q9FNG8	gene_name:At5g06400
Q9FVS2	gene_name:ORTH3
Q9FYJ1	gene_name:At1g31000
Q9FYM4	gene_name:At1g24380
Q9LEX8	gene_name:At3g60930
Q9LFC6	gene_name:FRB1
Q9LII3	gene_name:At3g18560
Q9LJX8	gene_name:dVPE
Q9LNN7	gene_name:GRI
Q9LPD5	gene_name:At1g44960
Q9LSI7	gene_name:MYB35
Q9LTP7	gene_name:At3g20450
Q9LUM8	gene_name:At3g17675
Q9LVC8	gene_name:COQ5
Q9M7Y1	gene_name:F3E22.11
Q9M8S6	gene_name:SKOR
Q9MAD0	gene_name:BPL6
Q9S9V5	gene_name:At4g04650
Q9SAA0	gene_name:F25C20.8
Q9SAD0	gene_name:At1g10720
Q9SF29	gene_name:SYP71
Q9SHG5	gene_name:CYP72C1
Q9SHL4	gene_name:MJB20.10
Q9SMP6	gene_name:T8P19.20
Q9SSL9	gene_name:PEPR1
Q9SSN4	gene_name:At1g72920
Q9SSP6	gene_name:F6D8.36
Q9STP1	gene_name:At4g27850
Q9SV61	gene_name:XTH1
Q9SY66	gene_name:FRS11
Q9XIR9	gene_name:CP5
Q9ZQ18	gene_name:REIL2
A0A178W0K0	gene_name:At2g37020
A0A1I9LSV6	gene_name:At3g19565
A0A1I9LTK0	gene_name:At3g44435
A0A1P8ASF8	gene_name:At1g66870
A0A1P8AZS0	gene_name:At2g07662
A0A1P8B2L3	gene_name:At2g10545
A0A1P8BHB4	gene_name:At5g38743
A0A1R7T3B9	gene_name:At5g49645
A8MQX5	gene_name:At3g48208
A8MS05	gene_name:At4g26288
B3H5W9	gene_name:At5g27247
B5X0N6	gene_name:KEA6
F4I902	gene_name:CHS1
F4ISV4	gene_name:At2g32310
F4IUR8	gene_name:At2g32880
F4J8D6	gene_name:At3g02370
F4JD28	gene_name:At3g61035
F4JL89	gene_name:ATA7
F4JMB5	gene_name:At4g35295
F4JN00	gene_name:At4g35335
F4K658	gene_name:At5g49555
F4K8L8	gene_name:At5g37750
O04491	gene_name:At1g09680
O22282	gene_name:At2g39710
O22943	gene_name:STL1
O23298	gene_name:dl3250c
O65312	gene_name:MEA
O65434	gene_name:TPS07
O80992	gene_name:PYL2
O82184	gene_name:At2g35065/At2g35070
O82790	gene_name:At2g45990
P0C8Z7	gene_name:At1g28640
P0CAP5	gene_name:REM13
P29515	gene_name:TUBB7
P56798	gene_name:rps3
P82630	gene_name:SCRL11
Q07098	gene_name:PP2A2
Q0WPW8	gene_name:At2g24350
Q147R9	gene_name:At1g19690
Q2V485	gene_name:At2g13542
Q3E734	gene_name:At3g16930
Q501E0	gene_name:At2g34355
Q6NMD6	gene_name:ARGOS
Q84TI3	gene_name:OBE4
Q8GYB0	gene_name:DL3675W
Q8H1M0	gene_name:At2g26030
Q8L518	gene_name:At1g74320
Q8L7H1	gene_name:At4g14103
Q8RWI9	gene_name:ABCG15
Q8RWY5	gene_name:HRA1
Q8RXH8	gene_name:NAKR3
Q8RXS6	gene_name:INO80
Q8VY15	gene_name:RBM25
Q8VYM2	gene_name:PHT1-1
Q8W031	gene_name:WIP5
Q93ZF5	gene_name:PHO1-H1
Q9C5X2	gene_name:CYCJ18
Q9C711	gene_name:At1g66510
Q9C811	gene_name:NUP160
Q9FFN9	gene_name:ARI13
Q9FGJ6	gene_name:ATL79
Q9FHZ4	gene_name:MGN6.21
Q9FKW2	gene_name:TZF5
Q9FL73	gene_name:At5g54220
Q9FNL4	gene_name:MCL19.13
Q9FZ42	gene_name:ChlADR1
Q9LDT0	gene_name:CRK30
Q9LF39	gene_name:At5g15430
Q9LFS2	gene_name:GEX3
Q9LHM1	gene_name:T21B14.23
Q9LIH2	gene_name:ATSEC62
Q9LP18	gene_name:At1g35780
Q9LQZ0	gene_name:PUP15
Q9LR65	gene_name:PPC6-6
Q9LRP3	gene_name:At3g17420
Q9LS51	gene_name:EMB1865
Q9LVQ5	gene_name:At5g55840
Q9LZJ5	gene_name:ABCC14
Q9M5J9	gene_name:PGIP1
Q9M879	gene_name:S-ACP-DES5
Q9M9Z2	gene_name:TPP2
Q9SA34	gene_name:At1g16350
Q9SAE0	gene_name:At1g13050
Q9SG17	gene_name:T1G12.2
Q9SI86	gene_name:At2g10560
Q9SJP7	gene_name:At2g15340
Q9SP35	gene_name:TIM17-2
Q9SRB0	gene_name:ATMYB103
Q9SSE5	gene_name:COL9
Q9STG0	gene_name:T6H20.90
Q9SVU4	gene_name:TOM2AH1
Q9SVW0	gene_name:At4g18110
Q9SW04	gene_name:ATCAPE4
Q9SWS1	gene_name:CYB561B
Q9SYK9	gene_name:UGT74E2
Q9SZR3	gene_name:SMXL4
Q9T020	gene_name:At4g39110
Q9XGM1	gene_name:VHA-D
Q9ZQ23	gene_name:FLA3
Q9ZSR7	gene_name:TPT
A0A1P8APR3	gene_name:At1g28005
A0A1P8AUK9	gene_name:At1g61562
A0A1P8AVP6	gene_name:PROSCOOP22
A8MQE4	gene_name:At2g14378
A8MQX6	gene_name:At4g22513
A8MR65	gene_name:FHL
B3H4Q5	gene_name:At3g28291
B8XCH5	gene_name:QKY
F4HY84	gene_name:At1g28630
F4I5Q6	gene_name:XI-A
F4I847	gene_name:At1g57650
F4IK40	gene_name:At2g46915
F4J3D9	gene_name:At3g57470
F4JG82	gene_name:At4g03443
F4JR41	gene_name:At4g30900
F4KAB4	gene_name:At5g44600
O04339	gene_name:At2g30560
O22131	gene_name:LBD18
O22957	gene_name:At2g34040
O23492	gene_name:INT4
O48707	gene_name:ARD1
P25818	gene_name:TIP1-1
P82750	gene_name:LCR35
P82751	gene_name:LCR36
Q0IGM7	gene_name:BBX20
Q0WLR1	gene_name:At4g26480
Q1PFQ9	gene_name:PCMP-E34
Q29PV4	gene_name:IDL1
Q2HIQ5	gene_name:At4g23885
Q2V2W2	gene_name:At5g62627
Q2V391	gene_name:At5g08315
Q38908	gene_name:XTH30
Q4PSQ5	gene_name:PME66
Q56ZI2	gene_name:PATL2
Q6NMK6	gene_name:UMK2
Q6TLJ2	gene_name:TPD1
Q84JF7	gene_name:At2g39270
Q84JW1	gene_name:PEX11E
Q84WB7	gene_name:GINT1
Q8GXL3	gene_name:SPL8
Q8GYH4	gene_name:At3g20620
Q8H1F2	gene_name:RGS1
Q8LFM2	gene_name:GASA10
Q8RWV9	gene_name:HDC1
Q8RXZ8	gene_name:ACIP1
Q8VZ50	gene_name:CML14
Q8VZU9	gene_name:DER1
Q93Z38	gene_name:TAR4
Q940K1	gene_name:At5g18490
Q94AW8	gene_name:ATJ3
Q9C691	gene_name:DEGP6
Q9C6F8	gene_name:WAL
Q9C774	gene_name:RPN8B
Q9C7D3	gene_name:SCPL14
Q9C8I1	gene_name:At1g51730
Q9FFE4	gene_name:MQK4.14
Q9FI04	gene_name:MGN6.7
Q9FKA9	gene_name:LATE
Q9FKW1	gene_name:At5g44270
Q9FL54	gene_name:ATJ6
Q9FL63	gene_name:At5g24100
Q9FLT3	gene_name:At5g61750
Q9FMI2	gene_name:MMG4.2
Q9FNN1	gene_name:MAH20.13
Q9FNP2	gene_name:At5g08460
Q9FT76	gene_name:DL4520C
Q9FVP7	gene_name:F27K7.10
Q9FVR4	gene_name:At1g32190
Q9LFL3	gene_name:TOL1
Q9LG26	gene_name:PARN
Q9LML4	gene_name:At1g07220
Q9LSJ8	gene_name:ABCB16
Q9LTP9	gene_name:At3g20430
Q9LUB7	gene_name:OBE2
Q9LVE9	gene_name:At3g21570
Q9LVY7	gene_name:CYP716A1
Q9LZ03	gene_name:TOP6A
Q9LZD5	gene_name:At5g03510
Q9M2F1	gene_name:RPS27B
Q9M345	gene_name:LECRK42
Q9MAQ7	gene_name:F9L11.1
Q9SF85	gene_name:ADK1
Q9SHJ5	gene_name:GPAT1
Q9SHP5	gene_name:At1g28540
Q9SJC2	gene_name:At2g04480
Q9SJM8	gene_name:At2g36300
Q9SK96	gene_name:NPF5.16
Q9SR82	gene_name:PCMP-H84
Q9SRS3	gene_name:YLMG1-1
Q9SV19	gene_name:O3L5
Q9SVQ3	gene_name:ROPGEF9
Q9SVW3	gene_name:At4g18080
Q9SW54	gene_name:SAUR4
Q9SX93	gene_name:PUP19
Q9SZ65	gene_name:At4g12000
Q9T0G2	gene_name:CYTC-2
Q9XIQ9	gene_name:At1g64870
Q9ZQP3	gene_name:ERF038
Q9ZSB9	gene_name:F3H7.9
Q9ZVF2	gene_name:MLP329
A0A1I9LMS4	gene_name:At3g59435
A0A1P8ANV7	gene_name:At1g34630
A0A1P8AUW5	gene_name:At1g24660
A0A1P8BDX7	gene_name:At5g02065
B3H4G7	gene_name:At3g16432
B3H4R4	gene_name:At2g47844
B3H4T7	gene_name:At1g63057
B3H5Q7	gene_name:At5g50361
B3H6I8	gene_name:At3g43572
F4HYL8	gene_name:At1g54920
F4IH21	gene_name:TBL33
F4IPM3	gene_name:CBP60E
F4IRB6	gene_name:At2g02835
F4J8L1	gene_name:At3g12010
F4J9C1	gene_name:CYP71B32
F4JJ05	gene_name:At4g33585
F4JPR4	gene_name:AUXILIN-LIKE4
F4JY12	gene_name:GFS12
F4K3K4	gene_name:At5g61610
F4K556	gene_name:MTG10.16
F4KHA3	gene_name:MSN9.8
O04212	gene_name:At2g40090
O48679	gene_name:At1g24130
O49279	gene_name:SKIP15
O81053	gene_name:FUT2
O82368	gene_name:At2g29880
P42698	gene_name:DRT111
P82760	gene_name:LCR45
P93009	gene_name:CUTA
Q05466	gene_name:HAT4
Q0WPH4	gene_name:At2g21840
Q0WQD5	gene_name:At2g28540
Q0WWT7	gene_name:STR11
Q39010	gene_name:ASK6
Q3E7I8	gene_name:At1g43600
Q3E7V3	gene_name:At2g04041
Q3ECI4	gene_name:At1g64800
Q42556	gene_name:AHA9
Q500W4	gene_name:PLIM2C
Q56YG0	gene_name:At1g10225
Q5BPY8	gene_name:At1g29540
Q5XF85	gene_name:ATL42
Q66GR3	gene_name:BHLH130
Q6NML0	gene_name:ATL76
Q84TG2	gene_name:At3g16350
Q84VW0	gene_name:DL4005W
Q8GW20	gene_name:At5g03900
Q8GXN9	gene_name:TGH
Q8GYN5	gene_name:RIN4
Q8L9Q7	gene_name:AT3G23760.1
Q8LD28	gene_name:At3g48490
Q8RWU2	gene_name:LOT
Q8RWW8	gene_name:MQJ2.13
Q8S8I4	gene_name:EPF1
Q94AH3	gene_name:At1g71900
Q94CE4	gene_name:BCA4
Q96253	gene_name:At1g51650
Q9C640	gene_name:At1g45403
Q9C9Z2	gene_name:RER3
Q9FIF9	gene_name:RABA2D
Q9FK59	gene_name:NCBP
Q9FLD4	gene_name:MYH19.180
Q9FLX4	gene_name:MAKR5
Q9FNL6	gene_name:MCL19.11
Q9FPG2	gene_name:OEP21B
Q9FRK5	gene_name:At1g75140
Q9FRL0	gene_name:At1g75190
Q9LE80	gene_name:MJK13.11
Q9LF65	gene_name:At5g17590
Q9LFH0	gene_name:ABCG37
Q9LH89	gene_name:At3g28850
Q9LQ55	gene_name:DRP2B
Q9LTV3	gene_name:SAUR72
Q9LV45	gene_name:At3g24580
Q9LVG1	gene_name:At5g60130
Q9M0I9	gene_name:At4g28180
Q9M8K9	gene_name:PREPIPL2
Q9M9M9	gene_name:At3g03100
Q9M9R5	gene_name:At1g14480
Q9MAI8	gene_name:At1g53163
Q9S7E6	gene_name:SMD3A
Q9SGE3	gene_name:At1g08170
Q9SH10	gene_name:At1g77910
Q9SI55	gene_name:At2g03850
Q9SJC4	gene_name:NUDT6
Q9SJG2	gene_name:At2g42960
Q9SJY4	gene_name:At2g22510
Q9SKI0	gene_name:At2g10940
Q9SKI1	gene_name:At2g06570
Q9SN78	gene_name:MYB94
Q9SPN3	gene_name:MYB3R2
Q9SUE0	gene_name:YLMG1-2
Q9SVZ6	gene_name:RPP3A
Q9SXJ6	gene_name:CLPP3
Q9SY91	gene_name:PBL15
Q9T034	gene_name:At4g39280
Q9T0G9	gene_name:MYB79
Q9ZNT3	gene_name:ADF5
Q9ZS88	gene_name:DER2.2
Q9ZU48	gene_name:PDE331
A0A178V490	gene_name:At4g27980
A0A1P8AWD0	gene_name:At1g76465
A0A1P8AWF9	gene_name:At1g05120
A0A1P8AXM6	gene_name:At2g12205
A0A1P8B276	gene_name:At2g07636
A0A1P8B8X3	gene_name:At4g22463
A0A1P8BB81	gene_name:MKP11.21
A1L4W5	gene_name:BPM6
B3H4S8	gene_name:At2g39782
B3H6E1	gene_name:At4g29548
B9DF92	gene_name:At5g19900
F4HTR3	gene_name:At1g67780
F4HZB5	gene_name:NET1D
F4I3J4	gene_name:At1g56085
F4IAX0	gene_name:CuAOalpha2
F4IPZ3	gene_name:At2g37050
F4J1Q9	gene_name:AVT1I
F4JLS1	gene_name:LDL3
F4JNX2	gene_name:P85
O04499	gene_name:PGM1
O23627	gene_name:At1g29880
O48684	gene_name:GATL8
O48832	gene_name:ERD7
O49453	gene_name:At4g28440
O80632	gene_name:MTP11
O80713	gene_name:SDR3a
O82812	gene_name:At2g46000
P30184	gene_name:LAP1
P43297	gene_name:RD21A
P51414	gene_name:RPL26A
Q1PDN3	gene_name:HSFA6A
Q39103	gene_name:GA3OX1
Q39176	gene_name:EARLI1
Q3EB24	gene_name:At3g22415
Q66GJ1	gene_name:CYP706A6
Q683D4	gene_name:At5g15750
Q6IWA9	gene_name:CLE45
Q6NMM0	gene_name:SAUR61
Q7XJ55	gene_name:At5g59490
Q84JF8	gene_name:MLE2.4
Q84K05	gene_name:At1g54770
Q84K41	gene_name:At2g02570
Q8GW31	gene_name:DCP2
Q8GXK1	gene_name:At4g33625
Q8LEQ4	gene_name:DPMS3
Q8LFP1	gene_name:PRA1H
Q8LG39	gene_name:At1g31335
Q94BS7	gene_name:At4g09330
Q96287	gene_name:ASK8
Q96509	gene_name:PER55
Q9C595	gene_name:YLMG2
Q9C5A5	gene_name:HCF145
Q9C5G2	gene_name:At1g15200
Q9C9S4	gene_name:TPPB
Q9FG29	gene_name:EML2
Q9FGL0	gene_name:At5g47470
Q9FH61	gene_name:At5g66270
Q9FHK9	gene_name:MED26B
Q9FIB2	gene_name:PCMP-H35
Q9FM82	gene_name:GULLO4
Q9FVT4	gene_name:At1g57690
Q9FX45	gene_name:ORRM6
Q9FYG0	gene_name:AGM2
Q9FYL0	gene_name:CYP86C1
Q9LJE9	gene_name:BTL07
Q9LNK8	gene_name:F7P12.16
Q9LNT0	gene_name:At1g20030
Q9LS21	gene_name:UGT76E9
Q9LSX7	gene_name:PEX22
Q9LTA7	gene_name:JAL47
Q9LU48	gene_name:MWD22.21
Q9LU94	gene_name:PCMP-E46
Q9LXQ0	gene_name:At3g44130
Q9LXR0	gene_name:At3g58920
Q9LXU6	gene_name:At5g12930
Q9LZ65	gene_name:T32M21_200
Q9LZB8	gene_name:ABCB29
Q9LZT5	gene_name:EXLA3
Q9LZZ4	gene_name:SAUR59
Q9M1Z4	gene_name:F24G16.70
Q9M2P9	gene_name:OEP40
Q9M833	gene_name:At3g04540
Q9M9X2	gene_name:At3g05670
Q9MA89	gene_name:At3g05300
Q9MAH0	gene_name:PPC1
Q9S757	gene_name:CYSC1
Q9S7Z2	gene_name:AFP4
Q9SK09	gene_name:At2g28490
Q9SL03	gene_name:CALS2
Q9SRW1	gene_name:SAUR27
Q9SU14	gene_name:NUDT7
Q9SUD8	gene_name:At4g28010
Q9SV12	gene_name:HSFA7A
Q9SVP7	gene_name:PCMP-H42
Q9SZ30	gene_name:HISN4
Q9T0E8	gene_name:At4g09890
Q9XER9	gene_name:HUA2
Q9XI93	gene_name:At1g13930
Q9ZQ20	gene_name:At2g24480
Q9ZUN3	gene_name:KEA4
A0A1P8AM83	gene_name:At1g27535
A8MRJ4	gene_name:At2g22145
A8MS73	gene_name:ATL89
B3H5K0	gene_name:At2g07830
B3H614	gene_name:At4g08406
B9DG54	gene_name:At3g45050
F4HQ22	gene_name:LRK10L-2.4
F4ISL5	gene_name:At2g25640
F4ITH6	gene_name:At2g19850
F4IZ82	gene_name:ARL8D
F4J1T4	gene_name:At3g29140
F4J341	gene_name:At3g44510
F4J6E0	gene_name:At3g17720
F4J826	gene_name:At3g52690
F4JFN7	gene_name:At3g07810
F4JNI1	gene_name:At4g23330
F4JTY9	gene_name:At4g19770
F4JU03	gene_name:At4g19880
F4K0E8	gene_name:ISPG
F4KAS6	gene_name:HER2
F4KBG5	gene_name:At5g28960
F4KGH9	gene_name:MAF4
O04488	gene_name:At1g09650
O22188	gene_name:CYP81D7
O22799	gene_name:At2g33490
O64816	gene_name:CKA4
O65272	gene_name:KEA2
O81309	gene_name:UNE11
P0CB23	gene_name:At4g38062
P82280	gene_name:RAV2
P82719	gene_name:LCR4
Q0WKY2	gene_name:CCR4-5
Q1G393	gene_name:At3g62499
Q1PE74	gene_name:At4g17860
Q1PEP5	gene_name:NUCL2
Q2V3C1	gene_name:LTP11
Q2V414	gene_name:At2g40920
Q3E7I6	gene_name:At1g28650
Q3E911	gene_name:At5g27460
Q3E9N0	gene_name:At5g01225
Q56YW9	gene_name:TUBB2
Q5GM68	gene_name:PPC2
Q6DBI9	gene_name:At5g10460
Q6NKP9	gene_name:AMSH2
Q8VZL0	gene_name:At1g77230
Q8W117	gene_name:SMU1
Q8W4K3	gene_name:CAT4
Q8W4K5	gene_name:VAB
Q93WU4	gene_name:SPP3A
Q93YV6	gene_name:B'KAPPA
Q940B9	gene_name:At1g10850
Q941D3	gene_name:PAP8
Q96254	gene_name:GDI1
Q9C7D5	gene_name:F28J15.5
Q9C933	gene_name:At1g52870
Q9CA41	gene_name:At1g68780
Q9FJ95	gene_name:SDH
Q9FKI4	gene_name:NAA10
Q9FKM3	gene_name:At5g57480
Q9FLX8	gene_name:WRKY27
Q9FM85	gene_name:PBL16
Q9FT53	gene_name:IQD3
Q9FZ43	gene_name:F6I1.17
Q9LFS0	gene_name:At5g16040
Q9LJ82	gene_name:SPH32
Q9LJW3	gene_name:NAC59
Q9LM55	gene_name:At1g22040
Q9LMX8	gene_name:PGL1
Q9LPF0	gene_name:At1g44810
Q9LTW3	gene_name:At3g12710
Q9LVH6	gene_name:At3g17940
Q9LVX0	gene_name:ARI3
Q9LW04	gene_name:At3g15750
Q9LYB8	gene_name:T20O10_140
Q9LZF5	gene_name:LLP
Q9M175	gene_name:NPF2.3
Q9M3G7	gene_name:ATM
Q9M903	gene_name:TGD4
Q9MA46	gene_name:DGL
Q9S733	gene_name:At2g40240
Q9S9P2	gene_name:CAF1-2
Q9SFV2	gene_name:FHA2
Q9SIF5	gene_name:At2g03980
Q9SJ85	gene_name:At2g04740
Q9SJL9	gene_name:XTH32
Q9SKC5	gene_name:UGT74D1
Q9SKN3	gene_name:At2g28370
Q9SKZ1	gene_name:PURA1
Q9STP2	gene_name:PHYL2.1
Q9SU39	gene_name:TPPF
Q9SVV6	gene_name:TPK3
Q9SZ28	gene_name:At4g26880
Q9ZQ89	gene_name:UPS2
Q9ZT71	gene_name:STA1
Q9ZU01	gene_name:At4g02160
Q9ZUC1	gene_name:AOR
Q9ZUN1	gene_name:NDL3
Q9ZUT3	gene_name:ALS3
Q9ZV31	gene_name:PUB12
Q9ZW14	gene_name:At2g29310
A0A178UN75	gene_name:At3g57587
A0A178V3G1	gene_name:At4g03620
A0A1I9LMB0	gene_name:At3g31925
A0A1I9LQ12	gene_name:O3L2
A0A1I9LRR4	gene_name:At3g27495
A0A1P8AU29	gene_name:At1g05790
A0A1P8AVQ4	gene_name:At1g28265
A6QR85	gene_name:At3g62050
A7REF0	gene_name:At1g34860
F4HXP9	gene_name:XI-C
F4HYZ1	gene_name:At1g68845
F4I6H4	gene_name:At1g40083
F4IA92	gene_name:At1g78520
F4J3N2	gene_name:FTSHI5
F4JI15	gene_name:BPS3
F4JIJ1	gene_name:ATFANCD2
F4JW86	gene_name:At5g04350
F4JWD4	gene_name:At5g11020
F4KED5	gene_name:At5g32440
O22187	gene_name:At2g23200
O23507	gene_name:1MMP
O23596	gene_name:At4g17550
O48671	gene_name:RER1B
O64768	gene_name:RAF24
O80493	gene_name:DMP8
O80874	gene_name:NDA2
O80941	gene_name:At2g37730
O82244	gene_name:ALG3
P0CJ49	gene_name:CRRSP42
P0DKL0	gene_name:GPL2
P42043	gene_name:FC1
P92564	gene_name:AtMg01350
Q0WL81	gene_name:RNL
Q0WPQ2	gene_name:ETR2
Q39081	gene_name:CAL
Q3EC60	gene_name:SUVH10
Q3EDD7	gene_name:At1g12340
Q501D5	gene_name:ETG1
Q66GQ2	gene_name:At5g41620
Q6DBQ2	gene_name:At5g19070
Q6NLE5	gene_name:At3g01516
Q6NMN6	gene_name:At5g65687
Q7X9V3	gene_name:NSI
Q84TD6	gene_name:NAC047
Q8GWJ4	gene_name:OSB3
Q8GWP6	gene_name:At1g05720
Q8H780	gene_name:SCPL13
Q8L7D8	gene_name:SUE4
Q8L9A0	gene_name:RPL21M
Q8LBL1	gene_name:TPK1
Q8VY27	gene_name:EXO70H1
Q8VY89	gene_name:APC7
Q8VYC9	gene_name:At1g16210
Q8VZ11	gene_name:At2g35480
Q8VZS7	gene_name:At4g18070
Q8VZV6	gene_name:MAGL16
Q94AB8	gene_name:At1g05070
Q94EJ6	gene_name:At4g18030
Q9C5I3	gene_name:ERF11
Q9C6M2	gene_name:At1g25530
Q9C6S1	gene_name:FH14
Q9C8W7	gene_name:SPI-1
Q9C9E9	gene_name:At1g72510
Q9CA24	gene_name:At1g77700
Q9FFC0	gene_name:At5g22880
Q9FGJ9	gene_name:ASG7
Q9FGY8	gene_name:At5g49580
Q9FIA5	gene_name:At5g55010
Q9FJ92	gene_name:IMPA8
Q9FJB1	gene_name:MOK9.7
Q9FKR3	gene_name:At5g38730
Q9FLG8	gene_name:At5g64500
Q9FM01	gene_name:UGD4
Q9FRH7	gene_name:TULP10
Q9FT64	gene_name:MAJ23.40
Q9LI79	gene_name:At3g25640
Q9LQU5	gene_name:NUDT18
Q9LS16	gene_name:UGT76E7
Q9LST3	gene_name:At5g60142
Q9LTF6	gene_name:At5g52610
Q9LUZ6	gene_name:PMR5
Q9LW56	gene_name:FAO3
Q9LXV3	gene_name:DIT1
Q9LZW0	gene_name:At5g01860
Q9M0V6	gene_name:RFNR1
Q9M2N7	gene_name:T27B3.20
Q9M591	gene_name:CRD1
Q9MAT5	gene_name:PRMT10
Q9SCU7	gene_name:MYB30
Q9SF10	gene_name:F26K24.18
Q9SF11	gene_name:F26K24.17
Q9SRQ1	gene_name:CYP89A9
Q9SSE7	gene_name:ADT2
Q9SSE8	gene_name:At3g07620
Q9SXE8	gene_name:MTERF25
Q9SZ34	gene_name:At4g26950
Q9XIL1	gene_name:At2g15780
Q9ZNT1	gene_name:CBR1
Q9ZPI1	gene_name:At3g11710
Q9ZUU0	gene_name:WRKY44
A0A1I9LLM0	gene_name:NEMP_C
A0A1I9LR69	gene_name:At3g47000
A0A1P8ASY1	gene_name:JHS1
A0A1P8B0J4	gene_name:At2g24320
A0A1P8BC48	gene_name:At5g43155
A0A1P8BC51	gene_name:At5g25210
B3H4N1	gene_name:At3g15604
B3H641	gene_name:At4g21895
B3H6G2	gene_name:At3g05746
F4HSY5	gene_name:ATFDB3
F4I0F1	gene_name:At1g62935
F4I3A0	gene_name:CTL13
F4I4V4	gene_name:At1g30455
F4I5L3	gene_name:At1g77150
F4I6Q0	gene_name:At1g64340
F4I9X6	gene_name:UBQ13
F4IHT0	gene_name:At2g28320
F4IT02	gene_name:At2g38570
F4JAA5	gene_name:SKI2
F4JD67	gene_name:At3g06870
F4KD14	gene_name:MXF12.17
O04311	gene_name:JAL33
O22194	gene_name:AGP17
O22397	gene_name:POT1
O22817	gene_name:At2g43870
O64794	gene_name:F12B7.6
O81097	gene_name:NRPB8A
O82168	gene_name:At2g35250
P0DKG3	gene_name:OFP9
P38421	gene_name:NRPB7
P50700	gene_name:OSM34
P59271	gene_name:RPS27AA
P92540	gene_name:AtMg01060
P93287	gene_name:At2g07724
P94063	gene_name:HAL3B
Q0WLC6	gene_name:MRL1
Q0WQG8	gene_name:GTG2
Q0WRX7	gene_name:At1g08220
Q2V4B9	gene_name:At1g79820
Q3E7J3	gene_name:At5g43185
Q3EDD5	gene_name:At1g12805
Q45GL6	gene_name:At3g20155
Q5XPK0	gene_name:WAVE5
Q6ID76	gene_name:GLV7
Q84M93	gene_name:MPK17
Q8GSG8	gene_name:TOPTELOMERE.1
Q8GUK7	gene_name:RMA3
Q8L5T5	gene_name:LBD15
Q8RWE7	gene_name:At1g51350
Q8RWF2	gene_name:DL4805W
Q8S340	gene_name:PAP22
Q8VY20	gene_name:FL3
Q8VYS0	gene_name:RD19D
Q93YW8	gene_name:At4g18970
Q94AU5	gene_name:At5g19570
Q94EG4	gene_name:At3g56820
Q94ID3	gene_name:IPT1
Q94JV5	gene_name:NLP2
Q9ASU8	gene_name:NDL2
Q9C7J8	gene_name:At1g56230
Q9C819	gene_name:At1g52270
Q9C9V4	gene_name:At1g67880
Q9FFP8	gene_name:PDF2.5
Q9FIE9	gene_name:APUM16
Q9FL03	gene_name:SCL4
Q9FLB0	gene_name:RH18
Q9FLS8	gene_name:APC1
Q9FLZ7	gene_name:MUL8.5
Q9FYK3	gene_name:At1g24610
Q9FYR8	gene_name:At5g52500
Q9FZ29	gene_name:MAN1
Q9LD28	gene_name:RAT5
Q9LF26	gene_name:At5g15560
Q9LFP3	gene_name:At5g11130/At5g11120
Q9LHA8	gene_name:HSP70-4
Q9LJE4	gene_name:CPN60B2
Q9LJY2	gene_name:At3g20160
Q9LSF7	gene_name:At3g25182
Q9LV05	gene_name:MYN8.5
Q9LX81	gene_name:F12M12_110
Q9LXY7	gene_name:NAC064
Q9LYD7	gene_name:At5g11550
Q9LZN3	gene_name:BTL16
Q9M1Q9	gene_name:ABCB21
Q9SF12	gene_name:At3g11870
Q9SIL7	gene_name:FLA6
Q9SKH9	gene_name:At2g10950
Q9SSQ2	gene_name:At1g52495
Q9SSQ8	gene_name:HSP26.5
Q9STN2	gene_name:At4g08360
Q9STT7	gene_name:ABCA5
Q9SU80	gene_name:At4g29710
Q9SVT8	gene_name:AMT1-4
Q9SW12	gene_name:F13M23.290
Q9XEF1	gene_name:AGL48
Q9XGZ3	gene_name:At5g25940
Q9ZT98	gene_name:At4g03010
Q9ZTW3	gene_name:VAMP721
Q9ZU65	gene_name:OFP7
Q9ZVA5	gene_name:At1g78860
A0A1P8AWR9	gene_name:At1g61080
A0A1P8BDN2	gene_name:At5g42655
A0A1P8BER7	gene_name:MOK9.11
A0JPZ2	gene_name:At3g62990
B3H4W3	gene_name:At1g74929
B3H758	gene_name:At3g06019
B3H7I1	gene_name:PROSCOOP12
F4HP69	gene_name:At1g19485
F4I3V6	gene_name:SHW1
F4INP9	gene_name:QWRF4
F4ITI0	gene_name:GCS
F4IUX9	gene_name:At2g39280
F4J937	gene_name:At3g46480
F4JHB3	gene_name:A_IG005I10.3
F4JY59	gene_name:At5g25560
F4K0K4	gene_name:At5g66370
F4KCH0	gene_name:At5g08750
F4KCY3	gene_name:At5g31412
O04046	gene_name:GGPPS2
O22993	gene_name:FTSHI1
O48538	gene_name:RBOHF
O49139	gene_name:CMT1
O64572	gene_name:At2g19390
O64842	gene_name:PBL12
O64890	gene_name:At2g44550
O65693	gene_name:At4g34730
O81740	gene_name:At4g23440
O81761	gene_name:At4g33930
O81774	gene_name:At4g31740
P46897	gene_name:ATHB-7
P55737	gene_name:HSP90-2
Q29PW8	gene_name:At1g07795
Q37001	gene_name:ACS5
Q39242	gene_name:NTR2
Q5BPT7	gene_name:At2g16210
Q5XF20	gene_name:UGT84A1
Q680L9	gene_name:At5g45880
Q6ID86	gene_name:At4g34360
Q6IDA3	gene_name:At5g52547
Q6NLQ8	gene_name:XBAT32
Q6NMC6	gene_name:ABIL3
Q8GYQ9	gene_name:YUP8H12R.36
Q8L638	gene_name:ALG10
Q8L774	gene_name:SLP1
Q8L8U9	gene_name:At4g25830
Q8L8V7	gene_name:At5g24316
Q8LL17	gene_name:SON1
Q8RXD5	gene_name:KTI4
Q8S895	gene_name:SAT2
Q8W0Z1	gene_name:At3g20360
Q8W586	gene_name:QQT2
Q94A05	gene_name:HPGT2
Q94F54	gene_name:TEAR2
Q94FT1	gene_name:COX17-2
Q94JW0	gene_name:At3g58180
Q9C5M0	gene_name:DTC
Q9C6A6	gene_name:RLP13
Q9C809	gene_name:B3GALT8
Q9C8L8	gene_name:At1g53620
Q9CA73	gene_name:PCMP-E68
Q9FFE6	gene_name:AAE5
Q9FFL9	gene_name:MIK22.14
Q9FIP3	gene_name:MZA15.25
Q9FJ25	gene_name:At5g41890
Q9FJH8	gene_name:NRT2.4
Q9FNE2	gene_name:GRXC2
Q9FPF0	gene_name:DJ1A
Q9FRS7	gene_name:At1g08580
Q9FVW9	gene_name:At1g77400
Q9FXG2	gene_name:At1g29870
Q9FZG2	gene_name:At1g47820
Q9LFA2	gene_name:KIPK1
Q9LNS5	gene_name:At1g19960
Q9LQ06	gene_name:F16P17.15
Q9LRL9	gene_name:CRRSP20
Q9LRS0	gene_name:GLO2
Q9LTM3	gene_name:CYP71B20
Q9LUT9	gene_name:At3g17320
Q9LXE5	gene_name:DRM1
Q9M1F3	gene_name:RFA8
Q9M2S1	gene_name:TCF1
Q9MAQ0	gene_name:GBSS1
Q9S810	gene_name:RABA1I
Q9S9Z7	gene_name:At1g34750
Q9SA22	gene_name:At1g16220
Q9SF23	gene_name:FOLB1
Q9SHD0	gene_name:ZAT4
Q9SJT4	gene_name:At2g21440
Q9SKB3	gene_name:PARG1
Q9SLC2	gene_name:MHK10.9
Q9SLG2	gene_name:GGPP4
Q9SSS6	gene_name:At1g52720
Q9STQ6	gene_name:SOT3
Q9SVU7	gene_name:BHLH56
Q9SYI0	gene_name:SECA1
Q9T0F7	gene_name:GXM2
Q9XIF4	gene_name:TRX7
Q9ZNQ7	gene_name:RCI2A
Q9ZPR7	gene_name:UPS1
Q9ZVM6	gene_name:At1g54640
A0A1I9LPK7	gene_name:At3g26512
A0A1P8AV46	gene_name:At1g09880
A0A1P8AW67	gene_name:At1g51870
A0A1P8BCW1	gene_name:At5g06645
A7REE7	gene_name:At1g34792
B3H4M6	gene_name:At5g12236
C0LGD7	gene_name:At1g06840
E0X9N4	gene_name:At3g63550
F4I5B1	gene_name:At1g64180
F4IGU5	gene_name:At2g34030
F4IIZ9	gene_name:SCAB2
F4IJ77	gene_name:At2g46620
F4IPI4	gene_name:STR17
F4IUX6	gene_name:UPF2
F4IZW8	gene_name:AVT1F
F4JFY6	gene_name:At4g08395
F4JG68	gene_name:TRM13
F4JI85	gene_name:At4g03360
F4JYV3	gene_name:At5g54170
O22262	gene_name:At2g47480
O22940	gene_name:TEB
O23337	gene_name:PCMP-H3
O48682	gene_name:FH4
O49332	gene_name:At2g30670
O81632	gene_name:F8M12.23
O81905	gene_name:SD18
O82258	gene_name:CRR6
P51102	gene_name:DFRA
P52420	gene_name:PUR2
Q02166	gene_name:PAT1
Q08AA3	gene_name:At4g28690
Q1PFD8	gene_name:LTPG9
Q38936	gene_name:FKBP15-2
Q3E8G9	gene_name:MTERF35
Q3EC44	gene_name:At2g07777
Q4V3D2	gene_name:A36
Q5MFV8	gene_name:PME5
Q5XVH5	gene_name:At1g65710
Q5XVK1	gene_name:At1g22230
Q67Z79	gene_name:MCM23.1
Q682U6	gene_name:DPD1
Q6DR02	gene_name:At3g25950
Q6DYD0	gene_name:At3g09140
Q8GRX1	gene_name:TGG4
Q8GW66	gene_name:MJC20.22
Q8GZ84	gene_name:PUB36
Q8L8A7	gene_name:GRF4
Q8LEK4	gene_name:At4g26160
Q8RWD9	gene_name:ACBP5
Q8RWK8	gene_name:COIL
Q8RXU9	gene_name:MCTP9
Q8S8S7	gene_name:PUB34
Q8VZM1	gene_name:NAA15
Q8W4J2	gene_name:MPK16
Q940S3	gene_name:GLCNAC1PUT1
Q9C501	gene_name:PCMP-E57
Q9C7P9	gene_name:At1g29520
Q9C8W0	gene_name:At1g36030
Q9C9Y7	gene_name:UBC12
Q9CAX3	gene_name:CASP2
Q9FFE9	gene_name:AAE6
Q9FJQ2	gene_name:ERF057
Q9FK61	gene_name:At5g18090
Q9FLB5	gene_name:LAC12
Q9FLF4	gene_name:PUB27
Q9FM88	gene_name:At5g56430
Q9FMR3	gene_name:NAC090
Q9FMW6	gene_name:At5g23350
Q9FNH0	gene_name:MHF15.10
Q9FNQ5	gene_name:PHD5
Q9FVS1	gene_name:At1g57790
Q9FYC7	gene_name:PDAT2
Q9LFQ1	gene_name:At5g15040
Q9LJM5	gene_name:At3g19690
Q9LJW7	gene_name:RLP43
Q9LK48	gene_name:BHLH77
Q9LMA8	gene_name:TIFY10A
Q9LPL5	gene_name:At1g21400
Q9LSN5	gene_name:At3g17120
Q9LTT7	gene_name:DJC66
Q9LVP9	gene_name:VTI13
Q9LXK7	gene_name:PME32
Q9M0R1	gene_name:At4g09170
Q9M1V5	gene_name:HSFA7B
Q9M2Z2	gene_name:WDR5A
Q9S9Z8	gene_name:GRF11
Q9SA86	gene_name:At1g30710
Q9SCS6	gene_name:HR4
Q9SHZ9	gene_name:At2g22060
Q9SIU4	gene_name:At2g13500
Q9SIV2	gene_name:RPN1A
Q9SJH0	gene_name:PAR1
Q9SLK6	gene_name:ALA6
Q9SM02	gene_name:SQE1
Q9STH3	gene_name:T4C9.220
Q9SUA1	gene_name:DEK3
Q9XIG2	gene_name:PLM
Q9ZSB4	gene_name:MEE53
Q9ZVT8	gene_name:RF4
Q9ZVX4	gene_name:UGT90A1
A0A1I9LM04	gene_name:CAP-D2
A0A1P8B340	gene_name:At2g04621
A0A1P8BB01	gene_name:PRISE
A8MQI1	gene_name:At3g30383
F4HRJ4	gene_name:MAPKKK3
F4HXI8	gene_name:At1g02470
F4IAL8	gene_name:At1g18050
F4IHS9	gene_name:UXT1
F4ISA8	gene_name:At2g03310
F4J1R5	gene_name:MYB110
F4J2C8	gene_name:EDA30
F4J390	gene_name:At3g51110
F4J827	gene_name:At3g52700
F4JF58	gene_name:At3g48830
F4JG70	gene_name:At4g01890
F4JN05	gene_name:BIG4
F4JNI7	gene_name:At4g23370
O04584	gene_name:FAD4L1
O23082	gene_name:CRK44
O48766	gene_name:At2g32990
O49581	gene_name:SAUR37
O64798	gene_name:ZRK12
O65787	gene_name:CYP71B6
O82379	gene_name:At2g29770
P0CAY2	gene_name:At2g34135
P0DH96	gene_name:CAM4
P29385	gene_name:AGL5
P42762	gene_name:CLPD
P43294	gene_name:MHK
P56793	gene_name:rpl16
P68209	gene_name:At5g08300
Q0WPX7	gene_name:BAG2
Q0WUQ1	gene_name:BAG1
Q1G3B9	gene_name:At2g31335
Q29QC1	gene_name:At1g09995
Q3E8A8	gene_name:SUMO7
Q42374	gene_name:KN
Q4V3C7	gene_name:CBSDUF2
Q56XW8	gene_name:At1g48400
Q5BPS0	gene_name:LOG2
Q5BPV4	gene_name:At1g71760
Q5S4T6	gene_name:At4g23720
Q6AWW0	gene_name:LTP9
Q6ID77	gene_name:MED11
Q700C7	gene_name:SPCH
Q7XA72	gene_name:ABCG21
Q7XJR9	gene_name:CPK16
Q84J94	gene_name:FRF4
Q8GWU1	gene_name:At1g08985
Q8GZ51	gene_name:ATNITR2
Q8H1Q8	gene_name:ATG18B
Q8L5W8	gene_name:PIL1
Q8L9Z1	gene_name:At2g31345
Q8LEJ9	gene_name:B3GALT4
Q8RY89	gene_name:PIP5K8
Q8W5S1	gene_name:CYCH1-1
Q93XX1	gene_name:MYN21.7
Q9C5S9	gene_name:CRK6
Q9C7V5	gene_name:PCMP-E65
Q9C7W4	gene_name:LACS3
Q9C8C4	gene_name:At1g43080
Q9C9H5	gene_name:CEL3
Q9CAJ7	gene_name:At1g63830
Q9FDX6	gene_name:CP1
Q9FGY3	gene_name:MYB78
Q9FHE5	gene_name:PP2A7
Q9FIJ7	gene_name:At5g47840
Q9FKP2	gene_name:CCX2
Q9FLU0	gene_name:At5g24640
Q9FNP8	gene_name:RPS19C
Q9FZA2	gene_name:AGP31
Q9LES7	gene_name:T8M16_140
Q9LFT0	gene_name:TBL19
Q9LFU5	gene_name:At5g15810
Q9LH84	gene_name:At3g28510
Q9LHF0	gene_name:ZHD9
Q9LMF0	gene_name:UGT85A5
Q9LNK7	gene_name:At1g34470
Q9LNW1	gene_name:RABA2B
Q9LTP5	gene_name:GRP5
Q9LTY9	gene_name:At3g27410
Q9LU00	gene_name:At5g44660
Q9LUH3	gene_name:DTX18
Q9LVJ2	gene_name:At3g14060
Q9LX73	gene_name:At3g46220
Q9LY32	gene_name:AHA7
Q9LYQ9	gene_name:T22N19_120
Q9M0C8	gene_name:ATCAPE6
Q9S7R5	gene_name:TSF
Q9SA68	gene_name:GRXS1
Q9SGJ6	gene_name:DREB1E
Q9SGT0	gene_name:T6H22.18
Q9SNV9	gene_name:NRAMP3
Q9SRR1	gene_name:FBL12
Q9STU1	gene_name:SRO4
Q9SUS0	gene_name:At4g23560
Q9T0L2	gene_name:CSLA15
Q9XFB1	gene_name:YAB3
Q9XII5	gene_name:At2g16020
Q9ZT96	gene_name:MTERF4
A0A1I9LRY8	gene_name:At3g62695
A0A1P8AVB5	gene_name:At1g65165
A0A1P8BER4	gene_name:At5g43064
A0A1P8BF70	gene_name:At5g35688
A0A1P8BGY1	gene_name:SKS3
B3H5G3	gene_name:At4g32630
B3H6H2	gene_name:At3g15534
B3H7J4	gene_name:At3g58877
F4I6U7	gene_name:At1g70620
F4IV21	gene_name:At2g44800
F4J8D9	gene_name:At3g02390
F4JGZ1	gene_name:MED16
F4JP86	gene_name:TRM3
I3XHK1	gene_name:FANCM
O04192	gene_name:MYB25
O22759	gene_name:IDD12
O23010	gene_name:At2g17160
O23085	gene_name:A_TM018A10.16
O48781	gene_name:SPX2
O49508	gene_name:At4g18380
O64539	gene_name:YUP8H12R.26
O64825	gene_name:LYK4
O80765	gene_name:PANK1
O82174	gene_name:At2g35170
O82746	gene_name:At4g22980
P0DKC5	gene_name:HSD1
P10795	gene_name:RBCS-1A
P46875	gene_name:KIN14N
P92935	gene_name:AATP2
P93757	gene_name:GK-1
P94072	gene_name:GER3
P94078	gene_name:At3g26720
Q05609	gene_name:CTR1
Q07187	gene_name:EM1
Q07356	gene_name:PDS
Q0V7P8	gene_name:At5g27750
Q0WQN9	gene_name:CYCD4-2
Q0WR81	gene_name:At4g17085
Q1G3Q5	gene_name:At2g12462
Q1H563	gene_name:At3g14595
Q1PDW5	gene_name:FTSH6
Q29PU2	gene_name:SAUR76
Q3E7M8	gene_name:At4g08876
Q3EAF9	gene_name:At3g62260
Q5XEZ5	gene_name:OSCA1.2
Q5XV66	gene_name:At4g29400
Q6NKQ5	gene_name:At2g01275
Q6NPG7	gene_name:At5g43822
Q6NPN3	gene_name:At5g18550
Q6NQ74	gene_name:TRM8
Q6NQG3	gene_name:At1g16790
Q8GUP4	gene_name:MAJ23.70
Q8GW72	gene_name:FUC1
Q8GX77	gene_name:At1g61340
Q8H1G6	gene_name:PTI11
Q8LCC7	gene_name:At4g22380
Q8RUX8	gene_name:At2g44525
Q8RX37	gene_name:At1g07160
Q8RXQ2	gene_name:RBL18
Q8VY05	gene_name:SWI3D
Q8VYV0	gene_name:At1g43690
Q8W037	gene_name:NIP2-1
Q93VQ6	gene_name:At1g07080
Q93ZA5	gene_name:TBL46
Q944L7	gene_name:SLP2
Q96273	gene_name:LEA18
Q9C5Y4	gene_name:SMC2-1
Q9C6I2	gene_name:At1g50980
Q9C7V3	gene_name:At1g64290
Q9C908	gene_name:At1g74220
Q9C936	gene_name:At1g52820
Q9FF28	gene_name:MXI10.1
Q9FIM2	gene_name:FTSH9
Q9FLA3	gene_name:At5g44940
Q9FLX9	gene_name:NLE1
Q9LH80	gene_name:At3g14760
Q9LHQ4	gene_name:At3g20680
Q9LIH7	gene_name:PAT11
Q9LIP3	gene_name:CYP71B37
Q9LNF2	gene_name:PMEI1
Q9LPR8	gene_name:SCL3
Q9LQ25	gene_name:CYP76C6
Q9LQI9	gene_name:UBP1B
Q9LRL2	gene_name:CRRSP25
Q9LTE8	gene_name:At5g52690
Q9LV16	gene_name:GALT6
Q9M0S5	gene_name:ISA3
Q9M394	gene_name:FLN1
Q9M9G6	gene_name:CSTF64
Q9SD04	gene_name:SSL7
Q9SD81	gene_name:GDPD6
Q9SE95	gene_name:FIP2
Q9SJW3	gene_name:SPR1
Q9SX76	gene_name:F16N3.27
Q9SZ66	gene_name:DSC1
Q9SZD1	gene_name:TCX5
Q9XH75	gene_name:TATB
Q9XIB6	gene_name:PEX2
Q9XIB7	gene_name:At1g49500
Q9ZPJ8	gene_name:AMT1-2
A0A1I9LM76	gene_name:At3g16525
A0A1I9LSA7	gene_name:At3g22125
A0A1P8AQE4	gene_name:CHR18
A0A1P8AWD6	gene_name:At1g69610
A0A1P8B1X0	gene_name:At2g40020
A0A1P8B6Q8	gene_name:At4g24350
A0A1P8B781	gene_name:At4g20703
A8MR54	gene_name:At3g19615
B3H4K3	gene_name:At1g15772
B9DGS8	gene_name:At1g14820
F4HQD4	gene_name:HSP70-15
F4HYE7	gene_name:At1g48390
F4IF38	gene_name:CYP79C1
F4IN30	gene_name:MHK10.17
F4IUS3	gene_name:At2g32910
F4JAD0	gene_name:At3g47160
F4JIB7	gene_name:At4g08640
F4JRC5	gene_name:PIP2
F4JY92	gene_name:At5g25870
F4K4F5	gene_name:At5g36480
F4KA15	gene_name:At5g28810
F4KH94	gene_name:At5g33330
F4KIU0	gene_name:MEE6.4
O04515	gene_name:RAS1
O22181	gene_name:PREPIP3
O22263	gene_name:PDIL2-1
O22971	gene_name:CIPK13
O23255	gene_name:SAHH1
O48676	gene_name:UGT74B1
O64888	gene_name:PRS5
O82197	gene_name:VPS32.1
O82382	gene_name:UGT71C2
O82643	gene_name:ZIP9
P19456	gene_name:AHA2
P29517	gene_name:TUBB9
P38420	gene_name:NRPB2
P93030	gene_name:RMA2
Q0WNX9	gene_name:KRP6
Q1JPL5	gene_name:ECT6
Q1PDQ2	gene_name:MIJ24.100
Q3C1C7	gene_name:Cdf2
Q3E909	gene_name:At5g27510
Q3E9Q9	gene_name:At4g35430
Q43292	gene_name:RPL37B
Q5E913	gene_name:KIN10B
Q6NQ88	gene_name:DDB2
Q7FGZ2	gene_name:RH1
Q7X843	gene_name:ATL48
Q7XJU2	gene_name:BHLH153
Q8GX46	gene_name:BHLH91
Q8GXT2	gene_name:BGLU29
Q8GYH7	gene_name:MMS21
Q8RWM2	gene_name:NAPRT1
Q8RY16	gene_name:PEX6
Q8VYN4	gene_name:At2g34610
Q8W481	gene_name:At4g00895
Q8W595	gene_name:SUVR4
Q945S5	gene_name:CAX4
Q948J9	gene_name:LIP2P
Q949R3	gene_name:At5g33390
Q94B35	gene_name:ISPH
Q94CD1	gene_name:HHT1
Q94KB2	gene_name:MLO13
Q9AST8	gene_name:ROSY1
Q9ASZ4	gene_name:At3g17900
Q9C6Q5	gene_name:F17J6.1
Q9C995	gene_name:ERF070
Q9C9T6	gene_name:CTL14
Q9FF85	gene_name:MRO11.1
Q9FHL2	gene_name:At5g23460
Q9FIC2	gene_name:MNU2
Q9FL08	gene_name:At5g40240
Q9FZF1	gene_name:PEX11A
Q9FZG4	gene_name:At1g47840
Q9LEQ7	gene_name:At5g14820
Q9LFH3	gene_name:LOG4
Q9LM88	gene_name:At1g20670
Q9LMP7	gene_name:GOS11
Q9LR09	gene_name:HVA22G
Q9LRP7	gene_name:ATG8I
Q9LTM2	gene_name:CYP71B21
Q9LUP9	gene_name:At3g17480
Q9LX12	gene_name:IPS3
Q9M153	gene_name:At4g01130
Q9M2R4	gene_name:T10K17.40
Q9M3B1	gene_name:WSD6
Q9SA63	gene_name:LFG4
Q9SIH3	gene_name:At2g36110
Q9SR17	gene_name:AHL19
Q9SRN6	gene_name:At3g03320
Q9SVU5	gene_name:At4g28780
Q9SW24	gene_name:At4g25020
Q9SW95	gene_name:SYNC2
Q9SY89	gene_name:At1g61610
Q9SZU9	gene_name:At4g37500
Q9XI31	gene_name:GLYI4
Q9XIP7	gene_name:GTG1
Q9ZSA2	gene_name:CPK21
Q9ZU97	gene_name:VAC14
Q9ZWC0	gene_name:At1g04000
A0A1I9LLD6	gene_name:At3g59340
A0A1I9LP79	gene_name:At3g19613
A0A1I9LPQ3	gene_name:At3g13075
A0A1P8ANJ8	gene_name:At1g52603
A0A1P8ASQ0	gene_name:At1g56225
A0A1P8AT89	gene_name:At1g21050
A0A1P8BEU5	gene_name:At5g54043
A2RVN9	gene_name:At3g50390
A7REG8	gene_name:At3g01329
B3H691	gene_name:At3g61723
B5X0N4	gene_name:At4g33180
B9DFX7	gene_name:PAA2
C0LGG4	gene_name:At1g51860
C0LGP2	gene_name:MEE39
C0LGT5	gene_name:At5g16900
F4HP86	gene_name:CYP722A1
F4HRC7	gene_name:At1g45248
F4HVB3	gene_name:At1g61475
F4I179	gene_name:At1g15840
F4I1X2	gene_name:At1g55800
F4I540	gene_name:At1g56415
F4IW24	gene_name:At2g45135
F4J551	gene_name:At3g17350
F4J7G2	gene_name:At3g11773
F4JAB7	gene_name:At3g47040
F4JGB0	gene_name:At4g03728
F4JZW7	gene_name:At5g35604
F4K964	gene_name:At5g57035
F4KIA8	gene_name:At5g10800
O22211	gene_name:GPT
O22711	gene_name:PRXIID
O64629	gene_name:AUR3
O80526	gene_name:ACLA-3
O81914	gene_name:NAC005
O82256	gene_name:COL13
P0DKL4	gene_name:SAP130A
P42743	gene_name:UBC15
P56760	gene_name:atpH
P92960	gene_name:KAT3
Q1G3V8	gene_name:At1g80165
Q1JPP0	gene_name:DL3860C
Q1PFV8	gene_name:At1g15620
Q2PGG3	gene_name:SR
Q2V338	gene_name:WNK9
Q2V461	gene_name:At2g24617
Q2V491	gene_name:At2g07795
Q38813	gene_name:ATJ1
Q38896	gene_name:CSP4
Q39044	gene_name:bVPE
Q39254	gene_name:CAX2
Q3E7D0	gene_name:NAT12
Q5XEN5	gene_name:MBD1
Q6DST9	gene_name:At1g29380
Q6EWX0	gene_name:ORC5
Q6X5V0	gene_name:DVL1
Q7DM58	gene_name:ABCC4
Q7XJT7	gene_name:BSK12
Q8GUL2	gene_name:MOS14
Q8GWA9	gene_name:At2g17033
Q8GXN7	gene_name:At2g38090
Q8H1E1	gene_name:ATG14B
Q8LG70	gene_name:PGL2
Q8RYC2	gene_name:ACT5
Q8S8K5	gene_name:At2g35736
Q94CK9	gene_name:LRP1
Q94GA6	gene_name:MYB85
Q94K36	gene_name:BIA
Q9C690	gene_name:BHLH122
Q9C958	gene_name:SRK2B
Q9CAU3	gene_name:SCPL2
Q9FFC2	gene_name:MRN17.9
Q9FJ70	gene_name:FIM3
Q9FKB3	gene_name:At5g48840
Q9FY48	gene_name:KEG
Q9FZ93	gene_name:At1g28190
Q9LD37	gene_name:CNGC20
Q9LD39	gene_name:MGH6.10
Q9LHT2	gene_name:At5g36720
Q9LM72	gene_name:At1g20803
Q9LMK8	gene_name:MAPKKK13
Q9LQR2	gene_name:At1g76065
Q9LTE0	gene_name:At5g52770
Q9LX64	gene_name:F4M19_20
Q9LXU4	gene_name:At5g12950
Q9M1U2	gene_name:GATA14
Q9S9N8	gene_name:NRAMP6
Q9SAL0	gene_name:RGLG4
Q9SHS1	gene_name:At2g13450
Q9SI62	gene_name:PPRD2
Q9SKD4	gene_name:At2g46460
Q9SNB7	gene_name:LPE1
Q9SNB9	gene_name:TRP2
Q9SR32	gene_name:At3g09310
Q9SRE5	gene_name:At1g76660
Q9SS17	gene_name:RPS24A
Q9STN3	gene_name:At4g08350
Q9SV74	gene_name:At4g12950
Q9XID4	gene_name:ARF12
Q9ZPR4	gene_name:MRS2-5
Q9ZVH7	gene_name:FAX3
A0A1I9LT75	gene_name:At3g05365
A0A1I9LTQ8	gene_name:At3g52075
A0A1P8ATR6	gene_name:At1g50730
A0A1P8B5V8	gene_name:At4g24590
A0A1P8BAW7	gene_name:At5g25995
A3EWL3	gene_name:REV1
B3H5I2	gene_name:At2g11891
B3H5T9	gene_name:At5g34829
B9DFK5	gene_name:RE
D0EL35	gene_name:CTC1
F4I6H7	gene_name:At1g40129
F4I8P5	gene_name:YUP8H12.11
F4IZ00	gene_name:At3g28155
F4IZ43	gene_name:At3g43420
F4JH46	gene_name:DTX34
F4JL11	gene_name:IMPA2
F4K208	gene_name:MAF19.18
F4KBM7	gene_name:AVT6B
O04621	gene_name:TBL26
O22209	gene_name:At2g40960
O23474	gene_name:PER40
O23498	gene_name:dl4295c
O49515	gene_name:ERF091
O64633	gene_name:At2g45530
O82498	gene_name:DIR12
P0CC33	gene_name:ndhB2
Q1KPV0	gene_name:FZL
Q2V465	gene_name:SCPL11
Q2V468	gene_name:At2g22805
Q2V4N6	gene_name:At1g13605
Q38893	gene_name:ZDS1
Q3E966	gene_name:At5g24880
Q3EDB8	gene_name:At1g15590
Q3EDG3	gene_name:CHX5
Q4PSZ1	gene_name:At1g53325
Q52K82	gene_name:CML21
Q56WF8	gene_name:SCPL48
Q5BPS8	gene_name:At2g27320
Q5XUX8	gene_name:MMI9.7
Q67XX3	gene_name:JMJ22
Q682V0	gene_name:XRCC4
Q8GSA7	gene_name:CAMTA3
Q8GX54	gene_name:At5g63225
Q8GYZ3	gene_name:At1g19130
Q8L763	gene_name:DJC72
Q8L8Y3	gene_name:CEP1
Q8LB88	gene_name:RGLG5
Q8LBA6	gene_name:PIS1
Q8LD83	gene_name:At1g49245
Q8LE06	gene_name:PROSCOOP13
Q8RXI0	gene_name:At5g16930
Q8S8D6	gene_name:At2g20613
Q8S9J5	gene_name:AT1G11170.1
Q8W3M4	gene_name:At4g06744
Q8W4H7	gene_name:A2
Q8W591	gene_name:At3g62570
Q93WB2	gene_name:At5g25280
Q93ZN9	gene_name:DAP
Q940F4	gene_name:DL3547C
Q94BY2	gene_name:At1g65820
Q94CL4	gene_name:At5g12280
Q94F62	gene_name:BAK1
Q96327	gene_name:EBP1
Q9C6W5	gene_name:ABCG14
Q9C7D2	gene_name:SCPL15
Q9CAL9	gene_name:At1g70450
Q9FEA0	gene_name:SBP1
Q9FFU3	gene_name:MBG8.14
Q9FKJ5	gene_name:MUF9.15
Q9FLJ7	gene_name:MFB13.14
Q9FMG0	gene_name:MSJ1.9
Q9FNC9	gene_name:TOM9-2
Q9FY95	gene_name:EXO70C1
Q9LDK4	gene_name:MGH6.14
Q9LDY7	gene_name:At4g11410
Q9LFB6	gene_name:At5g01200
Q9LJW6	gene_name:RPL34C
Q9LJZ4	gene_name:TTN9
Q9LNL0	gene_name:PER8
Q9LPQ3	gene_name:MKK7
Q9LQ02	gene_name:NRPD1
Q9LTS1	gene_name:MHM17.12
Q9LXT3	gene_name:MBF1B
Q9LZ21	gene_name:DIV2
Q9M342	gene_name:WAKL15
Q9M5A9	gene_name:GPT1
Q9S9X7	gene_name:At4g07350
Q9SF50	gene_name:EXO70H3
Q9SIX3	gene_name:RBG1
Q9SIZ6	gene_name:At2g40250
Q9SJ05	gene_name:SK1
Q9SJA1	gene_name:UBP19
Q9SMU9	gene_name:T2J13.30
Q9SNE2	gene_name:F11C1_90
Q9SU58	gene_name:AHA4
Q9SUU7	gene_name:PCMP-H63
Q9SZR1	gene_name:ACA10
Q9ZQI8	gene_name:LTPG11
Q9ZRV4	gene_name:MLH1
Q9ZVS8	gene_name:CBSDUF4
A0A1P8AVI5	gene_name:EMB1273
A0A1P8AX25	gene_name:PDI13
B3H530	gene_name:At1g28395
B9DHK3	gene_name:At5g14540
F4HNU8	gene_name:OFP4
F4HWC5	gene_name:At1g20990
F4I718	gene_name:CSI3
F4I8X6	gene_name:At1g11540
F4IAG4	gene_name:At1g11740
F4IFD0	gene_name:At2g04865
F4IFN6	gene_name:POL2B
F4ITM2	gene_name:RFA9
F4J4Y5	gene_name:MED26A
F4JCN9	gene_name:PRE4
F4JHJ7	gene_name:At4g02489
F4KD45	gene_name:At5g45200
O23077	gene_name:STKL2
O23467	gene_name:dl4140w
O48549	gene_name:RPS6A
O48789	gene_name:At2g26750
O64380	gene_name:PAB3
O65569	gene_name:RPS11B
O65573	gene_name:PIPC
O65581	gene_name:FBA5
O81767	gene_name:EMB2758
O82656	gene_name:PTP1
P82769	gene_name:LCR55
P82773	gene_name:PDF3.2
Q0WR07	gene_name:At1g10880
Q1G373	gene_name:SPH30
Q2HQ46	gene_name:SPH74
Q2V3L0	gene_name:At4g08028
Q38826	gene_name:IAA8
Q38913	gene_name:EXT1
Q3E960	gene_name:At5g25300
Q3E9B5	gene_name:NPF7.1
Q3E9N1	gene_name:PCMP-E98
Q3EC16	gene_name:At2g13126
Q41975	gene_name:TIP2-2
Q43349	gene_name:CP29A
Q5BPR0	gene_name:At3g15250
Q5BPR9	gene_name:At2g36650
Q6DYC5	gene_name:At3g54520
Q7PC84	gene_name:ABCG39
Q7XA74	gene_name:MVP1
Q7Y225	gene_name:DIR16
Q84WK0	gene_name:RSL2
Q84WK5	gene_name:GID8
Q8GXR6	gene_name:At3g58630
Q8L5Y6	gene_name:CAND1
Q8S8F8	gene_name:GEM
Q93V99	gene_name:PDF2
Q949R4	gene_name:LIGB
Q94CK4	gene_name:ANNAT8
Q94F00	gene_name:IMPL1
Q9CAD2	gene_name:TRM12
Q9FF69	gene_name:MUG13.9
Q9FFR6	gene_name:At5g41640
Q9FJ57	gene_name:TRN1
Q9FJ78	gene_name:AT7
Q9FJC1	gene_name:At5g53635
Q9FJH4	gene_name:MAE1.6
Q9FJX3	gene_name:VDAC2
Q9FK28	gene_name:MEMB12
Q9FK37	gene_name:MXI22.6
Q9FK56	gene_name:DJC69
Q9FKT1	gene_name:LLG1
Q9FZ37	gene_name:GUX4
Q9LDD1	gene_name:BRG3
Q9LDX3	gene_name:UTR4
Q9LHL1	gene_name:At3g13227
Q9LI89	gene_name:At3g27150
Q9LJQ6	gene_name:At3g18240
Q9LMA7	gene_name:CXE1
Q9LMM8	gene_name:AGL28
Q9LSF1	gene_name:OXI1
Q9LT75	gene_name:PTEN2A
Q9LV91	gene_name:DPE1
Q9LYN0	gene_name:PRA1B1
Q9LYU3	gene_name:ERF113
Q9M055	gene_name:F1I16_80
Q9M199	gene_name:IQD13
Q9M2Q8	gene_name:T10K17.110
Q9M5K3	gene_name:LPD1
Q9MAC6	gene_name:At3g01160
Q9S7H3	gene_name:CDC20-3
Q9SIQ8	gene_name:At2g31490
Q9SJQ2	gene_name:PEG5
Q9SMZ9	gene_name:At4g33100
Q9SRT2	gene_name:BHLH62
Q9STJ0	gene_name:At4g12210
Q9SU63	gene_name:ALDH2B4
Q9SVC8	gene_name:F22O6_150
Q9SVW7	gene_name:MRPL11
Q9SW48	gene_name:INVB
Q9SYG7	gene_name:ALDH7B4
Q9SZ56	gene_name:At4g31890
Q9ZSD4	gene_name:SYP121
Q9ZVD3	gene_name:ARR13
Q9ZW34	gene_name:ENO3
A0A1I9LTN3	gene_name:At3g11325
A0A1P8B0V4	gene_name:At2g18685
A0A1P8B0V7	gene_name:At2g06105
A0A1P8B2Y0	gene_name:At2g02525
A0A1P8B8R8	gene_name:At4g24265
B3H563	gene_name:At2g43386
F4HX06	gene_name:At1g54720
F4HZV5	gene_name:At1g29041
F4I3P9	gene_name:MURE
F4J1W7	gene_name:At3g44235
F4K940	gene_name:MIK19.5
F4KAG0	gene_name:At5g50840
O23170	gene_name:SKS15
O49653	gene_name:GCP2
O50055	gene_name:COL1
O64545	gene_name:YUP8H12R.32
O80933	gene_name:SCL9
O80960	gene_name:PIC30
O81081	gene_name:LAC2
P31167	gene_name:AAC1
P48512	gene_name:TFIIB1
P49677	gene_name:IAA1
P56767	gene_name:psaB
P59278	gene_name:At1g51745
P62090	gene_name:psaC
P82874	gene_name:TOM20-3
Q0WMV5	gene_name:At2g34350
Q1PEU9	gene_name:At2g43270
Q66GM8	gene_name:PAE10
Q6AWV5	gene_name:At4g00525
Q6NLA5	gene_name:LPPG
Q84JZ6	gene_name:MORF3
Q84VP8	gene_name:At5g21130
Q8GUH5	gene_name:At4g33080
Q8GXF0	gene_name:RAD51C
Q8GZ79	gene_name:TIC20-I
Q8GZA8	gene_name:ULT1
Q8L5Z0	gene_name:At4g33940
Q8L920	gene_name:At1g15350
Q8LFL4	gene_name:CLE25
Q8RXK2	gene_name:SDN3
Q8RXT4	gene_name:NEK4
Q8VYD6	gene_name:CBSPPR1
Q94AH7	gene_name:AP22.27
Q94KD2	gene_name:MSG15.3
Q9C5A4	gene_name:ARI16
Q9C5S2	gene_name:IRE1A
Q9C7Z2	gene_name:At1g48010
Q9C9N4	gene_name:At1g66820
Q9CAD6	gene_name:CYP86A7
Q9CAN5	gene_name:At1g63080
Q9FF15	gene_name:FH16
Q9FF81	gene_name:VPS36
Q9FFW5	gene_name:PERK8
Q9FHI3	gene_name:MFC19.20
Q9FJT1	gene_name:At5g56820
Q9FLA5	gene_name:ARAD2
Q9FLM7	gene_name:MEE6.9
Q9FX76	gene_name:At1g16630
Q9FXA3	gene_name:BHLH95
Q9FZ21	gene_name:GA2OX6
Q9LDF5	gene_name:At3g15290
Q9LJF9	gene_name:At3g26920
Q9LLL8	gene_name:SBT4.14
Q9LNC4	gene_name:GTE4
Q9LNX0	gene_name:At1g07476
Q9LPK6	gene_name:AEE9
Q9LR26	gene_name:At1g23330
Q9LS50	gene_name:NAC058
Q9LSF2	gene_name:At3g25240
Q9LSW6	gene_name:At5g43450
Q9LT67	gene_name:BHLH113
Q9LYH0	gene_name:At5g12050
Q9M888	gene_name:CCT6A
Q9M8M9	gene_name:T21F11.5
Q9M9G1	gene_name:At1g71850
Q9S7G6	gene_name:PNP2
Q9SAD3	gene_name:SMR8
Q9SBJ6	gene_name:ARAC6
Q9SFW5	gene_name:AEE21
Q9SHI9	gene_name:At1g06440
Q9SI09	gene_name:XERICO
Q9SIK2	gene_name:RPS25B
Q9SJ06	gene_name:At2g21930
Q9SJ18	gene_name:At2g21810
Q9SJR3	gene_name:TRM27
Q9SMY6	gene_name:PME45
Q9SN25	gene_name:F28M11.120
Q9SRM8	gene_name:T19F11.9
Q9SRS9	gene_name:CHIP
Q9SRV2	gene_name:SUVR3
Q9SS87	gene_name:SEOB
Q9SU56	gene_name:GLDH
Q9SUC5	gene_name:FAH2
Q9SUF2	gene_name:At4g08280
Q9SUT8	gene_name:RBOHI
Q9SX24	gene_name:PCR11
Q9T052	gene_name:PLDGAMMA3
Q9ZT89	gene_name:T5J8.23
Q9ZUQ6	gene_name:At2g12190
A0A1P8B5X7	gene_name:At4g19975
A0A1P8B6H3	gene_name:DL4490C
A0A1P8BEZ4	gene_name:TRFL10
A2RVJ6	gene_name:At4g20290
A8MRC5	gene_name:At5g36658
B3H619	gene_name:At2g01667
F4HXH4	gene_name:At1g75230
F4I9G5	gene_name:ATNPC1
F4IFE3	gene_name:At2g13895
F4J061	gene_name:IQD5
F4J1D9	gene_name:At3g15960
F4J9G6	gene_name:LETM1
F4JHH5	gene_name:SEC15B
F4K5V7	gene_name:At5g37030
F4KDJ9	gene_name:ECT10
F4KFM6	gene_name:At5g17150
O04905	gene_name:UMK3
O64538	gene_name:SAUR40
O65220	gene_name:CYP28
O65640	gene_name:ARO3
O82400	gene_name:At2g22790
O82500	gene_name:At4g11170
P51412	gene_name:RPL21
P56805	gene_name:rps15
Q1PEV9	gene_name:At2g39240
Q2V2Z3	gene_name:At5g51845
Q2V3Z5	gene_name:At3g01323
Q2V4A4	gene_name:At2g04034
Q3EAQ5	gene_name:ZIFL2
Q3ED97	gene_name:At1g18770
Q4F883	gene_name:SAG101
Q56Y63	gene_name:At5g11780
Q5HZ05	gene_name:TPPJ
Q6ID99	gene_name:OEP21A
Q8GYB8	gene_name:OPR2
Q8L610	gene_name:At5g01960
Q8L778	gene_name:CESA5
Q8LC33	gene_name:At5g63135
Q8LEU3	gene_name:NOL
Q8LGC7	gene_name:MZN1.14
Q8RWL6	gene_name:STY17
Q8RYE7	gene_name:ATTI4
Q8S8N2	gene_name:CLE5
Q8VYL8	gene_name:DTX10
Q8VZ42	gene_name:SAP11
Q93VK5	gene_name:CYP97A3
Q949P5	gene_name:At3g17365
Q94CH7	gene_name:EXL2
Q94K07	gene_name:NAP1;3
Q9ASZ1	gene_name:GEBP
Q9C6L0	gene_name:At1g25400
Q9CA42	gene_name:CRWN3
Q9CA90	gene_name:HPR2
Q9FGA7	gene_name:MPF21.5
Q9FGR8	gene_name:At5g50270
Q9FGV2	gene_name:At5g37010
Q9FHQ3	gene_name:HSP15.7
Q9FI11	gene_name:MFC16.22
Q9FI40	gene_name:BAHD1
Q9FKY2	gene_name:At5g66000
Q9FM79	gene_name:QRT1
Q9FMB0	gene_name:At5g38910
Q9FMJ1	gene_name:NAC103
Q9FNV9	gene_name:MYB113
Q9FPT1	gene_name:UBP12
Q9FXJ4	gene_name:At1g28710
Q9FY66	gene_name:RPS15B
Q9LDR9	gene_name:EXPA10
Q9LE38	gene_name:NLP4
Q9LG23	gene_name:At1g55890
Q9LH42	gene_name:At3g19520
Q9LK35	gene_name:THE1
Q9LRS3	gene_name:At3g28140
Q9LTM7	gene_name:CYP71B16
Q9LU68	gene_name:CIA2
Q9LUU5	gene_name:At3g17265
Q9LV17	gene_name:BHLH79
Q9LZG4	gene_name:PPRD3
Q9LZU5	gene_name:KIN5D
Q9M1D7	gene_name:T2O9.40
Q9M1F8	gene_name:F9K21.70
Q9M1U4	gene_name:TCP16
Q9M303	gene_name:T21J18_70
Q9M9U5	gene_name:B1L
Q9S9P3	gene_name:FDM1
Q9SF34	gene_name:F11F8_28
Q9SHV7	gene_name:MED15C
Q9SK39	gene_name:MP3
Q9SR02	gene_name:MED14
Q9STK9	gene_name:CYP71A24
Q9SUR4	gene_name:At4g23620
Q9SVH3	gene_name:At4g20740
Q9SZ45	gene_name:MICU
Q9XGM2	gene_name:MRE11
Q9XQC7	gene_name:EMB1241
Q9ZNV8	gene_name:AHP2
Q9ZQD0	gene_name:At2g37140
Q9ZU68	gene_name:At2g18530
Q9ZU94	gene_name:PDLP6
Q9ZUC7	gene_name:At1g23680
A0A178VE74	gene_name:ZRK4
A0A1I9LLR6	gene_name:At3g09550
A0A1P8ANE2	gene_name:At1g56418
A0A1P8B7I6	gene_name:AP22.17
B3H428	gene_name:At3g01319
B3H4Y3	gene_name:At1g67540
B3H6B7	gene_name:At4g31196
F4I048	gene_name:At1g48970
F4I697	gene_name:At1g23650
F4IAT5	gene_name:At1g24735
F4IMB5	gene_name:At2g07698
F4IY62	gene_name:UGP3
F4J485	gene_name:At3g29720
F4J687	gene_name:At3g11300
F4JBP3	gene_name:ATG1B
F4JQK2	gene_name:At4g12170
F4JSE7	gene_name:EDR2
F4KEM2	gene_name:MRA19.16
O22772	gene_name:At4g02550
O22941	gene_name:PXM16
O23089	gene_name:SAUR31
O49684	gene_name:At4g17850
O65397	gene_name:At1g11850
O80365	gene_name:ARR8
O80512	gene_name:At2g44730
O82355	gene_name:At2g46140
O82462	gene_name:At5g26710
P0DKH2	gene_name:RNR2B
P82764	gene_name:LCR49
Q0WSH6	gene_name:LOI1
Q0WWQ1	gene_name:ATG3
Q1G3V1	gene_name:At1g12064
Q2V4L0	gene_name:At1g26796
Q304A0	gene_name:MRS2-7
Q39009	gene_name:DMC1
Q3EA38	gene_name:At4g13965
Q3ECP1	gene_name:At1g55710
Q570S7	gene_name:CSLG1
Q6NLQ6	gene_name:CPK32
Q6NLT2	gene_name:At2g04495
Q84JG5	gene_name:HLL
Q8GW60	gene_name:At3g13845
Q8GYX0	gene_name:MOB1B
Q8LE59	gene_name:IRT3
Q8LFQ6	gene_name:GRXC4
Q8RX78	gene_name:UBN1
Q8VYP7	gene_name:At3g62560
Q8VZQ3	gene_name:At1g17200
Q93VB4	gene_name:At4g02220
Q93VS8	gene_name:KETCH1
Q949P3	gene_name:At2g17340
Q94A34	gene_name:SFH12
Q94JX5	gene_name:WLIM1
Q9C641	gene_name:MEFG1
Q9C7P3	gene_name:At1g29580
Q9C8V0	gene_name:IAN6
Q9FE20	gene_name:PBS1
Q9FGF0	gene_name:At5g64460
Q9FH94	gene_name:ERF010
Q9FHA4	gene_name:SBT1.9
Q9FI21	gene_name:At5g44440
Q9FJH9	gene_name:At5g60760
Q9FK54	gene_name:At5g18160
Q9FKX5	gene_name:ATL27
Q9FLP7	gene_name:At5g55150
Q9FLQ3	gene_name:RAN4
Q9FMZ4	gene_name:At5g42700
Q9FXB2	gene_name:GOLS2
Q9LF20	gene_name:At5g15620
Q9LH73	gene_name:At3g14820
Q9LK32	gene_name:Y-2
Q9LQC1	gene_name:At1g58310
Q9LSM0	gene_name:UGT91B1
Q9LT27	gene_name:At3g19810
Q9LUZ4	gene_name:At5g58620
Q9LYL8	gene_name:SORORIN
Q9LZQ8	gene_name:T12C14_20
Q9M080	gene_name:ERF043
Q9M1E2	gene_name:NPF2.7
Q9M340	gene_name:F5K20_160
Q9M8M3	gene_name:At1g80550
Q9MA60	gene_name:FH11
Q9S9P1	gene_name:RPS12A
Q9SAB1	gene_name:HSP70-16
Q9SD64	gene_name:F13I12.140
Q9SG91	gene_name:UCRQ-1
Q9SHJ0	gene_name:CAF1-1
Q9SKP0	gene_name:ECP63
Q9SMW7	gene_name:BTF3
Q9SR36	gene_name:GSTU8
Q9SRP6	gene_name:ATP23
Q9SRX1	gene_name:At1g02770
Q9STS7	gene_name:CHL
Q9SUR3	gene_name:RTNLB1
Q9SX79	gene_name:RBP47C
Q9SZD4	gene_name:RPT2A
Q9XED8	gene_name:ARF9
Q9ZP55	gene_name:DRP4C
Q9ZUB1	gene_name:At1g23840
Q9ZUU7	gene_name:At2g28050
A0A1I9LT96	gene_name:At3g22337
A0A1P8AMV0	gene_name:At1g72275
A0A1P8AP45	gene_name:At1g50745
A0A1P8B0Q4	gene_name:At2g16980
A0A1P8B2K1	gene_name:MEE20
A0A1P8BA72	gene_name:MUA22.21
A0A1P8BFJ4	gene_name:At5g52155
A0A1P8BH58	gene_name:At5g04680
A4IJ27	gene_name:ROPGEF3
A8MRM7	gene_name:At5g34828
B3H6B4	gene_name:At3g22022
C0LGD6	gene_name:At1g05700
F4HP88	gene_name:SFH4
F4HQ17	gene_name:LRK10L-1.4
F4I4P8	gene_name:At1g23250
F4I7D7	gene_name:DEG23
F4IDB4	gene_name:At1g72410
F4IIM1	gene_name:CSI1
F4ISS7	gene_name:At2g32140
F4J4A0	gene_name:At3g44790
F4JBR5	gene_name:At3g54070
F4JMN0	gene_name:At4g22830
F4KCZ1	gene_name:At5g38920
O04504	gene_name:At1g09820
O48849	gene_name:RLP23
O50064	gene_name:FIM2
O65687	gene_name:At4g34630
O82353	gene_name:ATL67
P0C8Q7	gene_name:PCMP-E105
P0DN97	gene_name:CEP8
P52901	gene_name:E1
P93026	gene_name:VSR1
P98204	gene_name:ALA1
Q0WKW1	gene_name:At3g08020
Q1PDX5	gene_name:SBT3.11
Q1PF10	gene_name:At2g23900
Q2V366	gene_name:At5g19172
Q2V3Y5	gene_name:At3g04903
Q2V4L5	gene_name:At1g24062
Q38864	gene_name:EXPA5
Q39253	gene_name:CAX1
Q42581	gene_name:PRS1
Q4PSU4	gene_name:AGL61
Q6ICW6	gene_name:WNK11
Q6NMB7	gene_name:At1g43650
Q6NQ64	gene_name:At4g27340
Q71DJ5	gene_name:LIP1
Q84JN6	gene_name:At1g20360
Q84W85	gene_name:At4g37950
Q8GXE2	gene_name:ARD2
Q8GXP1	gene_name:MAG2L
Q8GYC7	gene_name:PGRL1B
Q8GYF7	gene_name:NUP54
Q8GYQ7	gene_name:At5g09225
Q8LEZ8	gene_name:AAP19-1
Q8LGH4	gene_name:CUL4
Q8RXF8	gene_name:MIRO1
Q8RXM5	gene_name:PAWH2
Q8W035	gene_name:FPGS3
Q93V47	gene_name:GG2
Q93ZA8	gene_name:DL4660W
Q93ZE3	gene_name:At1g26761
Q944B6	gene_name:TYRAAT1
Q949S9	gene_name:MOS4
Q94CE3	gene_name:BCA5
Q9C9T8	gene_name:At1g73740
Q9CA16	gene_name:At1g77780
Q9CAF5	gene_name:ABCI6
Q9FGJ4	gene_name:MTACP2
Q9FL94	gene_name:At5g45030
Q9FN57	gene_name:ATL86
Q9LNJ3	gene_name:APF2
Q9LPM5	gene_name:At1g50040
Q9LRA9	gene_name:At1g23850
Q9LRV2	gene_name:PCMP-A5
Q9LS25	gene_name:At5g46580
Q9LUD9	gene_name:GGPP3
Q9LVT1	gene_name:At5g47280
Q9LXU8	gene_name:At5g12910
Q9LYJ0	gene_name:T15N1_190
Q9LZI9	gene_name:GSTF13
Q9M015	gene_name:At5g01610
Q9M2K4	gene_name:BZIP61
Q9M5P3	gene_name:CCDA
Q9S7E9	gene_name:GGAT2
Q9S7I8	gene_name:CDC20-2
Q9SAJ2	gene_name:RAF20
Q9SGU3	gene_name:MYB72
Q9SII8	gene_name:DSK2B
Q9SJ54	gene_name:NHL12
Q9STE6	gene_name:UGT76E5
Q9STZ3	gene_name:PLC8
Q9SVY5	gene_name:ZRK1
Q9SXD9	gene_name:At1g62580
Q9T055	gene_name:At4g11870
Q9T0C7	gene_name:At4g11590
Q9XI21	gene_name:At1g15480
Q9ZP56	gene_name:DRP4A
Q9ZQA1	gene_name:PCMP-E44
Q9ZUA6	gene_name:At2g01780
A0A1I9LT34	gene_name:At3g44753
A0A1P8AWF5	gene_name:At1g63855
A0A1P8B8R6	gene_name:At4g04605
A0A1P8BGS0	gene_name:At5g30360
B3H4A9	gene_name:At4g37682
B3H5W5	gene_name:At3g51642
B6EUA9	gene_name:PRP40A
B9DGK6	gene_name:At2g44210
F4HY09	gene_name:At1g21470
F4I0M0	gene_name:At1g69325
F4I6H2	gene_name:At1g38790
F4IDG2	gene_name:YUP8H12R.45
F4J5F9	gene_name:At3g30235
F4JA72	gene_name:At3g32050
F4JKX4	gene_name:At4g15885
F4JM22	gene_name:At4g28740
F4JRB0	gene_name:HHO5
F4JTL0	gene_name:At4g38225
F4K5W4	gene_name:MJG14.20
O03982	gene_name:HIPP39
O22286	gene_name:BPM3
O22822	gene_name:UGT74F2
O22944	gene_name:NTAQ1
O49696	gene_name:ALMT12
O64785	gene_name:At1g61350
O64948	gene_name:LON2
O80559	gene_name:At2g43890
O82083	gene_name:ENODL18
O82251	gene_name:TIC20-II
O82305	gene_name:At2g25920
O82360	gene_name:BPS2
O82616	gene_name:At4g10260
P0DI07	gene_name:HISN6B
P46077	gene_name:GRF4
P56763	gene_name:rpoC1
P82789	gene_name:PDF3.1
P93031	gene_name:MUR1
Q0WVU3	gene_name:PHL5
Q1G363	gene_name:At5g20310
Q39102	gene_name:FTSH1
Q3EAQ3	gene_name:At3g44115
Q3EBB7	gene_name:At3g06435
Q3EDK6	gene_name:At1g02490
Q42606	gene_name:UPM1
Q4PSD1	gene_name:APUM14
Q5Q0E7	gene_name:At1g49110
Q67X99	gene_name:TPPE
Q682I4	gene_name:At3g60150
Q6IDB0	gene_name:SPEAR3
Q6NQ54	gene_name:ENY2
Q7Y219	gene_name:PMIR2
Q8GY17	gene_name:At4g38410
Q8H110	gene_name:XCT
Q8H1E3	gene_name:PBL17
Q8L7S5	gene_name:IPGA1
Q8LDF9	gene_name:HMGB7
Q8VZV8	gene_name:At5g10110
Q94AM8	gene_name:NKS1
Q94C75	gene_name:RH25
Q94FL6	gene_name:MYB124
Q94K30	gene_name:At1g01800
Q9C5S8	gene_name:CRK5
Q9FHH8	gene_name:COL5
Q9FI12	gene_name:SBT2.3
Q9FI43	gene_name:APC2
Q9FI63	gene_name:At5g40470
Q9FIA7	gene_name:FD4
Q9FIS0	gene_name:TRM25
Q9FJG1	gene_name:SAUR19
Q9FLM0	gene_name:NAC095
Q9FLU1	gene_name:BIN4
Q9FNJ4	gene_name:At5g22670
Q9FVU7	gene_name:T8L23.1
Q9FWX7	gene_name:ABCB11
Q9FX54	gene_name:GAPC2
Q9FYE6	gene_name:BHLH101
Q9LDH8	gene_name:ATDOB16
Q9LFG1	gene_name:At3g53590
Q9LTH9	gene_name:ZIP2
Q9LV89	gene_name:MXK3.11
Q9LVL4	gene_name:OFP3
Q9LVQ0	gene_name:PME31
Q9LVS9	gene_name:At5g47300
Q9LXB7	gene_name:PELPK2
Q9M1B4	gene_name:SSL13
Q9MAC5	gene_name:PTB
Q9S9L3	gene_name:At5g28210
Q9SD33	gene_name:At3g51130
Q9SHW4	gene_name:At2g10930
Q9SIF7	gene_name:At2g11620
Q9SK08	gene_name:LBD11
Q9STP7	gene_name:At4g27790
Q9SU16	gene_name:AT4G12700.1
Q9SUW1	gene_name:GT19
Q9SW33	gene_name:At4g24930
Q9T028	gene_name:At4g39190
Q9XIJ0	gene_name:At1g10590
Q9ZVG8	gene_name:PCMP-E54
Q9ZVK7	gene_name:MEE13
Q9ZWA1	gene_name:TZF4
A0A1P8B6A7	gene_name:At4g23780
A8MSA5	gene_name:At5g63087
B3H453	gene_name:SPH8
B3H5P5	gene_name:At2g07684
B3H6I0	gene_name:At4g38781
C0LGG7	gene_name:At1g53420
C0SV51	gene_name:CBP60C
F4HQJ2	gene_name:At1g01150
F4HR31	gene_name:At1g27008
F4HTY4	gene_name:At1g80540
F4HZT7	gene_name:At1g22120
F4IJB8	gene_name:At2g15610
F4IME1	gene_name:MSL7
F4IVQ7	gene_name:At2g33175
F4J5L7	gene_name:At3g45525
F4JD25	gene_name:At3g61028
F4JP07	gene_name:At4g11440
F4JYU9	gene_name:At5g54148
F4K735	gene_name:At5g28350
F4K975	gene_name:MDC12.2
O22288	gene_name:At2g39790
O49437	gene_name:At4g20100
O80580	gene_name:MLO15
O81908	gene_name:At1g02060
O82283	gene_name:At2g35580
O82499	gene_name:At4g11175
P25696	gene_name:ENO2
P25855	gene_name:GDH1
P56761	gene_name:psbD
P82768	gene_name:LCR54
Q0WMJ7	gene_name:At3g01860
Q0WQM3	gene_name:SDJ3
Q0WTY4	gene_name:VPS2.2
Q2V488	gene_name:At2g12475
Q38931	gene_name:FKBP62
Q3E7S1	gene_name:At2g24693
Q3MK94	gene_name:ECT1
Q4PT00	gene_name:At1g47810
Q52K81	gene_name:AT171
Q56YP2	gene_name:PIP5K1
Q680N1	gene_name:SPH12
Q6NLD7	gene_name:ENODL8
Q84P21	gene_name:4CLL5
Q8H1R7	gene_name:At4g26340
Q8LB81	gene_name:At5g33370
Q8RY94	gene_name:At4g18440
Q8S8A9	gene_name:At2g04066
Q8W495	gene_name:At4g00500
Q944A2	gene_name:ATALBA2
Q9C5G0	gene_name:SUF4
Q9C7P1	gene_name:At1g29600/At1g29610
Q9C7P4	gene_name:At1g29570
Q9C884	gene_name:At1g33170
Q9C8X8	gene_name:At1g36320
Q9C9V8	gene_name:At1g67920
Q9CAI6	gene_name:At1g72720
Q9FDW1	gene_name:MYB44
Q9FF87	gene_name:MTERF34
Q9FGB0	gene_name:BHLH145
Q9FI46	gene_name:CRL
Q9FIA9	gene_name:PEP4
Q9FID0	gene_name:At5g39110
Q9FJV2	gene_name:At5g56560
Q9FK21	gene_name:WDD1
Q9FKZ6	gene_name:MUD21.10
Q9FLV8	gene_name:At5g24040
Q9FNM5	gene_name:At5g08650
Q9FQ19	gene_name:SYN3
Q9FXC0	gene_name:At1g56700
Q9FXD1	gene_name:At1g67650
Q9FZ63	gene_name:PRA1F1
Q9LF03	gene_name:At5g16250
Q9LFL0	gene_name:CSLD2
Q9LM90	gene_name:At1g20600
Q9LRH6	gene_name:GATA25
Q9LU73	gene_name:SMXL5
Q9LVP0	gene_name:At5g63930
Q9LVU2	gene_name:MQL5.2
Q9LZL3	gene_name:PCS1
Q9M0W9	gene_name:At4g05260
Q9M2Z8	gene_name:MPT2
Q9M3B8	gene_name:PHIP1
Q9M9E1	gene_name:ABCG40
Q9S7T9	gene_name:SAMDC2
Q9SA05	gene_name:POT10
Q9SD72	gene_name:F13I12.60
Q9SF41	gene_name:RH45
Q9SGQ0	gene_name:VOZ1
Q9SIC7	gene_name:At2g31420
Q9SKH2	gene_name:PRL1-IFG
Q9SKU2	gene_name:EXPB1
Q9SMN0	gene_name:CXE12
Q9SQR2	gene_name:ChlADR2
Q9SR72	gene_name:At3g10080
Q9SRN1	gene_name:NHL2
Q9STU3	gene_name:MAG2
Q9SXE6	gene_name:At1g62510
Q9XI57	gene_name:F9L1.6
Q9ZUN4	gene_name:ACO1
Q9ZW31	gene_name:HSP17.6B
A0A178UUY0	gene_name:At4g32000
A0A178W7H0	gene_name:At1g75125
A0A1P8ANQ6	gene_name:At1g33230
A0A1P8AWJ9	gene_name:At1g26225
A0A1P8AXS2	gene_name:At2g02493
A0A1P8B0A1	gene_name:At2g07565
B3H7J0	gene_name:At5g03944
F4HPL1	gene_name:At1g44940
F4HTV6	gene_name:RLP16
F4I0Z5	gene_name:At1g09480
F4I893	gene_name:ILA
F4IV24	gene_name:At2g44820
F4J077	gene_name:PAT1H1
F4JGF3	gene_name:At4g05380
F4JI64	gene_name:At4g03200
F4JPR2	gene_name:AP22.52
F4K493	gene_name:CLSY2
F4K7U0	gene_name:MQB2.15
F4K9L7	gene_name:BZIP75
O04310	gene_name:JAL34
O04589	gene_name:At1g62250
O04643	gene_name:At5g27020
O22795	gene_name:RPL28
O22947	gene_name:At2g41730
O49523	gene_name:DSEL
O49695	gene_name:At4g17960
O64614	gene_name:YIP4A
O64698	gene_name:CYP710A2
O81242	gene_name:RHL1
P33077	gene_name:IAA4
P92527	gene_name:CCMC
P93042	gene_name:RHD3
P93278	gene_name:AtMg00040
Q08AA5	gene_name:At1g67410
Q0WPN0	gene_name:SOV
Q0WSZ6	gene_name:NPF5.13
Q0WT40	gene_name:CSLB5
Q1G3P4	gene_name:At2g30933
Q1KS66	gene_name:ROPGEF10
Q29Q74	gene_name:At2g33855
Q3EAY2	gene_name:At3g28590
Q45GQ7	gene_name:PHS1
Q501A1	gene_name:MSF3.24
Q501D2	gene_name:IQD30
Q6DR65	gene_name:At2g17920
Q6DSR3	gene_name:At3g43930
Q84K42	gene_name:At1g68500
Q8GUJ1	gene_name:UXT2
Q8L7S4	gene_name:MAP70.2
Q8LAA7	gene_name:At5g45590
Q8LEW6	gene_name:TWS1
Q8LLD4	gene_name:REP
Q8RYE6	gene_name:ASG8
Q8S8G6	gene_name:At2g18245
Q8VZI6	gene_name:At4g33380
Q8W498	gene_name:IMB4
Q945P2	gene_name:At5g49210
Q94AU9	gene_name:RBCX1
Q94K70	gene_name:At1g12730
Q94K88	gene_name:NASP
Q96276	gene_name:MYB23
Q96328	gene_name:SAC8
Q9C8J8	gene_name:ABCG13
Q9C918	gene_name:UBC38
Q9FF34	gene_name:MXA21.9
Q9FGC3	gene_name:MEE13.6
Q9FIA1	gene_name:At5g55050
Q9FIZ5	gene_name:At5g44680
Q9FJY6	gene_name:At5g66530
Q9FNG3	gene_name:RICE2
Q9FRI9	gene_name:At1g36756
Q9FWR1	gene_name:F17F16.3
Q9FWX9	gene_name:At1g02540
Q9FY93	gene_name:NAC083
Q9FY96	gene_name:At5g13140
Q9LG15	gene_name:At1g55950
Q9LLR7	gene_name:LTP3
Q9LQ10	gene_name:ACS10
Q9LQL4	gene_name:At1g32430
Q9LYG5	gene_name:MAGL13
Q9M1E5	gene_name:F9K21.200
Q9M237	gene_name:At3g43530
Q9M8Y7	gene_name:At3g04310
Q9M9M7	gene_name:At3g03080
Q9S7V5	gene_name:BPP2
Q9SCR1	gene_name:T3A5.20
Q9SF35	gene_name:RPS23A
Q9SKM9	gene_name:At2g28410
Q9SRI1	gene_name:SEC13A
Q9STF8	gene_name:T6H20.110
Q9STK5	gene_name:At3g48250
Q9SVL8	gene_name:F18B3.80
Q9SW67	gene_name:CYP81H1
Q9XIJ1	gene_name:BHLH168
Q9ZPQ8	gene_name:ACR5
Q9ZPX8	gene_name:RS31A
Q9ZQR5	gene_name:TBL13
Q9ZSI9	gene_name:At4g01740
Q9ZUJ5	gene_name:5MMP
Q9ZVI3	gene_name:At2g38610
A0A178WDK9	gene_name:FITNESS
A0A1P8B5A1	gene_name:At4g09300
A0A1P8B8Z3	gene_name:At4g03625
A8MQ81	gene_name:At5g60945
A8MQN0	gene_name:LCR51
A8MRV7	gene_name:At3g49270
A8MS59	gene_name:At2g20597
B3H524	gene_name:At3g22436
B3H6N9	gene_name:At2g09838
B5X4Z9	gene_name:STU
F4HZZ2	gene_name:At1g35617
F4I9H4	gene_name:At1g42680
F4IEL6	gene_name:At1g52857
F4IRD4	gene_name:At2g11005
F4JA80	gene_name:At3g32180
F4JFZ4	gene_name:At4g08263
F4JQU9	gene_name:At4g18372
O23587	gene_name:dl4755w
O48588	gene_name:T19K24.17
O48788	gene_name:At2g26730
O48843	gene_name:GT13
O49420	gene_name:At4g19930
O82632	gene_name:GATA9
O82808	gene_name:At2g25950
P0CB24	gene_name:At4g38065
P47998	gene_name:OASA1
Q03250	gene_name:RBG7
Q0WMJ8	gene_name:SPPL4
Q0WRF4	gene_name:MUA22.14
Q0WVJ0	gene_name:At5g12000
Q1PDZ2	gene_name:At5g07490
Q2V369	gene_name:At5g18407
Q38798	gene_name:At5g07340
Q39123	gene_name:ATHB-8
Q3E954	gene_name:BOR6
Q6X5T8	gene_name:DVL5
Q7XJN6	gene_name:PCMP-E26
Q84N34	gene_name:HHP2
Q84TI2	gene_name:At2g37690
Q852U6	gene_name:RHY1A
Q8GUH8	gene_name:At5g54130
Q8GWW7	gene_name:AIH
Q8GYH0	gene_name:At1g11940
Q8GYY1	gene_name:HSFA3
Q8H112	gene_name:PGRL1A
Q8H118	gene_name:At3g23300
Q8H1F8	gene_name:At1g75670
Q8LCW1	gene_name:At4g33490
Q8LCX3	gene_name:At1g06135
Q8LFT2	gene_name:DRP3B
Q8LKS5	gene_name:LACS7
Q8VZT9	gene_name:At4g00585
Q940Q4	gene_name:ATL13
Q944C1	gene_name:PLC4
Q94AL8	gene_name:COR413IM1
Q9ASY9	gene_name:TENA_E
Q9C515	gene_name:At1g66090
Q9C613	gene_name:SAMBA
Q9C6Y8	gene_name:T18F15.13
Q9C713	gene_name:At1g66530
Q9C7X7	gene_name:HSP70-18
Q9CA19	gene_name:RPS13
Q9CA30	gene_name:LBD42
Q9CAA9	gene_name:BHLH49
Q9CAR4	gene_name:WRKY36
Q9FG23	gene_name:At5g06830
Q9FH02	gene_name:FTSH5
Q9FHQ6	gene_name:UBQ9
Q9FII1	gene_name:At5g42360
Q9FJE3	gene_name:MMN10.17
Q9FK96	gene_name:DMP9
Q9FKP6	gene_name:MNA5.17
Q9FM98	gene_name:ATCRT1
Q9FYF9	gene_name:At1g67340
Q9LF06	gene_name:POQ
Q9LHD9	gene_name:At3g28270
Q9LIG8	gene_name:CYP705A32
Q9LJD9	gene_name:AGP12
Q9LR03	gene_name:At1g75620
Q9LT24	gene_name:At3g19850
Q9LT47	gene_name:FIE
Q9LUP8	gene_name:At3g17490
Q9LVE4	gene_name:OSCA1.5
Q9LVL9	gene_name:MES18
Q9LX07	gene_name:ANNAT7
Q9LXW4	gene_name:T15B3_90
Q9LXZ5	gene_name:ASNAP1
Q9LZ14	gene_name:F9G14_20
Q9M0Z9	gene_name:At4g04760
Q9M236	gene_name:T18D12_110
Q9M2K6	gene_name:PDCB5
Q9S9M2	gene_name:WAKL4
Q9SA75	gene_name:SBT2.1
Q9SD86	gene_name:F13G24.180
Q9SIC3	gene_name:At2g31460
Q9SKC9	gene_name:At2g02050
Q9SN75	gene_name:F1P2.180
Q9SSG2	gene_name:At1g74780
Q9ZQX3	gene_name:At4g02540
Q9ZUT4	gene_name:PCMP-E50
A0A1P8ANE6	gene_name:At1g05035
A0A1P8AXW3	gene_name:At2g46765
A0A1P8AY68	gene_name:At2g02455
A0A1P8BBZ0	gene_name:MSJ1.3
A0A1P8BGN4	gene_name:At5g15533
A0JQ11	gene_name:At1g75980
B3H578	gene_name:PHD1
B3H5F8	gene_name:At2g29452
F4I0J7	gene_name:At1g69150
F4I0K2	gene_name:FLN2
F4I3B3	gene_name:RBP47A
F4IDF1	gene_name:TRFL6
F4ILN3	gene_name:At2g29840
F4ITF9	gene_name:ISTL5
F4IU14	gene_name:WSD3
F4JHW1	gene_name:DAAR2
F4KCH7	gene_name:At5g09210
F4KFD1	gene_name:At5g09876
F4KHB6	gene_name:MSN9.190
F4KHL6	gene_name:HIPP10
O04084	gene_name:SCPL31
O22965	gene_name:At2g34120
O81415	gene_name:PME39
O82302	gene_name:PLL1
P0C2F6	gene_name:At1g65750
P82755	gene_name:LCR40
Q0WSZ8	gene_name:WDL6
Q29Q28	gene_name:UTR2
Q38842	gene_name:ATOZI1
Q3EDG5	gene_name:TPST
Q42344	gene_name:HMGB4
Q501D4	gene_name:DNK
Q58G01	gene_name:BHLH155
Q66GR8	gene_name:NET3A
Q6NLG8	gene_name:At4g33550
Q6NPQ1	gene_name:TULP11
Q84XV2	gene_name:GTE1
Q8GYA2	gene_name:At3g05250
Q8H0S2	gene_name:At4g23490
Q8L7I0	gene_name:At4g11050
Q8LF97	gene_name:ASK21
Q8RWS6	gene_name:FRO6
Q8RX22	gene_name:MIP1
Q8RXN0	gene_name:ABCG11
Q8RXU6	gene_name:PCN
Q8VWQ4	gene_name:WRKY56
Q8VYY6	gene_name:At1g19020
Q8VZG8	gene_name:MIK2
Q8W036	gene_name:NIP4-2
Q93ZA3	gene_name:At1g30760
Q94BR5	gene_name:CHR28
Q9C5K8	gene_name:TIFY3B
Q9C606	gene_name:At1g25988
Q9C637	gene_name:RLP6
Q9C7I8	gene_name:ALT2
Q9C864	gene_name:At1g31450
Q9C914	gene_name:At1g74290
Q9C9K4	gene_name:PILS4
Q9FGK4	gene_name:At5g47530
Q9FGM2	gene_name:MFH8.9
Q9FK51	gene_name:At5g18200
Q9FV53	gene_name:PDF1A
Q9FWA4	gene_name:GAUT9
Q9FYM1	gene_name:At1g24420
Q9FZ88	gene_name:At1g28140
Q9LFP2	gene_name:At5g11140
Q9LIK4	gene_name:At3g22935
Q9LJT9	gene_name:At3g20590
Q9LNE7	gene_name:CML7
Q9LQ47	gene_name:At1g59675
Q9LQI8	gene_name:At1g17360
Q9LSR4	gene_name:At5g54410
Q9LTD9	gene_name:At5g52780
Q9LV09	gene_name:BOB1
Q9LV33	gene_name:BGLU44
Q9LVY0	gene_name:PRFB1
Q9LYZ2	gene_name:At5g02930
Q9LZZ2	gene_name:At3g60710
Q9M0F8	gene_name:NAC075
Q9M152	gene_name:At4g01140
Q9M2R1	gene_name:GIG1
Q9M2V6	gene_name:ABCG17
Q9M9V9	gene_name:TCTP2
Q9S6Z8	gene_name:TPK5
Q9S7Q5	gene_name:F28J7.21
Q9SGC1	gene_name:At1g70730
Q9SGQ6	gene_name:At1g76280
Q9SJ67	gene_name:At2g35830
Q9SJY5	gene_name:PUMP5
Q9SRX5	gene_name:F22D16.19
Q9SSL0	gene_name:At1g70820
Q9SUW7	gene_name:At4g22520
Q9SVV4	gene_name:F16A16.20
Q9SVY0	gene_name:NRPA1
Q9SY65	gene_name:ASK18
Q9SYC9	gene_name:PVA14
Q9XIN5	gene_name:At2g27280
Q9ZPI5	gene_name:MFP2
Q9ZQ85	gene_name:EFM
Q9ZW20	gene_name:At2g29370
A0A1P8AQ19	gene_name:At1g17065
A0A1P8BA53	gene_name:At5g26280
A0JPU2	gene_name:At1g52565
B3H4P9	gene_name:At3g04890
C0LGG8	gene_name:At1g53430
F4HXI5	gene_name:ARFD1A
F4I7D4	gene_name:At1g11110
F4I9R1	gene_name:At1g58110
F4IIS8	gene_name:EXO70H5
F4IR55	gene_name:At2g43470
F4IXU3	gene_name:At3g43148
F4JCX0	gene_name:At3g54440
F4JPI4	gene_name:embryo
O22230	gene_name:HSFB3
O22682	gene_name:CS26
O22787	gene_name:At2g33360
O48842	gene_name:GT12
O49839	gene_name:PBL2
O64489	gene_name:YUC9
O64631	gene_name:CYP704A2
O64884	gene_name:OFUT20
O80674	gene_name:BHLH106
O80695	gene_name:DTX37
P0DKH1	gene_name:ESFL2
P0DN93	gene_name:SPH29
P42745	gene_name:UBC2
P46688	gene_name:GASA2
P82723	gene_name:LCR8
P92538	gene_name:AtMg01040
Q0WQB7	gene_name:At2g25800
Q38827	gene_name:IAA9
Q38829	gene_name:IAA11
Q39057	gene_name:CO
Q3E7R1	gene_name:At4g03292
Q42545	gene_name:FTSZ1
Q5M757	gene_name:PAT12
Q5PP57	gene_name:At1g09510
Q67XD9	gene_name:CINV2
Q6JDV7	gene_name:POLK
Q6NQ19	gene_name:At5g25170
Q6NQK9	gene_name:CCB4
Q84X40	gene_name:SPEAR1
Q8GZ92	gene_name:BRXL4
Q8L5X9	gene_name:MUK11.16
Q8L814	gene_name:At4g07990
Q8LEF3	gene_name:At5g46030
Q8LGF9	gene_name:GLXI-LIKE
Q8RX33	gene_name:DFO
Q8RY65	gene_name:NIK2
Q8S9M4	gene_name:PCMP-H29
Q8S9N6	gene_name:ATHB-17
Q8VZ14	gene_name:RMR2
Q8VZQ9	gene_name:REM3
Q8W488	gene_name:DTX21
Q8W491	gene_name:UGT73B3
Q93VG3	gene_name:At5g19120
Q93Y12	gene_name:HGL1
Q94BZ4	gene_name:At2g34655
Q94C70	gene_name:NAT2
Q94JR1	gene_name:At3g10030
Q9C8D6	gene_name:At1g66100
Q9C924	gene_name:DD11
Q9C9M8	gene_name:DTX9
Q9CAG8	gene_name:At1g67480
Q9FFB0	gene_name:SCPL47
Q9FFQ1	gene_name:RH31
Q9FGF6	gene_name:GLV2
Q9FGQ3	gene_name:At5g53840
Q9FI33	gene_name:MDN11.13
Q9FJ15	gene_name:At5g49250
Q9FKJ4	gene_name:MUF9.16
Q9FMQ9	gene_name:FAR7
Q9FNX5	gene_name:DRP1E
Q9FZE7	gene_name:At1g47702
Q9LIE4	gene_name:PAT20
Q9LJS0	gene_name:RLP42
Q9LJY5	gene_name:CYP705A22
Q9LME7	gene_name:At1g22330
Q9LQQ9	gene_name:MPK13
Q9LR47	gene_name:IP5P6
Q9LY03	gene_name:IRK
Q9LZD4	gene_name:RABE1D
Q9LZE9	gene_name:At5g03400
Q9M1F7	gene_name:F9K21.80
Q9M1K1	gene_name:ORG2
Q9SCZ2	gene_name:F26O13.210
Q9SD46	gene_name:PER36
Q9SGG3	gene_name:ALA5
Q9SHI4	gene_name:RLP3
Q9SJ56	gene_name:BLH1
Q9SL82	gene_name:At2g19980
Q9SQT7	gene_name:At3g06340
Q9SVJ9	gene_name:At4g38940
Q9SY29	gene_name:PUP4
Q9T012	gene_name:HMGB13
Q9T096	gene_name:At4g27745
Q9T0K3	gene_name:At4g13320
Q9XIA9	gene_name:LACS2
Q9XID1	gene_name:At1g34270
Q9ZV29	gene_name:CYP710A3
A0A1P8AMQ6	gene_name:At1g55535
B9DGJ0	gene_name:At5g18310
F4HYF3	gene_name:DCD
F4I129	gene_name:DP1
F4I396	gene_name:At1g36925
F4I3E1	gene_name:At1g49790
F4I7I0	gene_name:ALAAT1
F4IBB2	gene_name:At1g58280
F4IIQ1	gene_name:At2g28460
F4IT66	gene_name:At2g44250
F4IUC5	gene_name:At2g13295
F4IVR7	gene_name:XI-D
F4IVU1	gene_name:ARPC2B
F4J6F6	gene_name:IREH1
F4JFJ3	gene_name:At3g02060
F4K5V1	gene_name:NHL25
F4K6G6	gene_name:MMI9.16
O49341	gene_name:At2g30760
O49389	gene_name:At4g32020
O49532	gene_name:F6H11.40
O64760	gene_name:At2g34970
O65688	gene_name:SQS2
O80698	gene_name:S40-6
O80758	gene_name:At1g60370
O80888	gene_name:MAPKKK17
P0C2G0	gene_name:At1g06630
P34066	gene_name:PAF1
P40283	gene_name:At5g59910
P40940	gene_name:ARF3
P56788	gene_name:ycf4
P59226	gene_name:HTR2
P69781	gene_name:GATA12
P81760	gene_name:TL17
P82640	gene_name:SCRL21
P83291	gene_name:CBR2
Q0WQ99	gene_name:DL4450W
Q1PE50	gene_name:ATDOA10
Q3EDF8	gene_name:At1g09900
Q41931	gene_name:ACO2
Q4PS42	gene_name:At3g45555
Q5XV21	gene_name:ATDOA13
Q6DUW9	gene_name:IDL2
Q6NPF8	gene_name:At2g37200
Q7X8C5	gene_name:WAKL2
Q7XXN8	gene_name:DVL16
Q8GWP9	gene_name:At5g57887
Q8GYV1	gene_name:MRB17.3
Q8H124	gene_name:At2g34460
Q8H1D8	gene_name:APY4
Q8H1R1	gene_name:At4g27250
Q8L7Q9	gene_name:PDE318
Q8S8N3	gene_name:CLE6
Q8VWJ1	gene_name:HPT1
Q940A2	gene_name:At2g40860/At2g40870
Q940N6	gene_name:At5g21070
Q949M8	gene_name:At1g71180
Q94A56	gene_name:At4g39470
Q9C609	gene_name:CWC16A
Q9C6A9	gene_name:CYCA3-2
Q9C870	gene_name:At1g31390
Q9CA78	gene_name:NMAT4
Q9CAC5	gene_name:ndhL
Q9CAL8	gene_name:PERK13
Q9FFW2	gene_name:At5g38590
Q9FG62	gene_name:At5g36240
Q9FGD4	gene_name:At5g66960
Q9FGJ3	gene_name:NFYB2
Q9FGW9	gene_name:GTE10
Q9FGZ4	gene_name:WRKY48
Q9FH20	gene_name:At5g49140
Q9FH86	gene_name:RLP57
Q9FJK6	gene_name:CYCC1-1
Q9FLW1	gene_name:MZF18.12
Q9FND7	gene_name:PCMP-H14
Q9FWS4	gene_name:RPL31
Q9LDI3	gene_name:CIPK24
Q9LJ68	gene_name:ETP1
Q9LJW5	gene_name:MIF2
Q9LND7	gene_name:SKIP16
Q9LNW0	gene_name:HSP17.8
Q9LX31	gene_name:GUN4
Q9LY61	gene_name:HSPRO1
Q9LZP6	gene_name:At3g62440
Q9M0B7	gene_name:TET9
Q9MAV4	gene_name:At1g62333
Q9S7H8	gene_name:ICS1
Q9S9P8	gene_name:RFNR2
Q9SAF3	gene_name:F3F19.22
Q9SD76	gene_name:PHS2
Q9SKM7	gene_name:At2g28430
Q9SKT0	gene_name:THF1
Q9STY2	gene_name:T21L8.160
Q9SUB1	gene_name:DOF4.2
Q9SVF5	gene_name:At4g38300
Q9SZ60	gene_name:At4g11950
Q9XIL0	gene_name:arf30
Q9ZNX9	gene_name:SIGE
Q9ZTX9	gene_name:ARF4
Q9ZV53	gene_name:ATL49
Q9ZW70	gene_name:At2g43250
A0A1P8ASI1	gene_name:At1g66460
A0A1P8B981	gene_name:At4g11402
A0A1P8BCA2	gene_name:MJC20.25
A0A1P8BFD5	gene_name:At5g15025
A4FVS5	gene_name:At1g75730
B3H484	gene_name:At2g01023
B3H5Q5	gene_name:At4g04957
B3H633	gene_name:At1g70209
B7SY83	gene_name:PS1
F4IEE1	gene_name:At1g44020
F4J364	gene_name:At3g44690
F4JCJ4	gene_name:At3g26445
F4JE35	gene_name:AVT1B
F4JF18	gene_name:FUG1
F4K6C1	gene_name:MDA7.10
O22146	gene_name:At2g45260
O22213	gene_name:CKX1
O23361	gene_name:dl3580c
O23512	gene_name:MES16
O49675	gene_name:CCD4
O80477	gene_name:MES3
O82324	gene_name:At2g14860
P0C0B0	gene_name:At1g24000
P0C8Q3	gene_name:At4g19890
P30224	gene_name:PDF1.1
P31414	gene_name:AVP1
P48482	gene_name:TOPP2
Q08AA8	gene_name:At5g27290
Q0V7S1	gene_name:ASAP1
Q0WNJ6	gene_name:CHC1
Q0WTI8	gene_name:ATJ72
Q0WUZ1	gene_name:At4g17940
Q1PE49	gene_name:At4g26020
Q3E7C3	gene_name:At1g64235
Q500Z7	gene_name:SGF29B
Q7XA76	gene_name:At5g58375
Q84X53	gene_name:MTERF1
Q8GWU7	gene_name:SKIP34
Q8GX84	gene_name:At1g01350
Q8GY68	gene_name:MTERF31
Q8GZ43	gene_name:At1g67325
Q8H148	gene_name:At4g22285
Q8L835	gene_name:At1g18070
Q8LCL8	gene_name:At3g57160
Q8VYW1	gene_name:PAPS4
Q93Y39	gene_name:RH13
Q93Z79	gene_name:CYP714A1
Q94CG2	gene_name:BET12
Q9C6H5	gene_name:WRKY63
Q9C725	gene_name:At1g55070
Q9C7F2	gene_name:ABCB14
Q9C8C2	gene_name:At1g43100
Q9FF62	gene_name:MUG13.2
Q9FFY3	gene_name:LTPG30
Q9FG61	gene_name:At5g36250
Q9FGG2	gene_name:MNU1
Q9FI82	gene_name:At5g06040
Q9FK07	gene_name:CLPX1
Q9FKM7	gene_name:IAA33
Q9FKW0	gene_name:RING1A
Q9FL81	gene_name:EXPA21
Q9FLK3	gene_name:MFB13.7
Q9FLY7	gene_name:At5g39490
Q9FMG8	gene_name:MMG4.18
Q9FMQ8	gene_name:MWD9.23
Q9FN42	gene_name:CLPP2
Q9FPH0	gene_name:XBAT34
Q9FZC7	gene_name:FOX4
Q9LHN9	gene_name:IQM2
Q9LIK6	gene_name:CYP26-1
Q9LJY6	gene_name:CYP705A21
Q9LK61	gene_name:RPS10
Q9LK83	gene_name:RASD1
Q9LKU8	gene_name:At5g28460
Q9LM60	gene_name:B3GALT5
Q9LMK6	gene_name:F10K1.16
Q9LMN9	gene_name:F16F4.7
Q9LP48	gene_name:F28N24.12
Q9LS46	gene_name:ALMT9
Q9LUA0	gene_name:SIZ1
Q9LVA1	gene_name:NAC101
Q9LVE6	gene_name:At3g21600
Q9LVK2	gene_name:At3g13980
Q9LVM3	gene_name:YCF54
Q9LXP5	gene_name:F26G5_130
Q9LZM0	gene_name:CYCD7-1
Q9M8W7	gene_name:GLR1.1
Q9S829	gene_name:ndhO
Q9SI34	gene_name:FBX9
Q9SJX7	gene_name:RUS2
Q9SLA7	gene_name:At2g25560
Q9SU31	gene_name:At4g12540
Q9SZ92	gene_name:At4g09760
Q9ZQZ8	gene_name:SYP123
Q9ZR09	gene_name:At4g03220
Q9ZU43	gene_name:RTNLB15
Q9ZUW8	gene_name:At2g27660
Q9ZVD0	gene_name:SE
Q9ZVN2	gene_name:PES1
Q9ZW96	gene_name:LBD40
A0A1I9LPM3	gene_name:At3g44405
A0A1P8ASG6	gene_name:At1g04105
A0A1P8B3X9	gene_name:At4g04025
A0A1P8B9V7	gene_name:MPL12.5
A0A1P8BEX4	gene_name:At5g15940
B5X561	gene_name:SHA
F4HPG8	gene_name:At1g33070
F4HV07	gene_name:At1g34560
F4I1P7	gene_name:At1g49250
F4I568	gene_name:At1g56630
F4INJ6	gene_name:TRM26
F4IPI3	gene_name:At2g17845
F4IQN6	gene_name:At2g24870
F4JHT3	gene_name:BCHA2
F4JKD9	gene_name:At4g22050
F4JRE0	gene_name:TMN12
F4JXE8	gene_name:MMN10.21
F4K5V3	gene_name:At5g37000
O22467	gene_name:MSI1
O22823	gene_name:LSM6B
O22980	gene_name:T19F6.9
O81024	gene_name:EMB1187
P0CB27	gene_name:At1g10895
P15456	gene_name:CRB
P21240	gene_name:CPN60B1
P42813	gene_name:RNS1
P53799	gene_name:SQS1
Q04088	gene_name:POSF21
Q04836	gene_name:CP31A
Q0JXE7	gene_name:BPE
Q0V817	gene_name:At4g12005
Q1G3V3	gene_name:At1g11362
Q2V4C3	gene_name:At1g77093
Q3E6Z0	gene_name:At4g13263
Q5HZ31	gene_name:FL7
Q5IBC5	gene_name:ESP1
Q5Q0I0	gene_name:At1g09812
Q5XV41	gene_name:At5g13825
Q6DYE4	gene_name:GET3D
Q70DU8	gene_name:ALDH3H1
Q84JM4	gene_name:TPR3
Q84MA3	gene_name:PCMP-E40
Q84VG6	gene_name:At2g17525
Q84VX0	gene_name:RFS1
Q8GTS0	gene_name:IP5P4
Q8GZ72	gene_name:At4g07825
Q8H1G5	gene_name:REIL1
Q8L7M0	gene_name:TUN
Q8L951	gene_name:At1g69050
Q8L9W8	gene_name:O3L4
Q8S8Q0	gene_name:At2g30925
Q8VZ78	gene_name:F27H5_50
Q93YX4	gene_name:APRL5
Q94A43	gene_name:BEH2
Q94F04	gene_name:F24M12.130
Q94K75	gene_name:RHON1
Q94KK6	gene_name:SYP72
Q9C565	gene_name:RRG
Q9C5I1	gene_name:USP
Q9C6B2	gene_name:NRAMP2
Q9C7M1	gene_name:At1g55030
Q9C8S6	gene_name:PP16-2
Q9FFK1	gene_name:SYP31
Q9FH36	gene_name:GAUT12
Q9FI78	gene_name:HST
Q9FI84	gene_name:SPH27
Q9FIN5	gene_name:At5g24370
Q9FLE2	gene_name:CLPS5
Q9FMD9	gene_name:GLN1-4
Q9FMU6	gene_name:MPT3
Q9FMY2	gene_name:MKD15.4
Q9FMY3	gene_name:At5g23170
Q9FNB1	gene_name:At5g13620
Q9FWW8	gene_name:At1g12190
Q9LIA0	gene_name:At3g29430
Q9LIK9	gene_name:APS1
Q9LJN0	gene_name:At3g19660
Q9LSG6	gene_name:CDC45
Q9LTX7	gene_name:EMB1441
Q9LX15	gene_name:DFC
Q9LY90	gene_name:At5g14390
Q9LYN6	gene_name:At3g56050
Q9LZZ3	gene_name:T4C21_110
Q9M041	gene_name:BHLH140
Q9M0Y6	gene_name:At4g05090
Q9M132	gene_name:At4g01410
Q9M2W3	gene_name:PGPS2
Q9MAC8	gene_name:SS2
Q9S834	gene_name:CLPP5
Q9SD00	gene_name:MSSP3
Q9SH38	gene_name:At1g63540
Q9SHE9	gene_name:LBD4
Q9SS35	gene_name:At3g10240
Q9SU78	gene_name:MSI5
Q9SY06	gene_name:FAF1
Q9SY22	gene_name:At1g30800
Q9SYP2	gene_name:PFP-ALPHA1
Q9ZNR6	gene_name:PDX12
Q9ZQN8	gene_name:CSLA7
Q9ZW74	gene_name:PUX11
A0A1I9LMH3	gene_name:At3g18900
A0A1I9LSQ8	gene_name:At3g25012
A0A1P8AT27	gene_name:At1g72860
A0A1P8ATQ1	gene_name:At1g49225
A0A1P8AVM6	gene_name:At1g67235
A0A1P8B3C0	gene_name:At4g07325
A0A1P8B4K0	gene_name:At4g00295
A0A1P8B9E3	gene_name:At5g23480
A0A1P8B9Z1	gene_name:At5g08440
F4I3X8	gene_name:At1g70120
F4I5D4	gene_name:LTPG32
F4IZL5	gene_name:At3g62970
F4JI72	gene_name:At4g03250
F4JN48	gene_name:At4g35680
F4KCY0	gene_name:At5g30341
F4KE06	gene_name:At5g09700
O04196	gene_name:ISA1
O04603	gene_name:RPL5
O04616	gene_name:CURT1A
O22138	gene_name:LRR-RLK
O22773	gene_name:At4g02530
O49282	gene_name:At1g76960
O49329	gene_name:RLP24
O64840	gene_name:AGL33
O80519	gene_name:At1g09360
O82359	gene_name:LCKB2
P0C884	gene_name:SCL34
P0DH87	gene_name:PSEUDOSRKA
P34795	gene_name:PGIC
P46310	gene_name:FAD7
P47192	gene_name:VAMP722
P82758	gene_name:LCR43
Q0WN54	gene_name:DJA7
Q1G3L6	gene_name:At3g25573
Q1G3U4	gene_name:At1g20065
Q27IK6	gene_name:KIN12D
Q39216	gene_name:RPAC43
Q3EBD8	gene_name:At3g01325
Q4PSA3	gene_name:MAP65-9
Q56WM6	gene_name:ROPGEF14
Q67XG0	gene_name:GLB3
Q682G3	gene_name:At1g48720
Q84JU6	gene_name:HOS1
Q84TG0	gene_name:At5g02580
Q8GRN0	gene_name:FLZ13
Q8GYD0	gene_name:At1g61670
Q8GZQ3	gene_name:PNP1
Q8L4H0	gene_name:WEE1
Q8L760	gene_name:At1g03106
Q8L856	gene_name:CYB561A
Q8LDC9	gene_name:At1g23100
Q8LFJ8	gene_name:RPA2B
Q8S3N1	gene_name:SINAT5
Q8S8A7	gene_name:At2g04060
Q8VY59	gene_name:At3g27200
Q93VD3	gene_name:CIPK23
Q944Q9	gene_name:CTL09
Q9C521	gene_name:UDP-GALT1
Q9C5N2	gene_name:TMN9
Q9C7D6	gene_name:SCPL17
Q9C8K0	gene_name:At1g51480
Q9C963	gene_name:AGL56
Q9C9Q6	gene_name:RRA1
Q9FF51	gene_name:MUP24.10
Q9FF97	gene_name:MRO11.13
Q9FFQ4	gene_name:FLS5
Q9FGA2	gene_name:MPF21.10
Q9FGI6	gene_name:EMB1467
Q9FGS7	gene_name:At5g50180
Q9FJJ4	gene_name:At5g62510
Q9FMP3	gene_name:PYD2
Q9FRK4	gene_name:CYP721A1
Q9FRS4	gene_name:At1g08610
Q9FVV8	gene_name:At1g71320
Q9FZH5	gene_name:PMI2
Q9LKA5	gene_name:MORF8
Q9LKR7	gene_name:BGLU24
Q9LPG2	gene_name:At1g53460
Q9LSE4	gene_name:CCB1
Q9LSG0	gene_name:RALFL25
Q9LUJ3	gene_name:RDM1
Q9LV75	gene_name:IRM1
Q9LV90	gene_name:FLOT3
Q9LX20	gene_name:At5g10080
Q9LZL1	gene_name:At5g02210
Q9M204	gene_name:T8B10_220
Q9M2W8	gene_name:At3g49900
Q9MAP8	gene_name:GALT31A
Q9SCV3	gene_name:BGAL9
Q9SIT1	gene_name:TMK3
Q9SJP6	gene_name:FUT10
Q9SN66	gene_name:ATFDB22
Q9SSJ0	gene_name:EIF3G1
Q9SUF5	gene_name:SCL26
Q9SV46	gene_name:At3g54980
Q9SW31	gene_name:SINE4
Q9SYB8	gene_name:ATBET5
Q9XJ35	gene_name:CLPR1
Q9ZT92	gene_name:ALKBH10B
Q9ZUJ3	gene_name:At1g60000
A0A1P8AUY4	gene_name:MDN1
A0A1P8AYX9	gene_name:At2g13845
A0A1P8B6G5	gene_name:At4g32080
A0MFL4	gene_name:At5g41590
B3H479	gene_name:At4g05018
F4HTM3	gene_name:GCS1
F4HYK7	gene_name:At1g54820
F4I8E9	gene_name:At1g71110
F4IB35	gene_name:At1g43145
F4IB94	gene_name:JAL8
F4IPV3	gene_name:At2g30990
F4JEH7	gene_name:At3g07565
F4JI53	gene_name:At4g03140
F4JKT0	gene_name:At4g09780
F4JSI0	gene_name:At4g25170
F4K4L3	gene_name:MMG4.12
F4K9U7	gene_name:MWD9.13
O04257	gene_name:At4g02190
O04534	gene_name:LECRK51
O23338	gene_name:HSP1
O49195	gene_name:VSP1
O49619	gene_name:PCMP-H27
O49840	gene_name:PBL3
O65387	gene_name:F12F1.21
O65719	gene_name:HSP70-3
O80482	gene_name:BHLH149
O81072	gene_name:GT11
O81775	gene_name:GDU1
P0CJ52	gene_name:CRRSP45
P0DH85	gene_name:REM10
P24704	gene_name:CSD1
P42730	gene_name:CLPB1
P46668	gene_name:ATHB-6
P51407	gene_name:RPP2A
P93022	gene_name:ARF7
P93820	gene_name:At1g04390
Q0V7W6	gene_name:At4g22110
Q1G388	gene_name:At4g08691
Q1G3W0	gene_name:At1g80745
Q1PFJ4	gene_name:PUP17
Q2V309	gene_name:At5g46877
Q3EBA4	gene_name:At3g09035
Q67Y99	gene_name:CLPF
Q6DBN2	gene_name:PAP5
Q6NMJ9	gene_name:At2g23840
Q6NQK0	gene_name:TOL4
Q6R3L0	gene_name:YSL1
Q84UU4	gene_name:TPS21
Q8GX11	gene_name:At1g43667
Q8GYF4	gene_name:PHT1-5
Q8GYH9	gene_name:At3g46280
Q8GYJ4	gene_name:MIA40
Q8L8Q8	gene_name:At5g64816
Q8LPH6	gene_name:MYB86
Q8S8Y9	gene_name:WNK2
Q8VYN3	gene_name:At2g27535
Q8VZ20	gene_name:ASR3
Q8VZG1	gene_name:DGK3
Q8W3M7	gene_name:At4g06598
Q93VP2	gene_name:HIPP22
Q94A22	gene_name:WIP1
Q94AB7	gene_name:MYC6.6
Q94AK8	gene_name:RDP1
Q9AST4	gene_name:At4g31930
Q9C8N7	gene_name:ARF22
Q9C941	gene_name:At1g52770
Q9C9I8	gene_name:ERF020
Q9FFU6	gene_name:At5g54830
Q9FG71	gene_name:EMB2731
Q9FGG4	gene_name:MUB3.22
Q9FJA3	gene_name:MOK9.17
Q9FJB5	gene_name:RPP8L3
Q9FK89	gene_name:WSD9
Q9FLQ7	gene_name:FH20
Q9FLS1	gene_name:MBK20.3
Q9FPI7	gene_name:At4g37020
Q9FUS6	gene_name:GSTU13
Q9FZ54	gene_name:CEP13
Q9LDA7	gene_name:At3g15260
Q9LHH3	gene_name:At3g12345
Q9LP59	gene_name:At1g48625
Q9LRQ1	gene_name:At3g29740
Q9LSY4	gene_name:UGT71B8
Q9LSZ4	gene_name:SGP2
Q9M024	gene_name:TAAC
Q9M0F5	gene_name:VSP3
Q9M8Y9	gene_name:KTI7
Q9S9X6	gene_name:At4g07380
Q9SCK6	gene_name:NAC062
Q9SEL7	gene_name:DEGP5
Q9SEZ3	gene_name:CDF5
Q9SFV7	gene_name:GCH1
Q9SIB2	gene_name:KCS12
Q9SIJ1	gene_name:At2g17170
Q9SJU8	gene_name:At2g21290
Q9SK63	gene_name:At2g20390
Q9SL67	gene_name:RPT2B
Q9SYM2	gene_name:BBX22
Q9ZQD8	gene_name:At2g15760
Q9ZTA1	gene_name:AOP3
A0A1I9LMY1	gene_name:At3g26140
A0A1I9LT28	gene_name:At3g30739
A0A1P8AX78	gene_name:At2g31265
A0A1P8AYJ0	gene_name:At2g35140
A7WM73	gene_name:HEXO1
A8MQA4	gene_name:ESFL5
B4F7N8	gene_name:NOT11
B9DFZ2	gene_name:ENGB-3
C0Z2J1	gene_name:At1g11360
F4HUX8	gene_name:At1g34315
F4I1X8	gene_name:At1g55830
F4I3A1	gene_name:At1g36960
F4I4K9	gene_name:At1g23037
F4ICK8	gene_name:IWS1
F4J262	gene_name:At3g57170
F4JCR3	gene_name:At3g47910
F4JF21	gene_name:PTAC10
F4JHP1	gene_name:At4g00872
F4JJA3	gene_name:At4g09060
F4JLE5	gene_name:SFH1
F4JP00	gene_name:At4g11385
F4JZJ5	gene_name:At5g18920
F4K1G7	gene_name:MEE13.8
F4K4M9	gene_name:MNL12.5
F4KH28	gene_name:At5g24318
O04203	gene_name:HSPRO2
O04204	gene_name:RPP0A
O64586	gene_name:At2g34700
O80450	gene_name:GT-3B
O82263	gene_name:TRAPPC13
P93317	gene_name:AtMg00630
Q0WVM5	gene_name:At1g63810
Q2HIW6	gene_name:MIO24.2
Q38819	gene_name:CYCA2-3
Q39119	gene_name:At4g32940
Q56X52	gene_name:AOX4
Q56XP9	gene_name:At4g13040
Q5BPM7	gene_name:At3g59880
Q5FV35	gene_name:MORC2
Q5M721	gene_name:At3g52260
Q5XV67	gene_name:DMP7
Q683D7	gene_name:MAF5
Q6NQ81	gene_name:At4g04790
Q7PC86	gene_name:ABCG35
Q8GTY0	gene_name:A4
Q8GY82	gene_name:CRK45
Q8GYM1	gene_name:GSTU22
Q8H1G2	gene_name:At4g20480
Q8LBZ7	gene_name:SDH2-1
Q8LFM0	gene_name:LCR24
Q8LPQ1	gene_name:NET2C
Q8VYS8	gene_name:PAT09
Q8VZW5	gene_name:At4g27360
Q94A99	gene_name:CGF1
Q94AM9	gene_name:CID4
Q94BY7	gene_name:DAC
Q9C562	gene_name:CIPK10
Q9C669	gene_name:EXT18
Q9C8Y4	gene_name:AAF
Q9FF10	gene_name:At5g07830
Q9FHD7	gene_name:BSK8
Q9FHE2	gene_name:At5g45120
Q9FHG4	gene_name:LECRKS7
Q9FI31	gene_name:XTH20
Q9FI87	gene_name:At5g05990
Q9FIM0	gene_name:AGL82
Q9FIQ4	gene_name:MZA15.12
Q9FJZ3	gene_name:MAN7
Q9FK49	gene_name:MRG7.18
Q9FL00	gene_name:MUD21.4
Q9FLH0	gene_name:CRWN4
Q9FML2	gene_name:HDA6
Q9FT69	gene_name:RECQSIM
Q9LD47	gene_name:CCS
Q9LIB6	gene_name:COBL8
Q9LNN0	gene_name:At1g53050
Q9LRJ4	gene_name:BHLH117
Q9LSH5	gene_name:NAC057
Q9LXM9	gene_name:F14L2_130
Q9LXN4	gene_name:HIRA
Q9LXP6	gene_name:F26G5_120
Q9LYZ7	gene_name:UPL4
Q9LZS6	gene_name:SBT4.15
Q9LZU9	gene_name:RBOHJ
Q9M0H6	gene_name:MAN5
Q9M1J1	gene_name:FIS1A
Q9M2Q3	gene_name:T10K17.160
Q9M2U6	gene_name:T12E18_100
Q9MAP4	gene_name:SBT3.2
Q9SA47	gene_name:MYB58
Q9SAA6	gene_name:At1g11710
Q9SH87	gene_name:At2g38000
Q9SI52	gene_name:PI4KG7
Q9SJC5	gene_name:At2g04440
Q9SL96	gene_name:At2g25670
Q9SMQ6	gene_name:RABA4B
Q9SUE7	gene_name:ATX4
Q9SUF3	gene_name:At4g08270
Q9SY05	gene_name:MADA1
Q9ZUL7	gene_name:PDF2.3
A0A1P8AUL6	gene_name:At1g43825
A0A1P8AYJ3	gene_name:At2g04137
A0A1P8B158	gene_name:At2g11045
A0A1P8BEI6	gene_name:MRN17.20
A0A1R7T3B3	gene_name:At5g54710
A8MRE7	gene_name:At1g29418
B3H534	gene_name:At1g72141
B3H6R6	gene_name:At3g04854
F4I045	gene_name:MEM1
F4IBG4	gene_name:PROSCOOP17
F4J517	gene_name:At3g11000
F4JA38	gene_name:At3g25670
F4JFN3	gene_name:HSP90-6
F4JS23	gene_name:At4g37445
F4JVV9	gene_name:At4g32970
F4JZT9	gene_name:At5g35380
O04331	gene_name:PHB3
O04492	gene_name:DRB1
O22926	gene_name:At2g30300
O23413	gene_name:At4g15620
O49344	gene_name:PSBP2
O49639	gene_name:CDS2
O64753	gene_name:CTPS5
O65921	gene_name:At2g19010
O80603	gene_name:At1g10110
O82081	gene_name:UCC1
P0CAN7	gene_name:VHA-E3
P40941	gene_name:AAC2
P49690	gene_name:RPL23A
Q02971	gene_name:CAD7
Q147G2	gene_name:TRM9
Q24JJ8	gene_name:GLO3
Q2V4A5	gene_name:At2g03955
Q3E9A1	gene_name:At5g20370
Q3EAL1	gene_name:OFP6
Q680P8	gene_name:RPS29A
Q6E2A4	gene_name:At1g43020
Q84JV6	gene_name:At3g19630
Q84VQ4	gene_name:ndhU
Q84VZ5	gene_name:At5g19240
Q84WW6	gene_name:ASHH1
Q8GWA5	gene_name:At2g42170
Q8L7F0	gene_name:At5g49525
Q8LAD2	gene_name:At5g23250
Q8LEJ7	gene_name:At1g55265
Q8LF20	gene_name:At2g25430
Q8RWU6	gene_name:NHX6
Q8RXD9	gene_name:DPE2
Q8RXG5	gene_name:At4g02920
Q8RXT5	gene_name:AIPP3
Q8VXY1	gene_name:At5g28630
Q8W4D0	gene_name:CYP71
Q93WB8	gene_name:At3g13410
Q93ZB6	gene_name:HEME1
Q9C5J8	gene_name:OEP80
Q9C6R9	gene_name:PCMP-A1
Q9C754	gene_name:AGAMOUS-like
Q9C9G7	gene_name:MYB62
Q9C9M7	gene_name:CDKD-2
Q9C9T1	gene_name:At1g73810
Q9CA45	gene_name:SOFL2
Q9FGP8	gene_name:NFYC7
Q9FIG3	gene_name:At5g59110
Q9FJ16	gene_name:APRR4
Q9FJW2	gene_name:NEMP_B
Q9FKK7	gene_name:XYLA
Q9FKN5	gene_name:MPI7.8
Q9FXA8	gene_name:INVA
Q9LID0	gene_name:LDL2
Q9LIK1	gene_name:ARFC1
Q9LSX8	gene_name:ASK10
Q9LSZ8	gene_name:MQM1.5
Q9LU60	gene_name:At5g51140
Q9LUV7	gene_name:At3g22421
Q9LVQ4	gene_name:At5g55860
Q9LW07	gene_name:At3g15720
Q9LW64	gene_name:At3g23325
Q9M052	gene_name:UGT76F1
Q9M0P0	gene_name:SAUR17
Q9M0V9	gene_name:At4g05360
Q9M206	gene_name:T8B10_200
Q9M9W9	gene_name:At3g05640
Q9MA41	gene_name:CTL1
Q9SR15	gene_name:At3g04600
Q9SR33	gene_name:ORP3B
Q9STI3	gene_name:At4g12280
Q9SU27	gene_name:At4g12590
Q9SV91	gene_name:TRR14
Q9SX83	gene_name:DTX33
Q9SY77	gene_name:At1g10350
Q9SZ82	gene_name:At4g09660
Q9XE58	gene_name:SCL14
Q9XI77	gene_name:FUT9
Q9XI90	gene_name:WRKY4
Q9XIW1	gene_name:XTH5
Q9ZPU3	gene_name:At2g13950
Q9ZPW3	gene_name:HBI1
Q9ZV07	gene_name:PIP2-6
Q9ZVN8	gene_name:At1g05040
Q9ZW18	gene_name:SAG13
A0A1I9LNN0	gene_name:TWD40-1
A0A1P8ASY8	gene_name:At1g55755
A0A1P8B6B7	gene_name:At4g16233
A0A1P8B9B9	gene_name:At5g65685
A8MRN4	gene_name:At3g63095
B3DN87	gene_name:PAT01
B3H469	gene_name:At4g12617
B3H754	gene_name:APD3
F4I3A7	gene_name:At1g37010
F4I3E6	gene_name:At1g49830
F4ICX9	gene_name:TSA1
F4IDZ7	gene_name:At1g19025
F4IPQ0	gene_name:At2g24510
F4J4A1	gene_name:At3g44800
F4JPS4	gene_name:At4g11800
F4K2M9	gene_name:At5g19850
F4K7T1	gene_name:MQB2.8
F4KBW5	gene_name:At5g51195
F4KCR0	gene_name:TRAPPC8
O04173	gene_name:TAF10
O04478	gene_name:KOR2
O04928	gene_name:CDS1
O22468	gene_name:MSI2
O22834	gene_name:LECRK53
O64685	gene_name:MTERF10
O80866	gene_name:ORP1A
O80919	gene_name:TBL34
O81764	gene_name:At4g33960
O82492	gene_name:T12H20.2
O82617	gene_name:BBX23
P0CZ23	gene_name:ACX3
P37271	gene_name:PSY1
P56797	gene_name:rps2
P94088	gene_name:LUC7RL
Q00IB6	gene_name:CPL4
Q1PE68	gene_name:OBAP2B
Q1PEE4	gene_name:BRP4
Q1PF03	gene_name:At2g24370
Q2V2Y3	gene_name:At5g55131
Q2V4G3	gene_name:At1g58055
Q3E7J8	gene_name:At1g61160
Q3EC97	gene_name:FBL14
Q52T38	gene_name:PAT24
Q56Y15	gene_name:At4g27620
Q5Q0F5	gene_name:At1g24270
Q67Y48	gene_name:At4g28820
Q67YT8	gene_name:RUS4
Q6NLW5	gene_name:XRI1
Q6NPN1	gene_name:CYP87A2
Q84JF2	gene_name:At1g62850
Q84VQ1	gene_name:KINB1
Q8GWT5	gene_name:At1g62880
Q8GXR1	gene_name:At5g65540
Q8L785	gene_name:EDD1
Q8LAN3	gene_name:P4H4
Q8LBS4	gene_name:GRXS12
Q8W483	gene_name:MDH9.23
Q93VV0	gene_name:PAT16
Q94A82	gene_name:NUDT19
Q94B71	gene_name:OBE3
Q94C86	gene_name:At3g16850
Q9C6D3	gene_name:NHD2
Q9C6K9	gene_name:LRK10L-1.1
Q9C843	gene_name:At1g42700
Q9CAQ2	gene_name:At1g77540
Q9FFG2	gene_name:MOP10.7
Q9FG87	gene_name:KCS20
Q9FIL1	gene_name:BSK5
Q9FL26	gene_name:WRKY8
Q9FL31	gene_name:MPL12.8
Q9FT74	gene_name:RECQL1
Q9FY64	gene_name:RPS15D
Q9LDE4	gene_name:ERF7
Q9LFK5	gene_name:At5g16960
Q9LIQ9	gene_name:BLI
Q9LIR2	gene_name:At3g23955
Q9LPP4	gene_name:SMR1
Q9LSF6	gene_name:VTL5
Q9LUC5	gene_name:CYP72A15
Q9LXC5	gene_name:APUM21
Q9LXV2	gene_name:MYB46
Q9LY93	gene_name:At5g14360
Q9M088	gene_name:At4g31140
Q9M0B8	gene_name:At4g30420
Q9M0W4	gene_name:At4g05310
Q9M3B6	gene_name:PKP4
Q9SAA8	gene_name:At1g11690
Q9SCZ5	gene_name:BPP7
Q9SQZ0	gene_name:CAT7
Q9STF1	gene_name:REM22
Q9STK8	gene_name:CYP71A25
Q9T019	gene_name:DIR14
Q9XF04	gene_name:CLV3
Q9XH18	gene_name:At4g07740
Q9ZPX1	gene_name:ARL2
Q9ZT81	gene_name:At4g03540
Q9ZU92	gene_name:At2g01640
Q9ZVA0	gene_name:LSH7
Q9ZWA6	gene_name:MGP
Q9ZWB7	gene_name:PCS2
A0A1P8ANN9	gene_name:At1g55803
A0A1P8AZS9	gene_name:At2g07661
A0A1P8BAC3	gene_name:At5g14550
A0A1P8BD97	gene_name:At5g25520
A0A1P8BFF1	gene_name:At5g01570
A8MQN4	gene_name:At1g53710
B3H6P5	gene_name:At5g42053
F4HZB9	gene_name:LTPG19
F4I444	gene_name:At1g04030
F4I690	gene_name:At1g23580
F4I6H5	gene_name:At1g40087
F4INF1	gene_name:At2g07806
F4IQL7	gene_name:At2g24696
F4IXJ7	gene_name:MED6
F4J048	gene_name:At3g15910
F4J7T3	gene_name:EAF1A
F4JGI5	gene_name:At4g06479
F4K1G2	gene_name:At5g35930
F4K2Z6	gene_name:At5g36330
F4K657	gene_name:BLOS2
F4KDE6	gene_name:MYOB12
F4KIR0	gene_name:MNF13.30
O22797	gene_name:GLTP1
O23115	gene_name:EIL2
O80452	gene_name:AMPD
O81304	gene_name:PAP11
P42036	gene_name:RPS14C
P46600	gene_name:HAT1
P55034	gene_name:RPN10
P82629	gene_name:SCRL10
P93299	gene_name:At2g07701
Q1G3A6	gene_name:At3g25577
Q1G3N1	gene_name:ATL91
Q38909	gene_name:XTH28
Q3E7I5	gene_name:FRS12
Q56X75	gene_name:At2g39518
Q5CCK4	gene_name:VAL2
Q5S4W1	gene_name:At2g37960
Q5XPJ6	gene_name:SCAR4
Q680B7	gene_name:XYN4
Q6DR41	gene_name:DICE1
Q6R3K8	gene_name:YSL4
Q8GWD1	gene_name:At5g25490
Q8GWM1	gene_name:At1g10865
Q8GXB1	gene_name:At2g17695
Q8L5Y8	gene_name:At5g65840
Q8L726	gene_name:At2g21080
Q8L8L9	gene_name:At4g22160
Q8LFJ9	gene_name:GLIP7
Q8RWZ6	gene_name:PIN4
Q8RY18	gene_name:TRAF1A
Q8S8Y8	gene_name:WNK6
Q8VZC0	gene_name:UXS1
Q8W4M2	gene_name:F5K20.24
Q93VA8	gene_name:ALBA1
Q93XY2	gene_name:MBK20.19
Q93ZR1	gene_name:HAG3
Q94BZ5	gene_name:HSFA5
Q9C7F4	gene_name:At1g27990
Q9C8Y8	gene_name:At1g66290
Q9C9F5	gene_name:C3H15
Q9C9J7	gene_name:At1g76610
Q9FG48	gene_name:At5g37400
Q9FGT8	gene_name:TIL
Q9FI80	gene_name:PCMP-H38
Q9FKM4	gene_name:TML
Q9FKW4	gene_name:CPK28
Q9FMA3	gene_name:PEX5
Q9FMR5	gene_name:VAMP714
Q9FYB7	gene_name:RS2Z32
Q9LHC4	gene_name:At3g32930
Q9LK23	gene_name:G6PD5
Q9LK64	gene_name:ABCC3
Q9LKL2	gene_name:APRR1
Q9LMP6	gene_name:At1g15890
Q9LQI7	gene_name:At1g17350
Q9LSX5	gene_name:MUF8.3
Q9LT81	gene_name:At3g19360
Q9LTD6	gene_name:URO
Q9LTE3	gene_name:HIPP12
Q9LUV2	gene_name:HS1
Q9M096	gene_name:FBL19
Q9M0G2	gene_name:At4g29190
Q9M155	gene_name:At4g01090
Q9M2Y4	gene_name:PCMP-E84
Q9M812	gene_name:CURT1C
Q9M847	gene_name:At3g04390
Q9SAG6	gene_name:At1g80940
Q9SFE4	gene_name:ERF012
Q9SMQ3	gene_name:At4g40020
Q9SRG3	gene_name:PDIL1-2
Q9SU34	gene_name:At4g12490
Q9SUZ4	gene_name:F4F15.220
Q9SW11	gene_name:PUB35
Q9SZ22	gene_name:At4g26820
Q9SZH7	gene_name:At4g26030
Q9XIL5	gene_name:OTP51
Q9XIW0	gene_name:CIPK7
Q9ZQ21	gene_name:At2g24470
Q9ZVX8	gene_name:PIP2-8
A0A178UXH8	gene_name:At4g37550
A8MRI2	gene_name:At3g01327
B3H5J8	gene_name:At1g65541
B3H713	gene_name:At5g57535
B3H7H1	gene_name:At3g07300
F4HRU0	gene_name:At1g67270
F4HYC6	gene_name:At1g35400
F4IGK0	gene_name:At2g21235
F4JK59	gene_name:At4g15540
F4JKB9	gene_name:DTX38
F4K518	gene_name:At5g61910
F4KGN5	gene_name:IREG2
O04472	gene_name:NAT10
O48719	gene_name:At2g26520
O64763	gene_name:ATL9
O64800	gene_name:At1g67455
O65479	gene_name:CRK20
O65788	gene_name:CYP71B2
O80736	gene_name:JAL17
O80845	gene_name:PEX11D
O81042	gene_name:At2g46890
O81838	gene_name:At4g27350
O82754	gene_name:At4g23050
P19366	gene_name:atpB
P42744	gene_name:AXR1
P92949	gene_name:FRO2
P93000	gene_name:GLP8
P93051	gene_name:At2g48020
P93303	gene_name:YMF19
Q0WW94	gene_name:At5g38840
Q1G3V6	gene_name:DEG17
Q2PS26	gene_name:ULP1D
Q2V3S8	gene_name:At3g24508
Q39251	gene_name:ADF2
Q3EBB9	gene_name:At3g05975
Q3EC49	gene_name:At2g07689
Q501A3	gene_name:At1g76240
Q6DBP8	gene_name:GATA11
Q6NLG7	gene_name:RPA3B
Q7XJ58	gene_name:At1g21010
Q8GWH3	gene_name:OS9
Q8GYH1	gene_name:At1g74240
Q8L730	gene_name:At1g04770
Q8LB17	gene_name:RBL15
Q8RWH9	gene_name:NUP58
Q8RWU4	gene_name:ATML1
Q8RX89	gene_name:At5g23390
Q8S8C9	gene_name:At2g21655
Q8VYB7	gene_name:RGTA1
Q8VYW2	gene_name:BAM9
Q8VZ24	gene_name:At4g11100
Q8VZ63	gene_name:MNJ7.21
Q8VZE2	gene_name:NPF5.14
Q8VZM2	gene_name:At4g24200
Q8W206	gene_name:CSN6A
Q94A98	gene_name:At1g65900
Q94C33	gene_name:At3g51180
Q94K74	gene_name:At3g25805
Q96518	gene_name:PER16
Q96519	gene_name:PER11
Q9C7X8	gene_name:At1g56400
Q9C813	gene_name:FAS4
Q9C8E1	gene_name:ORTH4
Q9C8K1	gene_name:TGG6
Q9C9W9	gene_name:ADO3
Q9FIN7	gene_name:MIP2
Q9FK36	gene_name:AITR5
Q9FKX4	gene_name:PP2C79
Q9FM70	gene_name:MDF20.12
Q9FNP1	gene_name:PEX1
Q9FWY3	gene_name:At1g02650
Q9FZ33	gene_name:AXR4
Q9FZE5	gene_name:At1g26610
Q9LI65	gene_name:At3g30340
Q9LQ73	gene_name:PEX11C
Q9LSF0	gene_name:NPF4.1
Q9LSY8	gene_name:UGT71B2
Q9LU18	gene_name:ERF036
Q9LVF2	gene_name:At3g21540
Q9LVG4	gene_name:APRR3
Q9LX53	gene_name:F25L23_40
Q9LZU8	gene_name:F16L2_30
Q9M0E1	gene_name:At4g29420
Q9M1E4	gene_name:F9K21.210
Q9M8X6	gene_name:At3g04200
Q9S714	gene_name:PSAE2
Q9SA85	gene_name:At1g30700
Q9SIU3	gene_name:At2g13510
Q9SKC4	gene_name:ARI10
Q9SKZ4	gene_name:At2g32050
Q9SMU8	gene_name:PER34
Q9SSR7	gene_name:At1g52650
Q9SUA4	gene_name:OPT5
Q9SX20	gene_name:NPF3.1
Q9SZW7	gene_name:At4g30140
Q9T050	gene_name:At4g11810
Q9XEC6	gene_name:CRK36
Q9ZT87	gene_name:PEL1
Q9ZU32	gene_name:QPT
Q9ZUP2	gene_name:At2g19490
A0A178VZV5	gene_name:At1g43000
A0A1P8B590	gene_name:IQD19
A0A1P8BGN2	gene_name:At5g45210
B2GVM7	gene_name:FLS2
B3H529	gene_name:At5g61997
B3H7H0	gene_name:At5g09711
B9DGI8	gene_name:BZIP63
C0LGI2	gene_name:At1g67720
C0LGS3	gene_name:At4g37250
F4HUN5	gene_name:At1g20730
F4I3A8	gene_name:At1g37020
F4I5D2	gene_name:At1g70220
F4IIG2	gene_name:At2g15470
F4ITP1	gene_name:At2g26270
F4IUG1	gene_name:At2g20210
F4JC91	gene_name:At3g13280
F4JFS3	gene_name:At3g14172
F4K1C5	gene_name:At5g26840
F4K5V2	gene_name:MLF18.16
F4KEV7	gene_name:FHIT
F4KH86	gene_name:TAD3
O04017	gene_name:NAC098
O04208	gene_name:At2g40050
O22818	gene_name:At2g43860
O22939	gene_name:At2g41810
O23169	gene_name:PCMP-H5
O49647	gene_name:At4g22660
O65404	gene_name:SQE5
P0DKC1	gene_name:PPI3A
P21276	gene_name:FSD1
P42748	gene_name:UBC4
P48484	gene_name:TOPP4
Q0WVF7	gene_name:At3g03060
Q1PFK0	gene_name:At1g55660
Q1PFW4	gene_name:At1g13760
Q2V3J0	gene_name:At4g13968
Q38905	gene_name:PRF5
Q39083	gene_name:DI19-1
Q39264	gene_name:ZFP5
Q5PP23	gene_name:FLY1
Q5XF80	gene_name:GET3C
Q682E0	gene_name:At2g35440
Q6NPH1	gene_name:At1g48200
Q8GYE0	gene_name:PHF1
Q8L7R8	gene_name:STP3
Q8L7W1	gene_name:MSL3
Q8LDG7	gene_name:PEX3-1
Q8LDK7	gene_name:At3g09085
Q8S904	gene_name:MFDX2
Q8VY23	gene_name:At4g32600
Q8VYV2	gene_name:At1g56000
Q8W191	gene_name:HYH
Q8W461	gene_name:At1g78810
Q93YW5	gene_name:At4g28400
Q93ZH7	gene_name:IQD2
Q940X9	gene_name:LARP1A
Q94KE2	gene_name:TIC
Q96323	gene_name:LDOX
Q9C535	gene_name:T3M22.5
Q9C6Z9	gene_name:At1g30190
Q9C7H2	gene_name:At1g72090
Q9C7X6	gene_name:At1g56420
Q9FG38	gene_name:SNX1
Q9FGG1	gene_name:EC1.5
Q9FHT7	gene_name:MNJ8.7
Q9FI94	gene_name:DHS
Q9FIW0	gene_name:ARACIN1
Q9FKD1	gene_name:At5g37950
Q9FL76	gene_name:EXPA24
Q9FMB4	gene_name:AUG5
Q9FMC5	gene_name:VPS60-2
Q9FMF8	gene_name:DIT2-2
Q9FN37	gene_name:PSKR2
Q9FVQ9	gene_name:At1g32140
Q9FX28	gene_name:KTI3
Q9FXK2	gene_name:At1g24851
Q9LI95	gene_name:At3g29180
Q9LMN6	gene_name:WAK4
Q9LN77	gene_name:P2A12
Q9LP57	gene_name:UNE1
Q9LSM3	gene_name:At5g65520
Q9LT72	gene_name:At3g19440
Q9LYA9	gene_name:CSP41A
Q9S7I2	gene_name:AIR1
Q9SCJ9	gene_name:UBP26
Q9SE37	gene_name:RTM1
Q9SGZ5	gene_name:BXL7
Q9SJK9	gene_name:PCMP-E73
Q9SQR8	gene_name:PPK3
Q9SS38	gene_name:GYRBC
Q9STH8	gene_name:CYP706A7
Q9SWG0	gene_name:IVD
Q9SY03	gene_name:At4g02760
Q9T0D7	gene_name:At4g11700
Q9XFS9	gene_name:DXR
Q9XID3	gene_name:At1g34300
Q9ZQH3	gene_name:SEC23D
Q9ZQN7	gene_name:At2g35640
Q9ZQR4	gene_name:CBSDUF3
Q9ZVX6	gene_name:At2g16870
A0A1I9LS57	gene_name:At3g52526
A0A1P8AME8	gene_name:At1g56680
A0A1P8AP52	gene_name:At1g29020
A0A1P8AQK1	gene_name:At1g15085
A0A1P8B1C5	gene_name:At2g41105
A0A1P8B1H3	gene_name:At2g33260
A0A1P8B502	gene_name:At4g08545
A0A1P8BHY2	gene_name:At5g27065
F4HUS5	gene_name:SAT32
F4HY32	gene_name:ATEH2
F4I8L6	gene_name:AGL67
F4IVI0	gene_name:BUB1
F4JFR7	gene_name:ALKBH1B
F4K0C4	gene_name:TRS130
F4K4C2	gene_name:At5g27530
F4K682	gene_name:At5g49750
F4KGF3	gene_name:MXK3.14
F4KHM5	gene_name:PRIMPOL
O22150	gene_name:SAUR36
O22189	gene_name:CYP96A1
O22607	gene_name:MSI4
O22820	gene_name:UGT74F1
O23661	gene_name:ARF3
O64868	gene_name:VQ18
O65680	gene_name:PCHL
O80944	gene_name:AKR4C8
O81047	gene_name:At2g03270
O81051	gene_name:At2g03230
O81803	gene_name:At4g35720
P0C026	gene_name:NUDT24
P0DI75	gene_name:SEC61G2
P56782	gene_name:psbK
Q06850	gene_name:CPK1
Q0WNB1	gene_name:DUF5
Q0WNQ5	gene_name:TRM4
Q0WNW2	gene_name:AT1G53040.1
Q0WPJ7	gene_name:RF298
Q1G3Z4	gene_name:At1g47265
Q1PEU2	gene_name:At2g46300
Q3E9V5	gene_name:At4g27654
Q42546	gene_name:SAL1
Q4V3B8	gene_name:SPPL3
Q6NMK1	gene_name:GXM1
Q84JL8	gene_name:At1g04985
Q84RQ8	gene_name:ARI15
Q84W21	gene_name:At1g62240
Q84W92	gene_name:PRMT13
Q8GWD5	gene_name:At2g39530
Q8GZ22	gene_name:At2g03430
Q8L3S7	gene_name:At3g57785
Q8L7M1	gene_name:B3GALT14
Q8L9R6	gene_name:At1g68680
Q8LC55	gene_name:MDF20.6
Q8W5R6	gene_name:KIN7C
Q944P0	gene_name:ENT7
Q94JV9	gene_name:DL3615C
Q9C566	gene_name:CYP40
Q9C6B7	gene_name:CAR3
Q9C803	gene_name:At1g33490
Q9C8J1	gene_name:RH34
Q9FFF0	gene_name:MQK4.5
Q9FFQ0	gene_name:TOL5
Q9FGV1	gene_name:ARF8
Q9FHL8	gene_name:At5g23400
Q9FJ66	gene_name:ATDOA16
Q9FJW0	gene_name:ISE4
Q9FKT5	gene_name:THO3
Q9FMY1	gene_name:CYP86B1
Q9FRH9	gene_name:At1g25300
Q9FW03	gene_name:MES11
Q9LDI9	gene_name:F23O10.17
Q9LFI1	gene_name:PCMP-E86
Q9LH02	gene_name:FH17
Q9LHG2	gene_name:T2E22.22
Q9LJ66	gene_name:At3g19000
Q9LKC0	gene_name:YUC5
Q9LPH1	gene_name:T3F20.13
Q9LQW3	gene_name:ZHD14
Q9LSF8	gene_name:CYP82G1
Q9LUE2	gene_name:TPS18
Q9LX80	gene_name:F12M12_120
Q9LZ59	gene_name:At5g02430
Q9M0B5	gene_name:At4g30450
Q9M173	gene_name:NPF2.4
Q9M880	gene_name:S-ACP-DES4
Q9S7S2	gene_name:CDA4
Q9S9P0	gene_name:PDS5E
Q9SCZ1	gene_name:F26O13.220
Q9SHH7	gene_name:GSTU25
Q9SIJ7	gene_name:SEC23C
Q9SK10	gene_name:At2g28480
Q9SMR5	gene_name:At4g39880
Q9SX27	gene_name:PAN
Q9SYG4	gene_name:UBP1A
Q9SYM1	gene_name:MSL6
Q9SYQ8	gene_name:CLV1
Q9XEB2	gene_name:At4g04580
Q9XID5	gene_name:PSI1
Q9ZPZ1	gene_name:GAUT2
Q9ZQH0	gene_name:COAE
A0A178UDM7	gene_name:ROX
A0A1P8AY40	gene_name:At2g19660
A0A1P8B165	gene_name:At2g29925
A0A1P8BD07	gene_name:At5g26150
A8MRE9	gene_name:DVL23
A8MRV8	gene_name:MDC12.20
C0LGJ9	gene_name:At2g02780
F4HS21	gene_name:At1g73950
F4HV99	gene_name:At1g54300
F4I4E1	gene_name:BHLH167
F4ICN4	gene_name:At1g32337
F4IQ39	gene_name:At2g37370
F4J2J7	gene_name:At3g10116
F4JAX0	gene_name:At3g06455
F4K1B4	gene_name:NEAP2
O22864	gene_name:NLP8
O24600	gene_name:RPOT3
O64519	gene_name:AMC6
O80837	gene_name:DBP
O80929	gene_name:RPL36A
O80962	gene_name:ATATH8
P31170	gene_name:HSP21
P54121	gene_name:AIG2A
Q0V7T5	gene_name:At1g80640
Q0WR27	gene_name:At5g40153
Q2V4A7	gene_name:At2g03932
Q3EBU2	gene_name:At2g25305
Q570K8	gene_name:PROSCOOP4
Q5PP33	gene_name:At5g19500
Q5XET5	gene_name:HESO1
Q6IM93	gene_name:DVL8
Q6NM31	gene_name:At1g55240
Q7XA67	gene_name:MTN2
Q7XYY2	gene_name:MED25
Q84TH5	gene_name:ABCG25
Q84V03	gene_name:PCH1
Q8GWB2	gene_name:NDX1
Q8GZ29	gene_name:GH3.15
Q8GZ81	gene_name:OFUT27
Q8H1Q4	gene_name:At1g15740
Q8L4N1	gene_name:PHOS34
Q8L925	gene_name:CRC
Q8LGS1	gene_name:MARD1
Q8RWX6	gene_name:At2g46060
Q8RXC2	gene_name:At2g27890
Q8RXE8	gene_name:BASS3
Q8VZW8	gene_name:At3g48185
Q93V72	gene_name:PDCB4
Q93W66	gene_name:PAM16L1
Q94BX3	gene_name:DOB1
Q94C27	gene_name:At1g70590
Q94CL8	gene_name:PP2C6
Q94FN2	gene_name:MOR1
Q96282	gene_name:CLC-C
Q9C5M1	gene_name:At3g19800
Q9C835	gene_name:CYP21-4
Q9C8Z3	gene_name:At3g06520
Q9CA61	gene_name:CYP98A8
Q9CAL3	gene_name:CRK2
Q9FHM6	gene_name:At5g51580
Q9FHU3	gene_name:CIP4
Q9FJD1	gene_name:OPT8
Q9FJI1	gene_name:AAK6
Q9FL64	gene_name:MDK4.18
Q9FND0	gene_name:MRH10.6
Q9FNL3	gene_name:DMP6
Q9FNZ2	gene_name:ZFWD1
Q9LIH6	gene_name:UNG
Q9LQP7	gene_name:At1g07710
Q9LQV4	gene_name:At1g14770
Q9LR55	gene_name:At1g03720
Q9LT89	gene_name:TCP19
Q9LTL0	gene_name:CYP71B26
Q9LW33	gene_name:MEF14
Q9LXQ1	gene_name:At3g44120
Q9LYD8	gene_name:GULLO3
Q9LYF0	gene_name:T22P22_200
Q9LYQ2	gene_name:LAC13
Q9LZC0	gene_name:F8F6_100
Q9LZP9	gene_name:CP12-2
Q9LZW6	gene_name:At5g01800
Q9LZW9	gene_name:RAPTOR2
Q9LZY2	gene_name:T4C21_220
Q9M622	gene_name:RMR1
Q9S842	gene_name:F14G6.4
Q9SFX0	gene_name:PBL22
Q9SGY1	gene_name:ABCB10
Q9SHZ0	gene_name:DEGP4
Q9SI38	gene_name:ANR1
Q9SIP1	gene_name:UP3
Q9SJ89	gene_name:FTRC
Q9SJL0	gene_name:UGT86A1
Q9SKJ9	gene_name:At2g25500
Q9SKW7	gene_name:CEP10
Q9SR08	gene_name:At3g04660
Q9SS80	gene_name:OPS
Q9STL0	gene_name:CYP71A23
Q9SUP0	gene_name:At4g20390
Q9XIM7	gene_name:COR413PM1
Q9ZW91	gene_name:KIB3
A0A1P8AXC3	gene_name:MEE15
A0A1P8AXR7	gene_name:At2g40165
A0A1P8B0U4	gene_name:At2g21510
A0A1P8B7K8	gene_name:At4g03130
A0A1P8BH65	gene_name:At5g35180
B3H4Q4	gene_name:At2g20921
F4HQ34	gene_name:At1g67025
F4HT36	gene_name:At1g34046
F4HTG1	gene_name:EDA16
F4HVZ1	gene_name:CATHB1
F4IKM1	gene_name:At2g29340
F4JH02	gene_name:CTL12
F4JLP8	gene_name:At4g16162
F4K613	gene_name:MWF20.21
O22910	gene_name:At2g47360
O23310	gene_name:NFYB3
O23360	gene_name:At4g15060
O64636	gene_name:CYP76C1
O65023	gene_name:EAAC
O65670	gene_name:AO
O81498	gene_name:UGT72E3
P0C2G1	gene_name:At3g58980
P43254	gene_name:COP1
P56774	gene_name:petD
Q0WPS2	gene_name:At4g18260
Q3E906	gene_name:CDC20-5
Q56XE4	gene_name:At4g03120
Q58G56	gene_name:At1g05780
Q5XF12	gene_name:At1g65020
Q5XVB2	gene_name:At3g44700
Q6NL08	gene_name:At1g29530
Q6NN02	gene_name:At4g14450
Q7PC88	gene_name:ABCG31
Q7Y229	gene_name:At1g56720
Q84JK1	gene_name:RBD1
Q84JX1	gene_name:PME19
Q84WG0	gene_name:NPF8.4
Q8GY73	gene_name:At2g42950
Q8H1D2	gene_name:WOX5
Q8H1G3	gene_name:MTPC4
Q8L6Y8	gene_name:At1g61640
Q8L8S2	gene_name:LSU4
Q8LFH5	gene_name:SWEET8
Q8LG50	gene_name:LPAT2
Q8VY16	gene_name:CDP1
Q8VZ56	gene_name:AMY1
Q8W469	gene_name:SPPL2
Q93W28	gene_name:At4g15545
Q93WY4	gene_name:WRKY12
Q93YQ1	gene_name:RAPTOR1
Q93ZG9	gene_name:FKBP53
Q941L0	gene_name:CESA3
Q945F0	gene_name:DTX47
Q94AZ8	gene_name:At4g22212
Q94BR1	gene_name:MRF1
Q9C650	gene_name:TPR6
Q9C8P7	gene_name:CYCT1-1
Q9C938	gene_name:At1g52800
Q9C9A3	gene_name:HIPP20
Q9C9B9	gene_name:TTM1
Q9FH56	gene_name:At5g66330
Q9FI09	gene_name:MGN6.1
Q9FID5	gene_name:At5g39030
Q9FIW1	gene_name:STMP9
Q9FJC4	gene_name:MNC6.14
Q9FJW4	gene_name:FRO1
Q9FJX2	gene_name:RPL26B
Q9FK63	gene_name:CAMRLK
Q9FL66	gene_name:MDK4.16
Q9FMI0	gene_name:MMG4.5
Q9FN26	gene_name:UGT79B6
Q9FZ80	gene_name:SOT17
Q9LEY9	gene_name:At5g08180
Q9LH41	gene_name:BDR4
Q9LJL3	gene_name:PREP1
Q9LJM4	gene_name:IKU2
Q9LPV3	gene_name:RPL27AA
Q9LSS0	gene_name:LECRK17
Q9LUA7	gene_name:MIF21.16
Q9LX57	gene_name:F4M19_90
Q9LYW9	gene_name:P58IPK
Q9LZ61	gene_name:AGL99
Q9M0X9	gene_name:4CLL7
Q9M2G7	gene_name:LPPD
Q9MAG2	gene_name:At1g53400
Q9MAP7	gene_name:SBT3.5
Q9SLA2	gene_name:VHA-c''2
Q9SQY7	gene_name:CYP77A6
Q9SSM3	gene_name:JAL19
Q9STK4	gene_name:T29H11_240
Q9STN8	gene_name:SINAT4
Q9SU38	gene_name:APT4
Q9SVL0	gene_name:ZHD7
Q9SX65	gene_name:DHNAT1
Q9SY20	gene_name:At1g30790
Q9SYF1	gene_name:F15I1.3
Q9XGR4	gene_name:B''ALPHA
Q9ZSB8	gene_name:F3H7.11
Q9ZUP4	gene_name:CKL5
Q9ZV18	gene_name:At2g38870
A0A1P8BAD1	gene_name:At5g25360
A0A1P8BFG8	gene_name:At5g51620
A7REF1	gene_name:At1g45215
B3H4B5	gene_name:SPH11
B3H5A4	gene_name:At3g63052
B3H6X1	gene_name:At5g41420
B3LFA4	gene_name:At5g38830
F4HTB2	gene_name:DVL22
F4HX10	gene_name:At1g54740
F4HXV6	gene_name:NUP155
F4I0Z6	gene_name:NEAP4
F4I6B2	gene_name:At1g30470
F4I839	gene_name:PAE2
F4IDC0	gene_name:At1g72420
F4IE14	gene_name:COQ9
F4IP14	gene_name:At2g36815
F4JN77	gene_name:At4g11000
F4JZG1	gene_name:SPH4
O23160	gene_name:MYB73
O48715	gene_name:UGT76D1
O50039	gene_name:OTC
O65282	gene_name:CPN20
O80446	gene_name:PDX1L4
O81417	gene_name:SRPP
O81424	gene_name:At4g02210
P35134	gene_name:UBC11
P47999	gene_name:OASB
P56766	gene_name:psaA
P59583	gene_name:WRKY32
Q0WQ57	gene_name:At4g12770
Q0WT48	gene_name:ERDJ2A
Q0WVD6	gene_name:PRMT3
Q1PFN9	gene_name:APUM9
Q2V2T9	gene_name:SCL16
Q2V4I8	gene_name:At1g35537
Q3E8B4	gene_name:DEGP15
Q3E8Z8	gene_name:PME28
Q3E9F0	gene_name:At5g18475
Q6NLF4	gene_name:LLG2
Q7PC85	gene_name:ABCG38
Q84WM9	gene_name:At5g12110
Q8GWU4	gene_name:At1g17030
Q8L836	gene_name:MAP65-7
Q8L8W6	gene_name:RPL39B
Q8LBZ1	gene_name:At5g22875
Q8RWF9	gene_name:At2g21500
Q8RX29	gene_name:ATL70
Q8RXK7	gene_name:PME41
Q8RXN7	gene_name:MAGL8
Q8VZJ7	gene_name:P4H9
Q8VZR6	gene_name:INT1
Q8W1Y3	gene_name:KIN14F
Q940X7	gene_name:RBX1A
Q94AW5	gene_name:ERF003
Q9ASY2	gene_name:At5g53310
Q9C5M3	gene_name:LUP1
Q9C7W2	gene_name:ERF061
Q9C8G9	gene_name:ABCC1
Q9CAZ0	gene_name:SKIP24
Q9FG68	gene_name:RAX1
Q9FKE9	gene_name:At5g45160
Q9FKP5	gene_name:UBP17
Q9FLW8	gene_name:ATDOB4
Q9FMD7	gene_name:At5g16590
Q9FZC4	gene_name:FOX1
Q9LE68	gene_name:At4g08740
Q9LET7	gene_name:CIP111
Q9LI71	gene_name:At3g30280
Q9LJY9	gene_name:CYP705A18
Q9LR68	gene_name:SCAMP2
Q9LRM5	gene_name:At3g24230
Q9LRX5	gene_name:AST1
Q9LUB6	gene_name:SNE
Q9LUL2	gene_name:WAG2
Q9LX74	gene_name:RRP46
Q9LZS9	gene_name:At5g03590
Q9LZV3	gene_name:MAN6
Q9M265	gene_name:F21F14.170
Q9S7N6	gene_name:F9E10.31
Q9SGN8	gene_name:At1g28400
Q9SI02	gene_name:At2g22030
Q9SJ08	gene_name:CYP96A5
Q9SJ53	gene_name:At2g35970
Q9SJC6	gene_name:NUDT5
Q9SJV2	gene_name:At2g21250
Q9SR13	gene_name:FLK
Q9SRW0	gene_name:SAUR28
Q9SRW4	gene_name:At3g03870
Q9SRY3	gene_name:RALF1
Q9SSS5	gene_name:At1g52710
Q9SVH0	gene_name:PCMP-E35
Q9SY21	gene_name:At1g30795
Q9SYN1	gene_name:PEN6
Q9ZPX9	gene_name:KIC
Q9ZQ25	gene_name:NAC038
Q9ZSI1	gene_name:EXPA17
Q9ZU38	gene_name:RPI2
Q9ZV39	gene_name:At2g18810
Q9ZVJ2	gene_name:At2g38710
Q9ZVZ4	gene_name:At1g05440
A0A178V119	gene_name:At4g16545
A0A1I9LMM7	gene_name:At3g28956
A0A1I9LNE1	gene_name:At3g45645
A0A1I9LTL1	gene_name:CYP72A9
A0A1P8AM70	gene_name:EXT15
A0A1P8B281	gene_name:At2g07638
A0A1P8BA07	gene_name:At5g56555
A8MQN2	gene_name:LNK1
B6IDH6	gene_name:At5g11840
F4HZZ5	gene_name:RMR5
F4I764	gene_name:At1g04930
F4I9X5	gene_name:At1g65342
F4IRW0	gene_name:ATG1C
F4J6S4	gene_name:At3g45840
F4J923	gene_name:At3g31900
F4JQX7	gene_name:At4g24480
F4K210	gene_name:MAF19.20
F4K580	gene_name:At5g06755
O04254	gene_name:At4g02140
O04536	gene_name:GATL9
O22241	gene_name:ADT4
O23365	gene_name:CYP97B3
O80678	gene_name:UBA2B
O80839	gene_name:PLIM2A
O82383	gene_name:UGT71D1
O82752	gene_name:DTX49
P14891	gene_name:HMG1
P35402	gene_name:ERD2A
P36428	gene_name:ALATS
P54150	gene_name:MSR4
P56777	gene_name:psbB
P92946	gene_name:SULTR2;2
Q0WQE7	gene_name:AUG3
Q0WR64	gene_name:At3g27809
Q1G3E7	gene_name:PROSCOOP23
Q1G3J4	gene_name:At4g09464
Q2V359	gene_name:SAUR70
Q38820	gene_name:TIM23-2
Q38Q39	gene_name:ERF027
Q3E6T3	gene_name:At5g18636
Q3EC08	gene_name:At2g14635
Q5HZ09	gene_name:BRXL3
Q67XN2	gene_name:BGLU8
Q7XHI7	gene_name:BHLH127
Q84X46	gene_name:At2g40745
Q8GT75	gene_name:NIP1
Q8GX69	gene_name:BGAL16
Q8GY39	gene_name:At2g42885
Q8GY89	gene_name:SRX
Q8LGB4	gene_name:At5g37790
Q8RY60	gene_name:CBSDUF7
Q8VXV7	gene_name:LDL1
Q93W32	gene_name:FLA18
Q940K6	gene_name:F14O13.27
Q946Y7	gene_name:SYP61
Q94IB9	gene_name:ACER
Q9C576	gene_name:At5g22120
Q9C5D6	gene_name:CAT9
Q9C6Q1	gene_name:F17J6.7
Q9FFF3	gene_name:COG1
Q9FGS0	gene_name:CP31B
Q9FH67	gene_name:CYP705A12
Q9FHX3	gene_name:LECRKS6
Q9FIX5	gene_name:BHLH92
Q9FL02	gene_name:MUD21.2
Q9FLX7	gene_name:At5g52840
Q9FMG1	gene_name:AMC3
Q9FND4	gene_name:WDS
Q9FNJ3	gene_name:MDJ22.10
Q9FNK2	gene_name:MDJ22.1
Q9LHN7	gene_name:At3g13620
Q9LIC9	gene_name:At3g13690
Q9LKU2	gene_name:TATA
Q9LR97	gene_name:At1g23950
Q9LV12	gene_name:At5g62660
Q9LVA3	gene_name:PMEI13
Q9LX13	gene_name:At5g10160
Q9LXW7	gene_name:DCL3
Q9LYN2	gene_name:FER3
Q9LZS0	gene_name:PTL
Q9M0T3	gene_name:MEKK3
Q9M276	gene_name:ATHB-12
Q9M3F7	gene_name:T14K23_100
Q9MAG8	gene_name:At1g53330
Q9MAX3	gene_name:SULTR1;2
Q9SAJ5	gene_name:At1g79540
Q9SB41	gene_name:At4g25220
Q9SD20	gene_name:At3g51280
Q9SJG8	gene_name:ML2
Q9SKB6	gene_name:MRL7L
Q9SL92	gene_name:HCS1
Q9SQK3	gene_name:EMB506
Q9SSP8	gene_name:At1g52440
Q9STN1	gene_name:EXT20
Q9SU91	gene_name:LPXA
Q9SVN9	gene_name:At4g13730
Q9SX62	gene_name:IPGAL2
Q9ZRE2	gene_name:RABD1
Q9ZSA7	gene_name:DLO2
Q9ZW80	gene_name:EXT21
A0A1I9LNL3	gene_name:At3g01980
A0A1P8AP31	gene_name:At1g80315
A0A1P8B6M6	gene_name:At4g11670
A0A1P8BBA7	gene_name:At5g18705
A0A1P8BH02	gene_name:At5g37247
A1A6J3	gene_name:At3g06950
A1A6M1	gene_name:PTAC5
A8MRG2	gene_name:MNF13.9
F4HVS6	gene_name:MYOB6
F4I2R3	gene_name:PP2-A10
F4IVK3	gene_name:At2g26810
F4J925	gene_name:At3g31950
F4JKI3	gene_name:DGK6
O22446	gene_name:HDA19
O22897	gene_name:DUF6
O23095	gene_name:RPP1B
O23550	gene_name:FIP2
O64490	gene_name:EIF2
P0C5K4	gene_name:FH21A
P0C8Q6	gene_name:At5g08310
P0CJ60	gene_name:CRRSP53
P20649	gene_name:AHA1
P43299	gene_name:MCM7
P92551	gene_name:AtMg01210
Q05763	gene_name:THY-2
Q0WQD2	gene_name:GAUT3
Q0WRB0	gene_name:FAR5
Q2V334	gene_name:At5g32619
Q2V346	gene_name:At5g26622
Q39212	gene_name:NRPD3B
Q3E9Y5	gene_name:At4g19980
Q42592	gene_name:APXS
Q494P3	gene_name:At3g17770
Q5XF79	gene_name:PBL18
Q5XVF0	gene_name:MEE12
Q6ICW8	gene_name:At4g25180
Q70E96	gene_name:ALDH3F1
Q84WW4	gene_name:At3g05545
Q8GUL1	gene_name:ATG18G
Q8GYX5	gene_name:At4g25620
Q8L548	gene_name:TCX3
Q8L7G9	gene_name:DL4875C
Q8LBQ7	gene_name:ERF034
Q8LE26	gene_name:At2g38480
Q8RXL8	gene_name:UXT3
Q8S8A0	gene_name:GDU4
Q8S8F7	gene_name:INH3
Q8S8H4	gene_name:At2g21185
Q8S9J6	gene_name:At5g10770
Q8VYV7	gene_name:DHQS
Q8W112	gene_name:BGLC1
Q94AX3	gene_name:LTPG16
Q9C509	gene_name:DPL1
Q9C586	gene_name:At5g22020
Q9C9X5	gene_name:At1g68110
Q9CAC1	gene_name:CEL1
Q9FF79	gene_name:NAS1
Q9FGA5	gene_name:MPF21.7
Q9FHC1	gene_name:At5g52390
Q9FIG0	gene_name:MNC17.5
Q9FJ08	gene_name:At5g49320
Q9FJR1	gene_name:PER65
Q9FK83	gene_name:MQJ16.10
Q9FKQ5	gene_name:AGL78
Q9FM26	gene_name:MNF13.28
Q9FNN9	gene_name:PCMP-E32
Q9FTA3	gene_name:At5g08320
Q9FWW6	gene_name:At1g12160
Q9LFQ8	gene_name:At5g14970
Q9LFT3	gene_name:At5g15870
Q9LIN3	gene_name:RZ1A
Q9LM58	gene_name:At1g22030
Q9LNC2	gene_name:At1g06250
Q9LNP9	gene_name:HAB2
Q9LP27	gene_name:T16O9.3
Q9LR78	gene_name:BSU1
Q9LSE7	gene_name:At3g25290
Q9LSL5	gene_name:LECRK92
Q9LTB8	gene_name:CBL9
Q9LUQ6	gene_name:RPL19B
Q9LZ58	gene_name:At5g02440
Q9LZV9	gene_name:LTP10
Q9M047	gene_name:WLIM2B
Q9M1D8	gene_name:At3g60050
Q9M1N3	gene_name:T18B22.110
Q9SD96	gene_name:SNAP29
Q9SEI4	gene_name:RPT3
Q9SKM8	gene_name:GLYI8
Q9SR06	gene_name:CLPS3
Q9SRE4	gene_name:URGT1
Q9SRP4	gene_name:CML33
Q9SSQ7	gene_name:At1g52550
Q9STE1	gene_name:PCMP-E36
Q9STF2	gene_name:PTAC16
Q9SYG1	gene_name:HSP17.4B
Q9SZ51	gene_name:ENODL15
Q9SZH0	gene_name:VHA-G3
Q9SZJ6	gene_name:AGL21
Q9T030	gene_name:PCBER1
Q9ZQ51	gene_name:RGIL6
A0A1I9LSB3	gene_name:At3g44265
A0A1P8B1L8	gene_name:At2g01990
A6QRA1	gene_name:NRPE7
A8MQG7	gene_name:ASK20
A8MRM4	gene_name:At2g20618
B3H6D4	gene_name:At4g31354
B3H6Q9	gene_name:At2g01554
B3H6S3	gene_name:At5g03204
F4HR71	gene_name:TPR9
F4I6E6	gene_name:At1g30660
F4I9E1	gene_name:NFD4
F4IQV7	gene_name:SCY2
F4IS76	gene_name:At2g03010
F4JC55	gene_name:BRCC36B
F4JTS8	gene_name:NOV
F4JY97	gene_name:At5g25920
F4JYW2	gene_name:At5g60240
F4K2K9	gene_name:At5g19670
O22182	gene_name:UGT84B1
O22892	gene_name:At2g40430
O48845	gene_name:CYTB5-B
O64483	gene_name:SIRK
O64782	gene_name:SD129
O65514	gene_name:At4g36230
O80507	gene_name:CKB4
O80588	gene_name:EDE1
O81625	gene_name:F8M12.5
P0DKH9	gene_name:AREP1
P0DN98	gene_name:CEP11
P31582	gene_name:RABF2A
P82776	gene_name:LCR62
Q00466	gene_name:HAT7
Q01474	gene_name:SAR1B
Q0V7R1	gene_name:GATL3
Q0WVV0	gene_name:At1g10910
Q29PZ1	gene_name:GRXC10
Q3E8E9	gene_name:MCA23.17
Q3ECP7	gene_name:At1g54730
Q3ECX5	gene_name:At1g43810
Q3MV14	gene_name:DSE1
Q4PSX0	gene_name:At1g69900
Q58G47	gene_name:TIFY6A
Q5U1F1	gene_name:FL5
Q6DBP3	gene_name:At5g05820
Q6DYE5	gene_name:At1g20180
Q6Q152	gene_name:CYP57
Q84JN1	gene_name:APRL7
Q8GX86	gene_name:PME21
Q8L7E3	gene_name:VSR7
Q8L9W9	gene_name:At4g27652
Q8LA96	gene_name:BPL1
Q8LAD4	gene_name:ATOXR
Q8RXC8	gene_name:RBK2
Q8VWG7	gene_name:TDX
Q8VXZ0	gene_name:NUDT20
Q8W0Y8	gene_name:PSB28
Q93Y38	gene_name:At5g36290
Q93Z32	gene_name:SPPL1
Q93ZS9	gene_name:At3g55980
Q948K8	gene_name:RABG3A
Q94A78	gene_name:At1g03400
Q9C626	gene_name:At1g47056
Q9C646	gene_name:RXW24L
Q9C8S9	gene_name:RH48
Q9C9L0	gene_name:CUL3B
Q9C9L6	gene_name:ATCOX19-2
Q9CAE3	gene_name:FLD
Q9FI66	gene_name:DIR3
Q9FIY5	gene_name:At5g43550
Q9FJ72	gene_name:AT1
Q9FJE8	gene_name:At5g59870
Q9FJS2	gene_name:HDG5
Q9FLH6	gene_name:TRM24
Q9FLH8	gene_name:At5g51830
Q9FMC7	gene_name:MUK11.15
Q9FMJ3	gene_name:MDC12.27
Q9FMQ0	gene_name:MXC9.8
Q9FRH4	gene_name:IDD16
Q9LDL9	gene_name:ASML2
Q9LKA4	gene_name:UBA2C
Q9LME4	gene_name:At1g22280
Q9LN62	gene_name:RRA3
Q9LPM3	gene_name:At1g50020
Q9LPU2	gene_name:URGT2
Q9LTX5	gene_name:At5g49950
Q9LUQ5	gene_name:UBC25
Q9LZN4	gene_name:MADA2
Q9LZR0	gene_name:ATHB-51
Q9M878	gene_name:At3g02640
Q9M8S2	gene_name:LIP2
Q9MAA2	gene_name:At3g05170
Q9MAH8	gene_name:TCP3
Q9SIU6	gene_name:RALFL14
Q9SJL5	gene_name:At2g36920
Q9SLH3	gene_name:RGA
Q9SN45	gene_name:DOGL2
Q9SN97	gene_name:F18L15.140
Q9SRU3	gene_name:At3g02270
Q9XIB2	gene_name:At1g49450
Q9XIQ5	gene_name:UGT79B10
A0A1I9LMX5	gene_name:CEP9
A0A1I9LRC4	gene_name:At3g30823
A0A1P8APM6	gene_name:At1g34812
A8MQ83	gene_name:At2g21727
A8MRC7	gene_name:B3GALT2
A8MRK8	gene_name:At1g08310
B3H6G9	gene_name:At4g02405
B3H6X5	gene_name:At3g24516
B3H7N2	gene_name:MP
F4HPN4	gene_name:At1g45163
F4HUQ5	gene_name:At1g20880
F4I3J6	gene_name:At1g56100
F4I431	gene_name:At1g76910
F4I600	gene_name:At1g16820
F4I679	gene_name:At1g23510
F4I9G2	gene_name:ESV1
F4IG09	gene_name:SBT4.1
F4IRC9	gene_name:At2g10965
F4IUT4	gene_name:At2g33000
F4IYM4	gene_name:DEX1
F4JCB3	gene_name:CORD6
F4JEV5	gene_name:At3g26960
F4JH25	gene_name:At4g00234
F4JJD6	gene_name:At4g15096
F4K1R2	gene_name:HINT3
F4K5S5	gene_name:At5g28010
F4KC77	gene_name:MBM17.11
O04005	gene_name:PER1
O64592	gene_name:SRO3
O82122	gene_name:VSP2
O82345	gene_name:BAG6
O82377	gene_name:ESFL6
P61845	gene_name:rpl23-A
P82781	gene_name:LCR71
Q1PEQ5	gene_name:At3g14250
Q3E6S9	gene_name:CpNIFS3
Q3E9N2	gene_name:At4g39750
Q3E9T2	gene_name:REM2
Q5ICL9	gene_name:NPR4
Q6IM89	gene_name:DVL12
Q7G191	gene_name:AAO4
Q8GTR4	gene_name:PU1
Q8GWX2	gene_name:At2g21120
Q8GXS6	gene_name:MKM21.12
Q8L7G8	gene_name:DL4915W
Q8L9A7	gene_name:At4g27575
Q8LFB8	gene_name:At4g04925
Q8RXN3	gene_name:PPT1
Q8VYJ7	gene_name:CLPB4
Q8W4D8	gene_name:DDL
Q93VK8	gene_name:GLV1
Q93WC5	gene_name:At4g01990
Q941L2	gene_name:BAP1
Q944I4	gene_name:GLYK
Q945L4	gene_name:At5g40210
Q94BN2	gene_name:SPMS
Q9C8T5	gene_name:At1g63310
Q9C9H7	gene_name:RLP12
Q9C9T3	gene_name:GIP2
Q9C9V9	gene_name:COG5
Q9C9Y3	gene_name:ATSIK
Q9FF98	gene_name:ML3
Q9FFJ2	gene_name:ENH1
Q9FGB1	gene_name:CBC2
Q9FK45	gene_name:MRG7.22
Q9FM97	gene_name:MCD7.8
Q9FNF8	gene_name:PI4KG3
Q9FNK9	gene_name:ATDOA12
Q9FVQ4	gene_name:PLGG1
Q9FWR5	gene_name:GAMMACA1
Q9LFQ9	gene_name:E2FD
Q9LHD8	gene_name:At3g28280
Q9LI64	gene_name:GLV3
Q9LML6	gene_name:UGT71C4
Q9LP53	gene_name:IRP5
Q9LUG7	gene_name:PUX12
Q9LV58	gene_name:MBF1C
Q9LY27	gene_name:At5g07330
Q9LZS7	gene_name:At5g03610
Q9M0R0	gene_name:BHLH81
Q9M131	gene_name:At4g01430
Q9M1X2	gene_name:FAP1
Q9S840	gene_name:SPL2
Q9SCN8	gene_name:CDC48D
Q9SGR3	gene_name:At1g76210
Q9SI36	gene_name:At2g04900
Q9SIG8	gene_name:BZIP30
Q9SJ00	gene_name:At2g21990
Q9SJ45	gene_name:OFP15
Q9SL28	gene_name:At2g28270
Q9SLT9	gene_name:ZCF37
Q9SN57	gene_name:UIEF1
Q9SUJ1	gene_name:SYP43
Q9SVC6	gene_name:PUB22
Q9SZY4	gene_name:NPF6.2
Q9XI37	gene_name:PV42A
Q9ZQQ9	gene_name:At2g14460
Q9ZU41	gene_name:At2g01260
Q9ZUY3	gene_name:ADT3
Q9ZW24	gene_name:GSTU7
A0A1I9LME3	gene_name:At3g05775
A0A1I9LQM1	gene_name:At3g44485
A0A1P8AQU8	gene_name:At1g04455
A0A1P8ARQ4	gene_name:At1g62895
A0A1P8AWZ6	gene_name:At1g34010
A0A1P8B735	gene_name:At4g23015
A0A1P8BC62	gene_name:At5g06120
A8MSD3	gene_name:At3g16565
B3H6G6	gene_name:At4g38405
B9TSP7	gene_name:FAR6
F4ICH9	gene_name:At1g25460
F4IFF4	gene_name:At2g14060
F4J0E6	gene_name:At3g28780
F4J934	gene_name:At3g46450
F4JHA2	gene_name:RSH1
F4K498	gene_name:At5g27330
F4KA16	gene_name:At5g28820
F4KIN2	gene_name:At5g33898
O04572	gene_name:At1g27250
O49388	gene_name:At4g32030
O64697	gene_name:CYP710A1
O64864	gene_name:LTPG13
O80436	gene_name:NPF5.5
O80624	gene_name:MAKR4
O82291	gene_name:PAP3
O82568	gene_name:AAPT2
P0CJ42	gene_name:TPS02
P59223	gene_name:RPS13A
P82716	gene_name:LCR1
P92980	gene_name:APR3
Q0WNN7	gene_name:At2g30100
Q147P4	gene_name:At3g50040
Q1G3H9	gene_name:At4g25225
Q1PE81	gene_name:DL3570C
Q1PEY5	gene_name:At2g30650
Q2V2S1	gene_name:At5g52605
Q2V3I3	gene_name:EPFL4
Q2V4G4	gene_name:At1g58037
Q5PNS0	gene_name:At3g20280
Q5PNZ7	gene_name:HIPP46
Q6NPD8	gene_name:RTNLB10
Q6NQI6	gene_name:At4g33840
Q766Z3	gene_name:REV3
Q84W40	gene_name:ATL11
Q84WT8	gene_name:CYS4
Q8GUG7	gene_name:RH50
Q8GYY5	gene_name:ROPGAP3
Q8LAY8	gene_name:At5g10740
Q8LPJ3	gene_name:At5g13980
Q8S8F1	gene_name:At2g36885
Q8S8P8	gene_name:At2g31035
Q8S8T4	gene_name:UXS4
Q8W490	gene_name:PEPKR2
Q93W23	gene_name:At1g63720
Q93ZH1	gene_name:TOR1L4
Q94AP0	gene_name:ALN
Q96283	gene_name:RABA2C
Q9C699	gene_name:RLP7
Q9C6J2	gene_name:At1g50880
Q9C7Q3	gene_name:At1g29480
Q9C8Z4	gene_name:At3g06530
Q9CAU7	gene_name:NEK2
Q9FDZ5	gene_name:URGT6
Q9FF31	gene_name:LRK10L-2.1
Q9FH78	gene_name:At5g45320
Q9FKC8	gene_name:At5g37990
Q9FZI7	gene_name:At1g27490
Q9LE82	gene_name:RANGAP1
Q9LFE2	gene_name:TOZ
Q9LJ72	gene_name:At3g18940
Q9LK21	gene_name:CXE11
Q9LK94	gene_name:MDAR4
Q9LNP3	gene_name:At1g17620
Q9LTJ0	gene_name:At5g59390
Q9LTJ6	gene_name:RUP1
Q9LU76	gene_name:At5g57100
Q9LU91	gene_name:SKIP14
Q9LUJ4	gene_name:At3g22670
Q9LV21	gene_name:CCT4
Q9LV66	gene_name:At5g48480
Q9LX16	gene_name:EIL4
Q9LY44	gene_name:F27K19_190
Q9LY71	gene_name:CKX6
Q9M2X6	gene_name:T16K5.170
Q9M836	gene_name:LSH2
Q9S7A3	gene_name:At4g10100
Q9SCP1	gene_name:MYB27
Q9SHR7	gene_name:LHCB2.1
Q9SJV6	gene_name:At2g01100
Q9SKF0	gene_name:At2g13290
Q9SQN2	gene_name:At1g79710
Q9STX9	gene_name:TIP5-1
Q9SUG4	gene_name:At4g22170
Q9SVV9	gene_name:ML3
Q9SXC4	gene_name:IRX9H
Q9SYL0	gene_name:BT3
Q9SZK1	gene_name:PCMP-E45
Q9XIE4	gene_name:TOR1L5
Q9XIR0	gene_name:At1g64850
Q9ZQ68	gene_name:At2g14390
A0A178ULY3	gene_name:At5g59865
A0A1P8B0P5	gene_name:At2g40815
A0A1P8BC09	gene_name:At5g04380
A0A1P8BD18	gene_name:MFB13.10
A0A1P8BDK2	gene_name:MDJ22.11
B3H5A9	gene_name:CEP6
C0LGD8	gene_name:At1g07550
C0Z2L5	gene_name:BZIP44
F4HTL8	gene_name:At1g67460
F4HWY6	gene_name:XI-E
F4I8W7	gene_name:At1g11470
F4IPE3	gene_name:SGR5
F4IZK5	gene_name:At3g62900
F4J6N4	gene_name:At3g30520
F4J9Z8	gene_name:At3g19070
F4JMQ2	gene_name:At4g22960
F4JT13	gene_name:At4g13400
F4KBU9	gene_name:At5g51105
F4KGN7	gene_name:At5g03580
O04425	gene_name:FCA
O23384	gene_name:CYP702A2
O23673	gene_name:At1g02020
O48771	gene_name:AGO6
O65657	gene_name:HIPP23
O80781	gene_name:At2g34320
O81032	gene_name:GULLO6
O81514	gene_name:At4g03950
P0C7R3	gene_name:At1g64583
P0CH02	gene_name:ATL21B
P38558	gene_name:TUBG2
P42747	gene_name:UBC14
P46646	gene_name:ASP4
Q1PE09	gene_name:At4g39753
Q2V493	gene_name:At2g06166
Q38921	gene_name:GB1
Q39152	gene_name:FAR1
Q42347	gene_name:RPL24A
Q42561	gene_name:FATA
Q6DR61	gene_name:At2g04500
Q6NKR1	gene_name:ATL28
Q6NMD5	gene_name:At2g24395
Q84J46	gene_name:EMB2076
Q84R26	gene_name:At3g13882
Q84W91	gene_name:At2g47850
Q8GUJ2	gene_name:PDLP5
Q8GUN7	gene_name:At1g36280
Q8GYM3	gene_name:AUG4
Q8L615	gene_name:SEI3
Q8L795	gene_name:At3g20260
Q8L7G3	gene_name:CRK7
Q8LAD7	gene_name:IDA
Q8LFG1	gene_name:AMY2
Q8LGK6	gene_name:MBL20.6
Q8LPK2	gene_name:ABCB2
Q8RWP0	gene_name:At3g20790
Q8RYC8	gene_name:ARF19
Q8S8L4	gene_name:At2g37510
Q8VZK9	gene_name:CSLE1
Q8W2D2	gene_name:ULI3
Q93XN8	gene_name:SPP3B
Q940P5	gene_name:TOM2AH3
Q94BZ0	gene_name:At1g50450
Q9ASW3	gene_name:IQD21
Q9C8B8	gene_name:APUM17
Q9C9F0	gene_name:WRKY9
Q9CAF2	gene_name:NUDT26
Q9FGC5	gene_name:JAL41
Q9FGY9	gene_name:PNG1
Q9FHQ9	gene_name:At5g37610
Q9FIX3	gene_name:EMB2745
Q9FKD7	gene_name:At5g37890
Q9FLA2	gene_name:At5g44950
Q9FN93	gene_name:At5g59680
Q9FWS1	gene_name:AUL1
Q9LDQ3	gene_name:CRK34
Q9LJP4	gene_name:CSLC4
Q9LM13	gene_name:gpmA1
Q9LQM3	gene_name:At1g32360
Q9LRX8	gene_name:RPL13AB
Q9LRY5	gene_name:At3g24740
Q9LUV0	gene_name:At3g17225
Q9LVK9	gene_name:ALA7
Q9LW01	gene_name:At3g15780
Q9M1A5	gene_name:T16L24.180
Q9M2J0	gene_name:At3g58260
Q9M9C9	gene_name:At1g68440
Q9MAP3	gene_name:RPL11
Q9S793	gene_name:FRS8
Q9SD42	gene_name:RTH
Q9SIM4	gene_name:RPL14A
Q9SN27	gene_name:ATL59
Q9SPM5	gene_name:APY2
Q9SUU4	gene_name:At4g32480
Q9SV21	gene_name:At4g31480
Q9SVQ0	gene_name:ERF062
Q9SX41	gene_name:At1g50220
Q9SX98	gene_name:AATL1
Q9SXC0	gene_name:At1g59960
Q9SYK1	gene_name:At1g05600
Q9SYL9	gene_name:RPL13
A0A1I9LLS2	gene_name:At3g46270
A0A1P8ARP0	gene_name:TRM22
A0A1P8AYV4	gene_name:At2g42065
A0A1P8B786	gene_name:At4g20707
A8MRY8	gene_name:At1g21835
B3H4C4	gene_name:At1g55160
B3H4N5	gene_name:At1g50325
F4HQU5	gene_name:SNAP30
F4HSW8	gene_name:At1g27430
F4HWT6	gene_name:At1g48180
F4HXM8	gene_name:At1g02813
F4I456	gene_name:TPR2
F4I534	gene_name:MTERF23
F4ITW2	gene_name:At2g38690
F4IV62	gene_name:At2g04235
F4J3S1	gene_name:SGO1
F4J7L7	gene_name:At3g18235
F4JA71	gene_name:At3g32047
F4JJL8	gene_name:SBT3.15
F4JLQ5	gene_name:SPH2
F4JT86	gene_name:At4g19550
F4K5I9	gene_name:HDK
F4KIX1	gene_name:At5g46915
O22161	gene_name:FBX5
O22859	gene_name:At2g43450
O23176	gene_name:C7A10.260
O48763	gene_name:RLP25
O49543	gene_name:NIFS1
O65530	gene_name:PERK14
O65790	gene_name:CYP81F1
O80470	gene_name:At2g23540
O80658	gene_name:AEE4
O80762	gene_name:At1g60410
O80877	gene_name:EFL1
O81784	gene_name:At4g35510
P06525	gene_name:ADH1
P42742	gene_name:PBF1
P56780	gene_name:psbH
P93736	gene_name:TWN2
Q0WSL5	gene_name:MAC12.31
Q1G371	gene_name:At5g56452
Q2V2U0	gene_name:At5g66658
Q2V329	gene_name:At5g37473
Q39086	gene_name:SD17
Q39241	gene_name:TRX5
Q3E6P1	gene_name:At2g11405
Q3E939	gene_name:At5g26080
Q3EBL9	gene_name:VPS37-2
Q52QU2	gene_name:AIL6
Q570Y0	gene_name:At1g44222
Q5BPP4	gene_name:At3g44770
Q8GWP0	gene_name:MYB39
Q8GWY0	gene_name:SCI1
Q8GXC2	gene_name:PHL4
Q8LBA0	gene_name:ATL24
Q8LBK6	gene_name:GRXS15
Q8LFN2	gene_name:At3g03770
Q8RYC5	gene_name:At2g33735
Q8VYZ5	gene_name:PWP2
Q8W034	gene_name:RNP1
Q8W4D7	gene_name:T1B9.16
Q93ZH9	gene_name:HHP1
Q9C704	gene_name:At1g66440
Q9C9A9	gene_name:COL7
Q9CA40	gene_name:NUDT1
Q9FG65	gene_name:CYP81D1
Q9FHD3	gene_name:CRRSP59
Q9FK87	gene_name:MQJ16.6
Q9FNZ1	gene_name:ZFWD2
Q9FY82	gene_name:NAC082
Q9FYR2	gene_name:At5g35090
Q9LDA9	gene_name:At1g23400
Q9LFK0	gene_name:UGT78D3
Q9LG11	gene_name:HAC4
Q9LQM1	gene_name:At1g32375
Q9LRZ0	gene_name:TPR2
Q9LUD6	gene_name:At3g14580
Q9LX90	gene_name:PABN3
Q9LY88	gene_name:At5g14410
Q9LYN8	gene_name:EMS1
Q9LZD1	gene_name:At5g03550
Q9LZX4	gene_name:FLA10
Q9M0C1	gene_name:At4g30390
Q9M146	gene_name:MGP4
Q9M2A8	gene_name:T12K4_10
Q9M909	gene_name:F17A9.5
Q9S9L9	gene_name:At1g16180
Q9SAK5	gene_name:APL
Q9SF44	gene_name:F11F8_17
Q9SYI8	gene_name:At4g01910
Q9T075	gene_name:RMD5
Q9T0I9	gene_name:SCS
Q9XE46	gene_name:At2g07640
Q9XI02	gene_name:At1g21740
Q9XI99	gene_name:USPL1
Q9ZT73	gene_name:At4g03450
Q9ZU52	gene_name:FBA3
Q9ZU82	gene_name:RPH1
Q9ZVL3	gene_name:NFYC3
Q9ZW25	gene_name:At2g29430
A0A1P8AQC7	gene_name:At1g74035
A0A1P8AUN6	gene_name:At1g64253
A0A1P8B9B2	gene_name:At4g16380
A0A1P8BEN9	gene_name:MTH12.10
A0A1P8BG52	gene_name:At5g06811
B3H4V4	gene_name:At1g77525
B3H5M1	gene_name:At5g43695
C0LGH2	gene_name:At1g56130
C0LGI5	gene_name:At1g69990
C0SUU5	gene_name:At1g11490
F4HQ23	gene_name:LRK10L-2.7
F4HVA6	gene_name:TAF6B
F4I0P8	gene_name:VPS35B
F4I2A0	gene_name:At1g76140
F4I2K8	gene_name:At1g09794
F4I6L3	gene_name:At1g50750
F4IE28	gene_name:LOH3
F4IK92	gene_name:TOR1L2
F4JEQ6	gene_name:At3g20555
F4K162	gene_name:At5g19490
F4K1Z0	gene_name:ECT3
F4KEK1	gene_name:At5g45573
F4KID5	gene_name:At5g17750
O64594	gene_name:At1g70420
O64718	gene_name:CYP71B9
O65269	gene_name:FOLD3
O81787	gene_name:PTF2
O82785	gene_name:At2g14850
P17745	gene_name:TUFA
P49107	gene_name:PSAN
P61841	gene_name:rps7-A
Q0WV12	gene_name:ANL2
Q1G3G5	gene_name:At5g55125
Q1PDF2	gene_name:At5g67550
Q39090	gene_name:UFO
Q3E7Q9	gene_name:At5g25310
Q500W7	gene_name:PIGM
Q5XEN2	gene_name:At1g80060
Q84K00	gene_name:NAC078
Q84WW2	gene_name:PGL3
Q8GWJ7	gene_name:CRK19
Q8GWK6	gene_name:NAC104
Q8L557	gene_name:EMB514
Q8LBV4	gene_name:At1g78140
Q8RXT8	gene_name:At3g60910
Q8S9K4	gene_name:MKD1
Q93V66	gene_name:FAX1
Q94F27	gene_name:HPTG1
Q94F57	gene_name:AGP26
Q9AT60	gene_name:OXR2
Q9C749	gene_name:At1g48820
Q9FFS8	gene_name:RPS10B
Q9FG20	gene_name:AGL96
Q9FGY4	gene_name:At5g49610
Q9FHQ5	gene_name:At5g37650
Q9FII9	gene_name:MCA23.26
Q9FIK2	gene_name:At5g47790
Q9FIP4	gene_name:MZA15.24
Q9FJP7	gene_name:MQN23.12
Q9FKG5	gene_name:PUB51
Q9FM94	gene_name:At5g56370
Q9FMG4	gene_name:SC35
Q9FMN1	gene_name:WEL3
Q9FNI1	gene_name:GIR1
Q9FRS6	gene_name:PXL1
Q9FYA0	gene_name:At5g13100
Q9LDT3	gene_name:YAB4
Q9LIN2	gene_name:At3g26430
Q9LIR9	gene_name:At3g23870
Q9LIS0	gene_name:GPR1
Q9LJN1	gene_name:At3g19650
Q9LK79	gene_name:At5g48350
Q9LPC8	gene_name:At1g01930
Q9LPN9	gene_name:F18K10.20
Q9LS40	gene_name:ASPG1
Q9LX65	gene_name:VHA-H
Q9LX89	gene_name:At5g10340
Q9LZU7	gene_name:F16L2_40
Q9M2Y8	gene_name:ACS9
Q9SA91	gene_name:PSI2
Q9SAA4	gene_name:B3GALT1
Q9SAV3	gene_name:BCDH
Q9SD85	gene_name:CYP75B1
Q9SF17	gene_name:F26K24.10
Q9SI77	gene_name:At1g62730
Q9SIX0	gene_name:At2g16290
Q9SKD0	gene_name:BPC1
Q9SKU1	gene_name:At2g20760
Q9SLA6	gene_name:ISE3
Q9SLF1	gene_name:At2g16660
Q9SMT7	gene_name:AAE3
Q9SU67	gene_name:ARAC8
Q9SUS5	gene_name:RHA1B
Q9SXB3	gene_name:At1g11280
Q9T081	gene_name:UGT79B3
Q9T0A7	gene_name:UGE2
Q9XI01	gene_name:PDIL1-1
Q9XIM6	gene_name:At2g15960
Q9ZPR0	gene_name:At2g03690
Q9ZSK1	gene_name:VTE4
A0A178W3E8	gene_name:At2g47410
A0A1I9LPU6	gene_name:At3g06630
A0A1I9LQ21	gene_name:At3g01380
A0A1P8B554	gene_name:TLP1
A0A1P8B762	gene_name:At4g23373
A2RVS1	gene_name:CELLULOSE
A8MR93	gene_name:ALG12
B3H6K2	gene_name:At3g61829
B3H765	gene_name:At2g43490
B3H7B9	gene_name:At3g15111
F4I5D5	gene_name:At1g70260
F4I5Q9	gene_name:At1g04625
F4IDB2	gene_name:PHL
F4IF81	gene_name:At1g79640
F4JGJ2	gene_name:At4g06583
F4K306	gene_name:MFO20.3
F4KC44	gene_name:AOG1
O04588	gene_name:F19K23.16
O04609	gene_name:WRKY22
O22232	gene_name:At3g44810
O48791	gene_name:SCAB1
O64682	gene_name:PID
O64877	gene_name:At2g44430
O65677	gene_name:KCS17
O65784	gene_name:CYP71B5
O80601	gene_name:T27I1.12
O81004	gene_name:EMB2001
P0C7Q7	gene_name:At1g12700
P0C898	gene_name:PCMP-H86
P29388	gene_name:ND5
P46603	gene_name:HAT9
P49966	gene_name:SRP-54B
P57752	gene_name:ACBP6
P92542	gene_name:AtMg01100
P93751	gene_name:ZFP8
Q1EBV7	gene_name:BASS2
Q1PEH6	gene_name:ABCA3
Q1PFV9	gene_name:At1g15610
Q2V310	gene_name:At5g46874
Q2V371	gene_name:At5g16453
Q38796	gene_name:LD
Q501B2	gene_name:BZIP16
Q5PNY6	gene_name:PUB21
Q6ID84	gene_name:At2g46100
Q8H0S9	gene_name:MPA1
Q8H186	gene_name:PBL1
Q8H1Q5	gene_name:ATG18H
Q8L708	gene_name:At5g08200
Q8LAU9	gene_name:GATA1
Q8RWJ7	gene_name:SHH2
Q8RY61	gene_name:At4g26990
Q8VXU6	gene_name:DI19-4
Q8VYG2	gene_name:GALAK
Q8VYZ7	gene_name:At3g28070
Q8VZR0	gene_name:RIBF2
Q8W115	gene_name:PRA1A3
Q8W4R6	gene_name:At3g27770
Q93W03	gene_name:BLP3
Q94AW9	gene_name:At2g25355
Q94AZ2	gene_name:STP13
Q94C98	gene_name:PAT1H2
Q96510	gene_name:PER35
Q9C8U8	gene_name:IAN5
Q9FFG7	gene_name:MLN1.18
Q9FGS5	gene_name:NRT3.1
Q9FI22	gene_name:PDF1.2C
Q9FIH1	gene_name:At5g42460
Q9FLV1	gene_name:At5g24510
Q9FM69	gene_name:AGL47
Q9FZ32	gene_name:At1g55000
Q9LIM9	gene_name:At3g26460
Q9LJV8	gene_name:At3g29075
Q9LTV8	gene_name:PCMP-H43
Q9LUS6	gene_name:At3g16580
Q9LV41	gene_name:At3g24610
Q9LVF7	gene_name:At3g21480
Q9LVJ3	gene_name:RSH2
Q9M1J6	gene_name:SSL9
Q9M1X9	gene_name:ASHH4
Q9M898	gene_name:At3g02420
Q9SA48	gene_name:At1g16500
Q9SAI4	gene_name:NIP6-1
Q9SDS8	gene_name:MYB8
Q9SFB5	gene_name:SCPL27
Q9SFX6	gene_name:CAF1-3
Q9SG10	gene_name:CID10
Q9SIS7	gene_name:At2g01870
Q9SR35	gene_name:F3L24.15
Q9SRY4	gene_name:LPA1
Q9SS47	gene_name:APUM4
Q9SUM1	gene_name:At4g30230
Q9SUN5	gene_name:SMB
Q9SV70	gene_name:At4g12990
Q9SXA7	gene_name:T28P6.13
Q9SZG1	gene_name:GT6
Q9XI72	gene_name:At1g14160
Q9XIK3	gene_name:ISCA
Q9ZPY8	gene_name:AIB
Q9ZQX8	gene_name:NET1C
Q9ZUT0	gene_name:ABCG2
A0A1I9LS97	gene_name:At3g61270
A0A1P8AQV4	gene_name:At1g75785
A0A1P8B2A5	gene_name:At2g40570
A0A1P8B5I4	gene_name:At4g08874
A0A1P8B6C9	gene_name:At4g05097
A0A1P8BD81	gene_name:NEF1
B3H4F9	gene_name:At3g25011
B3H6B2	gene_name:At3g57072
D8WUA4	gene_name:SECA2
F4I1I4	gene_name:SAUR67
F4I7L4	gene_name:At1g17545
F4I806	gene_name:At1g51172
F4IMD5	gene_name:At2g16960
F4ISQ7	gene_name:At2g32000
F4J287	gene_name:At3g57380
F4JXF1	gene_name:GAF1
F4K1E9	gene_name:MXH1.19
F4KFV7	gene_name:At5g39840
O22703	gene_name:RZ1B
O48683	gene_name:At1g24160
O80605	gene_name:SUC3
O80625	gene_name:EXO70H2
O82318	gene_name:SKM1
P0C2G5	gene_name:At1g47800
P0DI17	gene_name:RF9
P25701	gene_name:ACP2
P48785	gene_name:PRH
Q0WSN2	gene_name:DAR2
Q0WTB8	gene_name:SGO2
Q0WTL2	gene_name:At3g13226
Q0WUY5	gene_name:At3g07660
Q1G3S7	gene_name:At2g02103
Q1PE10	gene_name:At4g39590
Q38822	gene_name:IAA3
Q38866	gene_name:EXPA2
Q3E8X7	gene_name:At5g28380
Q3ED93	gene_name:At1g19460
Q5XVK9	gene_name:At1g13810
Q67YL8	gene_name:At4g33740
Q680U9	gene_name:TFB2
Q6DR26	gene_name:At2g17680
Q8GW48	gene_name:HSBP
Q8H132	gene_name:At4g19450
Q8H159	gene_name:UBQ10
Q8H1R4	gene_name:ABCI10
Q8LCK5	gene_name:At1g32740
Q8RXH2	gene_name:NUP85
Q8S905	gene_name:KIN7A
Q8VY86	gene_name:MSRB7
Q8VYJ0	gene_name:MAGL2
Q8VZ52	gene_name:ATG10
Q8W497	gene_name:At2g19870
Q8W4C1	gene_name:GPN3
Q8W4C2	gene_name:UGT72B2
Q8W4P9	gene_name:TT9
Q8W571	gene_name:ATL32
Q93VF4	gene_name:At4g14385
Q94AQ4	gene_name:At4g28085
Q94JR2	gene_name:At5g45310
Q94KD3	gene_name:VPS52
Q9C893	gene_name:At1g55230
Q9CA55	gene_name:At1g74620
Q9FFH8	gene_name:CKL7
Q9FGR2	gene_name:PCMP-E1
Q9FHY7	gene_name:MJC20.6
Q9FIH6	gene_name:SAUR43
Q9FJI2	gene_name:MTHD
Q9FMT1	gene_name:IMDH1
Q9FXJ1	gene_name:At1g28570
Q9LE86	gene_name:S8H
Q9LJ95	gene_name:ECP31
Q9LNQ4	gene_name:ALA4
Q9LQ11	gene_name:LRR-RLK
Q9LSQ2	gene_name:PPR40
Q9LW45	gene_name:BZIP42
Q9LXB9	gene_name:At5g09540
Q9LYS8	gene_name:F17J16_130
Q9M120	gene_name:At4g01650
Q9M1C2	gene_name:CPN10-1
Q9M1U8	gene_name:T14D3.50
Q9M2X8	gene_name:T16K5.150
Q9M330	gene_name:At3g53970
Q9M3B3	gene_name:WSD4
Q9MA96	gene_name:At3g05230
Q9SA36	gene_name:OCT6
Q9SAI5	gene_name:RPL7A
Q9SCM3	gene_name:RPS2D
Q9SFB0	gene_name:DTX43
Q9SG11	gene_name:IQD15
Q9SHS8	gene_name:LSG1-1
Q9SI17	gene_name:PER14
Q9SS31	gene_name:CML36
Q9SSD3	gene_name:At1g80040
Q9SSN1	gene_name:At1g72950
Q9SVC9	gene_name:F22O6_140
Q9SYX1	gene_name:LIL3.1
Q9SZC2	gene_name:MYB69
Q9XI17	gene_name:APUM20
Q9ZVC7	gene_name:LTPG12
Q9ZVJ4	gene_name:CYP22
A0A1I9LQ59	gene_name:At3g26237
A0A1P8APP1	gene_name:At1g61050
A0A1P8BAK2	gene_name:At5g52045
A0A1P8BDQ9	gene_name:At5g53637
A0A1P8BGL4	gene_name:At5g01850
A0A1P8BHB3	gene_name:At5g37410
A8MQS5	gene_name:PROSCOOP9
B3H4Q8	gene_name:At3g15548
B3H590	gene_name:At3g27329
B5X4Z4	gene_name:NAGS2
B9DG41	gene_name:At4g38090
F4HXI4	gene_name:ARFD1B
F4I201	gene_name:At1g63190
F4I2N3	gene_name:At1g09935
F4IPW5	gene_name:EMB2785
F4ITW1	gene_name:At2g38680
F4K5T2	gene_name:DES1
F4KBW6	gene_name:NUP205
F4KFS5	gene_name:GMI1
F4KFY5	gene_name:MUD12.7
O22264	gene_name:MYB12
O23717	gene_name:PBE1
O64479	gene_name:PME10
O82333	gene_name:GH3.1
P0C2G6	gene_name:At4g00320
P43293	gene_name:PBL11
P58049	gene_name:CYP71B11
Q0WVF8	gene_name:MMS19
Q1PEH3	gene_name:At3g48540
Q1PFR7	gene_name:LEC2
Q38900	gene_name:CYP19-1
Q38955	gene_name:orf03
Q3E9F7	gene_name:PUB46
Q3EB08	gene_name:At3g24760
Q42059	gene_name:At1g64390
Q67XC4	gene_name:TBL40
Q6NNL9	gene_name:NOXY2
Q6NQM0	gene_name:At3g01800
Q76E23	gene_name:EIF4G
Q84JV3	gene_name:At4g31020
Q8H0V4	gene_name:DUF7
Q8L7H4	gene_name:HDG4
Q8LBL7	gene_name:At3g25855
Q8LFY8	gene_name:ATL54
Q8RWC0	gene_name:At3g54290
Q8RY56	gene_name:At1g60560
Q940P8	gene_name:CCT2
Q94BY6	gene_name:ATL75
Q94L32	gene_name:NMT2
Q9C6C8	gene_name:GSTF14
Q9C6J9	gene_name:At1g50790
Q9C889	gene_name:PRA1F2
Q9C913	gene_name:At1g74280
Q9C9H0	gene_name:At1g68350
Q9C9H9	gene_name:PCMP-H70
Q9CA11	gene_name:T1G12.1
Q9CAJ2	gene_name:At1g72800
Q9CAT3	gene_name:At1g73180
Q9FE91	gene_name:ZFWD4
Q9FEN9	gene_name:SHL
Q9FF96	gene_name:MRO11.12
Q9FFC7	gene_name:EMB86
Q9FFL1	gene_name:RMV1
Q9FGF8	gene_name:ABR1
Q9FJ47	gene_name:SAG12
Q9FJN9	gene_name:PABN2
Q9FMP8	gene_name:ROPGAP6
Q9FPS4	gene_name:UBP23
Q9FY58	gene_name:At5g11070
Q9LE70	gene_name:At1g14680
Q9LIA2	gene_name:EXO70E1
Q9LJF1	gene_name:SKS13
Q9LJG3	gene_name:ESM1
Q9LMT8	gene_name:HDG12
Q9LPK4	gene_name:F14J8.16
Q9LTL8	gene_name:CYP71B24
Q9LUB3	gene_name:MIF21.10
Q9LUI3	gene_name:TSO1
Q9LV37	gene_name:MPK9
Q9LV88	gene_name:PEP2
Q9LVF1	gene_name:DMP2
Q9LZD7	gene_name:MED7B
Q9M028	gene_name:At5g01460
Q9M9M3	gene_name:At3g05730
Q9MA57	gene_name:At3g05440
Q9SA57	gene_name:At1g03120
Q9SB61	gene_name:ZHD1
Q9SCR2	gene_name:KRP2
Q9SIB5	gene_name:At2g28600
Q9SKQ4	gene_name:PCMP-E48
Q9SKU6	gene_name:At2g20710
Q9SMR7	gene_name:At4g39860
Q9SR43	gene_name:HY2
Q9SVT4	gene_name:SBT3.14
Q9T073	gene_name:At4g37860
Q9XI36	gene_name:MBD10
Q9XI84	gene_name:LSMT-L
Q9ZQJ8	gene_name:At2g07440
Q9ZVJ3	gene_name:MAP65-5
Q9ZW02	gene_name:APUM3
A0A1I9LS40	gene_name:CORD1
A0A1P8AX45	gene_name:MEE18
A0A1P8AXU9	gene_name:At2g37670
A0A1P8B5U7	gene_name:At4g14675
A1A6H3	gene_name:RBSK
A2RVL9	gene_name:At1g13650
A8MRP6	gene_name:At5g34882
B3H546	gene_name:At3g09863
B3H6A6	gene_name:At1g12211
B6EUB3	gene_name:PDS5A
F4HZS8	gene_name:At1g22060
F4IFA4	gene_name:KJC2
F4IMF6	gene_name:At2g17110
F4IVD6	gene_name:At2g20440
F4J270	gene_name:BG3
F4J8G2	gene_name:RLP33
F4JFQ0	gene_name:At3g07920
F4JJR8	gene_name:FEY
F4JK86	gene_name:At4g15765
F4JKY3	gene_name:At4g15955
F4JMB8	gene_name:HIPP44
F4JU71	gene_name:At4g26190
F4JVA4	gene_name:At4g39160
F4JY24	gene_name:CHR17
F4KEF0	gene_name:MUL8.7
O22860	gene_name:RPL38A
O49160	gene_name:TIF3C1
O81291	gene_name:LECRK44
O82234	gene_name:IF3-2
P82718	gene_name:LCR3
P93007	gene_name:ERF112
Q1PFD9	gene_name:TBL31
Q2V3R9	gene_name:At3g27835
Q38814	gene_name:THI1
Q38837	gene_name:AGL13
Q39032	gene_name:PLC1
Q3EC43	gene_name:At2g07779
Q56XQ0	gene_name:At2g18630
Q56YU0	gene_name:ALDH2C4
Q5D892	gene_name:MER3
Q5XV87	gene_name:At4g03965
Q6NKN9	gene_name:BHLH74
Q7FZF1	gene_name:CBL5
Q84JH7	gene_name:SIRB
Q84MA2	gene_name:IP5P1
Q84VX5	gene_name:At4g02100
Q8GXY3	gene_name:At3g18510
Q8GYT1	gene_name:DL3800W
Q8H0S3	gene_name:SEC23B
Q8L8N5	gene_name:ATAIRP4
Q8LDS3	gene_name:RTNLB18
Q8LGE7	gene_name:At5g18800
Q8LGU1	gene_name:ABCC8
Q8S8L5	gene_name:SAUR42
Q8VY97	gene_name:At4g32130
Q94B52	gene_name:IF3-4
Q94K85	gene_name:CATHB3
Q9C6K2	gene_name:At1g50760
Q9C7U1	gene_name:NPF5.12
Q9C871	gene_name:At1g31380
Q9C9P9	gene_name:TLP-3
Q9C9W0	gene_name:ABCI17
Q9CAR9	gene_name:NPF2.14
Q9FHD5	gene_name:CRRSP57
Q9FIX6	gene_name:RPS15E
Q9FJ09	gene_name:IMPA5
Q9FX31	gene_name:HDG11
Q9FZ06	gene_name:KINUA
Q9FZ96	gene_name:PUP1
Q9LDN0	gene_name:KIN12A
Q9LER5	gene_name:At5g14710
Q9LEW8	gene_name:At3g61080
Q9LFL2	gene_name:At5g16890
Q9LJN2	gene_name:MRS2-3
Q9LPV4	gene_name:DTX31
Q9LSH0	gene_name:At3g17780
Q9LUB9	gene_name:At5g48130
Q9LV85	gene_name:CPR5
Q9LYX4	gene_name:At5g03110
Q9LZA5	gene_name:NMAT3
Q9M2W0	gene_name:T15C9_40
Q9M9S6	gene_name:UTR3
Q9MA90	gene_name:PNC1
Q9S740	gene_name:AGP19
Q9SCJ4	gene_name:KIN8B
Q9SHK9	gene_name:MJB20.16
Q9SHS3	gene_name:At2g13430
Q9SJJ7	gene_name:ATL57
Q9SK85	gene_name:At1g22420
Q9SKG2	gene_name:At2g12880
Q9SRL3	gene_name:TBL32
Q9SSS7	gene_name:At1g52730
Q9STH1	gene_name:HOP3
Q9STT3	gene_name:T23J7.130
Q9SYD8	gene_name:DABB1
Q9SYM7	gene_name:At1g78550
Q9T017	gene_name:DIR13
Q9T035	gene_name:At4g39290
Q9ZQF4	gene_name:At2g15590
Q9ZR99	gene_name:MUL8.11
A0A178VPF6	gene_name:At2g04360
A0A1I9LPC5	gene_name:At3g04980
A0A1I9LTP1	gene_name:At3g23270
A0A1P8AUG0	gene_name:At1g23985
A0A1P8B5Y8	gene_name:At4g35485
A0A1P8BGZ5	gene_name:At5g19473
A8MRV5	gene_name:ESFL11
F4I3J0	gene_name:ENGD-2
F4I407	gene_name:At1g76705
F4I906	gene_name:RBGD1
F4IC79	gene_name:At1g12380
F4IHU9	gene_name:DTX15
F4J0K7	gene_name:At3g50290
F4J152	gene_name:At3g03560
F4J479	gene_name:At3g29636
F4JCZ1	gene_name:EXT17
F4JPD5	gene_name:At4g23882
F4JYD1	gene_name:At5g35230
F4JZ59	gene_name:At5g66250
F4K149	gene_name:At5g19420
F4K553	gene_name:MTG10.14
F4K639	gene_name:At5g49430
F4K8I1	gene_name:At5g28450
O23044	gene_name:PER3
O49686	gene_name:PYR1
O64766	gene_name:PCMP-E15
O80570	gene_name:At2g44000
O80809	gene_name:CLV2
O81627	gene_name:F8M12.2
O82326	gene_name:SWIB2
P23686	gene_name:SAM1
P60838	gene_name:SUMM2
Q0WWX5	gene_name:PRD3
Q1ECF1	gene_name:PYL7
Q1G3S6	gene_name:At2g02498
Q1PF50	gene_name:EDA2
Q38899	gene_name:ORC2
Q39183	gene_name:D6PKL2
Q3EC11	gene_name:PAT23
Q42605	gene_name:UGE1
Q5PP28	gene_name:NAC003
Q5XF05	gene_name:TPR5
Q67Y14	gene_name:TMEM18
Q8GUG6	gene_name:SHA1
Q8GXR4	gene_name:At2g20465
Q8H1R9	gene_name:At4g27100
Q8L5A7	gene_name:SOT15
Q8RWF4	gene_name:At3g26670
Q8VWZ8	gene_name:SMO2-2
Q8VYC5	gene_name:At1g18270
Q8VYG0	gene_name:LRK10L-1.3
Q8VYZ0	gene_name:ORTH2
Q93ZI7	gene_name:NOT10
Q93ZN2	gene_name:At1g60710
Q96251	gene_name:At5g13450
Q9C6D0	gene_name:BDR5
Q9C7E8	gene_name:COL15
Q9C8R6	gene_name:MADA3
Q9C8Y2	gene_name:CAR2
Q9CAD0	gene_name:BHLH2
Q9FG91	gene_name:At5g43730
Q9FJ90	gene_name:ERF025
Q9FLG3	gene_name:MUB3.7
Q9FLZ5	gene_name:PTEN1
Q9FM29	gene_name:MNF13.25
Q9FM36	gene_name:MNF13.17
Q9FRV4	gene_name:NAC054
Q9FZH9	gene_name:At1g67020
Q9LD18	gene_name:POT4
Q9LDW3	gene_name:APUM11
Q9LDY5	gene_name:FKBP17-2
Q9LER3	gene_name:At5g14730
Q9LEY3	gene_name:T22D6_180
Q9LK88	gene_name:NQR
Q9LSM9	gene_name:SCPL33
Q9LSN9	gene_name:At3g17080
Q9LU43	gene_name:At3g21170
Q9LXC3	gene_name:At5g09580
Q9LZ87	gene_name:DAU1
Q9M1C7	gene_name:ABCC9
Q9M1X0	gene_name:RRF
Q9M9W3	gene_name:TOPP9
Q9MA88	gene_name:MIRO3
Q9SAK8	gene_name:CHX2
Q9SCT5	gene_name:T18N14.110
Q9SGX9	gene_name:ESFL1
Q9SHY2	gene_name:YSL7
Q9SJM1	gene_name:ACR10
Q9SKY7	gene_name:At2g32130
Q9SL14	gene_name:At2g05530
Q9SSK5	gene_name:MLP43
Q9SUM7	gene_name:At4g20520
Q9SUU1	gene_name:BOR7
Q9SX33	gene_name:ALA9
Q9SYQ0	gene_name:IDM3
Q9T0D6	gene_name:At4g11690
Q9ZNT7	gene_name:PHB2
Q9ZUF1	gene_name:At2g05970
Q9ZVC1	gene_name:At2g41360
Q9ZW12	gene_name:At2g29260
A0A1P8B0L2	gene_name:At2g39580
A0JQ00	gene_name:At5g02740
B3H4J5	gene_name:At3g25719
F2Q9V4	gene_name:SPH6
F4I248	gene_name:OSCA2.4
F4I2Z2	gene_name:At1g22720
F4I340	gene_name:SEI2
F4I7X1	gene_name:SKS6
F4I8S3	gene_name:CLSY3
F4IID3	gene_name:At2g15185
F4IQX1	gene_name:At2g37450
F4IS00	gene_name:At2g38150
F4J394	gene_name:KIN7G
F4JHD7	gene_name:At4g00560
F4JSC0	gene_name:At4g18905
F4JSZ5	gene_name:BIG1
F4JVF4	gene_name:DL3235W
F4JWU9	gene_name:At5g34885
F4JX42	gene_name:MQL5.20
O22048	gene_name:AOX1C
O22792	gene_name:At2g33420
O23177	gene_name:C7A10.270
O23620	gene_name:AHL23
O48646	gene_name:GPX6
O49691	gene_name:ATL29
O80339	gene_name:ERF3
O80895	gene_name:At2g32580
P0C941	gene_name:RTNLB23
P56791	gene_name:rpl2-A
P92973	gene_name:CCA1
Q0V7U7	gene_name:LA2
Q15KI9	gene_name:PHYLLO
Q1G300	gene_name:At1g51770
Q1LYX4	gene_name:ATSEC20
Q2V433	gene_name:At2g34123
Q3E9X6	gene_name:CRK21
Q3ECS3	gene_name:TGG5
Q42541	gene_name:UBC13
Q42580	gene_name:PER21
Q4PT10	gene_name:At1g33670
Q4VNZ9	gene_name:At2g03937
Q56YK7	gene_name:At1g74458
Q570P7	gene_name:At4g18593
Q67ZF6	gene_name:CYB561C
Q6NLH7	gene_name:At5g19300
Q6NM24	gene_name:At1g13540
Q7XJ53	gene_name:At3g06270
Q7XZU3	gene_name:SAC1
Q7Y227	gene_name:NTP7
Q84J75	gene_name:RGTB1
Q84MC1	gene_name:GGCT2;2
Q84R19	gene_name:At1g06010
Q8GWQ2	gene_name:AHL20
Q8GWR1	gene_name:AAAS
Q8L5Z3	gene_name:BTL05
Q8L7R5	gene_name:At3g23200
Q8LEL0	gene_name:MJE7.14
Q8RWQ1	gene_name:At2g44710
Q8RWR9	gene_name:MJC20.18
Q8RXC1	gene_name:At1g78210
Q8VZV7	gene_name:At5g14430
Q8W4L5	gene_name:VAL1
Q8W568	gene_name:At1g73750
Q93V74	gene_name:CYCLASE1
Q93VS6	gene_name:At1g67870
Q93WF1	gene_name:At5g48900
Q93XY4	gene_name:At5g03990
Q949N8	gene_name:At1g73920
Q949U7	gene_name:PRXIIE
Q94B77	gene_name:FH5
Q94CJ3	gene_name:MYB112
Q9C5J7	gene_name:PFK7
Q9CA66	gene_name:RKD2
Q9FFG5	gene_name:MOP10
Q9FIJ5	gene_name:MCA23.20
Q9LEX0	gene_name:PP2A13
Q9LF04	gene_name:S-ACP-DES1
Q9LF17	gene_name:T21H19_30
Q9LI63	gene_name:At3g30370
Q9LJJ7	gene_name:At3g28580
Q9LNT6	gene_name:At1g20100
Q9LQM2	gene_name:ATL81
Q9LRX6	gene_name:At3g24850
Q9LUE4	gene_name:HSD6
Q9LXB4	gene_name:At5g10620
Q9LZF6	gene_name:CDC48E
Q9LZI2	gene_name:UXS2
Q9M084	gene_name:IBI1
Q9M275	gene_name:SAUR33
Q9M2G8	gene_name:IQM6
Q9S7C0	gene_name:HSP70-14
Q9S7D2	gene_name:F17A17.1
Q9SFT8	gene_name:T1B9.27
Q9SGR2	gene_name:At1g76220
Q9SMZ4	gene_name:LKR/SDH
Q9STR3	gene_name:At4g26210
Q9SWG3	gene_name:FAR1
Q9SY96	gene_name:At1g61540
Q9ZPR1	gene_name:CDC48B
Q9ZQC7	gene_name:At2g37100
A0A1P8ATC7	gene_name:At1g21313
A0A1P8BGT8	gene_name:At5g20995
A0A1P8BGX4	gene_name:At5g24620
A7RED0	gene_name:At1g57760
B3H5S3	gene_name:At2g39445
F4I0W7	gene_name:At1g03440
F4J668	gene_name:At3g11165
F4JCX9	gene_name:LNK2
F4JUM8	gene_name:DL3140C
F4K250	gene_name:MUD21.5
F4K315	gene_name:MJB21.4
F4K5B9	gene_name:MOJ9.20
F4KE69	gene_name:MYB9
F4KHI7	gene_name:At5g46560
O04151	gene_name:CRT1
O23078	gene_name:PLDBETA2
O49213	gene_name:GER1
O49377	gene_name:VAMP711
O65509	gene_name:At4g36170
O65695	gene_name:SAUR50
O65709	gene_name:FAO4A
O80513	gene_name:CYCU4-1
O82089	gene_name:CCH
O82653	gene_name:ERG
P35510	gene_name:PAL1
P40229	gene_name:CKB2
P59259	gene_name:At5g59970
P60112	gene_name:ATP9
P60300	gene_name:CLC-G
P82748	gene_name:LCR33
Q01525	gene_name:GRF2
Q0WSW1	gene_name:At4g26580
Q1G3C7	gene_name:At2g13547
Q38832	gene_name:IAA14
Q39232	gene_name:SUC1
Q3EBC2	gene_name:PAT17
Q3EC19	gene_name:At2g12905
Q43316	gene_name:HEMC
Q500X1	gene_name:At4g32175
Q56W45	gene_name:At1g02110
Q5XF81	gene_name:MDH9.17
Q6NL19	gene_name:At1g20890
Q84MB3	gene_name:At1g06620
Q84WG3	gene_name:RBL16
Q8GWA2	gene_name:MOC1
Q8L793	gene_name:CID3
Q8LAZ7	gene_name:CSN5A
Q8LCF5	gene_name:PIPL3
Q8LG64	gene_name:CDKB2-2
Q8RWE8	gene_name:VTC2
Q8RXR6	gene_name:At1g50280
Q8S925	gene_name:ATG8H
Q8VYE1	gene_name:At1g10190
Q8W0Z9	gene_name:CCR4-1
Q940L8	gene_name:At3g58520
Q94C60	gene_name:At5g63670
Q9C7J5	gene_name:EMB1303
Q9CAH6	gene_name:At1g72600
Q9CAJ0	gene_name:HAB1
Q9FFK9	gene_name:MJJ3.4
Q9FLK5	gene_name:MFB13.5
Q9FLP2	gene_name:MCO15.16
Q9FMX6	gene_name:DJC76
Q9FQ09	gene_name:KU80
Q9FR44	gene_name:NMT1
Q9FVC1	gene_name:SVP
Q9FVV7	gene_name:RAD52-1
Q9FY65	gene_name:RPS15C
Q9LDK9	gene_name:BETAA-AD
Q9LE10	gene_name:MJK13.10
Q9LEU1	gene_name:At5g11000
Q9LF55	gene_name:CML32
Q9LJI5	gene_name:VHA-d1
Q9LPW3	gene_name:SCRM2
Q9LRL8	gene_name:CRRSP21
Q9LT63	gene_name:GSR1
Q9LVW6	gene_name:THA8
Q9LXH0	gene_name:NRT2.6
Q9LXR7	gene_name:PAR2
Q9LY96	gene_name:At5g14330
Q9LZN1	gene_name:At5g02000
Q9M1D3	gene_name:CSY5
Q9M1E1	gene_name:NPF2.6
Q9M1E9	gene_name:RFA3
Q9M1H1	gene_name:T14E10_140
Q9M2P2	gene_name:MTPC3
Q9M349	gene_name:LEA37
Q9S764	gene_name:CAR6
Q9SA88	gene_name:At1g30730
Q9SAD7	gene_name:EIF4B2
Q9SD11	gene_name:IQD20
Q9SIG9	gene_name:SAUR12
Q9SJQ9	gene_name:FBA6
Q9SKA6	gene_name:At2g31940
Q9SKZ3	gene_name:RPS12C
Q9SSR6	gene_name:At1g52640
Q9STL2	gene_name:CYP71A21
Q9SUV2	gene_name:At4g32390
Q9ZPY2	gene_name:LAC6
Q9ZS97	gene_name:ABCI8
A0A1I9LTU6	gene_name:At3g55935
A0A1P8AQL5	gene_name:At1g09910
A0A1P8AS44	gene_name:At1g03395
A0A1P8B2D2	gene_name:At2g14265
A0A1P8B2U5	gene_name:SDJ2
A0A1P8BF81	gene_name:At5g36225
A2RVR7	gene_name:At2g47020
A8MRX3	gene_name:At1g47278
F4HWZ4	gene_name:At1g54620
F4HZC9	gene_name:At1g09040
F4I181	gene_name:At1g15860
F4ITI2	gene_name:At2g19890
F4J117	gene_name:LSF1
F4J153	gene_name:At3g03570
F4JI60	gene_name:At4g03175
F4JRD9	gene_name:ATSPEN2
F4JUY5	gene_name:GAMT1
F4K4B8	gene_name:At5g27490
F4K5L5	gene_name:TBL16
F4KFW6	gene_name:MYH19.80
O64510	gene_name:At2g02720
O64836	gene_name:LBD10
O65456	gene_name:At4g22080
O65508	gene_name:NAC076
O80871	gene_name:At2g30020
O81320	gene_name:PME38
O81829	gene_name:GH3.5
P0DI18	gene_name:RDL6
P0DKJ1	gene_name:miPEP164a
P25070	gene_name:CML24
P57758	gene_name:At5g40670
Q0WQ76	gene_name:KIX8
Q1ECI2	gene_name:ERF023
Q1PDU4	gene_name:MDJ22.2
Q2V470	gene_name:At2g21725
Q2V4D6	gene_name:At1g69825
Q3E6Y3	gene_name:At1g28695
Q42565	gene_name:ASB1
Q67YI6	gene_name:ATL65
Q71N54	gene_name:LCAT4
Q84RR0	gene_name:ARI7
Q8GYJ2	gene_name:ARF31
Q8GYP6	gene_name:At1g18900
Q8GYS4	gene_name:AVT1D
Q8LPJ5	gene_name:At5g14590
Q8RWU3	gene_name:RVE8
Q8S8Q7	gene_name:PCMP-H25
Q940Z1	gene_name:At1g19525
Q949Q1	gene_name:GAUT11
Q94EJ2	gene_name:HDA8
Q9C505	gene_name:ELF5A-3
Q9C5J4	gene_name:At3g22104
Q9C668	gene_name:EXT19
Q9CAG1	gene_name:CDKG2
Q9FGL4	gene_name:FL6
Q9FGM0	gene_name:FTSH11
Q9FGN3	gene_name:At5g51380
Q9FJU9	gene_name:At5g56590
Q9FK35	gene_name:ADK2
Q9FKA3	gene_name:OXR5
Q9FKH4	gene_name:MXH1.15
Q9FKH5	gene_name:At5g35737
Q9FKL7	gene_name:MUA2.15
Q9FKQ2	gene_name:At5g65370
Q9FM83	gene_name:END2
Q9FVU4	gene_name:At1g57580
Q9FYC4	gene_name:FAMT
Q9FYF7	gene_name:At1g67360
Q9LCZ9	gene_name:F5K20_340
Q9LFF6	gene_name:At3g53650
Q9LHF2	gene_name:At3g24465
Q9LJ48	gene_name:At1gXXXXX
Q9LME6	gene_name:MBD8
Q9LP92	gene_name:At1g36990
Q9LRV1	gene_name:At3g26550
Q9LTG3	gene_name:At5g52540
Q9LU89	gene_name:B'ETA
Q9LYE2	gene_name:ENGB-2
Q9LYX2	gene_name:At5g03130
Q9M242	gene_name:T18D12_50
Q9S744	gene_name:CML9
Q9SA69	gene_name:At1g03010
Q9SB58	gene_name:PAT08
Q9SCS4	gene_name:LBD28
Q9SD79	gene_name:RIQ1
Q9SGX2	gene_name:At1g10800
Q9SIR9	gene_name:At2g25240
Q9SJH7	gene_name:CSY3
Q9SJZ9	gene_name:At2g22340
Q9SUC3	gene_name:MS5
Q9SUQ2	gene_name:CRF2
Q9SVI9	gene_name:CFM4
Q9SY57	gene_name:PP2A10
Q9SYF5	gene_name:GLIP3
Q9SYK4	gene_name:IP5P13
Q9T0I6	gene_name:PRP8B
Q9ZNS6	gene_name:RCI2B
Q9ZNW0	gene_name:MOCS3
Q9ZPV9	gene_name:SYP112
Q9ZQ34	gene_name:At2g24330
A0A1P8AZA9	gene_name:At2g07623
A0A1P8B5J6	gene_name:At4g19485
A0A1P8B6C7	gene_name:At4g04415
B3H613	gene_name:At3g26147
F4HP91	gene_name:At1g26530
F4HSQ2	gene_name:SBT5.1
F4HU51	gene_name:ACH2
F4HWW7	gene_name:At1g54400
F4I116	gene_name:At1g09620
F4I3I1	gene_name:At1g55980
F4IPY7	gene_name:TRFL8
F4JEW1	gene_name:LAZY6
F4JWV7	gene_name:MSK10.16
F4JYY1	gene_name:MUF9.3
F4KHG8	gene_name:PRP39-2
O22769	gene_name:At4g02580
O23617	gene_name:TPS5
O24412	gene_name:RPN8A
O49339	gene_name:PTI12
O49436	gene_name:EMB1025
O64733	gene_name:UGT87A2
O64832	gene_name:At2g23700
O80803	gene_name:XTH17
O81742	gene_name:BETAC-AD
P0C2C9	gene_name:FBX12
P92532	gene_name:RPS12
P92558	gene_name:ND1
P92985	gene_name:RANBP1C
P93733	gene_name:PLDBETA1
Q1ECS0	gene_name:SMAP2
Q2V4A8	gene_name:At2g03913
Q3E6U0	gene_name:At4g22217
Q3E9V8	gene_name:At4g27415
Q4PSE4	gene_name:CDC20-4
Q4PSF4	gene_name:DTX52
Q500U8	gene_name:TKPR1
Q5W7F2	gene_name:AGD3
Q5XF35	gene_name:TRAPPC12
Q5YGP7	gene_name:PLT2
Q67XD6	gene_name:At2g32500
Q689D6	gene_name:RPD1
Q7XJK9	gene_name:AGL64
Q84LR6	gene_name:PAP14
Q84WV0	gene_name:SHM7
Q8GUI6	gene_name:JMJ14
Q8GUK4	gene_name:SBT3.13
Q8GZ31	gene_name:At5g27920
Q8GZ52	gene_name:ABCG30
Q8L5Y9	gene_name:PANK2
Q8L7Z6	gene_name:At3g54680
Q8L8Z1	gene_name:At4g15630
Q8LBP6	gene_name:FTRA2
Q8LES5	gene_name:At5g20030
Q8RXU5	gene_name:RPL37AC
Q8S8E7	gene_name:GNAT9
Q8VZK2	gene_name:At5g11900
Q93VI9	gene_name:M4I22.200
Q949X9	gene_name:LPR2
Q94A27	gene_name:SAC2
Q94C69	gene_name:CSP3
Q94CL9	gene_name:KRP7
Q96290	gene_name:MSSP1
Q9C760	gene_name:At1g42080
Q9C771	gene_name:F11B9.21
Q9FDZ9	gene_name:RPL21E
Q9FH51	gene_name:FLXL4
Q9FK44	gene_name:NAC087
Q9FK52	gene_name:PPK2
Q9FMK7	gene_name:BT1
Q9FNC1	gene_name:DTX28
Q9LFA5	gene_name:MED28
Q9LHA1	gene_name:CYP81D11
Q9LTL7	gene_name:At3g26240
Q9LVD3	gene_name:At5g57250
Q9LXI2	gene_name:F3C22_230
Q9M050	gene_name:BDR7
Q9M0L8	gene_name:At4g19200
Q9M0S4	gene_name:AGP10
Q9M0U9	gene_name:SKIP19
Q9M1Z9	gene_name:LECRK58
Q9M9T4	gene_name:PKS2
Q9MA62	gene_name:RALFL22
Q9S6Z9	gene_name:F17A17.5
Q9S7F4	gene_name:PCMP-H36
Q9SFF4	gene_name:FPP2
Q9SI53	gene_name:PCMP-H44
Q9SIF2	gene_name:HSP90-5
Q9SIP0	gene_name:RABA5D
Q9SJ23	gene_name:EC1.3
Q9SJN6	gene_name:CML31
Q9SN80	gene_name:F1P2.130
Q9SRU7	gene_name:At3g02320
Q9SV73	gene_name:GILT
Q9SVD5	gene_name:OFP18
Q9SX38	gene_name:At1g50180
Q9SZQ5	gene_name:VIP3
Q9T041	gene_name:TOR1
Q9ZVL6	gene_name:At1g54780
Q9ZWA3	gene_name:F11M21.26
Q9ZWS7	gene_name:ARR7
A0A1P8B2V3	gene_name:At2g07659
A4FVP6	gene_name:NAC016
A8MS74	gene_name:At2g25482
B3H4F7	gene_name:At1g35242
B3H4S0	gene_name:At3g60961
B3H5E6	gene_name:At2g44925
F4HUD6	gene_name:At1g08125
F4HVS0	gene_name:At1g74770
F4HZQ2	gene_name:At1g21864
F4I698	gene_name:At1g23660
F4IAR2	gene_name:KIN14O
F4IGL2	gene_name:KIN7E
F4IK85	gene_name:At2g07020
F4IPR3	gene_name:At2g24600
F4IPV6	gene_name:At2g31010
F4IUW3	gene_name:AVT1C
F4IW51	gene_name:EMB1067
F4IZ09	gene_name:At3g28223
F4J555	gene_name:At3g17370
F4JK83	gene_name:At4g15755
F4JQS2	gene_name:At4g18180
F4K1A8	gene_name:At5g26749
O22683	gene_name:CYN
O80850	gene_name:At2g30830
O80943	gene_name:At2g37750
O81416	gene_name:At4g02290
O82388	gene_name:At2g29670
O82567	gene_name:AAPT1
P0DI08	gene_name:At1g17990
P14713	gene_name:PHYB
P82762	gene_name:LCR47
P93282	gene_name:AtMg00130
Q1G3F1	gene_name:At1g15885
Q38914	gene_name:ANT
Q3ECM4	gene_name:At1g58725
Q43872	gene_name:PER64
Q4PSX1	gene_name:CLE10
Q4PT05	gene_name:MCT1
Q5Q0C3	gene_name:At3g57500
Q5XEV6	gene_name:At4g24090
Q6AWS7	gene_name:At2g16595
Q84TH9	gene_name:NLP7
Q8GX02	gene_name:SPH14
Q8GZ17	gene_name:COBL7
Q8L870	gene_name:GC1
Q8LCR1	gene_name:SDHAF4
Q8LCS8	gene_name:MUB2
Q8LCU7	gene_name:At3g45770
Q8LF90	gene_name:At1g78260
Q8LG77	gene_name:IDH6
Q93WF6	gene_name:SAG21
Q93YU5	gene_name:SEC8
Q94B46	gene_name:At4g14096
Q94ID1	gene_name:IPT7
Q9C5R8	gene_name:At5g06290
Q9C890	gene_name:At1g55200
Q9C948	gene_name:At1g61060
Q9C9U1	gene_name:DTX17
Q9FF23	gene_name:At5g38390
Q9FFS6	gene_name:MBK23.6
Q9FG36	gene_name:WCRKC1
Q9FIR9	gene_name:LSU2
Q9FIS4	gene_name:MTG10.17
Q9FJN7	gene_name:GCL1
Q9FMC1	gene_name:At5g38810
Q9FMD5	gene_name:TIC40
Q9FNK3	gene_name:MCL19.25
Q9FUJ3	gene_name:CKX2
Q9FY67	gene_name:At5g09480
Q9LDD4	gene_name:ARID2
Q9LEV2	gene_name:At5g10880
Q9LFA4	gene_name:IQM3
Q9LHG0	gene_name:NF-YC11
Q9LK34	gene_name:UKL2
Q9LKB6	gene_name:At3g14880
Q9LKB8	gene_name:At5g35405
Q9LPE8	gene_name:ERF014
Q9LSI2	gene_name:SAUR74
Q9LU59	gene_name:MWD22.9
Q9LUC4	gene_name:At3g14710
Q9LV97	gene_name:CLE21
Q9LVB8	gene_name:CXE20
Q9LYZ9	gene_name:At5g02860
Q9LZE4	gene_name:At5g03430
Q9M1W7	gene_name:SKIP30
Q9M8J9	gene_name:BPM2
Q9M9Q9	gene_name:PER5
Q9S7D8	gene_name:APS4
Q9S7I3	gene_name:LTP2
Q9SEU6	gene_name:At3g15360
Q9SFD8	gene_name:NFYB9
Q9SG82	gene_name:T7M13.16
Q9SHE7	gene_name:RUB1
Q9SIU0	gene_name:NAD-ME1
Q9SMU2	gene_name:T2J13.110
Q9SR23	gene_name:PAE4
Q9SRT4	gene_name:F21O3.3
Q9STX5	gene_name:HSP90-7
Q9ZU27	gene_name:At1g51965
Q9ZUM2	gene_name:TOM3
A0A1I9LTC6	gene_name:At3g01475
A0A1P8ART7	gene_name:At1g32575
A0A1P8AW05	gene_name:At1g55945
A0A1P8B1T6	gene_name:At2g11025
A0A1P8B3C9	gene_name:At4g15025
B3H644	gene_name:At5g62998
B3H7H3	gene_name:At1g77765
C0LGT6	gene_name:EFR
F4HW51	gene_name:ATRX
F4HWA5	gene_name:At1g14688
F4I1N8	gene_name:At1g49180
F4I2Q7	gene_name:At1g10100
F4I5H4	gene_name:At1g70550
F4ICS7	gene_name:At1g43730
F4IUB8	gene_name:At2g13125
F4JGB4	gene_name:At4g04200
F4JUI3	gene_name:BPC5
F4K8S5	gene_name:CER16
O04375	gene_name:B'ALPHA
O22975	gene_name:At4g24160
O23225	gene_name:PUB5
O49564	gene_name:CRK27
O64650	gene_name:RPS27A
O64851	gene_name:IQM4
P45432	gene_name:CSN1
P58684	gene_name:At2g39960
P82746	gene_name:LCR31
Q04614	gene_name:ND4L
Q058K9	gene_name:At3g21310
Q0WKV3	gene_name:At1g12300
Q2V2Y6	gene_name:At5g54215
Q38804	gene_name:MT1C
Q38851	gene_name:MYB6
Q3E8P9	gene_name:At5g34887
Q3EAA8	gene_name:At4g05095
Q42139	gene_name:PDE334
Q500Z1	gene_name:MWD22.17
Q56X95	gene_name:At3g28130
Q58FX2	gene_name:At2g43960
Q67XC9	gene_name:TPPD
Q6NMS0	gene_name:GSTU12
Q709F6	gene_name:hus1
Q84RJ7	gene_name:At2g34100
Q8GXZ7	gene_name:At1g52825
Q8GY97	gene_name:At2g43240
Q8H1F0	gene_name:BZIP29
Q8L7Q0	gene_name:At1g68580
Q8L7U5	gene_name:BSL1
Q8L924	gene_name:At2g35760
Q8LGE0	gene_name:GNK
Q8LGN0	gene_name:GLR2.7
Q8RWX4	gene_name:KOC1
Q8RX71	gene_name:BAG4
Q8RXX9	gene_name:ATL6
Q8S889	gene_name:At2g07705
Q8W4K6	gene_name:NIG
Q94A38	gene_name:LARP6A
Q9C5G7	gene_name:PUX13
Q9C634	gene_name:At1g46336
Q9C9J0	gene_name:At1g71680
Q9CAE7	gene_name:At3g10430
Q9FIP8	gene_name:MZA15.19
Q9FJG0	gene_name:SAUR20
Q9FK47	gene_name:MYR1
Q9FKT8	gene_name:COX15
Q9FKW9	gene_name:At5g66150
Q9FL41	gene_name:At5g07050
Q9FME8	gene_name:OPT4
Q9FNY4	gene_name:POLL
Q9FX24	gene_name:PCMP-H68
Q9FYE3	gene_name:ACA3
Q9LET2	gene_name:T8M16_80
Q9LHA6	gene_name:At3g28220
Q9LIM6	gene_name:At3g26490
Q9LJJ1	gene_name:PCMP-E79
Q9LMT0	gene_name:CDKD-3
Q9LPV9	gene_name:LWD1
Q9LQK5	gene_name:NAC011
Q9LT04	gene_name:MQM1.13
Q9LVN0	gene_name:GDPDL7
Q9LVP5	gene_name:At3g29130
Q9LZS4	gene_name:AGC1-8
Q9M0G9	gene_name:ABCB24
Q9M273	gene_name:F21F14.90
Q9M2C7	gene_name:T20K12.270
Q9M881	gene_name:S-ACP-DES2
Q9S7A6	gene_name:F21O3.2
Q9SD67	gene_name:FTSH7
Q9SIJ8	gene_name:RD2
Q9SJ36	gene_name:RPS17B
Q9SKK4	gene_name:GSL-OH
Q9SKX2	gene_name:PME16
Q9SSM2	gene_name:At1g73050
Q9SU13	gene_name:FLA2
Q9SU32	gene_name:AZI7
Q9SU36	gene_name:ORP2B
Q9SUR0	gene_name:At4g23670
Q9SW56	gene_name:SAUR2
Q9ZU75	gene_name:RCE2
Q9ZW38	gene_name:At2g29600
A0A1P8B359	gene_name:At4g07835
A0A1P8B4R6	gene_name:At4g16555
A0A1P8BH47	gene_name:At5g59895
A8MQX3	gene_name:ESF1.2
A9LLI8	gene_name:RRP6L3
B3H4C6	gene_name:At3g10439
B3H572	gene_name:At1g62886
B3H5C8	gene_name:At3g12835
C6EMY9	gene_name:At4g19275
F4HQX1	gene_name:JAL3
F4I4Q9	gene_name:At1g30070
F4IB63	gene_name:SIF3
F4IKF6	gene_name:At2g22730
F4IL57	gene_name:KIN14I
F4ISB4	gene_name:At2g03360
F4IW50	gene_name:At2g45320
F4IXE4	gene_name:TTL2
F4JBC7	gene_name:At3g26040
F4JKZ9	gene_name:DL4070W
F4KGU4	gene_name:At5g10370
F4KIP1	gene_name:At5g40595
O22100	gene_name:ATMRK1
O23035	gene_name:CYSTM1
O48915	gene_name:NDR1
O65271	gene_name:FOLD4
O80701	gene_name:MTERF28
O80940	gene_name:TBL15
O82389	gene_name:At2g29660
O82394	gene_name:At2g29610
P18612	gene_name:KIN1
P48485	gene_name:TOPP5
P92514	gene_name:COX3
P93819	gene_name:MDH1
Q08770	gene_name:RPL10B
Q1ENB6	gene_name:CytHPPK/DHPS
Q43725	gene_name:OASC
Q5BQ22	gene_name:At1g06930
Q5XF50	gene_name:At3g59850
Q7X659	gene_name:VPS35A
Q7XJM8	gene_name:SCL27
Q84JK8	gene_name:MAKR6
Q84W65	gene_name:SUFE1
Q8GXB3	gene_name:AHL5
Q8GYE4	gene_name:At2g38300
Q8H1D3	gene_name:NPY1
Q8LB89	gene_name:At1g56090
Q8LDI5	gene_name:CXXS1
Q8LG10	gene_name:GATA15
Q8RVL2	gene_name:DEK1
Q8RWV5	gene_name:NOT9A
Q8VXX9	gene_name:At4g14600
Q8VZ02	gene_name:BHLH48
Q945L0	gene_name:COX6B-2
Q94JY3	gene_name:MDB19.5
Q9C635	gene_name:HSFB4
Q9C648	gene_name:At1g58430
Q9C8W1	gene_name:T22A15.3
Q9FFB7	gene_name:CHX9
Q9FHA6	gene_name:RALFL34
Q9FI14	gene_name:TAO1
Q9FI85	gene_name:At5g06010
Q9FJ21	gene_name:PME58
Q9FJB9	gene_name:MNC6.19
Q9FL47	gene_name:MOJ9.16
Q9FLE9	gene_name:PRE1
Q9FNE4	gene_name:PDP3
Q9LDN1	gene_name:CRK33
Q9LFD5	gene_name:BPA1
Q9LIQ3	gene_name:At3g24040
Q9LM74	gene_name:At1g20795
Q9LMU7	gene_name:ENODL22
Q9LNN2	gene_name:At1g53070
Q9LPP3	gene_name:F18K10.11
Q9LQN1	gene_name:END1
Q9LRK2	gene_name:CRRSP35
Q9LZ92	gene_name:At5g02330
Q9M2C3	gene_name:At3g43630
Q9M2J1	gene_name:At3g58250
Q9M392	gene_name:RTNLB12
Q9M3G8	gene_name:At4g11430
Q9M9A3	gene_name:MYBS1
Q9S9J8	gene_name:At1g65180
Q9SAA7	gene_name:S40-5
Q9SD60	gene_name:F13I12.180
Q9SFX2	gene_name:PUB43
Q9SGD6	gene_name:ADT6
Q9SH60	gene_name:At1g64100
Q9SI33	gene_name:At2g04930
Q9SJH9	gene_name:At2g42770
Q9SMP3	gene_name:T8P19.60
Q9SNB4	gene_name:LUX
Q9STS6	gene_name:LBD27
Q9SUS9	gene_name:RDL5
Q9SXE9	gene_name:CCaP1
Q9SYG5	gene_name:EXO70D2
Q9SZ80	gene_name:F16J13.220
Q9XIB5	gene_name:REM19
Q9XIN0	gene_name:LHW
Q9ZUG9	gene_name:LRL1
Q9ZUI9	gene_name:AGL49
A0A1I9LLD2	gene_name:At3g19920
A0A1I9LN82	gene_name:At3g46920
A0A1I9LNX5	gene_name:At3g53680
A0A1I9LR33	gene_name:At3g54750
A0A1P8APU3	gene_name:At1g72545
A0A1P8AUU6	gene_name:At1g51300
A0A1P8AVE0	gene_name:At1g75860
A0A1P8AZD4	gene_name:At2g07629
A0A1P8B1Y9	gene_name:At2g06425
A0A1P8B4A5	gene_name:At4g24100
A0A1P8BA56	gene_name:MRO11.20
A0A1P8BEV7	gene_name:PIPL5
A8MS22	gene_name:At5g14995
B3H5F3	gene_name:At3g54363
B3H7I6	gene_name:At5g47229
F4HSB4	gene_name:At1g01450
F4HZR4	gene_name:At1g21940
F4IJV4	gene_name:MEE29
F4IQJ2	gene_name:ELP5
F4J921	gene_name:At3g31402
F4J956	gene_name:At3g46616
F4J9K3	gene_name:AGL45
F4JIB6	gene_name:At4g08630
F4JJE0	gene_name:CCT2
F4JNL2	gene_name:At4g23515
F4K2R6	gene_name:CBP60G
F4K2T0	gene_name:At5g27010
F4KA24	gene_name:At5g28885
O04289	gene_name:SULTR3;2
O22261	gene_name:NDT1
O23164	gene_name:At4g37220
O48652	gene_name:UVR3
O49460	gene_name:PHB1
O64837	gene_name:RTNLB13
O65567	gene_name:At4g30825
P24806	gene_name:XTH24
P46639	gene_name:KNAT1
P58728	gene_name:At4g14342
Q058N4	gene_name:MRS2-11
Q1G3J2	gene_name:At4g09465
Q1PE31	gene_name:At4g30830
Q3EDF9	gene_name:At1g09665
Q42064	gene_name:RPL8C
Q5M750	gene_name:VQ4
Q6R8G8	gene_name:PHO1-H2
Q8LCB5	gene_name:At5g57123
Q8LEE9	gene_name:FLA12
Q8LFJ2	gene_name:At3g06840
Q8RWN0	gene_name:ULP1C
Q8VXX4	gene_name:RFC3
Q8VYU4	gene_name:CCR4-6
Q93YP4	gene_name:EPSIN3
Q93YV2	gene_name:At1g55960
Q93ZC9	gene_name:GLCAK1
Q94AQ3	gene_name:At1g48750
Q94AQ8	gene_name:PNSB2
Q94CK0	gene_name:WSD7
Q94JQ3	gene_name:SHM3
Q94K34	gene_name:At3g06570
Q94KK5	gene_name:SYP73
Q9FH59	gene_name:NAC105
Q9FH75	gene_name:GLR1.3
Q9FIY8	gene_name:At5g43520
Q9FJ32	gene_name:RGTA2
Q9FKF2	gene_name:ABCA11
Q9FKQ1	gene_name:DTX27
Q9FLK2	gene_name:At5g61310
Q9FM41	gene_name:DEGP13
Q9FMY4	gene_name:At5g23160
Q9LF97	gene_name:CBSCBSPB3
Q9LHA9	gene_name:FYD
Q9LHH1	gene_name:T2E22.37
Q9LJI9	gene_name:PCMP-E80
Q9LK16	gene_name:AMT1-5
Q9LMT7	gene_name:MAIN
Q9LNB3	gene_name:At1g12320
Q9LQ31	gene_name:JAL4
Q9LSA1	gene_name:At3g18760
Q9LTW0	gene_name:ALIS1
Q9LW24	gene_name:SPH23
Q9LXV4	gene_name:At5g12850
Q9M1H2	gene_name:T14E10_120
Q9M2E7	gene_name:T20K12.70
Q9M3D6	gene_name:ABCG19
Q9MA44	gene_name:SPPL5
Q9SE50	gene_name:BGLU18
Q9SF54	gene_name:F11F8_6
Q9SFD5	gene_name:ADA2A
Q9SIG0	gene_name:At2g11570
Q9SIQ2	gene_name:At2g31550
Q9SJ52	gene_name:NHL10
Q9SJ79	gene_name:At2g04800
Q9SR67	gene_name:T22K18.16
Q9SRN0	gene_name:NHL1
Q9SSB8	gene_name:COX5B-2
Q9STZ8	gene_name:ENODL19
Q9SYI9	gene_name:At4g01920
Q9ZQE0	gene_name:GAL1
Q9ZQH1	gene_name:CML48
Q9ZUC8	gene_name:F5O8.22
A0A178WF56	gene_name:CYSTM3
A0A1I9LP53	gene_name:At3g01130
A0A1P8ATC0	gene_name:At1g36623
A1L4X0	gene_name:CLT2
A8MRP7	gene_name:At1g34930
A8MS30	gene_name:At3g45275
A8MS80	gene_name:At3g42565
B3H4A1	gene_name:At5g27395
B3H5F2	gene_name:At5g43211
B9DGY1	gene_name:ABC1K7
C0LGV0	gene_name:At5g48740
F4HPD5	gene_name:At1g26815
F4HPY3	gene_name:At1g60720
F4HT43	gene_name:At1g34095
F4I554	gene_name:At1g56530
F4ICW3	gene_name:At1g52325
F4JCR1	gene_name:At3g47890
F4K231	gene_name:CYP89A3
O04027	gene_name:NFYB4
O04660	gene_name:GLR2.1
O22190	gene_name:GH3.3
O23569	gene_name:dl4665w
O48720	gene_name:AR781
O49353	gene_name:BG5
O65423	gene_name:F18E5.200
O65483	gene_name:CRK24
O65521	gene_name:C7A10.990
O81800	gene_name:At4g35690
O82491	gene_name:SPT16
P0C894	gene_name:At2g02150
P42733	gene_name:RPS11C
P55230	gene_name:APL2
P82772	gene_name:LCR58
P92548	gene_name:AtMg01180
P92966	gene_name:RS41
Q0WPD9	gene_name:At3g11620
Q1G3Z0	gene_name:At1g53635
Q2V441	gene_name:At2g31425
Q2V4H7	gene_name:At1g49715
Q3E7L2	gene_name:At1g02210
Q43128	gene_name:AHA10
Q5HZ48	gene_name:At5g49800
Q5PNS9	gene_name:PP2C64
Q5S1W2	gene_name:BON2
Q66GI9	gene_name:ANTR4
Q67XT3	gene_name:SPC24
Q7XZU1	gene_name:SAC4
Q84JV8	gene_name:At3g03880
Q8GRX8	gene_name:At3g54085
Q8GW37	gene_name:MOP9.4
Q8GWK2	gene_name:At2g41710
Q8GX22	gene_name:At1g49032
Q8GZ38	gene_name:UNE10
Q8H2D0	gene_name:REM7
Q8L3Z8	gene_name:FZR2
Q8L6Z7	gene_name:EXO1
Q8L9N1	gene_name:At3g02120
Q8VYB5	gene_name:AMSH1
Q8VYL3	gene_name:APA2
Q8W1S1	gene_name:DGD2
Q93WL3	gene_name:CLPT1
Q96285	gene_name:LECRK55
Q9C523	gene_name:DIR19
Q9C7N9	gene_name:At1g29620
Q9FFJ4	gene_name:BDR6
Q9FG46	gene_name:AGAMOUS-like
Q9FGE6	gene_name:CID13
Q9FGT2	gene_name:At5g58120
Q9FK85	gene_name:MQJ16.8
Q9FL78	gene_name:EXPA26
Q9FLA7	gene_name:At5g44910
Q9FNJ9	gene_name:At5g22620
Q9FZC5	gene_name:FOX2
Q9LF52	gene_name:At5g17500
Q9LK53	gene_name:At3g13190
Q9LM33	gene_name:MPK8
Q9LQ15	gene_name:At1g62914
Q9LS28	gene_name:GTE12
Q9LS43	gene_name:PCR7
Q9LUD2	gene_name:CYP72A8
Q9LXW8	gene_name:T15B3_50
Q9LXZ8	gene_name:At3g56420
Q9M9P1	gene_name:At3g03230
Q9S7L9	gene_name:COX6B-1
Q9SAI8	gene_name:At1g80700
Q9SCZ9	gene_name:F26O13.140
Q9SH89	gene_name:OFUT19
Q9SHZ5	gene_name:UBA1B
Q9SIK3	gene_name:At2g21560
Q9SIP6	gene_name:CRRSP10
Q9SJP9	gene_name:PROT3
Q9SMR9	gene_name:At4g39840
Q9SRL4	gene_name:ENGASE2
Q9STE8	gene_name:TOC75-3
Q9STH0	gene_name:SAUR35
Q9STH2	gene_name:PME1
Q9XF92	gene_name:BRH1
Q9ZQF5	gene_name:At2g15580
Q9ZV24	gene_name:OEP161
Q9ZVB6	gene_name:At2g41250
A0A1P8AUT7	gene_name:At1g40090
A0A1P8B2K0	gene_name:At2g25420
A0A1P8B8A2	gene_name:DL3225C
A8MS61	gene_name:At5g36550
F4HR02	gene_name:At1g19990
F4HVZ8	gene_name:At1g02350
F4I389	gene_name:At1g36675
F4ICJ5	gene_name:LLR1
F4J2R9	gene_name:At3g16680
F4JEI8	gene_name:NAP1;4
F4JGS0	gene_name:At4g04180
F4JHZ4	gene_name:At4g01210
F4JIF5	gene_name:TCX2
F4JUU5	gene_name:S2P
F4JYI4	gene_name:MUF8.2
F4JZJ2	gene_name:NSH4
F4K8A7	gene_name:At5g15000
F4KBH6	gene_name:At5g29560
F4KF65	gene_name:IMPA9
F4KFB0	gene_name:At5g03406
O48709	gene_name:PIP5K3
O49285	gene_name:ACR3
O49466	gene_name:At4g19480
O64747	gene_name:WRKY35
O82373	gene_name:At2g29830
O82629	gene_name:VHA-G2
P0CJ51	gene_name:CRRSP44
P29384	gene_name:SEP2
P30187	gene_name:CML10
P46010	gene_name:NIT3
P47924	gene_name:RIBA1
P52422	gene_name:PUR3
P82637	gene_name:SCRL18
Q0WR66	gene_name:ASY3
Q0WRV2	gene_name:MTERF16
Q1G3K5	gene_name:At4g33145
Q3E8K0	gene_name:At5g40155
Q3E8M9	gene_name:At5g36722
Q3E937	gene_name:At5g26190
Q3EC23	gene_name:At2g12405
Q43307	gene_name:ATS1
Q4F7G0	gene_name:SUGTL3
Q4VP07	gene_name:LURE1.6
Q5XVJ3	gene_name:At1g48530
Q67ZR8	gene_name:At4g13530
Q6ICZ8	gene_name:At5g13850
Q6K1M3	gene_name:MAPKKK21
Q6X5Y6	gene_name:WRI1
Q84J95	gene_name:GASA5
Q8H157	gene_name:NPF4.6
Q8L4X4	gene_name:At5g41800
Q8LD64	gene_name:At5g25570
Q8LG79	gene_name:At5g18970
Q8RXK1	gene_name:DTX23
Q8S8N6	gene_name:PLA2-ALPHA
Q8VZ71	gene_name:At2g31560
Q8VZ96	gene_name:DER2.1
Q949S6	gene_name:At1g14345
Q94K05	gene_name:CCT8
Q94KD0	gene_name:TAF15B
Q9C5D7	gene_name:At4g26220
Q9C7J9	gene_name:PP2B13
Q9C824	gene_name:At1g52320
Q9FG16	gene_name:PCMP-H88
Q9FHM7	gene_name:HIR4
Q9FI44	gene_name:SDHAF2
Q9FJD2	gene_name:OPT9
Q9FJH6	gene_name:ABCF1
Q9FKF3	gene_name:PME63
Q9FLU4	gene_name:At5g24600
Q9FX01	gene_name:3BETAHSD/D1
Q9FYD3	gene_name:At3g43570
Q9FZ81	gene_name:RBL12
Q9LJA6	gene_name:UGT79B4
Q9LJX2	gene_name:At3g12880
Q9LJY1	gene_name:At3g20170
Q9LMR2	gene_name:TRFL5
Q9LNI1	gene_name:UGT72B3
Q9LSE2	gene_name:SCRM
Q9LT17	gene_name:BBR
Q9LT84	gene_name:At3g19330
Q9LUS8	gene_name:At3g16560
Q9LV20	gene_name:At3g18200
Q9LVC1	gene_name:MKN22.4
Q9LVT0	gene_name:MQL5.15
Q9M1U1	gene_name:UBL5A
Q9M2M2	gene_name:F28O9.100
Q9M2S0	gene_name:At3g55590
Q9M385	gene_name:RPL17
Q9M8Z8	gene_name:At3g07010
Q9M9K1	gene_name:PGM2
Q9S728	gene_name:PDF1
Q9SJT6	gene_name:RFA4
Q9SPL2	gene_name:CIP8
Q9SW43	gene_name:T11I11.160
Q9SY69	gene_name:GRP23
Q9T0F1	gene_name:At4g09920
Q9T0H7	gene_name:At4g13570
Q9T0K1	gene_name:TPS13
Q9ZUV3	gene_name:IRX7
B3H6K1	gene_name:At4g17910
B9DFV2	gene_name:At5g47430
F4HUE8	gene_name:At1g14048
F4HUG8	gene_name:At1g14205
F4I2N7	gene_name:RLK7
F4IB75	gene_name:ISTL12
F4IDH0	gene_name:YUP8H12R.39
F4IIT6	gene_name:AGL46
F4IN73	gene_name:At2g48121
F4J108	gene_name:At3g63450
F4J349	gene_name:At3g44570
F4JGJ0	gene_name:At4g06639
F4JI00	gene_name:At4g01245
F4JSJ6	gene_name:At4g25290
O05000	gene_name:ND2
O22826	gene_name:At2g43770
O48847	gene_name:LUH
O49427	gene_name:At4g20000
O64481	gene_name:SBT2.5
O64852	gene_name:IQD6
O65238	gene_name:At5g35370
O65449	gene_name:SKS4
O80594	gene_name:At1g10030
O82289	gene_name:SRO1
O82399	gene_name:PMDH1
O82484	gene_name:At4g10780
P93043	gene_name:VPS41
P93831	gene_name:CLF
Q0WW21	gene_name:UGT75C1
Q1G3R6	gene_name:ESFL4
Q1JPP8	gene_name:SMR4
Q38953	gene_name:At3g26560
Q39186	gene_name:PR-1-LIKE
Q3ECL3	gene_name:At1g61097
Q3EDI6	gene_name:CLE20
Q42525	gene_name:HXK1
Q4FE47	gene_name:XBAT35
Q67XJ2	gene_name:NFYB10
Q6NQK8	gene_name:RNC3
Q6RF45	gene_name:At2g04170
Q8GS71	gene_name:KIN4A
Q8GW61	gene_name:STP14
Q8GX93	gene_name:CLC-E
Q8GYI7	gene_name:At5g19630
Q8L627	gene_name:SRD2
Q8L837	gene_name:At4g18340
Q8L8T4	gene_name:At1g30515
Q8RU85	gene_name:At2g31945
Q8RWI0	gene_name:FLAP1
Q8VXY7	gene_name:ENT1
Q8W4E1	gene_name:RH47
Q93V56	gene_name:PPA1
Q940A5	gene_name:At1g55475
Q940H2	gene_name:GNAT3
Q940M4	gene_name:OCT7
Q94EG9	gene_name:ZIP11
Q9C6L8	gene_name:ALMT4
Q9C7T4	gene_name:BHLH96
Q9C9W4	gene_name:TSM1
Q9FEB4	gene_name:PSK5
Q9FF70	gene_name:MUG13.10
Q9FFJ1	gene_name:MKP11.3
Q9FFX2	gene_name:At5g38490
Q9FH05	gene_name:SCPL42
Q9FI99	gene_name:UGT76C1
Q9FK73	gene_name:MRA19.9
Q9FKL6	gene_name:CBP60B
Q9FM67	gene_name:TIC20-V
Q9FMF4	gene_name:SAC51
Q9LER7	gene_name:PSRP5
Q9LFB1	gene_name:AT5G01250.1
Q9LIK3	gene_name:At3g22940
Q9LJK3	gene_name:LOH2
Q9LK91	gene_name:PDP6
Q9LP11	gene_name:At1g43910
Q9LPU7	gene_name:IGMT2
Q9LPZ3	gene_name:At1g11410
Q9LV94	gene_name:MXK3.5
Q9LYU4	gene_name:GH3.12
Q9M017	gene_name:OSH1
Q9M077	gene_name:AUR1
Q9M0D2	gene_name:XTH18
Q9M1Q5	gene_name:T17J13.150
Q9M2E0	gene_name:RH12
Q9M2H7	gene_name:PEL2
Q9M565	gene_name:TAF11
Q9MA98	gene_name:ERCC1
Q9SHH6	gene_name:GSTU24
Q9SIX1	gene_name:KCS9
Q9SL45	gene_name:SAUR10
Q9SPH0	gene_name:MYB22
Q9SQY9	gene_name:F13M14.12
Q9SR07	gene_name:WRKY39
Q9SRR2	gene_name:FH10
Q9SU81	gene_name:At4g29700
Q9SV98	gene_name:At4g39600
Q9SZN1	gene_name:VHA-B2
Q9SZZ8	gene_name:BETA-OHASE
Q9ZPZ0	gene_name:At2g46490
Q9ZQR8	gene_name:LURP1
A0A1I9LSE8	gene_name:At3g09080
A0A1P8AQ95	gene_name:STMP4
A0A1P8AU78	gene_name:At1g34807
A0A1P8B5Z1	gene_name:At4g31073
A8MRQ7	gene_name:At3g27425
B3H5S0	gene_name:At5g27944
B3H603	gene_name:At2g41082
B3H6J7	gene_name:ATL90
F4HQZ1	gene_name:At1g19880
F4I5G9	gene_name:At1g70505
F4IB68	gene_name:SIF1
F4IDC2	gene_name:SWA2
F4IE40	gene_name:At1g26170
F4IM73	gene_name:At2g01070
F4J327	gene_name:At3g29560
F4J3T8	gene_name:MTM1
F4J9G8	gene_name:At3g59830
F4K295	gene_name:ROPGEF5
F4KH31	gene_name:MOP9.16
O04834	gene_name:SAR1A
O22237	gene_name:T32N15.7
O22244	gene_name:PMEI6
O22912	gene_name:At2g47380
O23203	gene_name:C7A10.570
O64638	gene_name:CYP76C3
O64989	gene_name:CYP90B1
O80480	gene_name:IMPA4
O81915	gene_name:T7I23.21
P0DI16	gene_name:RDL5
P26289	gene_name:ndhE
P46644	gene_name:ASP3
P56776	gene_name:petL
Q058N0	gene_name:IQM5
Q06327	gene_name:LOX1
Q0WVE8	gene_name:RRP6L1
Q2V421	gene_name:At2g36724
Q38850	gene_name:MYB5
Q3E6U3	gene_name:At4g13261
Q3E9C8	gene_name:At5g19100
Q3ECD6	gene_name:CLE1
Q3EDA9	gene_name:At1g16830
Q3MKM6	gene_name:EMB2271
Q42182	gene_name:At2g29300
Q494N5	gene_name:At4g35785
Q5S502	gene_name:CEP16
Q5UBY2	gene_name:FRS1
Q6DSS2	gene_name:At2g31862
Q6ID72	gene_name:At4g32110
Q6NLZ1	gene_name:At3g07195
Q84K82	gene_name:At5g20400
Q84L31	gene_name:RAD23C
Q84MA8	gene_name:AZG2
Q84WV1	gene_name:CCT3
Q8H0V5	gene_name:OCP3
Q8H965	gene_name:NPC6
Q8L540	gene_name:LTO1
Q8S948	gene_name:SPS1
Q8VYF5	gene_name:CPA
Q93VR4	gene_name:MLP423
Q949Q2	gene_name:DIP2
Q94AB4	gene_name:At3g13340
Q94BP0	gene_name:SLK2
Q9C7Z7	gene_name:T2J15.1
Q9C8Q4	gene_name:At1g41820
Q9C9Z0	gene_name:At3g08660
Q9CAU9	gene_name:At3g04830
Q9FE38	gene_name:POT3
Q9FFG8	gene_name:PCMP-H17
Q9FI32	gene_name:MCTP2
Q9FI47	gene_name:At5g51010
Q9FJP6	gene_name:PUB38
Q9FKF4	gene_name:OR
Q9FKG2	gene_name:ERF107
Q9FNE5	gene_name:MPO12.30
Q9FNG1	gene_name:MOP9.2
Q9FRL3	gene_name:At1g75220
Q9FVV6	gene_name:P2
Q9FZD2	gene_name:SNS1
Q9LK22	gene_name:PUX1
Q9LNT3	gene_name:At1g20070
Q9LRR4	gene_name:RPPL1
Q9LTI0	gene_name:At5g59500
Q9LXM0	gene_name:T10D17_70
Q9LXW1	gene_name:T15B3_130
Q9LZH2	gene_name:RFA1
Q9M0B9	gene_name:IBL1
Q9M0I7	gene_name:At4g28200
Q9M1L1	gene_name:F18P9_100
Q9M2D2	gene_name:VCCN1
Q9M9H2	gene_name:At1g71740
Q9SI07	gene_name:AT2G04280.1
Q9SIY8	gene_name:LAC5
Q9SKL6	gene_name:At2g15220
Q9SR37	gene_name:BGLU23
Q9STG7	gene_name:MTERF33
Q9SV97	gene_name:At4g39610
Q9SY41	gene_name:At4g03630
Q9T053	gene_name:PLDGAMMA1
Q9ZNU3	gene_name:At2g46630
Q9ZR08	gene_name:At4g03230
A0A1I9LT05	gene_name:At3g44695
A0A1I9LT92	gene_name:At3g22085
A0A1P8ANB8	gene_name:At1g20683
A0A1P8ANH9	gene_name:At1g29740
A0A1P8B498	gene_name:At4g18203
A0A1P8B664	gene_name:At4g00889
A8MQM2	gene_name:RALFL6
F4HNZ9	gene_name:At1g12930
F4HUG9	gene_name:At1g14210
F4I9F1	gene_name:At1g31540
F4IE21	gene_name:FLZ12
F4IM84	gene_name:At2g01130
F4IMA2	gene_name:ABCI4
F4IMC6	gene_name:At2g07714
F4IST2	gene_name:EXPRS
F4IW19	gene_name:BRF1
F4J5A7	gene_name:At3g23900
F4JCD3	gene_name:DUF179
F4JH58	gene_name:At4g01935
F4JKP9	gene_name:At4g34420
F4JYA0	gene_name:At5g25950
F4K200	gene_name:PHD6
F4K5S0	gene_name:At5g27970
O22059	gene_name:CPC
O24527	gene_name:SIK1
O49570	gene_name:SWAP1
O49743	gene_name:GATA4
O64767	gene_name:At2g35040
O64791	gene_name:SYP124
O64871	gene_name:At2g44370
O65251	gene_name:FEN1
O82227	gene_name:ENODL11
P0CJ58	gene_name:CRRSP51
P0DKC6	gene_name:HSD1
Q02283	gene_name:HAT5
Q2V321	gene_name:At5g42232
Q3EBC8	gene_name:At3g03300
Q3ECY3	gene_name:At1g43320
Q4V3B0	gene_name:TPXL2
Q5BIV4	gene_name:IMP1B
Q5E930	gene_name:SLAH1
Q5XVH6	gene_name:At1g63055
Q67YA7	gene_name:MQD19.5
Q6E287	gene_name:At1g67150
Q6EWX1	gene_name:ORC4
Q6NM52	gene_name:DL3925W
Q84V22	gene_name:PSD1
Q8GXA1	gene_name:PME23
Q8L831	gene_name:NUDT3
Q8LF43	gene_name:At2g22122
Q8LPQ8	gene_name:MSSP2
Q8VY92	gene_name:At1g69460
Q8VZ10	gene_name:SOQ1
Q94AJ9	gene_name:SDP
Q94CE6	gene_name:At3g06660
Q9C5Q8	gene_name:HEN1
Q9C6M1	gene_name:At1g25520
Q9C6T7	gene_name:FAX5
Q9C6X2	gene_name:SCAMP4
Q9C7G4	gene_name:TCP22
Q9C7T1	gene_name:At1g72240
Q9C8J2	gene_name:NIFU5
Q9C9D4	gene_name:AGL60
Q9CA25	gene_name:LAX3
Q9CAG5	gene_name:PUB7
Q9CAR7	gene_name:HIR2
Q9FE68	gene_name:UGT71C5
Q9FF46	gene_name:ABCG28
Q9FIR0	gene_name:ATL30
Q9FLI2	gene_name:MIO24.10
Q9FM43	gene_name:MNF13.60
Q9FM55	gene_name:At5g62970
Q9FMQ1	gene_name:At5g12100
Q9LP65	gene_name:CAR5
Q9LQN6	gene_name:PLL5
Q9LSJ5	gene_name:ABCB18
Q9LW57	gene_name:PAP6
Q9M0L0	gene_name:DREB1A
Q9M1F4	gene_name:F9K21.110
Q9MAU6	gene_name:PDIL2-2
Q9S7L5	gene_name:ERF018
Q9SA95	gene_name:At1g11800
Q9SB81	gene_name:PER42
Q9SCV9	gene_name:BGAL3
Q9SD62	gene_name:At3g47110
Q9SF92	gene_name:RABC2B
Q9SGS2	gene_name:HMGB9
Q9SHJ7	gene_name:At1g06540
Q9SL56	gene_name:At2g13100
Q9SR93	gene_name:At3g08930
Q9SRZ4	gene_name:PRXIIC
Q9ST43	gene_name:PH1
Q9STL9	gene_name:MRF4
Q9SUC9	gene_name:At4g28100
Q9SUT2	gene_name:PER39
Q9SUY0	gene_name:At4g22390
Q9SVN5	gene_name:At4g13780
Q9SXB5	gene_name:At1g11303
Q9ZNS0	gene_name:PLT3
Q9ZNS2	gene_name:GH3.10
A0A178UWM9	gene_name:At4g36925
A0A1I9LSH4	gene_name:At3g02500
A0A1P8ATM2	gene_name:At1g14453
A0A1P8AW86	gene_name:At1g68862
A0A1P8B3J8	gene_name:At4g05430
A0JPW5	gene_name:HIPP19
A0JQ68	gene_name:At1g70990
A8MS25	gene_name:At1g34840
B3H4N6	gene_name:At4g40011
B3H6H4	gene_name:At3g14452
B3H708	gene_name:At1g53366
B3LFA3	gene_name:At4g13800
B9DHG0	gene_name:PYG7
C0Z252	gene_name:At3g56720
F4HPM6	gene_name:At1g45100
F4HSR2	gene_name:At1g20240
F4HZ96	gene_name:At1g02965
F4I460	gene_name:XI-B
F4IC43	gene_name:At1g12100
F4ISH3	gene_name:At2g19360
F4ISN5	gene_name:PPK4
F4JIG2	gene_name:DL3445W
F4JPR7	gene_name:PUX8
F4K7X7	gene_name:At5g01070
O23086	gene_name:ALMT10
O24616	gene_name:PAD2
O49421	gene_name:At4g19940
O64556	gene_name:At2g19230
O81898	gene_name:DEAL2
Q0WLB5	gene_name:CHC2
Q1PDH3	gene_name:MNC17.24
Q2HIU1	gene_name:At4g29070
Q38824	gene_name:IAA6
Q38861	gene_name:XPB1
Q3E8J7	gene_name:At5g40855
Q3E9C3	gene_name:RH58
Q43295	gene_name:APK1
Q4PSJ7	gene_name:NET3B
Q5PNU0	gene_name:MSF3.23
Q5PP65	gene_name:At2g35430
Q66GR6	gene_name:WHY3
Q84WW5	gene_name:PVA13
Q8GWL7	gene_name:At2g41550
Q8H0T4	gene_name:UPL2
Q8H0X0	gene_name:SAP2
Q8L788	gene_name:At4g33110
Q8LBU2	gene_name:GPX8
Q8LC83	gene_name:RPS24B
Q8LCF7	gene_name:At4g33780
Q8LED9	gene_name:CXE16
Q8LPT3	gene_name:MEBL
Q8LST2	gene_name:WNK7
Q8RXP4	gene_name:MDA7.25
Q8S8F0	gene_name:MED20C
Q8VYE5	gene_name:At4g29360
Q8VZ19	gene_name:RPL30B
Q8VZN4	gene_name:PPI4
Q8W104	gene_name:FBL17
Q9C6Z1	gene_name:NCED5
Q9C8E3	gene_name:TPS26
Q9C960	gene_name:AGL55
Q9CAD9	gene_name:At1g63740
Q9FFA7	gene_name:RUP2
Q9FFD8	gene_name:MBS2
Q9FH24	gene_name:At5g49100
Q9FL17	gene_name:PUB40
Q9FMV5	gene_name:NFYC4
Q9LJ52	gene_name:At3g29791
Q9LMY8	gene_name:BZIP58
Q9LN03	gene_name:At1g08050
Q9LRA7	gene_name:TPS9
Q9LSC1	gene_name:At3g15900
Q9LSL9	gene_name:At5g65560
Q9LXA5	gene_name:LECRK91
Q9LYD9	gene_name:EMF1
Q9LYE4	gene_name:FLZ10
Q9LYK9	gene_name:RPS26C
Q9M000	gene_name:SCL22
Q9M0N8	gene_name:GIP1
Q9M123	gene_name:At4g01590
Q9M156	gene_name:UGT72B1
Q9M161	gene_name:DOF4.1
Q9M1K0	gene_name:ORG3
Q9M7Q4	gene_name:ABF2
Q9SCT7	gene_name:T18N14.90
Q9SD83	gene_name:At5g08010
Q9SLF5	gene_name:At2g16620
Q9SRI2	gene_name:NPF5.9
Q9SSG5	gene_name:BOR5
Q9SSG6	gene_name:At1g74860
Q9SSN5	gene_name:At1g72910
Q9SV83	gene_name:At4g10390
Q9SW96	gene_name:SYNC1
Q9SXE5	gene_name:At1g62520
Q9XI29	gene_name:At1g15400
Q9ZPV7	gene_name:At2g18240
Q9ZQI3	gene_name:At2g27360
Q9ZT50	gene_name:RHA2A
Q9ZU86	gene_name:At2g48030
Q9ZV87	gene_name:At1g78690
A0A1I9LM43	gene_name:At3g10605
A0A1I9LPW5	gene_name:At3g30460
A0A1I9LRC2	gene_name:At3g53630
A0A1I9LTJ3	gene_name:At3g57980
A0A1P8AR64	gene_name:At1g31255
A0A1P8B5J8	gene_name:At4g03610
A4IJ37	gene_name:AT2G02910.1
A8MR68	gene_name:At3g55665
B3H6T0	gene_name:At2g32160
B7ZWR6	gene_name:OEP61
F4HVJ3	gene_name:POD1
F4HXK1	gene_name:At1g02575
F4I1T8	gene_name:At1g55546
F4I350	gene_name:At1g29830
F4IJF2	gene_name:At2g16018
F4IQ07	gene_name:CTL10
F4JF36	gene_name:At3g48630
F4JFZ6	gene_name:At4g08267
F4JHW4	gene_name:At4g02880
F4JVB8	gene_name:RL1
O22588	gene_name:TIP3-2
O64639	gene_name:At2g45590
O80572	gene_name:At2g44020
O81641	gene_name:ILL3
O81902	gene_name:PUB8
O82170	gene_name:IKU1
O82328	gene_name:GASA7
O82743	gene_name:AGL19
P0C2G2	gene_name:At1g30920
P0C8R0	gene_name:At5g43820
P51566	gene_name:AFC1
Q11207	gene_name:PARP2
Q2LAE1	gene_name:ASHH2
Q2V311	gene_name:At5g46873
Q4PSX8	gene_name:At1g64020
Q4V3C8	gene_name:PDPK2
Q56XU3	gene_name:At5g45000
Q5XV49	gene_name:At5g05965
Q84RF6	gene_name:At2g42180
Q84VX7	gene_name:At1g51540
Q8L3X7	gene_name:At1g03250
Q8L4Q6	gene_name:At5g25070
Q8L7G0	gene_name:ARF1
Q8VYI0	gene_name:LSM8
Q8VYN2	gene_name:PVA42
Q940S0	gene_name:TMN2
Q94AF9	gene_name:At3g05165
Q94JV2	gene_name:At3g27050
Q96242	gene_name:CYP74A
Q9C6K0	gene_name:At1g50780
Q9FEE2	gene_name:TON2
Q9FFJ0	gene_name:MKP11.4
Q9FH14	gene_name:HAP8
Q9FJD0	gene_name:VPS26A
Q9FKZ7	gene_name:At5g66830
Q9FNK0	gene_name:At5g22610
Q9FRR2	gene_name:CORD2
Q9FT50	gene_name:At3g52320
Q9FWS3	gene_name:CG1
Q9FX03	gene_name:At1g47310
Q9FX25	gene_name:ARF13
Q9FYA6	gene_name:BCAT5
Q9LDZ0	gene_name:HSP70-10
Q9LFE4	gene_name:At5g16730
Q9LFN7	gene_name:SHN2
Q9LH85	gene_name:RPP2C
Q9LJ50	gene_name:At3g29800
Q9LJ92	gene_name:At3g22540
Q9LJX5	gene_name:At3g20240
Q9LK71	gene_name:DEGP11
Q9LMN8	gene_name:WAK3
Q9LQ68	gene_name:GH3.4
Q9LTX0	gene_name:T2E22.4
Q9LUE6	gene_name:RGP4
Q9LUK7	gene_name:BHLH28
Q9LVI1	gene_name:At3g17890
Q9LVN7	gene_name:POLD1
Q9LXC0	gene_name:At5g09550
Q9LYE7	gene_name:At5g11420
Q9M267	gene_name:KPI-1
Q9M2K8	gene_name:AGL18
Q9M3H5	gene_name:HMA1
Q9SF52	gene_name:F11F8_9
Q9SFV0	gene_name:T1B9.13
Q9SIE3	gene_name:At2g22230
Q9SJ50	gene_name:SL1
Q9SJV7	gene_name:QCR6-2
Q9SJZ2	gene_name:PER17
Q9SK74	gene_name:At2g20280
Q9SKP5	gene_name:At2g21180
Q9SSA5	gene_name:CYP38
Q9STS3	gene_name:APC8
Q9SZE0	gene_name:At4g29110
Q9SZZ4	gene_name:At4g25660
Q9T061	gene_name:At4g11930
Q9ZPH2	gene_name:GRXS17
Q9ZQ12	gene_name:GRF6
Q9ZQE5	gene_name:PCMP-H66
Q9ZVE0	gene_name:At2g26970
Q9ZVX5	gene_name:At2g16880
A0A1I9LNG5	gene_name:At3g27270
A0A1P8ANK5	gene_name:At1g10395
A0A1P8AXZ1	gene_name:At2g34317
A0A1P8B8U9	gene_name:At4g11373
A0A1P8B9N5	gene_name:At5g66600
A0A1P8BC60	gene_name:At5g22145
A3KPF5	gene_name:PDIL1-5
B3H7I0	gene_name:At3g54925
F4HWK0	gene_name:At1g28305
F4HYH6	gene_name:VPS26C
F4I240	gene_name:JMJ17
F4ICW8	gene_name:At1g52343
F4IE17	gene_name:At1g19170
F4IEM6	gene_name:At1g59885
F4IIZ5	gene_name:At2g35075
F4IK01	gene_name:AUG1
F4ISV6	gene_name:THG2
F4IZC0	gene_name:At3g50190
F4J2W7	gene_name:At3g23172
F4JBX1	gene_name:RGF10
F4JU70	gene_name:COAC2
F4K3X4	gene_name:EXT9
F4K4G7	gene_name:MPK17.3
F4KFX1	gene_name:ENGA-2
O23372	gene_name:ATXR3
O49435	gene_name:MCTP11
O49550	gene_name:DOF4.5
O65696	gene_name:At4g19250
O80434	gene_name:IRX12
P56754	gene_name:ndhJ
P93039	gene_name:NAT4
P93748	gene_name:SINAT1
Q0WMT6	gene_name:SAV4
Q0WMY5	gene_name:PPR4
Q147G5	gene_name:CYCA2-2
Q2HIW2	gene_name:MAPR4
Q2V300	gene_name:At5g50423
Q39236	gene_name:TFIIA-S
Q56Y29	gene_name:At1g13480
Q58FY7	gene_name:At2g38430
Q5MFV6	gene_name:VGDH2
Q5PP26	gene_name:PII-2
Q67YS0	gene_name:At1g33470
Q6IDB5	gene_name:At2g43670
Q84J37	gene_name:TT10
Q84TF0	gene_name:AKR4C10
Q84WQ5	gene_name:CBSX5
Q8GUJ6	gene_name:NAC074
Q8H173	gene_name:RPSaB
Q8L637	gene_name:At3g21140
Q8LFU0	gene_name:NFYA10
Q8LPL2	gene_name:NPF1.1
Q8RXD4	gene_name:BRCA1
Q8RXQ4	gene_name:At1g71840
Q8VZ79	gene_name:IDN2
Q944K2	gene_name:OST48
Q9AST9	gene_name:At1g73110
Q9C7K0	gene_name:VBF
Q9C8C9	gene_name:At1g66180
Q9CA93	gene_name:BAC2
Q9FGK0	gene_name:At5g47570
Q9FGK3	gene_name:At5g47540
Q9FGL5	gene_name:CEPR1
Q9FH13	gene_name:At5g56260
Q9FLB7	gene_name:UCRQ-2
Q9FMD3	gene_name:At5g16640
Q9FN13	gene_name:At5g67390
Q9FN94	gene_name:At5g59670
Q9FPQ8	gene_name:KNAT7
Q9FUR2	gene_name:IP5P2
Q9FZ91	gene_name:SOT7
Q9LFF1	gene_name:MEE40
Q9LFT2	gene_name:At5g15880
Q9LQB7	gene_name:CYP79C2
Q9LUS3	gene_name:PCMP-E91
Q9LX26	gene_name:CML1
Q9LYT3	gene_name:DTX41
Q9LYZ0	gene_name:PDP5
Q9LZ15	gene_name:At5g02700
Q9LZI6	gene_name:At3g62790
Q9LZS3	gene_name:SBE2.2
Q9LZV4	gene_name:STN8
Q9M1G3	gene_name:LECRK16
Q9M271	gene_name:MTPA1
Q9M371	gene_name:F15G16.60
Q9M9U7	gene_name:At1g18760
Q9SCQ7	gene_name:At3g50690
Q9SIH5	gene_name:At2g36090
Q9SJW7	gene_name:At2g31290
Q9SLC6	gene_name:STIPL2
Q9SLD9	gene_name:CGF2
Q9SLL2	gene_name:At1g54200
Q9SMN5	gene_name:T8P19.150
Q9SYD4	gene_name:FBX11
Q9SYK7	gene_name:At1g05660
Q9SZA8	gene_name:At4g33310
Q9SZA9	gene_name:At4g33320
Q9T045	gene_name:COBL11
Q9XIQ3	gene_name:CYP89A7
Q9ZVD5	gene_name:AGO4
A0A1P8ASU7	gene_name:At1g68185
A0A1P8AWH8	gene_name:XYN1
A0A1P8B0X8	gene_name:At2g14095
A0A1P8BDC6	gene_name:At5g52655
A8MR88	gene_name:ESFL8
F4HQU2	gene_name:At1g13500
F4HZC3	gene_name:GUX5
F4I8U2	gene_name:APS2
F4IZV1	gene_name:At3g09190
F4J326	gene_name:At3g29450
F4JHM9	gene_name:SETH5
F4KH13	gene_name:At5g17523
O22254	gene_name:RPL18A
O48677	gene_name:PER6
O49315	gene_name:At2g33200
O49553	gene_name:At4g21110
O49730	gene_name:TRANS11
O65919	gene_name:RALFL10
O80494	gene_name:PP2B15
O80763	gene_name:At1g60420
P0CB19	gene_name:At3g50808
P0DKI6	gene_name:At1g33260
P28297	gene_name:ICL
P43292	gene_name:SRK2G
P82722	gene_name:LCR7
Q0WQ75	gene_name:VPS51
Q0WSJ9	gene_name:At3g02510
Q1G3G7	gene_name:At5g53486
Q1PEY6	gene_name:EPFL6
Q3E7K1	gene_name:At3g51325
Q3EBD7	gene_name:At3g01345
Q3EDL4	gene_name:At1g01540
Q58G48	gene_name:At1g44608
Q6AWV3	gene_name:At1g26799
Q6BDA0	gene_name:ELF6
Q6IDB3	gene_name:At3g09860
Q6R0E4	gene_name:TRFL7
Q8GW83	gene_name:At5g66052
Q8GXQ7	gene_name:PUB56
Q8GYL6	gene_name:RUG2
Q8RX63	gene_name:RLP31
Q8RXN1	gene_name:TPR3
Q8RY25	gene_name:NUP98A
Q8VY58	gene_name:PP4R2L
Q8VZJ0	gene_name:SIA1
Q8W3L1	gene_name:MFDR
Q8W455	gene_name:At2g36835
Q8W4N1	gene_name:F9F8.20
Q93ZW0	gene_name:G6PD4
Q94AJ7	gene_name:At4g33666
Q94B75	gene_name:MFB13.11
Q9C688	gene_name:At1g51120
Q9C6D6	gene_name:T32G9.40
Q9C892	gene_name:At1g55220
Q9C9K5	gene_name:PILS3
Q9FE25	gene_name:MYB75
Q9FFP1	gene_name:ARI14
Q9FGA4	gene_name:MPF21.8
Q9FI45	gene_name:At5g51030
Q9FK12	gene_name:CRF3
Q9FLF7	gene_name:HAM1
Q9FNP0	gene_name:VQ31
Q9FXG0	gene_name:PDCD5
Q9FXI0	gene_name:SAUR54
Q9LDZ5	gene_name:PBL21
Q9LEV7	gene_name:At5g10820
Q9LFC5	gene_name:At5g01110
Q9LNG5	gene_name:MAIL3
Q9LPW4	gene_name:At1g12855
Q9LRY0	gene_name:KRP5
Q9LTA2	gene_name:AHL17
Q9LTC4	gene_name:MYB15
Q9LU72	gene_name:PAP28
Q9LV10	gene_name:NPF2.11
Q9LXF2	gene_name:PCMP-E40
Q9LYX1	gene_name:LECRK82
Q9LZ76	gene_name:VTE5
Q9LZ90	gene_name:At5g02350
Q9M007	gene_name:CHX27
Q9M0C3	gene_name:ATL14
Q9M0G1	gene_name:DEG3
Q9M1T1	gene_name:SETH3
Q9M3D2	gene_name:RPL35C
Q9M8L5	gene_name:At1g80470
Q9S795	gene_name:ALDH10A8
Q9SFG4	gene_name:At3g06000
Q9SGR1	gene_name:At1g76230
Q9SHL8	gene_name:PILS5
Q9SI16	gene_name:PER15
Q9SIL9	gene_name:At2g20500
Q9SIT7	gene_name:PCMP-E76
Q9SN43	gene_name:CIPK12
Q9SR66	gene_name:DML2
Q9SRS5	gene_name:RABA5B
Q9SRV5	gene_name:MS2
Q9SU08	gene_name:AUXI1
Q9SYA9	gene_name:At1g61730
Q9ZQC8	gene_name:At2g37110
Q9ZRP7	gene_name:SLD1
Q9ZUC4	gene_name:At1g23710
A0A1I9LS70	gene_name:RAF43
A0A1P8AV88	gene_name:At1g48660
A0A1P8AXP5	gene_name:At2g14695
B3H775	gene_name:At5g11425
B3H7A6	gene_name:SPH19
F4HQT8	gene_name:At1g13470
F4IAM4	gene_name:At1g18090
F4IFC5	gene_name:EMB2761
F4IHC4	gene_name:At2g05642
F4IYK6	gene_name:At3g08960
F4JA77	gene_name:At3g32130
F4JA84	gene_name:At3g32280
F4JF59	gene_name:At3g48840
F4JT34	gene_name:At4g13572
F4JWP9	gene_name:GFL
F4K1J4	gene_name:ATXR7
O23137	gene_name:F29G20.19
O23193	gene_name:CBSX1
O48533	gene_name:PYM
O80448	gene_name:PDX11
O82487	gene_name:T12H20.10
P46283	gene_name:At3g55800
P46687	gene_name:GASA3
P50287	gene_name:At5g08100
P93750	gene_name:At2g41960
Q0IGM8	gene_name:At1g02070
Q0WPS6	gene_name:At5g45660
Q0WV25	gene_name:TUBA4
Q1G3T0	gene_name:At1g30473
Q1PFD1	gene_name:BLH11
Q3EAQ0	gene_name:At3g44716
Q3EB64	gene_name:At3g14340
Q5XUY2	gene_name:At5g59060
Q5YDB5	gene_name:CPL2
Q66GS2	gene_name:B3GALT12
Q8L616	gene_name:DTX25
Q8LAJ7	gene_name:PHL3
Q8LCQ4	gene_name:LHCA6
Q8LEV7	gene_name:PGL5
Q8LPS6	gene_name:At1g02150
Q8RWF8	gene_name:At5g19960
Q8W4R8	gene_name:PI4KG6
Q93VH2	gene_name:BBD2
Q93VM9	gene_name:THO1
Q94HV8	gene_name:PUX15
Q94KE1	gene_name:At1g77260
Q9C557	gene_name:WRKY64
Q9C587	gene_name:RFC1
Q9C5T3	gene_name:WRKY26
Q9C5W7	gene_name:TOM2A
Q9FFF2	gene_name:UCH1
Q9FGU1	gene_name:TRAPPC5
Q9FHI8	gene_name:MFC19.15
Q9FI08	gene_name:MGN6.2
Q9FIM4	gene_name:MYB119
Q9FKV9	gene_name:At5g44290
Q9FLT7	gene_name:MAC9.2
Q9FMI1	gene_name:MMG4.3
Q9FNA1	gene_name:MSH12.19
Q9FYL3	gene_name:ALB4
Q9FYL6	gene_name:KCR2
Q9LD45	gene_name:BI-1
Q9LM25	gene_name:HRD3A
Q9LMG7	gene_name:PAP2
Q9LPR9	gene_name:At1g50440
Q9LUK3	gene_name:PAXL
Q9LV36	gene_name:At3g18050
Q9LVG2	gene_name:TOE2
Q9LVR1	gene_name:UGT72E2
Q9LVU8	gene_name:RKD4
Q9LVW9	gene_name:ARI4
Q9LW36	gene_name:At3g26750
Q9LYH4	gene_name:At5g11990
Q9LZ30	gene_name:EPCR2
Q9LZN0	gene_name:ROPGEF7
Q9M0P7	gene_name:At4g09450
Q9M0U6	gene_name:FBL22
Q9M129	gene_name:At4g01450
Q9M172	gene_name:NPF2.5
Q9M1F6	gene_name:F9K21.90
Q9M1H8	gene_name:NRPE5C
Q9M1J2	gene_name:NRPE5A
Q9M9D3	gene_name:T16N11.13
Q9SD61	gene_name:At3g47120
Q9SF32	gene_name:IQD1
Q9SGH4	gene_name:PNSL3
Q9SII1	gene_name:At2g38800
Q9SJM7	gene_name:URH1
Q9SKI2	gene_name:VPS2.1
Q9SLA8	gene_name:MOD1
Q9SR34	gene_name:TAC1
Q9SUG1	gene_name:At4g08190
Q9SV00	gene_name:F4F15.150
Q9SVF4	gene_name:At4g38310
Q9SZY3	gene_name:SBT3.8
Q9T022	gene_name:At4g39130
Q9T024	gene_name:At4g39150
Q9XI11	gene_name:At1g21670
Q9XIH6	gene_name:PLT2
Q9ZVW1	gene_name:At2g07000
A0A178VGS0	gene_name:At3g13420
A0A1I9LNU8	gene_name:At3g49045
A0A1P8AZ82	gene_name:At2g07627
A0A1P8AZD7	gene_name:At2g05105
A7REF7	gene_name:At1g53282
A8MRE2	gene_name:At3g01326
A8MRU4	gene_name:At2g45250
B3H4R0	gene_name:OSR2
B3H5R2	gene_name:At5g50562
F4HRW0	gene_name:At1g67400
F4HWQ8	gene_name:C/VIF1
F4I5P7	gene_name:At1g04540
F4IR90	gene_name:At2g02630
F4JID0	gene_name:At4g08800
F4JSW8	gene_name:At4g38030
F4K8L9	gene_name:At5g37760
O49457	gene_name:At4g28480
O64752	gene_name:JMJ15
O65691	gene_name:At4g34690
O80742	gene_name:PUB19
O80770	gene_name:At2g34210
O82369	gene_name:At2g29870
P25702	gene_name:ACP3
P29830	gene_name:HSP17.6
P49597	gene_name:ABI1
P54967	gene_name:BIO2
P93046	gene_name:XTH31
Q0WPU1	gene_name:XI-I
Q1PDX4	gene_name:At5g12340
Q2V2R0	gene_name:At2g48075
Q3E6P4	gene_name:At2g02240
Q3EAC2	gene_name:At4g03156
Q3EC48	gene_name:At2g07749
Q3ECB7	gene_name:At1g77655
Q41951	gene_name:TIP2-1
Q42440	gene_name:PAI1
Q5HZ36	gene_name:GATA21
Q5Q0C9	gene_name:At3g09120
Q682J5	gene_name:At1g35340
Q6DBN3	gene_name:At3g57360
Q6QPM2	gene_name:GATA19
Q84JL7	gene_name:VTE7
Q84W12	gene_name:DL4250W
Q8GS41	gene_name:At5g48655
Q8GXR2	gene_name:PLT6
Q8L5T9	gene_name:CYS2
Q8L611	gene_name:SEC31B
Q8LBW4	gene_name:At4g32240
Q8LCF2	gene_name:At4g29735
Q8LGB6	gene_name:ZED1
Q93VV9	gene_name:PAM16L2
Q940G5	gene_name:At4g25900
Q940H8	gene_name:FRL4B
Q94AB2	gene_name:At3g58640
Q94CH6	gene_name:EXL3
Q94F30	gene_name:ESD4
Q96261	gene_name:LEA
Q96289	gene_name:ZAT10
Q9C7V7	gene_name:At1g64330
Q9C8V1	gene_name:At1g33940
Q9FLN5	gene_name:VHA-e1
Q9FLU8	gene_name:BGLU32
Q9FM84	gene_name:GULLO7
Q9FME0	gene_name:RPA1D
Q9FML6	gene_name:RPS15F
Q9FMP5	gene_name:CPK17
Q9FN48	gene_name:CAS
Q9FT70	gene_name:RECQL4B
Q9FX16	gene_name:At1g34070
Q9FZ53	gene_name:At1g16940
Q9LFQ0	gene_name:GLCAT14B
Q9LJL9	gene_name:CRK2
Q9LJW1	gene_name:CRRSP14
Q9LK80	gene_name:At5g48340
Q9LM89	gene_name:At1g20657
Q9LMZ9	gene_name:NRT2.2
Q9LV08	gene_name:MYN8.2
Q9LXS1	gene_name:MTPA2
Q9LY15	gene_name:MRSA2
Q9LZ45	gene_name:At5g02570
Q9M3B2	gene_name:WSD5
Q9MAK7	gene_name:At1g45015
Q9MB58	gene_name:FKFBP
Q9S724	gene_name:MZB10.1
Q9S7R2	gene_name:F1C9.29
Q9SGW9	gene_name:At1g64450
Q9SHF3	gene_name:AGO2
Q9SIN4	gene_name:At2g42550
Q9SKP3	gene_name:SAUR7
Q9SSC9	gene_name:AHP6
Q9STX0	gene_name:WRKY7
Q9STZ2	gene_name:At3g47300
Q9SU28	gene_name:At4g12580
Q9XF57	gene_name:PEX7
Q9XI78	gene_name:FUT8
Q9XIE0	gene_name:FH7
Q9ZPZ8	gene_name:At2g06020
Q9ZQ36	gene_name:At2g24310
Q9ZQP7	gene_name:At2g35750
Q9ZW04	gene_name:At2g29170
A0A1I9LN98	gene_name:At3g54780
A0A1I9LQT8	gene_name:At3g12833
A0A1P8ANT8	gene_name:At1g79485
A0A1P8ARE9	gene_name:At1g71480
A0A1P8AUX0	gene_name:At1g70335
A0A1P8AX72	gene_name:At2g30385
A0A1P8B398	gene_name:At4g09589
A0A1P8BC41	gene_name:At5g17522
A8MQI6	gene_name:TRM15
A8MQL3	gene_name:At3g01328
B3H4X7	gene_name:At3g48298
B3H610	gene_name:At1g21738
B3H783	gene_name:At3g22183
F4HR29	gene_name:At1g26976
F4I131	gene_name:NET2B
F4IBN6	gene_name:At1g72070
F4IMH3	gene_name:NOC4
F4IRF0	gene_name:MSF3.6
F4ISY0	gene_name:At2g38370
F4ITP5	gene_name:At2g32340
F4IZB4	gene_name:At3g50140
F4J1G1	gene_name:ROPGEF13
F4JGI6	gene_name:At4g06490
F4JNY0	gene_name:APE2
F4JSG3	gene_name:RPA1E
F4JSG8	gene_name:At4g19160
F4K383	gene_name:At5g48780
F4K8I3	gene_name:At5g28463
F4K8V7	gene_name:At5g44345
O04083	gene_name:MAGL1
O49668	gene_name:PAM68
O65373	gene_name:BAG5
O65420	gene_name:VAL3
O80397	gene_name:MKK4
P0CJ50	gene_name:CRRSP43
P0DH91	gene_name:ARF2-B
P27483	gene_name:At3g17050
P47925	gene_name:At2g20870
P92553	gene_name:At2g07697
Q1ECL9	gene_name:MSI17.3
Q39016	gene_name:CPK11
Q39129	gene_name:STR16
Q3E9D9	gene_name:At5g18750
Q56XZ5	gene_name:At3g59670
Q5XUY3	gene_name:MCK7.21
Q66GI5	gene_name:At1g12570
Q67XK9	gene_name:At1g04490
Q6ID73	gene_name:At2g26695
Q6NQL4	gene_name:KDSA2
Q84JS3	gene_name:At1g23150
Q84MC6	gene_name:At5g08360
Q8H0Z4	gene_name:GAT1_2.1
Q8LBI9	gene_name:At5g18840
Q8LBZ4	gene_name:OTU4
Q8RXW8	gene_name:At5g65207
Q8VZU2	gene_name:SYP132
Q941A4	gene_name:OBAP2A
Q94A02	gene_name:TAR2
Q94AG6	gene_name:SAMC1
Q94AH6	gene_name:CUL1
Q94AT3	gene_name:PUKI
Q94AU2	gene_name:SEC221
Q94EG6	gene_name:At5g02240
Q9C793	gene_name:AGO7
Q9C923	gene_name:NUG2
Q9FFZ6	gene_name:S-RBP11
Q9FG14	gene_name:MYOB7
Q9FJ07	gene_name:MYB111
Q9FKZ2	gene_name:At5g66890
Q9FLH9	gene_name:MIO24.6
Q9FLI5	gene_name:OMA1
Q9FM61	gene_name:MDF20.22
Q9FN83	gene_name:MVA3.30
Q9FNF2	gene_name:SS1
Q9FT97	gene_name:AGAL1
Q9FW48	gene_name:At1g33600
Q9LHF5	gene_name:VIL1
Q9LNI3	gene_name:At1g01400
Q9LQ39	gene_name:At1g59724
Q9M0Z6	gene_name:MSRB3
Q9M2N5	gene_name:HAT
Q9M2W2	gene_name:GSTL2
Q9MAK9	gene_name:RPT4B
Q9MBA3	gene_name:RAD17
Q9S9M5	gene_name:WAKL1
Q9SEL5	gene_name:VTI12
Q9SG96	gene_name:ATL72
Q9SI13	gene_name:SFH10
Q9SJ03	gene_name:At2g21960
Q9SJN8	gene_name:At2g15440
Q9SL23	gene_name:GRP9
Q9SR05	gene_name:ANX1
Q9SUR6	gene_name:CORI3
Q9SZX8	gene_name:At4g10440
Q9SZY5	gene_name:SAH7
Q9T0F4	gene_name:IAN13
Q9ZNV4	gene_name:CYTB5-C
Q9ZQ74	gene_name:PCMP-E47
Q9ZU96	gene_name:At2g01680
Q9ZUG3	gene_name:SCPL38
A0A1I9LN07	gene_name:At3g42075
A0A1P8ASI5	gene_name:At1g56120
A0MES8	gene_name:ABI4
A8MS38	gene_name:At2g20619
B3H5W2	gene_name:At4g02541
F4HVG8	gene_name:CSK
F4HXZ8	gene_name:At1g21370
F4IZ01	gene_name:At3g28170
F4J2F8	gene_name:At3g04020
F4J3H8	gene_name:At3g57780
F4JRS4	gene_name:MORC7
F4JY41	gene_name:At5g18730
F4JZ91	gene_name:At5g05240
F4JZS5	gene_name:At5g26300
F4K5W8	gene_name:SUS5
O22259	gene_name:ERF071
O49519	gene_name:CLE2
O49707	gene_name:MSRB8
O64654	gene_name:At1g08570
O64835	gene_name:YCF37
O65708	gene_name:MWL2
O80472	gene_name:MES7
O80702	gene_name:MTERF29
P0DI00	gene_name:At5g36730
P17094	gene_name:ARP1
P31168	gene_name:COR47
P35131	gene_name:UBC8
P49333	gene_name:ETR1
P62120	gene_name:RPL41A
P82626	gene_name:SCRL7
Q0WVH0	gene_name:RBL
Q1G385	gene_name:At4g14358
Q38912	gene_name:ARAC3
Q39055	gene_name:CNX2
Q3E9I4	gene_name:CLE22
Q42529	gene_name:TSA1
Q52K88	gene_name:NUDT13
Q56XC2	gene_name:EDA21
Q56YR0	gene_name:CBE1
Q6ID71	gene_name:At1g26798
Q7XJE6	gene_name:AMC1
Q84WE9	gene_name:At4g35180
Q84WN3	gene_name:SWEET17
Q8GWB7	gene_name:IPUT1
Q8GWE0	gene_name:P67
Q8GX47	gene_name:At4g02650
Q8H103	gene_name:PGI1
Q8L7T9	gene_name:MNM1
Q8L8L7	gene_name:HGPT
Q8L9J7	gene_name:SWEET1
Q8RWJ5	gene_name:SEC
Q8S9M1	gene_name:PAP13
Q8VZ34	gene_name:At2g26210
Q93ZQ3	gene_name:PLP9
Q940Q3	gene_name:ZTP29
Q941E9	gene_name:At1g67865
Q944B0	gene_name:FKBP16-1
Q944C2	gene_name:PLC5
Q944G9	gene_name:FBA2
Q949S7	gene_name:At5g15910
Q94JS0	gene_name:UCR1-1
Q94K66	gene_name:ELIP2
Q9ASQ9	gene_name:At1g34200
Q9ASW4	gene_name:At3g21215
Q9C516	gene_name:XLG3
Q9C5E7	gene_name:APUM6
Q9CA52	gene_name:MYB31
Q9CA74	gene_name:NEN3
Q9CAU1	gene_name:SCPL3
Q9FE37	gene_name:F4F7.41
Q9FFI9	gene_name:MKP11.14
Q9FFT1	gene_name:MBG8.26
Q9FLT6	gene_name:MAC9.3
Q9FNL7	gene_name:NPF5.2
Q9LHK3	gene_name:OST4A
Q9LW29	gene_name:AFB2
Q9LZ97	gene_name:TRAPPC4
Q9M0Q7	gene_name:At4g09210
Q9M2R9	gene_name:At3g50400
Q9M302	gene_name:At3g48810
Q9S721	gene_name:F28J7.28
Q9S828	gene_name:T11I18.4
Q9SD53	gene_name:At3g47200
Q9SEZ4	gene_name:MYB105
Q9SHX3	gene_name:At1g65845
Q9SJI0	gene_name:At2g42760
Q9SJR1	gene_name:At2g36440
Q9SK77	gene_name:TRM17
Q9SK92	gene_name:ATL15
Q9SKX4	gene_name:RPL3A
Q9STG1	gene_name:T6H20.80
Q9STU5	gene_name:T23J7.10
Q9STY7	gene_name:HSD3
Q9SY17	gene_name:At1g30780
Q9SYH0	gene_name:At1g54120
Q9SZ99	gene_name:At4g09840
Q9XID0	gene_name:FAB1D
Q9ZSL6	gene_name:SIGD
Q9ZU28	gene_name:IQD27
Q9ZV81	gene_name:At2g07110
A0A1P8B0K8	gene_name:PBL38
A0A1P8BAQ8	gene_name:At5g37165
A0MFS9	gene_name:At1g73020
A7RED5	gene_name:At3g03272
A8MQD8	gene_name:At5g10780
A8MRQ3	gene_name:At5g36659
F4HZT2	gene_name:At1g22080
F4I004	gene_name:At1g35820
F4I312	gene_name:VPS3
F4IJ68	gene_name:At2g46560
F4IJE1	gene_name:SNX4
F4IVN9	gene_name:ENODL20
F4J9K9	gene_name:At3g05900
F4JQR6	gene_name:SSP4B
F4JR37	gene_name:At4g30880
F4JS93	gene_name:At4g13150
F4JWS5	gene_name:At5g25425
F4JZQ4	gene_name:ATCAPE8
F4K790	gene_name:EMB2656
F4KHG6	gene_name:CTPA1
O22713	gene_name:At1g60760
O22964	gene_name:At2g34110
O64515	gene_name:OCT2
O80503	gene_name:At2g44640
O82265	gene_name:SCC3
O82390	gene_name:ANTR1
P0C883	gene_name:SCL33
P0C8Q5	gene_name:PCMP-E6
P92539	gene_name:At2g07672
P92958	gene_name:KIN11
P93286	gene_name:CCMFC
Q058M7	gene_name:At3g28840
Q0WN71	gene_name:At1g68735
Q1G3V5	gene_name:At1g11112
Q1H5B2	gene_name:At3g07890
Q2EF88	gene_name:YSL3
Q3E6T0	gene_name:At5g25400
Q3ECL0	gene_name:RALFL9
Q4PSE7	gene_name:At5g25290
Q500V5	gene_name:AGDP1
Q56Y17	gene_name:At2g28310
Q570U6	gene_name:EFL4
Q5PP30	gene_name:At3g23470
Q66GP4	gene_name:At5g13770
Q67YS6	gene_name:ALIS2
Q682B4	gene_name:BGLU6
Q682H0	gene_name:HVA22F
Q6DBF8	gene_name:At2g41400
Q7Y214	gene_name:GTE7
Q84TD8	gene_name:FLXL2
Q84VW9	gene_name:PPC3
Q8GVE8	gene_name:PPC4
Q8GXW5	gene_name:GLN1-5
Q8GZ45	gene_name:At1g17960
Q8L7W7	gene_name:At3g01820
Q8LAI1	gene_name:NIP7-1
Q8LDW6	gene_name:ENDO3
Q8RX86	gene_name:AGAL2
Q8RXY4	gene_name:At2g41050
Q8S8H8	gene_name:At2g15695
Q8S8P5	gene_name:WRKY33
Q8VZP4	gene_name:GATA10
Q93Y37	gene_name:MNS3
Q94AC3	gene_name:AP22.66
Q94CG0	gene_name:CIPK21
Q94JY0	gene_name:PAB
Q9C5U8	gene_name:HISN8
Q9C9K3	gene_name:PFP-ALPHA2
Q9FIB4	gene_name:ABCF2
Q9FIQ8	gene_name:MZA15.8
Q9FJT6	gene_name:ET3
Q9FL10	gene_name:AGL43
Q9FX09	gene_name:At1g47390
Q9FZK0	gene_name:SPL11
Q9LJY8	gene_name:CYP705A19
Q9LM21	gene_name:At1g22250
Q9LNJ4	gene_name:CYP703A2
Q9LNT9	gene_name:ASK4
Q9LPG4	gene_name:MRD1
Q9LPM6	gene_name:At1g50050
Q9LQQ2	gene_name:RAD51D
Q9LQX5	gene_name:MYB117
Q9LUR0	gene_name:CAPH2
Q9M0D5	gene_name:At4g29480
Q9M0F2	gene_name:LCR26
Q9M1S9	gene_name:CDT1B
Q9M2L6	gene_name:F28O9.160
Q9M352	gene_name:RPL36B
Q9M8M5	gene_name:ERF084
Q9SCJ8	gene_name:At3g49610
Q9SEZ7	gene_name:CIPK16
Q9SH25	gene_name:At1g63390
Q9SJQ8	gene_name:At2g36470
Q9SLB6	gene_name:LBD17
Q9SRH9	gene_name:SNL1
Q9SSM9	gene_name:LBD7
Q9SST3	gene_name:NHL22
Q9STS9	gene_name:PCMP-E43
Q9STX2	gene_name:VEP1
Q9ZVF1	gene_name:CAR10
A0A1I9LLL7	gene_name:At3g47660
A0A1I9LSH2	gene_name:At3g62360
A0A1P8B312	gene_name:At2g40715
A0A1P8BB94	gene_name:At5g03120
A0A1P8BH36	gene_name:At5g03885
A8MQI8	gene_name:RALFL5
A8MR99	gene_name:At1g71240
B3H4U3	gene_name:At2g03822
B3H4Y8	gene_name:At5g15008
B3H4Z7	gene_name:At4g20095
B3H648	gene_name:At3g42148
B3H6U9	gene_name:At5g45469
F4HVJ0	gene_name:BPL2
F4IWA8	gene_name:TBL41
F4J8C0	gene_name:HRF1
F4JGU2	gene_name:At4g06688
F4JML2	gene_name:DL4410C
F4JW80	gene_name:At5g04310
F4K8J4	gene_name:At5g28550
O22151	gene_name:GOS12
O23171	gene_name:MES9
O24457	gene_name:PDH-E1
O48729	gene_name:At2g26620
O49488	gene_name:At4g34170
O49518	gene_name:At4g18500
O64486	gene_name:At1g04210
O65440	gene_name:BAM3
O81299	gene_name:At4g02340
O81515	gene_name:At4g03940
P0DI13	gene_name:SAE1B-2
P61837	gene_name:PIP1-1
P92979	gene_name:APR1
P93735	gene_name:ELIP1
Q0WP01	gene_name:NPF5.10
Q1ECJ7	gene_name:ARPC3
Q1G355	gene_name:At2g25409
Q1G3E1	gene_name:At1g48745
Q1G3V9	gene_name:EPFL8
Q2V4E2	gene_name:CLE8
Q38898	gene_name:AKT2
Q38946	gene_name:GDH2
Q3ECH0	gene_name:At1g67130
Q3EDB5	gene_name:At1g15900
Q4V399	gene_name:rsgA
Q570R7	gene_name:BHLH72
Q5PP51	gene_name:P39
Q5XVK8	gene_name:At1g16025
Q682S0	gene_name:RPT2
Q6DBB8	gene_name:STMP7
Q6IM91	gene_name:DVL10
Q84R17	gene_name:At4g24275
Q84VQ0	gene_name:AGO9
Q84VY3	gene_name:S-ACP-DES6
Q8GSJ1	gene_name:HISN1B
Q8H1G0	gene_name:GATA28
Q8RWN2	gene_name:ZIF1
Q8S8Q4	gene_name:At2g44560
Q8VYA7	gene_name:At1g26180
Q8VYK1	gene_name:PPT
Q93WT0	gene_name:WRKY31
Q944M6	gene_name:At4g20040
Q94C20	gene_name:MHJ24.14
Q9C8Y5	gene_name:At1g66320
Q9CAI3	gene_name:CAD1
Q9CAN6	gene_name:At1g63070
Q9CAV2	gene_name:At3g04860
Q9FEC1	gene_name:OHP2
Q9FFY9	gene_name:TRP4
Q9FJ55	gene_name:CIPK19
Q9FJM5	gene_name:ASB2
Q9FL07	gene_name:ATL46
Q9FLD5	gene_name:AATP1
Q9FM11	gene_name:MQB2.16
Q9FNB5	gene_name:ABCG6
Q9FWW7	gene_name:At1g12170
Q9LDZ1	gene_name:VQ19
Q9LHN6	gene_name:At3g13624
Q9LIA8	gene_name:UGD2
Q9LIM5	gene_name:HCF243
Q9LQL5	gene_name:At1g32420
Q9LSI9	gene_name:BIR2
Q9LSQ6	gene_name:PBP1
Q9LT02	gene_name:PDR2
Q9LUK1	gene_name:At5g40050
Q9LUV9	gene_name:At3g22410
Q9LW61	gene_name:At3g23350
Q9LW63	gene_name:PCMP-H32
Q9LXA7	gene_name:GTE2
Q9M0P4	gene_name:At4g09490
Q9M1S8	gene_name:AMP1
Q9SAF0	gene_name:ORP1D
Q9SG79	gene_name:SUN2
Q9SSB7	gene_name:DGR1
Q9STT8	gene_name:ABCA4
Q9SYB0	gene_name:At1g61740
Q9T077	gene_name:At4g27530
Q9T0H6	gene_name:UNE15
Q9XGZ2	gene_name:T1N24.22
Q9ZVI1	gene_name:At2g38590
Q9ZWC5	gene_name:SCL18
A0A1P8AQG9	gene_name:At1g76780
A0A1P8B2I9	gene_name:CHR34
A8MR00	gene_name:At2g32885
A8MS09	gene_name:DVL24
A8MS77	gene_name:At3g44718
B3H4Z3	gene_name:At5g66607
B9DGF6	gene_name:At3g15770
C0LGQ4	gene_name:MDIS2
F4IT40	gene_name:At2g44070
F4IXT6	gene_name:At3g28060
F4IZV9	gene_name:At3g09250
F4J0D2	gene_name:PBL36
F4JI46	gene_name:ROPGAP2
F4JIJ2	gene_name:DL3531C
F4JR96	gene_name:AP22.58
F4K813	gene_name:KUOX1
F4KA06	gene_name:At5g28730
F4KH99	gene_name:At5g33393
F4KHH8	gene_name:RPS6
O04153	gene_name:CRT3
O04523	gene_name:AXY4
O23053	gene_name:ARASP2
O23609	gene_name:PER41
O80995	gene_name:PDF1.3
P0DI11	gene_name:SPL13B
P22953	gene_name:HSP70-1
P25819	gene_name:CAT2
P56753	gene_name:ndhH
P62100	gene_name:psbI
P93754	gene_name:At2g41910
Q1G3M1	gene_name:ATL92
Q1G3W3	gene_name:At1g77932
Q2V4K2	gene_name:At1g29179
Q39256	gene_name:UBQ8
Q42569	gene_name:CYP90A1
Q4KSH9	gene_name:BS
Q5BPL5	gene_name:At4g06676
Q5E915	gene_name:RBL
Q5G1S8	gene_name:EMB1270
Q5HZ00	gene_name:SPS3
Q682P6	gene_name:At1g25375
Q683G3	gene_name:At5g50970
Q6NMC1	gene_name:At1g72640
Q7X911	gene_name:SAC6
Q84W80	gene_name:At3g03360
Q8L745	gene_name:At5g42220
Q8L7S6	gene_name:HEXO3
Q8RWM7	gene_name:CCB3
Q8RXQ1	gene_name:TBL35
Q8S2T0	gene_name:GRIP
Q8S403	gene_name:PHO1
Q8VYR5	gene_name:At4g35850
Q94AP3	gene_name:WAT1
Q94JM2	gene_name:GK3
Q94K72	gene_name:At1g16170
Q9C514	gene_name:RPS7A
Q9CAV5	gene_name:HIPP42
Q9FJG9	gene_name:RUG3
Q9FKH1	gene_name:SAP
Q9FLD3	gene_name:At5g05210
Q9FLL5	gene_name:MEE6.21
Q9FMJ6	gene_name:MDC12.24
Q9FX63	gene_name:ISTL6
Q9FX85	gene_name:PER10
Q9FXE0	gene_name:TEL2
Q9FYC3	gene_name:FAMT-L
Q9LER0	gene_name:At5g14770
Q9LIH9	gene_name:RH51
Q9LKB3	gene_name:At3g14910
Q9LM61	gene_name:At1g22010
Q9LMN7	gene_name:WAK5
Q9LPI5	gene_name:CID11
Q9LTB0	gene_name:EXO84B
Q9LU25	gene_name:At3g16200
Q9LUG1	gene_name:SEC23E
Q9LVR4	gene_name:At5g66660
Q9LVZ8	gene_name:At3g15810
Q9LX55	gene_name:At3g59160
Q9LXI9	gene_name:F3C22_160
Q9LYE8	gene_name:T22P22_220
Q9LYG3	gene_name:NADP-ME2
Q9LYL6	gene_name:At3g56270
Q9LZ12	gene_name:At5g02730
Q9M872	gene_name:At3g02700
Q9SB48	gene_name:ATR1
Q9SJM4	gene_name:GPL3
Q9SK66	gene_name:At2g20360
Q9SL02	gene_name:RAD50
Q9SMM7	gene_name:DCF
Q9SMT4	gene_name:RPL13C
Q9STH5	gene_name:LTPG24
Q9SV25	gene_name:At4g31440
Q9SV26	gene_name:PCMP-H65
Q9SW08	gene_name:ABCG4
Q9SW60	gene_name:At4g08450
Q9T090	gene_name:At4g27680
Q9XIN1	gene_name:ALMT7
Q9ZUU3	gene_name:At2g37230
Q9ZVS5	gene_name:SAP1
Q9ZW82	gene_name:PRN2
A0A1I9LPG0	gene_name:At3g44763
A0A1P8AYB0	gene_name:At2g23985
A0A1P8AZS3	gene_name:At2g07665
A0A1P8B3J6	gene_name:At4g01435
A1A6I8	gene_name:At4g16765
A4IJ41	gene_name:At3g10840
A8MS85	gene_name:SPT6
B3H7I2	gene_name:DL4430C
B3H7J9	gene_name:At3g07522
B9DHA6	gene_name:RPL40A
F4IFT4	gene_name:At2g27385
F4INT5	gene_name:At2g30480
F4IQ29	gene_name:At2g37290
F4IQS9	gene_name:EMB1381
F4J3A9	gene_name:At3g51270
F4J8Y4	gene_name:ATDOB1
F4JHJ5	gene_name:At4g02482
F4JK32	gene_name:CYP702A6
F4JZL7	gene_name:HIPP33
F4K5W6	gene_name:MJG14.23
F4KB17	gene_name:KTN80.3
O22781	gene_name:SUVH2
O22877	gene_name:At2g40580
O23393	gene_name:BIA1
O48689	gene_name:At1g24220
O49505	gene_name:NCED2
O81645	gene_name:VLN3
O82248	gene_name:NFYB5
P11035	gene_name:NIA2
P29386	gene_name:AGL6
Q05999	gene_name:D6PKL3
Q0WT24	gene_name:STOP2
Q1PDP9	gene_name:MYB115
Q2V419	gene_name:CDKB1-2
Q42510	gene_name:GN
Q56X46	gene_name:MSL2
Q5Q0A4	gene_name:MYC6.9
Q8GUI4	gene_name:At1g61900
Q8GWN1	gene_name:At1g03650
Q8GYW0	gene_name:OTU3
Q8GYW8	gene_name:SCT
Q8H1N2	gene_name:At2g25130
Q8L7K4	gene_name:HSCB
Q8L866	gene_name:CuAOzeta
Q8LEK2	gene_name:ECH
Q8VZ74	gene_name:At5g66470
Q8VZP6	gene_name:PGSIP8
Q93Z92	gene_name:At4g11680
Q93ZC5	gene_name:AOC4
Q93ZH0	gene_name:LYM1
Q940P0	gene_name:At5g03660
Q949S2	gene_name:At1g30750
Q94AU7	gene_name:GAMMACA3
Q9C5Q9	gene_name:PP2A5
Q9C5Y0	gene_name:PLDDELTA
Q9C6A8	gene_name:RLP15
Q9CAT7	gene_name:At1g73230
Q9FDW8	gene_name:CB5-A
Q9FFL3	gene_name:LBD35
Q9FG33	gene_name:LECRKS5
Q9FHN2	gene_name:At5g51520
Q9FIG9	gene_name:ARC6
Q9FK23	gene_name:MTERF8
Q9FL28	gene_name:FLS2
Q9FL67	gene_name:ATDOB9
Q9FLB6	gene_name:PRA1B3
Q9FLC8	gene_name:CYP79A2
Q9FLE8	gene_name:At5g39865
Q9FM27	gene_name:MNF13.27
Q9FM71	gene_name:MDF20.11
Q9FXC9	gene_name:At1g67635
Q9LE06	gene_name:BCAT4
Q9LIA7	gene_name:At3g29375
Q9LIL3	gene_name:At3g22850
Q9LKA0	gene_name:IQD10
Q9LMU5	gene_name:At1g17830
Q9LPC7	gene_name:CYP18-1
Q9LQC9	gene_name:CSLA3
Q9LT15	gene_name:STP10
Q9LUZ9	gene_name:ATL63
Q9LXJ1	gene_name:BIC1
Q9LXK9	gene_name:F7K15_100
Q9LY74	gene_name:VTE3
Q9LZH9	gene_name:RPL7AB
Q9M0J5	gene_name:MYB41
Q9M900	gene_name:F17A9.14
Q9S7N2	gene_name:TAA1
Q9S9N9	gene_name:CCR1
Q9SA00	gene_name:APRL4
Q9SIZ4	gene_name:At2g40270
Q9SJK7	gene_name:TCP11
Q9SU93	gene_name:SES1
Q9SUT1	gene_name:At4g11300
Q9SY14	gene_name:OSCA1.7
Q9SYS7	gene_name:CRK39
Q9XEE6	gene_name:At2g40140
Q9XI60	gene_name:LPP2
Q9XIK0	gene_name:PRIN2
Q9ZT48	gene_name:ATE1
Q9ZVX2	gene_name:AMS
A0A1P8APN6	gene_name:At1g13143
A0A1P8AW87	gene_name:At1g16760
A0A1P8B292	gene_name:At2g45243
A0A1P8B2E9	gene_name:At2g06265
A0A1P8BDX3	gene_name:At5g23490
B3H516	gene_name:At1g07901
B3H5J2	gene_name:At1g48953
B9DHA4	gene_name:MPA24.9
F4IDH6	gene_name:YUP8H12R.35
F4ITW3	gene_name:At2g38695
F4J434	gene_name:At3g23480
F4J8A2	gene_name:At3g59390
F4JDT6	gene_name:At3g42155
F4JIW8	gene_name:FLDH
F4JL02	gene_name:ATDOA8
F4JM55	gene_name:At4g28990
F4JP46	gene_name:PURU2
F4JQ90	gene_name:At4g30310
F4JVH1	gene_name:CFM3B
F4K8J6	gene_name:At5g28590
O04571	gene_name:At1g27240
O22881	gene_name:POT2
O49336	gene_name:At2g30710
O64765	gene_name:GLCNAC1PUT2
O82799	gene_name:NGA1
P09468	gene_name:atpE
P0CAY1	gene_name:At3g27283
P48006	gene_name:At1g30230
P48486	gene_name:TOPP6
P54120	gene_name:IAN8
P55229	gene_name:ADG2
P61827	gene_name:DREB2G
P92533	gene_name:ND3
Q058G8	gene_name:At1g45165
Q0WPE9	gene_name:NAT7
Q2V3H0	gene_name:At4g18975
Q38806	gene_name:HSP22.0
Q4VP09	gene_name:LURE1.1
Q56Y52	gene_name:POT1A
Q5XV90	gene_name:At4g01110
Q680C0	gene_name:At4g10955
Q6IM82	gene_name:DVL19
Q84R11	gene_name:CRSH
Q8GXV0	gene_name:At1g26797
Q8L775	gene_name:CTL07
Q8L838	gene_name:COG4
Q8L9J9	gene_name:At4g34215
Q8LB33	gene_name:At3g58530
Q8LBX7	gene_name:TED6
Q8LER3	gene_name:XTH7
Q8LPF3	gene_name:PME68
Q8RWR1	gene_name:JMJ30
Q8RWY4	gene_name:NLP6
Q8VYI3	gene_name:ECH2
Q8VYK9	gene_name:CKL12
Q8VZJ9	gene_name:CRCK2
Q8W4R9	gene_name:At4g19185
Q93WJ9	gene_name:KAN1
Q94BS2	gene_name:MET1
Q9ASU6	gene_name:At1g42440
Q9C5W0	gene_name:DGAT3
Q9C7S0	gene_name:BZIP60
Q9C8E7	gene_name:GLR3.3
Q9C8F7	gene_name:RPL30A
Q9C8G4	gene_name:At1g30350
Q9FJK0	gene_name:At5g62420
Q9FKS8	gene_name:LHT1
Q9FL82	gene_name:At5g39250
Q9FY69	gene_name:BHLH143
Q9FZ59	gene_name:PEPR2
Q9LIG6	gene_name:NIFU4
Q9LMC8	gene_name:MYOB5
Q9LMX6	gene_name:At1g13730
Q9LNZ0	gene_name:At1g44050
Q9LT38	gene_name:UCNL
Q9LT85	gene_name:At3g19320
Q9LV52	gene_name:HSFC1
Q9LXD4	gene_name:MRS2-9
Q9LXF8	gene_name:AVT1J
Q9LZF2	gene_name:At5g03370
Q9M0P8	gene_name:At4g09440
Q9M165	gene_name:T6D9_120
Q9M9X9	gene_name:At1g06710
Q9MAB1	gene_name:At3g05080
Q9MAH1	gene_name:TTL1
Q9S9V9	gene_name:FBL23
Q9SI97	gene_name:At2g28710
Q9SIZ5	gene_name:At2g40260
Q9SJA8	gene_name:WRKY17
Q9SL29	gene_name:CNGC15
Q9SMN4	gene_name:At3g48650
Q9SN09	gene_name:SDN4
Q9SNC0	gene_name:MBD5
Q9SSN3	gene_name:TIR
Q9SX68	gene_name:RPL18
Q9XI47	gene_name:SHH1
Q9ZQ19	gene_name:RPA2A
Q9ZUV4	gene_name:OTU1
Q9ZVP8	gene_name:NAC035
Q9ZWI7	gene_name:RER1C
A0A1I9LLC9	gene_name:At3g13240
A0A1I9LQX6	gene_name:At3g29631
A0A1P8APL9	gene_name:POQR
A0A1P8AR40	gene_name:At1g18975
A0A1P8ASM4	gene_name:At1g31555
A0A1P8AWP1	gene_name:At1g73170
A0A1P8AX67	gene_name:At2g35965
A0A1P8B0G6	gene_name:At2g38890
A0A1P8BBQ8	gene_name:At5g45170
A4FVR1	gene_name:GIP1L
A7XDQ9	gene_name:GALT2
F4I1G1	gene_name:At1g29350
F4I629	gene_name:At1g17010
F4I8Q7	gene_name:KMS2
F4IF36	gene_name:FGT1
F4IV45	gene_name:CHR10
F4JAZ8	gene_name:At3g12850
F4JKH6	gene_name:REC2
F4JRQ4	gene_name:At4g24810
F4K5I0	gene_name:At5g14230
O04608	gene_name:At4g01260
O23402	gene_name:UGT84A4
O23523	gene_name:RGGA
O64793	gene_name:At1g67520
O81006	gene_name:FAD4L2
P0DH98	gene_name:CAM3
P10796	gene_name:RBCS-1B
P42825	gene_name:ATJ2
P56786	gene_name:ycf2-A
Q0WPK3	gene_name:ATG18D
Q0WR94	gene_name:At2g25964
Q1G395	gene_name:At3g55252
Q1G3Y2	gene_name:At1g61575
Q2V4L8	gene_name:CEL5
Q42536	gene_name:PORA
Q5XEZ8	gene_name:PUB2
Q5XVC2	gene_name:At3g04820
Q6NMD7	gene_name:At5g53895
Q6NQN5	gene_name:SWEET3
Q8GYT4	gene_name:At1g11020
Q8GZ99	gene_name:HPCA1
Q8H199	gene_name:CRK14
Q8L607	gene_name:SIN2
Q8LBW3	gene_name:LBD12
Q8LGE3	gene_name:ARP6
Q8S8A8	gene_name:At2g04063
Q8S8P6	gene_name:At2g32630
Q8S926	gene_name:ATG8E
Q8S9K7	gene_name:PEX3-2
Q8VY54	gene_name:At1g06500
Q8VZ21	gene_name:MAC9.6
Q8W566	gene_name:At3g15140
Q941D7	gene_name:At2g38905
Q9AST6	gene_name:At1g32410
Q9C5J6	gene_name:IPT9
Q9C7S3	gene_name:At1g42960
Q9C7X0	gene_name:ADR2
Q9C9C5	gene_name:RPL6C
Q9C9U9	gene_name:At1g73620
Q9FI17	gene_name:At5g44480
Q9FI83	gene_name:SPH28
Q9FJ06	gene_name:TBL4
Q9FK86	gene_name:MQJ16.7
Q9FKN6	gene_name:MPI7.7
Q9FM68	gene_name:BAM4
Q9FMW8	gene_name:RIBF1
Q9FNH6	gene_name:NHL3
Q9FXC7	gene_name:At1g67623
Q9LDU5	gene_name:TIFY11A
Q9LEX1	gene_name:CLB
Q9LEX5	gene_name:At3g60980
Q9LHF8	gene_name:T2E22.17
Q9LHM8	gene_name:At3g18905
Q9LMM1	gene_name:CYP86A4
Q9LNB2	gene_name:At1g12330
Q9LS57	gene_name:At3g18330
Q9LTP6	gene_name:At3g20460
Q9LY29	gene_name:ERF115
Q9M0W8	gene_name:At4g05270
Q9M1A6	gene_name:JAL39
Q9M1H3	gene_name:ABCF4
Q9M354	gene_name:AGD6
Q9M840	gene_name:At3g04470
Q9M8T5	gene_name:At3g02930
Q9M8U1	gene_name:CML18
Q9S726	gene_name:RPI3
Q9S818	gene_name:F3H
Q9SCS3	gene_name:At3g50520
Q9SGH5	gene_name:At3g01430
Q9SI19	gene_name:SRS4
Q9SI57	gene_name:GLV6
Q9SI85	gene_name:At1g62630
Q9SKE2	gene_name:JAR1
Q9SPK4	gene_name:PPCK1
Q9SYZ0	gene_name:KCS16
Q9SZP1	gene_name:MYB4
Q9SZT7	gene_name:CYP81D8
Q9ZPS0	gene_name:FBX7
Q9ZVG6	gene_name:At1g26920
Q9ZVH0	gene_name:FEZ
A0A1I9LLT6	gene_name:At3g61660
A0A1P8AN44	gene_name:At1g65110
A0A1P8B285	gene_name:At2g28580
A0A1P8B830	gene_name:At4g26145
A0A1P8BAQ1	gene_name:At5g35067
A0A1P8BE04	gene_name:At5g04933
B3H4V9	gene_name:At3g04181
B9DFG3	gene_name:ISE2
B9DHC9	gene_name:At1g53800
F4HRB9	gene_name:68402.TRNA-PRO-3
F4HVT8	gene_name:At1g80970
F4IKW4	gene_name:At2g41473
F4IXN6	gene_name:PUX6
F4JTY8	gene_name:At4g19760
F4JZX5	gene_name:MJE4.10
F4K5Q7	gene_name:At5g27880
F4KAU9	gene_name:TOL7
O04093	gene_name:LOV1
O22938	gene_name:PXC3
O23205	gene_name:UGT72C1
O23624	gene_name:FPF1
O24598	gene_name:At2g43580
O24610	gene_name:CAP-D3
O48963	gene_name:PHOT1
O80668	gene_name:AVT1A
O82204	gene_name:RPL28A
O82238	gene_name:At2g47690
O82660	gene_name:HCF136
O82811	gene_name:NRT2.1
P26568	gene_name:At1g06760
P43291	gene_name:SRK2A
P56820	gene_name:TIF3D1
P62126	gene_name:rps12-A
P82787	gene_name:PDF1.4
P92534	gene_name:AtMg01000
Q07099	gene_name:PP2A1
Q1H537	gene_name:DVR
Q2V364	gene_name:At5g19315
Q56XW9	gene_name:At3g11745
Q570C8	gene_name:KAT5
Q6NPF9	gene_name:At1g76760
Q6NQG5	gene_name:At1g49170
Q7G192	gene_name:AAO2
Q84J78	gene_name:At4g11060
Q8GXI1	gene_name:At5g25340
Q8L9T9	gene_name:At5g66985
Q8LG88	gene_name:TDT
Q8VYW6	gene_name:GGT1
Q8W4J9	gene_name:RPP8
Q94AB5	gene_name:UGT76E12
Q94AK4	gene_name:RZF1
Q94HW4	gene_name:At1g59171
Q94JW8	gene_name:SPL6
Q9C552	gene_name:APUM23
Q9C977	gene_name:At1g80270
Q9FF19	gene_name:SPH9
Q9FFK0	gene_name:WOX7
Q9FFS5	gene_name:MBK23.7
Q9FFX4	gene_name:KNU
Q9FHS6	gene_name:At5g43190
Q9FK72	gene_name:HSFA4C
Q9FN16	gene_name:At5g67350
Q9FV70	gene_name:E2FC
Q9LF49	gene_name:T10B6_10
Q9LFM3	gene_name:At5g11340
Q9LHD1	gene_name:ABCB15
Q9LL84	gene_name:LIG4
Q9LM84	gene_name:WOX14
Q9LNE6	gene_name:UGT89C1
Q9LPD7	gene_name:At1g44920
Q9LQP3	gene_name:At1g07680
Q9LR33	gene_name:RPL27AB
Q9LS26	gene_name:BSK2
Q9LY84	gene_name:At5g14450
Q9LYJ1	gene_name:T15N1_180
Q9LZR8	gene_name:At5g03700
Q9LZS1	gene_name:TRM28
Q9M272	gene_name:F21F14.100
Q9M811	gene_name:ROPGEF11
Q9M8Y4	gene_name:ARR22
Q9M9C6	gene_name:At1g68410
Q9SH13	gene_name:At1g77880
Q9SIW9	gene_name:At2g16300
Q9SL76	gene_name:At2g20050/At2g20040
Q9SMM8	gene_name:DEK1
Q9SMM9	gene_name:CXE13
Q9SNB1	gene_name:UGT76E11
Q9SRL2	gene_name:RLP34
Q9SU87	gene_name:CDA7
Q9SVU6	gene_name:BHLH23
Q9SVX6	gene_name:F15B8.190
Q9SX26	gene_name:PCR12
Q9SYH4	gene_name:NFYA5
Q9XID9	gene_name:At1g59920
Q9ZSB0	gene_name:SBT3.9
Q9ZSJ0	gene_name:RGXT2
Q9ZSY2	gene_name:ATJ15
Q9ZUE2	gene_name:F5O8.8
Q9ZUX7	gene_name:IPT2
Q9ZVX1	gene_name:UBC23
A0A1I9LPT9	gene_name:At3g46500
A0A1P8ARI1	gene_name:At1g31095
A0A1P8AYU7	gene_name:At2g33350
A0A1P8B013	gene_name:At2g07646
A0A1P8B724	gene_name:At4g22495
A0A1P8BH56	gene_name:At5g03553
A8MR45	gene_name:NOT2A
B3H672	gene_name:At4g17616
B3H7A1	gene_name:At3g49796
B3H7D1	gene_name:At1g26773
B3LF48	gene_name:EHD2
F4HPN2	gene_name:IRE4
F4HR11	gene_name:KIN6
F4IFV5	gene_name:At2g33585
F4IT98	gene_name:At2g03640
F4IUF0	gene_name:At2g20142
F4IV13	gene_name:At2g44735
F4J3P7	gene_name:PHL13
F4JTU8	gene_name:At4g13885
F4JVM4	gene_name:At4g20720
F4K3I2	gene_name:At5g61495
F4KB79	gene_name:GLV9
O03042	gene_name:rbcL
O23710	gene_name:PBB1
O49312	gene_name:YUC7
O49445	gene_name:LECRK72
O49735	gene_name:At4g18320
O65433	gene_name:At4g20190
O65686	gene_name:RPS16-1
O80833	gene_name:At2g45860
O81014	gene_name:ISPE
O81797	gene_name:At4g35660
O82597	gene_name:PPA5
P0CJ46	gene_name:ACT1
P36211	gene_name:RPL12B
P92959	gene_name:RPL24
P93753	gene_name:At2g41920
Q0WRY5	gene_name:PBL7
Q1G3Q1	gene_name:At2g15025
Q1PEI6	gene_name:FAR8
Q27GK5	gene_name:At3g26510
Q3E938	gene_name:At5g26100
Q3E9K9	gene_name:At5g05657
Q3ED94	gene_name:At1g19397
Q43727	gene_name:G6PD1
Q4V3D1	gene_name:HON5
Q5PP39	gene_name:MBK20.2
Q5XF06	gene_name:TIM44-2
Q6NQP5	gene_name:SLD5
Q6R053	gene_name:MYB56
Q8H181	gene_name:At5g28300
Q8H1Z0	gene_name:CER3
Q8L601	gene_name:TRM4B
Q8VY64	gene_name:NFYA4
Q8VYB1	gene_name:MED31
Q8VYR2	gene_name:NUDT9
Q94AI1	gene_name:QWRF2
Q94K13	gene_name:At3g01850
Q94LA6	gene_name:At1g44414
Q9C7Q8	gene_name:SAUR62
Q9C968	gene_name:CYCA2-4
Q9FFT4	gene_name:PDC2
Q9FI70	gene_name:At5g49000
Q9FIF7	gene_name:PCMP-E41
Q9FJR2	gene_name:MQD22.13
Q9FKX3	gene_name:At5g66090
Q9FLR5	gene_name:SMC6A
Q9FMA9	gene_name:At5g38930
Q9FMD8	gene_name:BGLU2
Q9FMF1	gene_name:MSJ1.22
Q9FMS5	gene_name:MS1
Q9FV02	gene_name:SKIP3
Q9FXG6	gene_name:F6F9.27
Q9FZ74	gene_name:At1g13490
Q9LDB0	gene_name:At3g13010
Q9LDR4	gene_name:FK
Q9LEX7	gene_name:T27I15_30
Q9LFM5	gene_name:YUC4
Q9LFM8	gene_name:At5g11290
Q9LJG5	gene_name:At3g14200
Q9LNE8	gene_name:AIPP1
Q9LRS2	gene_name:AXY4L
Q9LS19	gene_name:DTX30
Q9LVY2	gene_name:PEN3
Q9LXU9	gene_name:IRKI
Q9LXX9	gene_name:T5P19_260
Q9LYJ5	gene_name:At5g14650
Q9M1D4	gene_name:VQ26
Q9M1R2	gene_name:At3g62120
Q9M219	gene_name:MTERF18
Q9M9L0	gene_name:APC11
Q9M9T0	gene_name:At1g14315
Q9MAP9	gene_name:At1g32910
Q9SKY1	gene_name:CYSTM4
Q9SLA1	gene_name:At2g25620
Q9SMU4	gene_name:At3g49070
Q9SRW7	gene_name:APK3
Q9XH06	gene_name:LOG9
Q9XIQ2	gene_name:CYP89A6
Q9ZUI4	gene_name:At1g60080
A0A1I9LRZ5	gene_name:At3g28635
A0A1P8AR00	gene_name:At1g64455
A0A1P8AW30	gene_name:At1g59723
A0A1P8AY89	gene_name:At2g10615
A0A1P8B760	gene_name:At4g34880
A0A1P8BAK3	gene_name:At5g57569
A0A1P8BDF2	gene_name:At5g49305
A2RVM8	gene_name:HIPP37
A4D998	gene_name:BHLH75
B3H4H6	gene_name:At5g15853
F4ID12	gene_name:At1g59630
F4IDU4	gene_name:LPCAT1
F4JG98	gene_name:At4g03565
F4JHI7	gene_name:SR34B
F4JKI8	gene_name:At4g28170
F4JSP1	gene_name:ROQH
F4K280	gene_name:At5g67050
F4KEQ5	gene_name:MSG15.1
F4KFU0	gene_name:At5g32613
O04249	gene_name:STP7
O23651	gene_name:TPS01
P0CJ54	gene_name:CRRSP47
P20431	gene_name:AHA3
P92947	gene_name:MDAR5
Q058G5	gene_name:At1g61410
Q0WKV8	gene_name:ULP2A
Q0WN89	gene_name:MQJ2.14
Q0WNP8	gene_name:IQD9
Q1EBV4	gene_name:DDI1
Q2V3L6	gene_name:At4g02733
Q39067	gene_name:CYCB1-2
Q39140	gene_name:TGA6
Q39160	gene_name:XI-1
Q3E7D7	gene_name:At5g19270
Q3E918	gene_name:At5g26970
Q3EB05	gene_name:At3g25720
Q67YC9	gene_name:At4g14100
Q6NNI9	gene_name:At4g32860
Q7XJR2	gene_name:ANTR3
Q84JQ8	gene_name:DOF1.8
Q84TH6	gene_name:DIR23
Q8GWD7	gene_name:At5g53045
Q8GWR2	gene_name:OBAP1B
Q8GXE6	gene_name:AKT6
Q8L493	gene_name:DAAT
Q8LD97	gene_name:GLYI7
Q8LEC0	gene_name:At3g09960
Q8LEF6	gene_name:ABCI11
Q8LNP3	gene_name:OFUT10
Q8RX69	gene_name:At1g15060
Q8VY12	gene_name:MJB21.9
Q93WB5	gene_name:MLP4
Q94AC8	gene_name:GNAT7
Q94AQ7	gene_name:At5g11280
Q94BV4	gene_name:RH6
Q94F47	gene_name:UBC28
Q94ID6	gene_name:ERF12
Q9ASZ6	gene_name:At4g35320
Q9C533	gene_name:PAT22
Q9C618	gene_name:At1g66890
Q9C638	gene_name:WEL2
Q9C6E6	gene_name:At1g35150
Q9C842	gene_name:At1g42710
Q9C9B5	gene_name:At1g73940
Q9C9M0	gene_name:At1g66650
Q9FF41	gene_name:PMI15
Q9FF77	gene_name:PME47
Q9FFC1	gene_name:MRN17.10
Q9FFR5	gene_name:GLXI-LIKE
Q9FFT2	gene_name:At5g54980
Q9FL79	gene_name:EXPA23
Q9FLN1	gene_name:MEE6.5
Q9FLX3	gene_name:At5g52880
Q9FMN0	gene_name:SCP2
Q9FN33	gene_name:At5g53930
Q9FX59	gene_name:At1g13380
Q9LFT1	gene_name:TBL21
Q9LFX8	gene_name:At1g27090
Q9LH93	gene_name:At3g28810
Q9LHT0	gene_name:At5g06060
Q9LIP1	gene_name:At3g26350
Q9LIR4	gene_name:DHAD
Q9LKC2	gene_name:FL1
Q9LQY7	gene_name:At1g26650
Q9LTM6	gene_name:CYP71B17
Q9LTQ1	gene_name:EMB2743
Q9LXF3	gene_name:CASP5
Q9LYS2	gene_name:ABCC10
Q9LZ46	gene_name:At5g02560
Q9M145	gene_name:RTNLB7
Q9MBA1	gene_name:CAO
Q9SA60	gene_name:At1g03100
Q9SA96	gene_name:ADT1
Q9SH22	gene_name:At1g63360
Q9SN26	gene_name:PHYL1.1
Q9SY56	gene_name:At1g10140
Q9XI76	gene_name:ATDAO2
Q9ZTA3	gene_name:AOP1
Q9ZUD4	gene_name:F5O8.16
Q9ZVT1	gene_name:DUF1
A0A1I9LLN7	gene_name:At3g26440
A0A1I9LQ28	gene_name:At3g61410
A0A1P8AUY5	gene_name:At1g29535
A0A1P8BD70	gene_name:At5g17167
A4IJ32	gene_name:At3g12940
B3H5I6	gene_name:At4g24644
B3LFC6	gene_name:AT4G12840.1
B6ETT4	gene_name:SYT2
C0LGU7	gene_name:MDIS1
F4HT07	gene_name:At1g33860
F4HVA0	gene_name:At1g54310
F4I082	gene_name:LTPG6
F4I2G3	gene_name:At1g03687
F4J7P5	gene_name:At3g24542
F4J962	gene_name:At3g46650
F4JIG1	gene_name:LTPG25
F4K8J9	gene_name:At5g28620
O04716	gene_name:MSH6
O22779	gene_name:At2g33270
O49319	gene_name:NMA
O64610	gene_name:At1g70270
O80959	gene_name:PLP6
O81146	gene_name:PAA1
P55231	gene_name:APL3
P82737	gene_name:LCR23
Q0V845	gene_name:At2g16405
Q1PEZ8	gene_name:At2g26160
Q2V2V3	gene_name:PLAT3
Q2V352	gene_name:At5g23212
Q39101	gene_name:FER1
Q5PP29	gene_name:PBL4
Q5XF51	gene_name:3MMP
Q6NLY8	gene_name:HVA22K
Q6NQH1	gene_name:At1g70350
Q6NQP4	gene_name:LRR2
Q6S5G3	gene_name:TOC90
Q6X7J9	gene_name:WOX4
Q84RF4	gene_name:At2g34200
Q84WC6	gene_name:UBP7
Q8GRT9	gene_name:BLP2
Q8GSI6	gene_name:At4g19645
Q8GWS7	gene_name:MCK7.8
Q8GXN3	gene_name:At4g33600
Q8L500	gene_name:APRR9
Q8L9K1	gene_name:ERF13
Q8LC91	gene_name:At1g05575
Q8LFS6	gene_name:BRN1
Q8RXF2	gene_name:MUSE1
Q8VZQ5	gene_name:NAT8
Q8W4P8	gene_name:MEB1
Q8W585	gene_name:FTSH8
Q9C5M7	gene_name:GEMIN2
Q9C915	gene_name:At1g74300
Q9C975	gene_name:At1g80290
Q9C9N7	gene_name:At1g66850
Q9CA64	gene_name:PRE3
Q9CA92	gene_name:At1g79890
Q9FG21	gene_name:ATL71
Q9FGK8	gene_name:SEC16B
Q9FGT1	gene_name:ROS3
Q9FGU5	gene_name:At5g59080
Q9FGX2	gene_name:BZIP1
Q9FH16	gene_name:PRA1G2
Q9FHX5	gene_name:At5g42100
Q9FIL3	gene_name:At5g58990
Q9FL40	gene_name:At5g07060
Q9FLK9	gene_name:MFB13.23
Q9FMB6	gene_name:BIM3
Q9FX82	gene_name:At1g16690
Q9FXB5	gene_name:At1g56660
Q9LE02	gene_name:At1g18290
Q9LF53	gene_name:RGL3
Q9LH88	gene_name:At3g28853
Q9LM24	gene_name:At1g18265
Q9LNE3	gene_name:At1g06030
Q9LNV0	gene_name:At1g07310
Q9LQL1	gene_name:At1g32460
Q9LQY0	gene_name:At1g26720
Q9LXJ3	gene_name:F3C22_110
Q9M0U8	gene_name:FBL21
Q9M1I9	gene_name:F24I3.190
Q9M1L0	gene_name:F18P9_110
Q9M2I6	gene_name:F9D24.210
Q9S7P5	gene_name:SPL12
Q9SCP5	gene_name:UGT73C7
Q9SGE2	gene_name:SMR2
Q9SH55	gene_name:At1g64050
Q9SHY1	gene_name:At1g65740
Q9SL15	gene_name:GRP3
Q9SRM9	gene_name:ALMT8
Q9SSQ1	gene_name:At1g52470
Q9SV28	gene_name:At4g01000
Q9T091	gene_name:VPS26B
Q9XID7	gene_name:F23M19.1
Q9ZQ94	gene_name:UGT73C5
Q9ZR72	gene_name:ABCB1
Q9ZS51	gene_name:PMP22
Q9ZSH7	gene_name:At4g01580
Q9ZSJ6	gene_name:GRP3S
Q9ZV40	gene_name:XTH21
A0A1I9LQ20	gene_name:At3g62500
A8MRV2	gene_name:At1g04778
B3DNP3	gene_name:At3g27180
B3H5G8	gene_name:TRM33
B3H759	gene_name:At5g42504
C0LGR3	gene_name:RGI3
F4HNU6	gene_name:At1g06900
F4HT79	gene_name:At1g47389
F4HV36	gene_name:At1g47780
F4HZZ0	gene_name:At1g35610
F4I169	gene_name:MED15B
F4I274	gene_name:PHL8
F4IRU6	gene_name:At2g31930
F4IV25	gene_name:PAX
F4J1A6	gene_name:At3g09730
F4J3Z2	gene_name:At3g17030
F4J8W8	gene_name:At3g25090
F4JAD2	gene_name:At3g47170
F4JCM3	gene_name:At3g33494
F4JF14	gene_name:EOL1
F4JG86	gene_name:At4g03480
F4JM74	gene_name:At4g35030
F4KJ89	gene_name:At5g59616
O23144	gene_name:PPI1
O49567	gene_name:At4g21260
O81414	gene_name:At4g02310
P0C8Q9	gene_name:At5g19025
Q0WW53	gene_name:At4g38370
Q1PEB1	gene_name:At4g08025
Q1PFH6	gene_name:At1g62530
Q3EAE5	gene_name:At4g00315
Q3EAZ5	gene_name:At3g26616
Q3EBQ3	gene_name:FRS2
Q3KTM0	gene_name:FRO7
Q494P4	gene_name:BPP1
Q66GI4	gene_name:PRORP1
Q67XV7	gene_name:At1g53890
Q6GKV1	gene_name:MDC12.19
Q6IWB2	gene_name:CLE42
Q84MC9	gene_name:At4g40042
Q8GYP3	gene_name:RDM4
Q8L3T0	gene_name:At2g45010
Q8L9S7	gene_name:At3g52920
Q8LEM4	gene_name:ATG8A
Q8RX79	gene_name:APG3
Q8RXZ4	gene_name:At1g79630
Q8RY95	gene_name:SPL14
Q8VYC2	gene_name:At3g20270
Q8VZK4	gene_name:DL4233C
Q8VZR2	gene_name:ASD2
Q93Z01	gene_name:At5g58730
Q93ZY2	gene_name:ROPGEF1
Q94BY1	gene_name:At3g52155
Q94FL9	gene_name:MYB3R4
Q9C5G8	gene_name:At3g54190
Q9C8D9	gene_name:At1g66060
Q9FFR7	gene_name:At5g41630
Q9FFU5	gene_name:MBG8.11
Q9FIG1	gene_name:SBT4.11
Q9FJD5	gene_name:LAC17
Q9FJR3	gene_name:MQD22.12
Q9FKT9	gene_name:NAS2
Q9FMF3	gene_name:EIP9
Q9FVV4	gene_name:RH55
Q9FWX5	gene_name:T14P4.18
Q9FX34	gene_name:At1g73390
Q9LFC2	gene_name:At5g01140
Q9LFJ9	gene_name:UGT78D4
Q9LMK2	gene_name:LSH6
Q9LMN5	gene_name:At1g21200
Q9LNF6	gene_name:At1g48060
Q9LNQ1	gene_name:TIM23-1
Q9LUP3	gene_name:At3g17550
Q9LVI8	gene_name:GLN1-3
Q9LW22	gene_name:SPH21
Q9LW68	gene_name:LSH4
Q9LZQ1	gene_name:TBL6
Q9M012	gene_name:PRA1B5
Q9M0B4	gene_name:At4g30460
Q9M0F3	gene_name:LCR22
Q9M1T6	gene_name:APAP1
Q9M8S0	gene_name:MBS1
Q9M8S7	gene_name:ARS1
Q9M9U9	gene_name:RKD1
Q9MAB3	gene_name:NOP5-2
Q9MAP5	gene_name:SBT3.3
Q9S773	gene_name:MYB97
Q9SA89	gene_name:At1g30740
Q9SHI7	gene_name:UBC34
Q9SKN2	gene_name:DRB2
Q9SLG8	gene_name:SSL2
Q9STL5	gene_name:CEP3
Q9SVG9	gene_name:CML42
Q9T0H9	gene_name:PAM71-HL
Q9T0L6	gene_name:At4g13450
Q9ZQ69	gene_name:At2g03330
Q9ZSI7	gene_name:WRKY47
Q9ZUA2	gene_name:At2g01740
Q9ZUH8	gene_name:HHP3
Q9ZUM8	gene_name:At2g19650
A0A178W5Y7	gene_name:At1g16916
A0A1I9LQM4	gene_name:At3g27640
A0A1P8B6A5	gene_name:SIKIC1
A0A1P8BCT2	gene_name:At5g18735
A0A1P8BG76	gene_name:At5g25755
A8MQ80	gene_name:At5g42895
B3H7A9	gene_name:PXG7
C0LGN2	gene_name:LRR-RLK
F4HQA1	gene_name:VIP2
F4I397	gene_name:At1g36940
F4IDU9	gene_name:At1g12660
F4J030	gene_name:At3g15800
F4J466	gene_name:At3g23685
F4JJH5	gene_name:SBT3.12
F4JL94	gene_name:RSA1
F4JQE9	gene_name:AP22.32
F4JZY1	gene_name:CIP1
F4K1I5	gene_name:At5g42325
F4KHD5	gene_name:RBB1
O04527	gene_name:At1g70190
O22721	gene_name:F11P17.3
O23039	gene_name:ZIP5
O23234	gene_name:CLAMT
O48661	gene_name:SPDSYN2
O81055	gene_name:ASK16
O82253	gene_name:SETH6
O82346	gene_name:At2g46230
P56771	gene_name:petA
P93311	gene_name:RPL2-N
Q06548	gene_name:PBL9
Q0V869	gene_name:OTU11
Q38853	gene_name:STR15
Q39054	gene_name:CNX1
Q3E709	gene_name:At5g52965
Q3EAV6	gene_name:GDU6
Q42406	gene_name:CYP18-4
Q42418	gene_name:PRF2
Q42553	gene_name:IPP2
Q42588	gene_name:SAT1
Q564K3	gene_name:CAPH
Q6NMH5	gene_name:At3g16760
Q84VV1	gene_name:At5g41270
Q8H2D5	gene_name:POLH
Q8L4D8	gene_name:IQD31
Q8L8T7	gene_name:COR27
Q8LE47	gene_name:PPR336
Q8RWB8	gene_name:UPL6
Q8VY08	gene_name:LCMT1
Q8W1B3	gene_name:CRR9
Q8W246	gene_name:ZIP7
Q93Z53	gene_name:PKP3
Q944S5	gene_name:At3g28670
Q94BT9	gene_name:ATX1
Q94EI6	gene_name:At2g40630
Q9C564	gene_name:T8E3.5
Q9C6U1	gene_name:MYB83
Q9C6Y3	gene_name:CYCA1-1
Q9FFR9	gene_name:CHX18
Q9FGN4	gene_name:At5g51370
Q9FHM8	gene_name:LRR-RLK
Q9FLL0	gene_name:AGL75
Q9FMN5	gene_name:MBD2.3
Q9FQ02	gene_name:XRN2
Q9FT52	gene_name:At3g52300
Q9FV50	gene_name:MAP1D
Q9FXD2	gene_name:At1g67660
Q9FXH6	gene_name:CNGC8
Q9FZC1	gene_name:T1K7.27
Q9LDS6	gene_name:CRK32
Q9LDW5	gene_name:MYB109
Q9LE60	gene_name:At3g15350
Q9LNV9	gene_name:RLP1
Q9LPK9	gene_name:At1g21500
Q9LU40	gene_name:MSR1
Q9LVD4	gene_name:ORP4C
Q9LVL5	gene_name:WNK4
Q9LW52	gene_name:KRATOS
Q9M1G0	gene_name:F9K21.50
Q9M7J9	gene_name:POT8
Q9M9C8	gene_name:At1g68430
Q9SE60	gene_name:MTHFR1
Q9SFD1	gene_name:PGA3
Q9SG83	gene_name:T7M13.15
Q9SHV2	gene_name:GLR2.3
Q9SIC6	gene_name:PMEI5
Q9SKG8	gene_name:At2g13760
Q9SSF9	gene_name:At1g74750
Q9SYF3	gene_name:F15I1.5
Q9SYI2	gene_name:ABCB3
Q9SZ59	gene_name:ADM
Q9SZE8	gene_name:LBD39
Q9SZP8	gene_name:EIF4B3
Q9T0E5	gene_name:TRM10
Q9XFH8	gene_name:At3g02730
Q9XI87	gene_name:VIK
Q9ZQA4	gene_name:PME14
Q9ZU93	gene_name:PUX2
Q9ZW81	gene_name:BHLH129
Q9ZWA9	gene_name:CRD
Q9ZWT1	gene_name:LIP1
A0A1P8BGX5	gene_name:At5g27607
A0A1P8BHB2	gene_name:At5g38747
B3H5B9	gene_name:At1g18486
C0LGX1	gene_name:At5g65240
C0SUU8	gene_name:JMJ26
F4HR52	gene_name:At1g27170
F4HRA1	gene_name:CYP76C5
F4HW04	gene_name:POL2A
F4IDJ2	gene_name:YUP8H12R.22
F4IJ08	gene_name:At2g40900
F4IMW1	gene_name:At2g36360
F4IQQ9	gene_name:BHLH138
F4IU60	gene_name:At2g44580
F4IYH6	gene_name:AIPP2
F4IZU3	gene_name:UNE6
F4J3F3	gene_name:At3g57570
F4J6V5	gene_name:At3g52270
F4J9W8	gene_name:At3g18860
F4JAP6	gene_name:At3g60286
F4JRJ6	gene_name:At4g18465
F4K1I0	gene_name:At5g42280
F4KCI8	gene_name:At5g09240
F4KCZ4	gene_name:At5g38950
O22165	gene_name:RPL24C
O49608	gene_name:MYB32
O64713	gene_name:At2g02640
O64722	gene_name:ZHD3
P0CI03	gene_name:NPF5.6
P57751	gene_name:UGP1
P82727	gene_name:LCR12
P93318	gene_name:AtMg00660
P93836	gene_name:HPD
Q00958	gene_name:LFY
Q0WLC7	gene_name:CBSCBSPB4
Q0WP65	gene_name:At4g32440
Q0WPI9	gene_name:At3g53100
Q0WVG1	gene_name:At2g46380
Q1EBV6	gene_name:BPM5
Q1G3Q4	gene_name:RITF1
Q39222	gene_name:RABA1B
Q3E8E5	gene_name:TGG3
Q5BPT4	gene_name:VIL3
Q5S4Y8	gene_name:At2g04515
Q5XEY7	gene_name:PCMP-E17
Q6IWB1	gene_name:CLE43
Q6NLF7	gene_name:LTPG7
Q7G959	gene_name:PRXIIA
Q7XYW9	gene_name:EXO70G1
Q84ME1	gene_name:LUL3
Q84WL6	gene_name:WDL3
Q8GXH2	gene_name:At1g29030
Q8GY13	gene_name:At2g38500
Q8GYE8	gene_name:NSUN5
Q8GYK6	gene_name:At2g32840
Q8GZ26	gene_name:BRN2
Q8L776	gene_name:NPU
Q8RWA7	gene_name:MEE4
Q8RWG5	gene_name:FOCL1
Q8RXL7	gene_name:ARL
Q8VXV8	gene_name:At3g20300
Q93XM7	gene_name:BOU
Q944G6	gene_name:At4g03150
Q949N7	gene_name:At3g26890
Q94AZ5	gene_name:At2g45060
Q94FB9	gene_name:ABCD1
Q9C909	gene_name:RBG5
Q9FF50	gene_name:MUP24.12
Q9FGP6	gene_name:NFYC5
Q9FHJ1	gene_name:MFC19.12
Q9FHN8	gene_name:KIN14E
Q9FJ79	gene_name:TOP1B
Q9FKL9	gene_name:XTH12
Q9FM74	gene_name:MDF20.8
Q9FMJ9	gene_name:MDC12.21
Q9FY88	gene_name:T5E8_70
Q9FZ47	gene_name:ACR11
Q9LHN1	gene_name:At3g18880
Q9LIC6	gene_name:PRA1F3
Q9LJQ7	gene_name:At3g18230
Q9LNZ6	gene_name:At1g44010
Q9LTC0	gene_name:PBL19
Q9LUJ0	gene_name:At3g22710
Q9LVA4	gene_name:MMI9.18
Q9LXP2	gene_name:F26G5_160
Q9M0W1	gene_name:At4g05340
Q9M1A7	gene_name:JAL38
Q9M2T7	gene_name:T22E16.80
Q9M8T3	gene_name:At3g02910
Q9S745	gene_name:PAD4
Q9S7E4	gene_name:FDH1
Q9SA51	gene_name:LBD3
Q9SF47	gene_name:PAH1
Q9SI74	gene_name:PMEI10
Q9SJ16	gene_name:At2g21830
Q9SRK5	gene_name:LSF2
Q9STP8	gene_name:ACBP2
Q9T0H8	gene_name:DIR18
Q9ZQ97	gene_name:UGT73C4
Q9ZV75	gene_name:At2g07190
Q9ZVX7	gene_name:ATSYF2
A0A1P8AVE9	gene_name:At1g06720
A0A1P8AX52	gene_name:At2g13275
A0A1P8B973	gene_name:At4g29037
A8MQX9	gene_name:At4g22517
A8MS72	gene_name:At4g35655
B3H617	gene_name:At3g04184
B9DFU2	gene_name:CYP711A1
F4IRP0	gene_name:At2g25370
F4IV59	gene_name:At2g04190
F4J5F6	gene_name:At3g30220
F4JMV6	gene_name:IQD25
F4JP36	gene_name:HAP2
F4JRP0	gene_name:At4g18820
F4JW44	gene_name:At4g39630
F4K2V9	gene_name:At5g27300
F4KDI6	gene_name:At5g58100
F4KEL0	gene_name:SBT5.5
F4KFD8	gene_name:LIP2
O23290	gene_name:RPL36AA
O49378	gene_name:At4g32140
O49433	gene_name:EMB1895
O80806	gene_name:CYP96A3
O80883	gene_name:MYB101
O81782	gene_name:REM6
P0C2F8	gene_name:At1g64540
P42643	gene_name:GRF1
P93275	gene_name:AtMg00010
P93291	gene_name:AtMg00260
P93812	gene_name:F19P19.6
Q06738	gene_name:RD29A
Q0V805	gene_name:At1g21090
Q0WQX7	gene_name:RBL1
Q1H5A5	gene_name:At5g18760
Q1PFY3	gene_name:OMG1
Q2V478	gene_name:At2g19802
Q3E9D3	gene_name:PME55
Q5G5D8	gene_name:PIRL7
Q68KI4	gene_name:NHX1
Q700D8	gene_name:EDA31
Q7X9H9	gene_name:AGL93
Q7Y1C5	gene_name:BRCA2A
Q84WT5	gene_name:At4g33820
Q8GUP0	gene_name:At1g17680
Q8GX25	gene_name:At1g76250
Q8GXV2	gene_name:CXXS2
Q8L608	gene_name:At5g61250
Q8L7A4	gene_name:AGD11
Q8L7D5	gene_name:CYP708A2
Q8L7G1	gene_name:At4g25330
Q8LB65	gene_name:FKBP17-3
Q8LF18	gene_name:At4g27657
Q8LF80	gene_name:CDKB2-1
Q8LGU7	gene_name:TRZ1
Q8VYE4	gene_name:NPF4.5
Q8VZU1	gene_name:At2g39725
Q93VP4	gene_name:At1g07470
Q93Z17	gene_name:HLP
Q93ZB1	gene_name:LOL1
Q93ZF7	gene_name:At4g33140
Q941A0	gene_name:SDH4
Q941D6	gene_name:HDA14
Q944A7	gene_name:BSK1
Q949Q7	gene_name:SCPL29
Q96291	gene_name:BAS1
Q9C5C5	gene_name:At1g07700
Q9C6L2	gene_name:ISTL2
Q9C6X9	gene_name:At1g44080
Q9C717	gene_name:FLXL3
Q9C8L4	gene_name:GLY3
Q9C9R3	gene_name:TRM112B
Q9CA28	gene_name:TKPR2
Q9FGH4	gene_name:At5g58480
Q9FH66	gene_name:CYP71A16
Q9FI86	gene_name:EIF3G2
Q9FKA5	gene_name:At5g39570
Q9FKP1	gene_name:CCX1
Q9FKT7	gene_name:MDA7.16
Q9FN44	gene_name:MYJ24.15
Q9LDM2	gene_name:RRP45A
Q9LF80	gene_name:XXT3
Q9LF87	gene_name:F8J2_220
Q9LQF0	gene_name:TCP23
Q9LQZ5	gene_name:SRS5
Q9LTB4	gene_name:At5g38000
Q9LUH6	gene_name:At5g43180
Q9LVQ3	gene_name:ATDOB15
Q9M1J8	gene_name:F24I3.80
Q9M2D0	gene_name:At3g61340
Q9M358	gene_name:At3g61800
Q9SA35	gene_name:ALIS4
Q9SBA7	gene_name:STP8
Q9SD91	gene_name:MCT2
Q9SKZ2	gene_name:CAF1-7
Q9SQG2	gene_name:APY1
Q9SRV0	gene_name:KIB4
Q9SRY5	gene_name:GSTF7
Q9SSS9	gene_name:ATPD
Q9STY0	gene_name:PEX11B
Q9SU79	gene_name:PAO5
Q9SX48	gene_name:STP9
A0A1I9LTP0	gene_name:At3g62510
A0A1P8AME6	gene_name:At1g10875
A0A1P8APA8	gene_name:At1g30590
A0A1P8AXR6	gene_name:At2g39375
A0A1P8BAU6	gene_name:At5g01950
A8MQY9	gene_name:At2g33847
A8MRY9	gene_name:UGNT1
B3H5B6	gene_name:At3g19035
F4I171	gene_name:MED15A
F4I1R5	gene_name:At1g49420
F4I8R6	gene_name:OFP12
F4J173	gene_name:ATFDB18
F4JDS7	gene_name:At3g41762
F4JJP1	gene_name:At4g27595
F4JZ42	gene_name:TRM4G
F4K6B8	gene_name:RGI4
F4K719	gene_name:At5g28090
O23024	gene_name:YUC3
O23647	gene_name:SBE2.1
O24407	gene_name:IAA16
O64560	gene_name:At2g19270
O65431	gene_name:GALS3
O65683	gene_name:BZIP11
O65915	gene_name:At2g19220
O80634	gene_name:PNSL1
O80722	gene_name:PME4
O82290	gene_name:SKL2
O82374	gene_name:At2g29820
O82376	gene_name:At2g29800
O82796	gene_name:PSP
P0DKJ2	gene_name:miPEP319a
P42736	gene_name:RAP2-3
P92563	gene_name:AtMg01330
Q0WVZ1	gene_name:At3g03305
Q1G3F7	gene_name:At5g19485
Q1PFW1	gene_name:At1g15320
Q3E7U8	gene_name:At5g26620
Q3E8I3	gene_name:At5g42965
Q3EAA9	gene_name:At4g04985
Q3EB10	gene_name:At3g24640
Q4PSF2	gene_name:At5g20560
Q501F5	gene_name:At4g26980
Q56ZQ3	gene_name:VSR4
Q58FT9	gene_name:At5g38060
Q58G33	gene_name:TET14
Q5YGP8	gene_name:PLT1
Q66GP5	gene_name:At2g42230
Q6AWV8	gene_name:At3g22510
Q6NLU9	gene_name:At2g33690
Q84JD5	gene_name:PP2C68
Q8GW29	gene_name:LOG7
Q8GXG1	gene_name:At3g16150
Q8LDR8	gene_name:At3g15357
Q8VZF3	gene_name:GEP
Q93ZG3	gene_name:ATCSA-1
Q94HW2	gene_name:RE1
Q9C5X9	gene_name:HAC1
Q9C6Z3	gene_name:PDH-E1
Q9C763	gene_name:At1g42190
Q9C876	gene_name:CGS2
Q9C8P1	gene_name:F7P12.1
Q9C9T5	gene_name:At1g73770
Q9CAH1	gene_name:At1g72540
Q9CAX6	gene_name:RPS14B
Q9FFP0	gene_name:MBK5.22
Q9FHB6	gene_name:DTX16
Q9FIR1	gene_name:AHL8
Q9FIR7	gene_name:MXC17.7
Q9FJ91	gene_name:MSG15.9
Q9FKF7	gene_name:MSRA1
Q9FL89	gene_name:At5g39180
Q9FMV1	gene_name:GAMMACAL1
Q9FVT1	gene_name:At1g57730
Q9FX08	gene_name:At1g47380
Q9LE73	gene_name:NUDT4
Q9LKR3	gene_name:BIP1
Q9LQT8	gene_name:GAI
Q9LRK8	gene_name:CRRSP29
Q9LRM1	gene_name:CRRSP18
Q9LS01	gene_name:AOC3
Q9LS10	gene_name:At5g38100
Q9LXR3	gene_name:T20N10_240
Q9LZM7	gene_name:PRA1A1
Q9M7K4	gene_name:POT5
Q9SB64	gene_name:NBR1
Q9SCT3	gene_name:T18N14.130
Q9SD44	gene_name:F24M12.50
Q9SD84	gene_name:PDCB2
Q9SIN3	gene_name:LEA25
Q9SLE0	gene_name:At2g16790
Q9SMX5	gene_name:AGD4
Q9SRL8	gene_name:LBD21
Q9STE5	gene_name:RPP13L2
Q9SUF6	gene_name:At4g08240
Q9SYK5	gene_name:At1g05640
Q9SZY2	gene_name:SBT3.7
Q9XIK4	gene_name:At1g10490
Q9XJ36	gene_name:CLPR2
Q9ZT16	gene_name:AGP4
Q9ZUN8	gene_name:HTD1
A0A1I9LRE7	gene_name:At3g21165
A0A1P8ATM6	gene_name:HEB1
A0A1P8B7J0	gene_name:At4g20735
A0A1P8B9P9	gene_name:PL1
A0A1P8BF78	gene_name:At5g37793
B3H5G5	gene_name:At1g20135
F4HNW4	gene_name:At1g07025
F4HRC1	gene_name:THO5A
F4HT76	gene_name:At1g47350
F4I6G4	gene_name:JMJ18
F4I8Q8	gene_name:YUP8H12.1
F4IPL2	gene_name:At2g18070
F4J9U2	gene_name:At3g12590
F4J9Y1	gene_name:At3g18957
F4JDL5	gene_name:At3g20362
F4JDQ4	gene_name:At3g26800
F4JPV2	gene_name:At4g11970
F4JRX3	gene_name:At4g31210
F4K746	gene_name:MNJ8.130
O64622	gene_name:At2g18920
O81062	gene_name:SPP
P19171	gene_name:CHI-B
P53492	gene_name:ACT7
P57741	gene_name:PFD3
P82869	gene_name:CYP37
P93050	gene_name:RKF3
Q0WNR6	gene_name:ARID5
Q0WQ63	gene_name:At3g05150
Q0WRB9	gene_name:PUP8
Q0WUA3	gene_name:ABC4
Q0WUB8	gene_name:At4g17900
Q1PDW8	gene_name:At5g14860
Q29PX7	gene_name:At1g19540
Q2V3S0	gene_name:At3g27831
Q39265	gene_name:ZFP6
Q3EBC5	gene_name:SAUR73
Q4PSK3	gene_name:FLZ16
Q56Y74	gene_name:MORC6
Q6NM36	gene_name:At5g20110
Q8GX94	gene_name:MQB2.1
Q8GYF5	gene_name:WAKL21
Q8H2D1	gene_name:REM8
Q8L718	gene_name:ALB3L2
Q8L7A5	gene_name:At1g09920
Q8LC79	gene_name:GATA18
Q8LFH6	gene_name:ADF12
Q8RY83	gene_name:PUP13
Q8S3D1	gene_name:BHLH68
Q8VYP5	gene_name:PAT14
Q93ZX4	gene_name:At1g56290
Q944R1	gene_name:At4g13710
Q94KB1	gene_name:MLO14
Q9C502	gene_name:At1g33340
Q9C757	gene_name:INT2
Q9FFI5	gene_name:NAC086
Q9FFK6	gene_name:NUP88
Q9FGK9	gene_name:MAG5
Q9FHJ6	gene_name:RPA1C
Q9FKU6	gene_name:MDA7.2
Q9FZ35	gene_name:PRP1
Q9FZ95	gene_name:PUP3
Q9LDN8	gene_name:At3g15280
Q9LE16	gene_name:BRIX1-1
Q9LFN3	gene_name:At5g11230
Q9LIC2	gene_name:TMN7
Q9LJ87	gene_name:CDC73
Q9LPU1	gene_name:T22I11.11
Q9LQ65	gene_name:BZIP4
Q9LRL6	gene_name:CRRSP23
Q9LSL7	gene_name:At5g65580
Q9LSV5	gene_name:At3g25470
Q9LSZ0	gene_name:APO4
Q9LUF9	gene_name:MBA10.7
Q9LUG8	gene_name:At3g23600
Q9LUH8	gene_name:HSFA6b
Q9MAA9	gene_name:At3g05100
Q9S777	gene_name:4CL3
Q9SCP7	gene_name:NANMT1
Q9SCV4	gene_name:BGAL8
Q9SFF1	gene_name:SKS7
Q9SG15	gene_name:T1G12.4
Q9SGT1	gene_name:PUB57
Q9SID0	gene_name:At2g31390
Q9SIW7	gene_name:At2g16340
Q9SJ28	gene_name:At2g21690
Q9SJN3	gene_name:At2g36220
Q9SKW5	gene_name:ERF055
Q9SR87	gene_name:LECRK61
Q9SRW9	gene_name:CSLD5
Q9SX77	gene_name:SDH5
Q9SYA6	gene_name:NRPB10L
Q9XFH4	gene_name:DDM1
Q9XIB4	gene_name:At1g49475
Q9ZNV9	gene_name:AHP1
Q9ZPT2	gene_name:At2g14070
Q9ZPY6	gene_name:ARF11
Q9ZUF7	gene_name:At2g05910
Q9ZV89	gene_name:TBL42
Q9ZVH4	gene_name:CUL3A
Q9ZVI2	gene_name:At2g38600
A0A1P8ARQ6	gene_name:At1g39070
A0A1P8B0G0	gene_name:At2g32487
A0A1P8B1G7	gene_name:PROSCOOP21
A0A1P8B242	gene_name:At2g44993
A0A1P8B7R0	gene_name:At4g21515
A0A1P8BDW1	gene_name:At5g11565
A8MR31	gene_name:AFR1
A8MRI4	gene_name:At5g36657
B3H5K9	gene_name:NEDD1
F4I1F3	gene_name:At1g29270
F4I3X3	gene_name:At1g70100
F4IKR5	gene_name:At2g35540
F4ILY9	gene_name:AVT3B
F4IP13	gene_name:SGR6
F4IV34	gene_name:CYP704A1
F4J306	gene_name:At3g29305
F4JN47	gene_name:At4g35670
F4K856	gene_name:MXM12.5
O22961	gene_name:At2g34080
O23712	gene_name:PAF2
O48573	gene_name:LAZ5
O64477	gene_name:At2g19130
O64649	gene_name:At2g45700
O64705	gene_name:PCMP-E23
O65454	gene_name:At4g22060
O80735	gene_name:JAL16
O80844	gene_name:At2g45750
O80846	gene_name:TRM6
O81765	gene_name:PEX4
O81822	gene_name:HSP17.7
O82286	gene_name:BPC7
P0CAY0	gene_name:At4g14272
P0DH79	gene_name:CBSCBSPB5
P0DO12	gene_name:FLZ18
P56809	gene_name:ycf15-A
Q0WR80	gene_name:At3g17145
Q39258	gene_name:VHA-E1
Q3EBY8	gene_name:SDC
Q3EDD3	gene_name:At1g13550
Q42522	gene_name:GSA2
Q56XB0	gene_name:At3g05727
Q56XG6	gene_name:RH15
Q5PP62	gene_name:SPX3
Q67Y04	gene_name:At5g17610
Q75W54	gene_name:EBM
Q7X6Y7	gene_name:MMD1
Q84JS1	gene_name:PAE6
Q84MD7	gene_name:At1g72880
Q84VZ6	gene_name:IMP1B
Q8GUM3	gene_name:AAP5
Q8GWH4	gene_name:At1g05785
Q8GX70	gene_name:At3g29034
Q8H0Y8	gene_name:WRKY41
Q8L7K7	gene_name:At1g75400
Q8LC30	gene_name:RAP2-1
Q8S2W4	gene_name:AGP23
Q93Z30	gene_name:BHP
Q940Y7	gene_name:BUP
Q94AX5	gene_name:PAM71
Q94CC0	gene_name:At5g49945
Q9C5P4	gene_name:SUVH3
Q9C703	gene_name:T18C15_5
Q9C737	gene_name:At1g48690
Q9CAB6	gene_name:UEV1B
Q9CAN1	gene_name:RBL2
Q9FHF4	gene_name:VICTL
Q9FHZ1	gene_name:SCL23
Q9FHZ3	gene_name:VQ33
Q9FJX0	gene_name:CYP65
Q9FKH6	gene_name:At5g35735
Q9FND8	gene_name:At5g40400
Q9FZ87	gene_name:GH3.17
Q9LEX6	gene_name:At3g60960
Q9LH79	gene_name:SWEET2
Q9LMT2	gene_name:PAPS1
Q9LS24	gene_name:NAC096
Q9LSS2	gene_name:At5g60250
Q9LT91	gene_name:PER66
Q9LTX3	gene_name:PPOX1
Q9LUA1	gene_name:CLE27
Q9LXA9	gene_name:BHLH61
Q9LXG7	gene_name:PEG9
Q9LXV0	gene_name:UGT92A1
Q9LY28	gene_name:APC3
Q9LYK7	gene_name:PES
Q9M038	gene_name:SFC1
Q9M1E6	gene_name:DOF3.2
Q9M9P5	gene_name:HRU1
Q9S785	gene_name:At3g07690
Q9S7N7	gene_name:PSAG
Q9S850	gene_name:SOX
Q9SCZ8	gene_name:F26O13.150
Q9SID3	gene_name:At2g31350
Q9SJ61	gene_name:CPK25
Q9SKM0	gene_name:At2g15180
Q9SS68	gene_name:MCTP14
Q9SV43	gene_name:PLP7
Q9ZSA8	gene_name:DLO1
Q9ZSJ1	gene_name:T15B16.6
Q9ZWB8	gene_name:RIC8
A0A1P8B731	gene_name:At4g22940
A1L4Y4	gene_name:At5g61510
B3H504	gene_name:At1g76994
F4HPS6	gene_name:At1g53200
F4HWZ0	gene_name:PRP18B
F4I1L3	gene_name:ACC2
F4I4A6	gene_name:NOG1-2
F4J5R1	gene_name:At3g52100
F4JBG6	gene_name:At3g32960
F4JIF4	gene_name:NET1B
F4JJ23	gene_name:NEN4
F4JYD3	gene_name:At5g35300
F4JYE8	gene_name:MYC6.17
F4K7D1	gene_name:RTP5
O04659	gene_name:PCMP-E14
O22763	gene_name:BZIP10
O22824	gene_name:FH2
O49340	gene_name:CYP71A12
O65377	gene_name:At1g12020
O80437	gene_name:GPAT6
O81071	gene_name:At2g29020
O81900	gene_name:DYT1
O82166	gene_name:AHL21
P23321	gene_name:PSBO1
P46864	gene_name:KIN14M
P92530	gene_name:AtMg00940
Q147F2	gene_name:ATG14A
Q1G3A2	gene_name:At3g28899
Q1G3E8	gene_name:At1g35255
Q1JPM1	gene_name:MPA24.11
Q1PEA4	gene_name:At4g09850
Q37145	gene_name:ACA1
Q38846	gene_name:ERS1
Q38922	gene_name:RABB1B
Q39228	gene_name:STP4
Q3E6Q4	gene_name:At5g49015
Q3E8H4	gene_name:PROSCOOP1
Q42566	gene_name:SEH
Q56Y59	gene_name:At4g26490
Q6ICX5	gene_name:At5g28910
Q6NLD5	gene_name:ERF015
Q6NLG5	gene_name:At2g03110
Q6NME7	gene_name:TEN1
Q6NNP0	gene_name:ATG16
Q7PCC6	gene_name:FDP
Q8GWE3	gene_name:At1g14990
Q8H101	gene_name:At1g10660
Q8H960	gene_name:TOM2B
Q8L7N2	gene_name:At1g09150
Q8LAH7	gene_name:OPR1
Q8LAX3	gene_name:PEP3
Q8LCY3	gene_name:At1g76185
Q8LF12	gene_name:At5g20550
Q8RY74	gene_name:PUP22
Q8RYD6	gene_name:DPBF2
Q8VWK4	gene_name:TRB1
Q8VYZ3	gene_name:PME53
Q94A68	gene_name:At1g06690
Q94K68	gene_name:At5g27560
Q9C504	gene_name:SWIB5
Q9C827	gene_name:At1g52360
Q9CAR5	gene_name:GGT4
Q9FFF6	gene_name:JOX2
Q9FHZ5	gene_name:MGN6.20
Q9FIW9	gene_name:ZHD10
Q9FMV4	gene_name:MED30
Q9FT51	gene_name:ABCG27
Q9FV51	gene_name:MAP1C
Q9FYE4	gene_name:CML50
Q9FYG4	gene_name:GLOX1
Q9LF02	gene_name:ELF9
Q9LF64	gene_name:ATL52
Q9LK50	gene_name:ABCG26
Q9LRB0	gene_name:LCBK1
Q9LSR9	gene_name:LECRK18
Q9LU14	gene_name:APG
Q9LVX2	gene_name:SPH31
Q9LW19	gene_name:At3g26910
Q9LX29	gene_name:ACR4
Q9LX66	gene_name:HERK1
Q9LXT4	gene_name:PCO5
Q9LY75	gene_name:CYP63
Q9M122	gene_name:At4g01600
Q9M1I2	gene_name:NPF5.4
Q9M1Q2	gene_name:T17J13.180
Q9M7X7	gene_name:RPL29A
Q9S7Q7	gene_name:FLC
Q9SAA9	gene_name:CYP51G1
Q9SAH5	gene_name:PLMT
Q9SHH8	gene_name:GSTU26
Q9SI11	gene_name:At2g04220
Q9SIS4	gene_name:IP5P9
Q9SJQ1	gene_name:PXC1
Q9SR64	gene_name:ENT2
Q9STP4	gene_name:BGLU9
Q9SV15	gene_name:WRKY11
Q9SVL1	gene_name:F18B3.160
Q9SVM9	gene_name:CER26
Q9SZV1	gene_name:At4g29980
Q9ZUI0	gene_name:At2g24130
A0A1I9LSC0	gene_name:At3g07030
A0A1P8B2V7	gene_name:At2g07658
A0A1P8B5V4	gene_name:At4g16983
A0MDQ1	gene_name:URM1-1
A8MQP7	gene_name:ESFL7
A8MS31	gene_name:PROSCOOP7
B1WCA5	gene_name:At3g49307
B3H6B3	gene_name:At1g44941
B3H6X6	gene_name:At2g12461
F4HX45	gene_name:At1g62130
F4HYC5	gene_name:At1g35375
F4I9M9	gene_name:At1g51720
F4IFN0	gene_name:At2g21030
F4IJL5	gene_name:At2g28755
F4IKF3	gene_name:At2g22720
F4J794	gene_name:DJC82
F4JT39	gene_name:At4g13600
F4JU16	gene_name:At4g19970
F4JUP8	gene_name:At4g14301
F4JYT3	gene_name:At5g54050
F4K4D6	gene_name:PDP1
F4K742	gene_name:At5g28420
F4KFT8	gene_name:At5g32590
F4KHA1	gene_name:At5g33406
O22133	gene_name:BEN1
O23231	gene_name:C7A10.860
O23357	gene_name:SBT4.2
O48779	gene_name:BGLU33
O49203	gene_name:NDPK3
O49513	gene_name:RABA1E
O65555	gene_name:At4g30940
P0C5K5	gene_name:FH21B
P0C945	gene_name:At1g21580
P0CG07	gene_name:SCRA
P24102	gene_name:PER22
P27202	gene_name:PSBR
P42735	gene_name:At4g19070
P48002	gene_name:KNAT5
P49693	gene_name:RPL19C
P92541	gene_name:AtMg01090
Q0WPX9	gene_name:PI4KB2
Q147F9	gene_name:At3g50940
Q1G3A0	gene_name:At3g43432
Q1PFH8	gene_name:CPK19
Q1PFT7	gene_name:At1g22100
Q3E7F6	gene_name:At1g55365
Q3EBP0	gene_name:At2g33705
Q500V2	gene_name:FLY2
Q56W79	gene_name:MGH6.15
Q5XV34	gene_name:At5g25500
Q6NL13	gene_name:At5g37840
Q7XZU2	gene_name:SAC3
Q84L32	gene_name:RAD23A
Q8GV43	gene_name:PLC6
Q8H1S2	gene_name:ATDOA9
Q8L4Y2	gene_name:LPAT4
Q8LFL5	gene_name:At1g49975
Q8VWK0	gene_name:RPN5B
Q8W4F0	gene_name:DAR1
Q93ZI4	gene_name:BGLU10
Q945P8	gene_name:LSM1A
Q94B08	gene_name:GCP1
Q94BN1	gene_name:At4g40050
Q9C6P5	gene_name:At1g50680
Q9FH98	gene_name:At5g67150
Q9FHS7	gene_name:MNJ8.20
Q9FJU2	gene_name:At5g56700
Q9FKK6	gene_name:At5g60370
Q9FM92	gene_name:At5g56390
Q9FMK6	gene_name:At5g63170
Q9FY51	gene_name:HPAT3
Q9FYH7	gene_name:VSR6
Q9FZ99	gene_name:SMG7L
Q9LE31	gene_name:At4g08760
Q9LHH7	gene_name:FOLD2
Q9LIR5	gene_name:At3g23930
Q9LJX6	gene_name:At3g20230
Q9LSH2	gene_name:GAD5
Q9LSS7	gene_name:NEDP1
Q9LT78	gene_name:RD21C
Q9LUD3	gene_name:CYP72A7
Q9M076	gene_name:PFK6
Q9M221	gene_name:T8B10_40
Q9M338	gene_name:AKR4C11
Q9M353	gene_name:CHX20
Q9M7Q7	gene_name:PCNA
Q9M9H3	gene_name:EML
Q9S7P9	gene_name:SNAP33
Q9S9V8	gene_name:FBL9
Q9SCV8	gene_name:BGAL4
Q9SK87	gene_name:At1g22440
Q9SKV8	gene_name:At1g36100
Q9SPG7	gene_name:MYB43
Q9STI0	gene_name:CYP706A5
Q9SWX9	gene_name:ILL5
Q9SZG0	gene_name:HHP4
Q9XI04	gene_name:F8K7.16
Q9XIC5	gene_name:NAC017
Q9ZU88	gene_name:At2g48000
Q9ZV78	gene_name:At2g07140
A0A1P8AM80	gene_name:At1g01715
A0A1P8APF4	gene_name:At1g07480
A0A1P8APQ0	gene_name:CW7
A0A1P8B682	gene_name:At4g38005
A7REG5	gene_name:At1g77682
B3H6C3	gene_name:At4g35733
F4HSY6	gene_name:At1g27565
F4I2G1	gene_name:At1g03670
F4I4Y6	gene_name:At1g50140
F4IHC8	gene_name:At2g05752
F4IIL3	gene_name:At2g22088
F4J0B5	gene_name:EXT16
F4J311	gene_name:At3g29340
F4J9A0	gene_name:NODGS
F4JA83	gene_name:At3g32260
F4JML6	gene_name:At4g16807
F4JRR1	gene_name:COG2
F4JT76	gene_name:VPS54
O22806	gene_name:BUBR1
O22967	gene_name:CDF4
O23659	gene_name:At2g33720
O80579	gene_name:At2g44090
O80931	gene_name:AS1
O81005	gene_name:VQ12
O82226	gene_name:CNGC6
O82380	gene_name:PCMP-H33
P0C8L4	gene_name:At4g26485
P34893	gene_name:CPN10
Q0H8D7	gene_name:NBS1
Q0WMZ7	gene_name:BCM2
Q0WVE9	gene_name:At1g05030
Q2V354	gene_name:At5g23035
Q39065	gene_name:COPT1
Q3ECR5	gene_name:At1g53265
Q6DBE5	gene_name:MTERF32
Q6GKY0	gene_name:At5g18540
Q6NNM9	gene_name:At5g02690
Q8GUM8	gene_name:At1g17330
Q8H1R0	gene_name:PYL10
Q8H7F6	gene_name:GRXS16
Q8L3X9	gene_name:KAS
Q8L702	gene_name:At1g11905
Q8LDR0	gene_name:DOF5.4
Q8LPL6	gene_name:ALPHA-ADR
Q8RXY6	gene_name:SGF29A
Q93Z66	gene_name:PRS3
Q93ZN3	gene_name:DL4565C
Q93ZR2	gene_name:AT1G08040.1
Q94KK7	gene_name:SYP52
Q96252	gene_name:At5g47030
Q9CA79	gene_name:DPMS2
Q9CAD1	gene_name:At1g63660
Q9FFH3	gene_name:NUC
Q9FGP5	gene_name:MBA10.5
Q9FHQ8	gene_name:At5g37620
Q9FID2	gene_name:MXF12.90
Q9FJD3	gene_name:MNC6.4
Q9FK04	gene_name:WSD10
Q9FK18	gene_name:ATDOB6
Q9FKF9	gene_name:At5g61620
Q9FLX5	gene_name:ABCG8
Q9FM99	gene_name:ACA8
Q9FRR0	gene_name:At1g08790
Q9FVC8	gene_name:DHDPS2
Q9FXK1	gene_name:At1g24807
Q9LDS4	gene_name:T27I15_80
Q9LHJ9	gene_name:PP2C38
Q9LIG7	gene_name:CYP705A33
Q9LIG9	gene_name:CYP705A30
Q9LJE1	gene_name:At3g13500
Q9LJU2	gene_name:PDIL5-3
Q9LK36	gene_name:SAHH2
Q9LNW8	gene_name:At1g07473
Q9LPD2	gene_name:GEN1
Q9LPK7	gene_name:AEE10
Q9LUW6	gene_name:RH9
Q9LVQ7	gene_name:ENY
Q9LYV8	gene_name:LOG6
Q9LZY7	gene_name:T4C21_170
Q9M0A7	gene_name:GGP1
Q9M0Q9	gene_name:At4g09190
Q9M2V5	gene_name:ABCG18
Q9M325	gene_name:IPCS1
Q9SA71	gene_name:At1g30560
Q9SFB8	gene_name:PIP5K6
Q9SH76	gene_name:AHA6
Q9SIW3	gene_name:SFH7
Q9SKN7	gene_name:SMR11
Q9SL07	gene_name:At2g05600
Q9SLU2	gene_name:CF9
Q9SNE7	gene_name:F11C1_40
Q9SQQ7	gene_name:At3g04050
Q9SRQ8	gene_name:ATL51
Q9STF0	gene_name:LECRKS3
Q9STW2	gene_name:At4g24320
Q9SUD4	gene_name:TET7
Q9SUX7	gene_name:At4g22420
Q9SV55	gene_name:AFPH2
Q9T043	gene_name:RPL14B
Q9ZQG4	gene_name:UGT73B5
A0A1P8AY78	gene_name:At2g13985
A0A1P8AZ37	gene_name:At2g42725
A0A1P8BDP1	gene_name:MRG7.17
A0A1P8BFL1	gene_name:MMG4.15
A8MQA0	gene_name:At2g31005
A8MR94	gene_name:At1g58245
B3H5H0	gene_name:At3g27027
B3H5T5	gene_name:At1g28306
B3H6M9	gene_name:At3g61826
F4HUX0	gene_name:ISTL1
F4I1Z0	gene_name:At1g63110
F4IAT2	gene_name:THO2
F4IVL6	gene_name:GRV2
F4J131	gene_name:At3g03370
F4JBL2	gene_name:At3g47560
F4JMH9	gene_name:At4g16560
F4JQZ3	gene_name:REN1
F4K627	gene_name:UPI
F4KD71	gene_name:DUR3
F4KHN5	gene_name:At5g52882
O04582	gene_name:At1g62170
O22136	gene_name:At2g45360
O23240	gene_name:D2HGDH
O48787	gene_name:At2g26720
O49654	gene_name:LRR-RLK
O64838	gene_name:SKS16
O65517	gene_name:SRS2
O80518	gene_name:GOLS3
P0DN96	gene_name:CEP7
P93298	gene_name:ATP6-1
P93756	gene_name:SD31
Q08467	gene_name:CKA1
Q1G374	gene_name:At5g34869
Q38799	gene_name:PDH2
Q38858	gene_name:CRT2
Q63Z96	gene_name:EMB1793
Q67Z55	gene_name:At1g19710
Q6IDB6	gene_name:TAD2
Q8GW43	gene_name:BIOF
Q8GY79	gene_name:DRB5
Q8GZ42	gene_name:ATX5
Q8L7Z7	gene_name:At3g60070
Q8L8W0	gene_name:ALIS5
Q8L9S8	gene_name:At1g51915
Q8LAS8	gene_name:SFGH
Q8LG58	gene_name:XTH16
Q8RV53	gene_name:At2g06645
Q8S8S3	gene_name:DVL11
Q8VZ80	gene_name:PLT5
Q944R7	gene_name:PRMT16
Q94AZ7	gene_name:MTTATB
Q94CF0	gene_name:EHD1
Q94CL2	gene_name:At5g12300
Q94F87	gene_name:CMT2
Q94K78	gene_name:UCRY
Q9C718	gene_name:RH20
Q9CA86	gene_name:PEX2
Q9FHM0	gene_name:YLS7
Q9FHM5	gene_name:AHL4
Q9FJR4	gene_name:MQD22.11
Q9FKM1	gene_name:MUA2.7
Q9FKT0	gene_name:ARP8
Q9FNQ0	gene_name:VIP4
Q9LEV0	gene_name:At5g10900
Q9LHA0	gene_name:At3g28750
Q9LI84	gene_name:CML16
Q9LK76	gene_name:IQD26
Q9LK90	gene_name:ALA8
Q9LP07	gene_name:ARF23
Q9LQE8	gene_name:ARF14
Q9LQR8	gene_name:RPN3B
Q9LR41	gene_name:At1g23201
Q9LTS4	gene_name:BHLH41
Q9LXI6	gene_name:F3C22_190
Q9LXL1	gene_name:F7K15_80
Q9LXM3	gene_name:CYP71B38
Q9LXM6	gene_name:NHL17
Q9LZR4	gene_name:At5g03750
Q9M287	gene_name:T22K7_60
Q9M2L3	gene_name:F28O9.190
Q9M2T1	gene_name:AP3BA
Q9M8X5	gene_name:At3g04190
Q9SA41	gene_name:AMC8
Q9SD55	gene_name:CTL16
Q9SJ39	gene_name:CYP705A6
Q9SSQ0	gene_name:At1g52460
Q9SVI0	gene_name:CRRSP41
Q9SVY4	gene_name:ZRK10
Q9SW55	gene_name:SAUR3
Q9SYD0	gene_name:FBX10
Q9SZ42	gene_name:FAD4
Q9SZL5	gene_name:At4g38150
Q9T062	gene_name:BZIP7
Q9T072	gene_name:BHLH25
Q9T0A4	gene_name:ndhS
Q9XIK5	gene_name:At1g10455
Q9XIN4	gene_name:At2g27270
Q9ZQZ4	gene_name:At4g03370
Q9ZU51	gene_name:RHA2B
Q9ZW88	gene_name:At1g67190
A0A178UWL0	gene_name:At4g35140
A0A1P8APX1	gene_name:At1g77800
A0A1P8B2K7	gene_name:At2g34530
A4VCL9	gene_name:At3g10810
A8MQA3	gene_name:PCMP-H28
B3H4U8	gene_name:MFB16.14
B3H5E2	gene_name:At3g28674
B3H5H5	gene_name:At5g24879
B3H6G4	gene_name:At5g40981
C0LGF5	gene_name:RGI5
F4HPA5	gene_name:At1g26660
F4HQU0	gene_name:At1g13485
F4IMD2	gene_name:At2g07815
F4IMK2	gene_name:MES6
F4IXT2	gene_name:At3g28020
F4JYV0	gene_name:At5g54150
F4K1G4	gene_name:At5g35945
F4K4M0	gene_name:QWRF9
F4KA67	gene_name:MXI10.2
F4KG57	gene_name:EXO70A2
O22729	gene_name:At1g61170
O24466	gene_name:RABE1A
O49561	gene_name:GA2OX8
O80562	gene_name:HOL2
O80897	gene_name:At2g32600
O80899	gene_name:CSLB2
O81749	gene_name:At4g23530
O81889	gene_name:ATCAPE1
O82804	gene_name:ELF3
P0CB22	gene_name:ATX2
P11829	gene_name:ACP1
P94017	gene_name:At1g14910
Q1H551	gene_name:At1g78890
Q3EBI2	gene_name:At2g41905
Q58G53	gene_name:LAZY2
Q67ZB6	gene_name:JMJ20
Q6AWT8	gene_name:GG3
Q6NLB6	gene_name:At4g13220
Q84K71	gene_name:DTX44
Q84P25	gene_name:4CLL2
Q84VV3	gene_name:At5g20120
Q8H183	gene_name:PYD3
Q8LAL0	gene_name:HCC2
Q8LCJ2	gene_name:At5g10745
Q8LE63	gene_name:At4g11860
Q8LEL5	gene_name:At4g18400
Q8RWK5	gene_name:At1g02870
Q8RWW9	gene_name:At5g25590
Q8RXH9	gene_name:At5g58005
Q8S8A2	gene_name:At2g05755
Q8VZN9	gene_name:At1g43900
Q8VZP2	gene_name:MDC12.25
Q8W4D1	gene_name:MJB24.8
Q8W575	gene_name:CSN3
Q93WJ5	gene_name:At1g72175
Q93Z96	gene_name:CPX2
Q9C627	gene_name:At1g46984
Q9C656	gene_name:ATFDA2
Q9C694	gene_name:At1g57565
Q9C6N2	gene_name:At1g27860
Q9C9B2	gene_name:ARP4A
Q9C9C6	gene_name:RPL6B
Q9CA67	gene_name:CHLP
Q9FGS8	gene_name:At5g50170
Q9FHY1	gene_name:ABIL4
Q9FJV4	gene_name:GAL2
Q9FQ03	gene_name:XRN3
Q9FZ97	gene_name:MUCI70
Q9LIC7	gene_name:PRA1F4
Q9LK43	gene_name:TMK4
Q9LLC1	gene_name:BCCP2
Q9LPM2	gene_name:At1g49990
Q9LR39	gene_name:At1g23220
Q9LTN0	gene_name:At3g26130
Q9LU98	gene_name:At3g25930
Q9LUE5	gene_name:SAUR55
Q9LUW5	gene_name:RH53
Q9LVW7	gene_name:CARA
Q9LW62	gene_name:CKL10
Q9LXB3	gene_name:CYP81K1
Q9LXN3	gene_name:FAR4
Q9M0M5	gene_name:SCL13
Q9M365	gene_name:RMF
Q9M7X9	gene_name:CITRX
Q9SAC9	gene_name:AP1M1
Q9SB04	gene_name:ARR5
Q9SB92	gene_name:WUS
Q9SJB9	gene_name:At2g04520
Q9SJG4	gene_name:AHL16
Q9SLI6	gene_name:RLP8
Q9SMY7	gene_name:PME44
Q9SR79	gene_name:PAP16
Q9SVS1	gene_name:BGLU47
Q9SVS7	gene_name:At4g21700
Q9SX57	gene_name:At1g48220
Q9SY76	gene_name:At1g10340
Q9SY84	gene_name:UGT90A2
Q9ZU35	gene_name:ABCG7
Q9ZUB9	gene_name:At1g23770
Q9ZUD8	gene_name:F5O8.12
A0A1I9LMB8	gene_name:At3g49640
A0A1I9LPY5	gene_name:At3g28370
A0A1P8ASV6	gene_name:At1g62915
A0A1P8B474	gene_name:ATFDB28
A0A1P8BGC2	gene_name:At5g18933
A2RVT6	gene_name:RTNLB14
A8MS76	gene_name:At5g36661
B3H5I4	gene_name:At3g10974
B3H5L1	gene_name:At3g10986
B3H612	gene_name:At2g06667
B3H6P6	gene_name:At4g38092
F4HUM4	gene_name:At1g20680
F4HX16	gene_name:PBL41
F4IIS5	gene_name:KIN5A
F4J2J6	gene_name:RVE7L
F4J2M6	gene_name:KIN14L
F4JD91	gene_name:EMB1974
F4JE34	gene_name:ZR3
F4JYW4	gene_name:At5g60260
F4K9W6	gene_name:MQJ16.2
O04487	gene_name:At1g09640
O23236	gene_name:MPK14
O48852	gene_name:At2g32650
O81000	gene_name:SQE2
O81030	gene_name:GULLO5
O81776	gene_name:GLR2.4
P0DO60	gene_name:PROSCOOP3
P42818	gene_name:ATPK1
P47996	gene_name:IMPDH
Q08A71	gene_name:PRMT6
Q1G3S9	gene_name:At2g01913
Q1G3V0	gene_name:At1g09625
Q38833	gene_name:CHLG
Q3E8Y7	gene_name:At5g28160
Q3EAQ8	gene_name:At3g43583
Q3EBW2	gene_name:At2g22905
Q4TU44	gene_name:At1g55430
Q501B0	gene_name:At2g46780
Q680G2	gene_name:At2g23690
Q6SJR1	gene_name:TAF4
Q700E3	gene_name:BHLH27
Q7XJ61	gene_name:MQB2.27
Q8GYS8	gene_name:LTPG17
Q8H100	gene_name:AGD8
Q8L7N0	gene_name:CCT6B
Q8LC41	gene_name:At1g52855
Q8LF65	gene_name:ATL17
Q8VYH0	gene_name:PCMP-H1
Q8VYP9	gene_name:ICMEL1
Q8W4M7	gene_name:XPD
Q93VC9	gene_name:CATHB2
Q93YT3	gene_name:RLP50
Q949Y1	gene_name:At1g63240
Q96255	gene_name:PSAT1
Q9C723	gene_name:At1g55090
Q9CAT6	gene_name:OCT1
Q9FEG2	gene_name:TOM1
Q9FHA2	gene_name:ALC
Q9FHW9	gene_name:At5g42170/At5g42160
Q9FIT4	gene_name:BFT
Q9FJC0	gene_name:At5g53640
Q9FKD5	gene_name:At5g37910
Q9FLZ8	gene_name:EDL2
Q9FMB7	gene_name:At5g38850
Q9FN03	gene_name:UVR8
Q9FXA1	gene_name:At1g49750
Q9LDH9	gene_name:MJM20.1
Q9LHN2	gene_name:MTERF11
Q9LHS5	gene_name:ATGLSA2
Q9LN68	gene_name:GATL1
Q9LNN1	gene_name:At1g53060
Q9LP46	gene_name:SCAR3
Q9LQ84	gene_name:T1N6.13
Q9LQC8	gene_name:ARF2-A
Q9LRR6	gene_name:CID9
Q9LSH4	gene_name:At3g17740
Q9LT52	gene_name:MNI5.2
Q9LTL2	gene_name:CYP71B25
Q9LU21	gene_name:PNSB3
Q9LVC9	gene_name:RPP3B
Q9LXP4	gene_name:F26G5_140
Q9LXT5	gene_name:T20N10_10
Q9LYU1	gene_name:T31B5_170
Q9M0J8	gene_name:At4g26920
Q9M1B0	gene_name:NLP9
Q9M2I5	gene_name:CRRSP61
Q9M395	gene_name:F24B22.40
Q9S7T5	gene_name:OFP14
Q9S816	gene_name:NPC5
Q9SA06	gene_name:At1g31130
Q9SA07	gene_name:AGL63
Q9SD02	gene_name:At3g51470
Q9SD39	gene_name:At3g51070
Q9SIN8	gene_name:At2g31700
Q9SJZ6	gene_name:MED18
Q9SKX8	gene_name:RPL27A
Q9SQY6	gene_name:UNE9
Q9STV0	gene_name:GWD2
Q9SVR1	gene_name:At4g13160
Q9ZV27	gene_name:SMR10
A0A1P8ANU1	gene_name:At1g63615
A0A1P8B1C9	gene_name:At2g39690
A0A1P8B3M4	gene_name:At4g03490
A0A1P8BGL3	gene_name:At5g37715
A0MEB5	gene_name:CYCA3-3
B3H4D5	gene_name:At2g10557
B3H4X9	gene_name:At3g04855
B3H5Q2	gene_name:GLV8
B3H649	gene_name:At3g50123
C0SV91	gene_name:At2g46670
F4HWD0	gene_name:At1g21060
F4IEB6	gene_name:At1g32700
F4IL90	gene_name:At2g07768
F4IMJ8	gene_name:At2g23520
F4IUN0	gene_name:At2g26610
F4J6N7	gene_name:SOFL3
F4J8I0	gene_name:TRM6
F4JG75	gene_name:At4g01915
F4JHA1	gene_name:At4g02250
F4JLY4	gene_name:CYP706A1
F4JTP5	gene_name:STY46
F4JU09	gene_name:At4g19920
F4JUV3	gene_name:At4g20340
F4K529	gene_name:At5g61950
F4K6X0	gene_name:CRR42
O04348	gene_name:TPP1
O04420	gene_name:At2g26230
O04719	gene_name:ABI2
O23138	gene_name:CYTC-1
O23346	gene_name:HISN5B
O49413	gene_name:IWS2
O64573	gene_name:At2g19400
P0DI12	gene_name:SAE1B-1
P22197	gene_name:FBA7
P29511	gene_name:TUBA6
P36397	gene_name:ARF1
P41376	gene_name:EIF4A1
P42777	gene_name:GBF4
Q03509	gene_name:CAM6
Q303Z7	gene_name:At5g28340
Q38840	gene_name:AGL17
Q39069	gene_name:CYCB1-3
Q3ECH2	gene_name:LRK10L-2.8
Q45GL9	gene_name:At1g77160
Q6NQ99	gene_name:POLAR
Q7Y220	gene_name:PLIP1
Q84W55	gene_name:IP5P15
Q8GYN2	gene_name:HCF222
Q8L3X8	gene_name:SCL30
Q8L4C5	gene_name:At4g22190
Q8L6Z8	gene_name:At3g03090
Q8L7I1	gene_name:At4g10930
Q8LFA9	gene_name:At1g19340
Q8LG92	gene_name:At3g51660
Q8RWG7	gene_name:MPA22.2
Q8S4Q6	gene_name:FHY1
Q8VYF0	gene_name:At2g27590
Q8VYK6	gene_name:RPS4D
Q93WK6	gene_name:At1g19530
Q93ZH2	gene_name:NFYA3
Q940L4	gene_name:PLIP3
Q948R8	gene_name:THH1
Q9C6H1	gene_name:At1g66640
Q9C9Y9	gene_name:BPP6
Q9FFN1	gene_name:EMB175
Q9FFN7	gene_name:DGK2
Q9FHA1	gene_name:CTL11
Q9FHE8	gene_name:PP2A6
Q9FHP0	gene_name:At5g65910
Q9FHR8	gene_name:DCI1
Q9FJG4	gene_name:MCM23.4
Q9FMM3	gene_name:EXA1
Q9FW50	gene_name:At1g33640
Q9FWW9	gene_name:At1g12200
Q9FX94	gene_name:CXE5
Q9FZ31	gene_name:PDF1.5
Q9LHL6	gene_name:TBL1
Q9LMN4	gene_name:LSM3A
Q9LMS5	gene_name:At1g18120
Q9LTK2	gene_name:At5g52180
Q9LTY1	gene_name:MAD1
Q9LUN2	gene_name:YSL5
Q9LV35	gene_name:AIP1-2
Q9M0Y9	gene_name:RIC10
Q9MAB9	gene_name:MUB1
Q9S775	gene_name:PKL
Q9SAB6	gene_name:CYP71A18
Q9SE43	gene_name:REV
Q9SKX1	gene_name:IBH1
Q9SL48	gene_name:SLY1
Q9SLH0	gene_name:EIL1
Q9SN93	gene_name:F18L15.190
Q9SNA6	gene_name:F18L15.20
Q9SR25	gene_name:AEL2
Q9SYF0	gene_name:GLIP2
Q9XEE4	gene_name:DYRKP-3
Q9XIP5	gene_name:At2g27410
Q9ZQZ3	gene_name:At4g03380
Q9ZV71	gene_name:B3GALT3
Q9ZVP5	gene_name:MAPKKK18
A0A178WIC4	gene_name:CYP78A8
A0A1P8APH9	gene_name:At1g14190
A0A1P8AWK7	gene_name:At1g35215
A0A1P8B6X2	gene_name:DL4060C
A0A1P8BDW4	gene_name:MYH19.6
A0A1P8BEL9	gene_name:At5g27893
A8MQY6	gene_name:At5g36320
B3H683	gene_name:At4g32208
F4HRH6	gene_name:At1g53450
F4IA60	gene_name:At1g78230
F4ICB6	gene_name:IBS1
F4IRB4	gene_name:MYB88
F4J7V2	gene_name:At3g30805
F4JG03	gene_name:TPR8
F4JSU0	gene_name:MYB87
F4JVS7	gene_name:MAPKKK16
F4K2W9	gene_name:MAB16.4
F4K5R6	gene_name:CDC20-6
F4KAT5	gene_name:MBK5.18
F4KDS0	gene_name:At5g02680
O04590	gene_name:PCMP-E10
O49545	gene_name:BAM1
O65416	gene_name:SKIP27
O65472	gene_name:CRK12
O80737	gene_name:JAL18
O80875	gene_name:SMXL7
O81148	gene_name:PAC1
O81313	gene_name:IND
O81864	gene_name:FKBP17-1
P0C7R4	gene_name:At1g69290
P0DKI0	gene_name:SDH3-1
P58223	gene_name:At4g18375
P82793	gene_name:LCR84
Q0WRX5	gene_name:At1g44160
Q0WU16	gene_name:At2g05632
Q1G325	gene_name:At1g08005
Q2V4I2	gene_name:At1g47317
Q39163	gene_name:TGA5
Q3EB59	gene_name:At3g16300
Q42342	gene_name:CYTB5-E
Q52K95	gene_name:CEP14
Q58FZ9	gene_name:NOT9C
Q5BQ23	gene_name:At1g05730
Q680D9	gene_name:At5g25475
Q6NMI3	gene_name:COG6
Q6NQD9	gene_name:MED19B
Q6PUA2	gene_name:TAF1B
Q7G193	gene_name:AAO1
Q84P26	gene_name:4CLL8
Q8L7W2	gene_name:NUDT8
Q8LCH9	gene_name:At3g53220
Q8LFV5	gene_name:At1g11380
Q8LPL7	gene_name:MAPDA
Q8S3F1	gene_name:NAI1
Q8S8D8	gene_name:At2g20625
Q8VZ67	gene_name:At4g19190
Q8W4Q3	gene_name:PIRL3
Q941A7	gene_name:At4g20750
Q9AST3	gene_name:SBH2
Q9C519	gene_name:WRKY6
Q9C736	gene_name:At1g48670
Q9C8W5	gene_name:At1g71970
Q9FHN3	gene_name:At5g51510
Q9FIZ3	gene_name:GSO2
Q9FJ87	gene_name:DTX50
Q9FLS9	gene_name:PCMP-E8
Q9FY89	gene_name:VPS20.2
Q9LFG0	gene_name:ZAT18
Q9LJP2	gene_name:At3g14220
Q9LK14	gene_name:MYB305
Q9LN22	gene_name:At1g20300
Q9LND1	gene_name:ERF094
Q9LQ28	gene_name:ERF022
Q9LQV2	gene_name:RDR1
Q9LRP1	gene_name:NPSN13
Q9LUE1	gene_name:GGPPS9
Q9LUM1	gene_name:At3g14260
Q9LV28	gene_name:RACK1C
Q9LXZ4	gene_name:T5P19_110
Q9LYC6	gene_name:GRXC11
Q9M2T6	gene_name:T22E16.90
Q9S720	gene_name:PPD3
Q9SCQ3	gene_name:T4D2.10
Q9SCY5	gene_name:KINB2
Q9SIN1	gene_name:TTL3
Q9SIU2	gene_name:ABH1
Q9SKB8	gene_name:At2g31820
Q9STW4	gene_name:At4g24300
Q9SU37	gene_name:At4g12450
Q9SUA6	gene_name:CBL7
Q9SUH1	gene_name:At4g30750
Q9SW09	gene_name:RPS10A
Q9SWW6	gene_name:CESA7
Q9SZT9	gene_name:GH3.2
Q9XFS7	gene_name:LTP5
Q9ZP16	gene_name:CRK11
Q9ZPY5	gene_name:At2g46540
Q9ZQY6	gene_name:B'DELTA
Q9ZV91	gene_name:At1g78730
Q9ZVK6	gene_name:SUC8
A0A1I9LL68	gene_name:At3g31560
A0A1I9LN21	gene_name:At3g60450
A0A1P8AVS4	gene_name:At1g54773
A0A1P8B9E1	gene_name:At5g15843
A2RVQ5	gene_name:AGL16
A8MRX8	gene_name:At4g28397
A8MS78	gene_name:At1g05835
B3H435	gene_name:At5g13181
B5X570	gene_name:NAC014
F4HP85	gene_name:At1g19620
F4HPR5	gene_name:DRP5A
F4HXK4	gene_name:At1g02610
F4I1G2	gene_name:At1g29355
F4I5T4	gene_name:At1g04830
F4IW10	gene_name:MEFG2
F4JP43	gene_name:SWO1
O22691	gene_name:PH2
O49358	gene_name:F10M6.30
O64771	gene_name:At1g61480
O64818	gene_name:At2g23090
O65499	gene_name:ZAT3
O80759	gene_name:At1g60380
O80780	gene_name:At2g34310
O82793	gene_name:PPA3
P0DKJ8	gene_name:FIS2
P19036	gene_name:HSP17.4A
P33487	gene_name:ERABP1
P49177	gene_name:GB1
Q0WVW7	gene_name:RECQL5
Q1G3R7	gene_name:At2g41342
Q2V3D7	gene_name:At4g29033
Q39066	gene_name:ECS1
Q39218	gene_name:SAT3
Q3E8U4	gene_name:At5g29210
Q3ECW0	gene_name:FEP3
Q3ECX9	gene_name:At1g43610
Q43291	gene_name:RPL21A
Q6DYE2	gene_name:At1g43630
Q6GKW1	gene_name:RED1
Q6NLQ7	gene_name:RIBA2
Q6NMJ2	gene_name:At4g18596
Q6NQB7	gene_name:B3GALT7
Q700D0	gene_name:TCX8
Q84J62	gene_name:At2g19200
Q84MZ4	gene_name:TFIIIA
Q84QC2	gene_name:ERF017
Q8GSD7	gene_name:At5g01290
Q8GX30	gene_name:At2g27402
Q8GXH3	gene_name:OSB2
Q8GXK2	gene_name:MAE1.8
Q8H1G4	gene_name:At4g37560
Q8L7M4	gene_name:SDN5
Q8L9P2	gene_name:At3g60480
Q8L9W3	gene_name:ATL23
Q8LFD5	gene_name:At4g13230
Q8LGA5	gene_name:ATL31
Q8LPF4	gene_name:AVT1E
Q8RWY8	gene_name:At1g27750
Q8VYD7	gene_name:MAA21.8
Q8VZ30	gene_name:MNF13.2
Q93VJ2	gene_name:IRE1B
Q93WU7	gene_name:WRKY58
Q93Z75	gene_name:UPS5
Q93ZL5	gene_name:CDF2
Q940H7	gene_name:MES12
Q940J9	gene_name:At1g04430
Q941C7	gene_name:PSY1
Q94A57	gene_name:PHL2
Q94LA4	gene_name:HEMB2
Q9C5E5	gene_name:DGK5
Q9C614	gene_name:GULLO1
Q9C823	gene_name:At1g52310
Q9C9Y6	gene_name:TRX9
Q9FF30	gene_name:At5g38270
Q9FIW5	gene_name:ANAC094
Q9FJP9	gene_name:SDH2-3
Q9FJU0	gene_name:MDH3
Q9FJY2	gene_name:At5g66580
Q9FML9	gene_name:MBD2.20
Q9FNA2	gene_name:PAO1
Q9FNA9	gene_name:PDAT1
Q9LDM4	gene_name:CYCB2-3
Q9LE58	gene_name:At4g11450
Q9LF92	gene_name:PP2A15
Q9LIN9	gene_name:PAGR
Q9LTD0	gene_name:At3g23180
Q9M268	gene_name:NGA2
Q9M2U3	gene_name:At3g55350
Q9MBG6	gene_name:At3g28990
Q9S9P6	gene_name:UGT78D1
Q9SAG8	gene_name:ATJ8
Q9SCN0	gene_name:STL2
Q9SHB5	gene_name:WRKY55
Q9SK84	gene_name:At1g22410
Q9SMP0	gene_name:NFYC1
Q9SN17	gene_name:F3A4.90
Q9SR60	gene_name:T22K18.24
Q9SS98	gene_name:At3g01570
Q9SZJ5	gene_name:SHM1
Q9XIE1	gene_name:SNL5
A0A1I9LQL8	gene_name:At3g44665
A0A1P8B5H9	gene_name:At4g28755
A0A1R7T3C3	gene_name:At5g05735
A0MFS5	gene_name:At4g01037
B9DFI7	gene_name:At1g26850
F4HT92	gene_name:At1g47495
F4I5F1	gene_name:At1g70400
F4I8K2	gene_name:KOM
F4I978	gene_name:At1g24267
F4I9U9	gene_name:At1g65130
F4IUT0	gene_name:At2g32970
F4IV00	gene_name:TRM18
F4J158	gene_name:DTX24
F4J3N4	gene_name:At3g04360
F4J5S1	gene_name:FMT
F4JIE8	gene_name:LFG1
F4JLB7	gene_name:RIC7
F4JRF5	gene_name:RLT3
F4JTF6	gene_name:CHR7
F4K794	gene_name:CP3
F4KBY8	gene_name:At5g51390
F4KDH9	gene_name:FIPS5
H3K2Y6	gene_name:MED12
O22827	gene_name:MOCS2
O48837	gene_name:LECRKS2
O64469	gene_name:At2g19060
O82595	gene_name:NGA4
O82623	gene_name:T9A4.1
P0CZ24	gene_name:At3g06690
P19037	gene_name:HSP18.1
P93296	gene_name:At2g07739
Q0IGK1	gene_name:MBD4L
Q0WVL7	gene_name:GC5
Q1G2Y4	gene_name:At1g10588
Q1G309	gene_name:TAX2
Q1PFI5	gene_name:At1g59950
Q2V2S9	gene_name:At2g22345
Q38904	gene_name:PRF4
Q39030	gene_name:ATPK2
Q3EAK6	gene_name:At3g53235
Q5XVA6	gene_name:DEG1
Q66GR4	gene_name:At4g35070
Q6DBQ1	gene_name:AHL25
Q6DR30	gene_name:At3g01513
Q6NLC8	gene_name:At1g66480
Q84UU9	gene_name:TPS06
Q8GX62	gene_name:At5g19920
Q8GYL7	gene_name:At5g02830
Q8H0V1	gene_name:At4g36390
Q8LAF4	gene_name:At1g73240
Q8RWQ9	gene_name:At3g45310
Q8RWS9	gene_name:CNGC5
Q8VZA0	gene_name:SIEL
Q93VH9	gene_name:RPS4A
Q93WB3	gene_name:At1g58643
Q940Q2	gene_name:At1g07590
Q944A9	gene_name:NPSN11
Q94BN0	gene_name:BT2
Q94BV7	gene_name:NDB2
Q9AST5	gene_name:At5g49540
Q9C6T5	gene_name:At1g50720
Q9C7Y3	gene_name:At1g32570
Q9C912	gene_name:RPL35AC
Q9CAQ3	gene_name:At1g77530
Q9FF80	gene_name:SUVH1
Q9FGA6	gene_name:MPF21.6
Q9FHL1	gene_name:At5g23470
Q9FIN1	gene_name:PGL4
Q9FKA0	gene_name:NAC92
Q9FM89	gene_name:At5g56420
Q9FN24	gene_name:At5g54030
Q9FN31	gene_name:At5g53960
Q9FN89	gene_name:RIBA3
Q9FZ55	gene_name:F6I1.3
Q9LHP1	gene_name:RPL7D
Q9LJK1	gene_name:FUT11
Q9LJR3	gene_name:SPA3
Q9LK65	gene_name:CBSDUFCH1
Q9LRQ0	gene_name:At3g29760
Q9LSQ9	gene_name:At5g54460
Q9LTD8	gene_name:CBSDUF5
Q9LU04	gene_name:CYP706A3
Q9LZJ3	gene_name:XXT1
Q9M066	gene_name:CYP90C1
Q9M0V1	gene_name:EDA35
Q9M1J9	gene_name:EDA7
Q9M2D9	gene_name:MYB17
Q9M9X0	gene_name:RLP32
Q9S7X5	gene_name:F17A17.7
Q9SHJ3	gene_name:CALS7
Q9SHT2	gene_name:At2g05420
Q9SNA0	gene_name:F18L15.90
Q9SSC7	gene_name:At1g80120
Q9SUM2	gene_name:At4g30220
Q9SVE7	gene_name:DTX45
Q9SZ41	gene_name:At4g27020
Q9T058	gene_name:At4g11900
Q9T0G0	gene_name:HSD5
Q9ZQX7	gene_name:LFG3
Q9ZR15	gene_name:At4g03160
A0A1I9LT08	gene_name:At3g44960
A0A1P8AMZ0	gene_name:ESP1
A0A1P8APS1	gene_name:At1g31835
A0A1P8AXA3	gene_name:At2g13905
A0A1P8AYR5	gene_name:At2g30730
A0A1P8BCP0	gene_name:At5g04690
A0A1P8BDB6	gene_name:At5g24215
A8MQQ5	gene_name:At2g27160
B3H764	gene_name:At5g14602
B3H7F1	gene_name:PREPIPL4
F4I177	gene_name:At1g15825
F4I3I2	gene_name:At1g55990
F4IIE7	gene_name:At2g15327
F4ISE7	gene_name:At2g19090
F4J8L3	gene_name:KIN7K
F4JNB7	gene_name:RPP5
F4K6Z5	gene_name:At5g21105
F4K891	gene_name:At5g14890
F4KFF0	gene_name:At5g09995
O03983	gene_name:LEA14
O81235	gene_name:MSD1
O81841	gene_name:At4g27380
O81845	gene_name:PUMP1
P19892	gene_name:RABA5E
P32068	gene_name:ASA1
P45434	gene_name:At2g21160
P47927	gene_name:AP2
Q1G3C1	gene_name:At2g20362
Q1PF30	gene_name:At2g20805
Q2L6T6	gene_name:At1g13607
Q2V3N5	gene_name:At3g59000
Q39056	gene_name:CNX3
Q39243	gene_name:NTR1
Q3E8P8	gene_name:At5g34905
Q6NNH1	gene_name:At1g13520
Q6R0H0	gene_name:RVE3
Q6R2J8	gene_name:SRF8
Q84X12	gene_name:JAL26
Q8GW64	gene_name:At1g18440
Q8GYG8	gene_name:At1g02180
Q8H1E4	gene_name:RAP2-4
Q8L7L5	gene_name:AHL11
Q8S8P9	gene_name:ORP1B
Q8VYB2	gene_name:UKL3
Q8VYL1	gene_name:At5g35170
Q8VZ38	gene_name:A_TM018A10.12
Q93VC7	gene_name:RPS1
Q93VV3	gene_name:WEEP
Q93Z49	gene_name:MHJ24.11
Q940R4	gene_name:At4g16563
Q94C59	gene_name:PATL4
Q94EJ3	gene_name:At5g54855
Q9C671	gene_name:PI4KG5
Q9C720	gene_name:TMN6
Q9CAC8	gene_name:F24D7.19
Q9FF55	gene_name:PDIL1-4
Q9FFJ5	gene_name:MJJ3.25
Q9FII8	gene_name:MCI2.1
Q9FIQ3	gene_name:MZA15.13
Q9FJR0	gene_name:UPF1
Q9FJR5	gene_name:PMEI12
Q9FK68	gene_name:RABA1C
Q9FLM6	gene_name:TCP6
Q9FNH5	gene_name:MHF15.15
Q9FXE3	gene_name:SUFE2
Q9FZE2	gene_name:At1g26580
Q9LF68	gene_name:BOLA4
Q9LFJ7	gene_name:ARFB1B
Q9LHI8	gene_name:F28J15.4
Q9LIF8	gene_name:JAL36
Q9LII9	gene_name:At3g27950
Q9LIS1	gene_name:CER26L
Q9LJA1	gene_name:At3g22450
Q9LK74	gene_name:At3g16510
Q9LPS7	gene_name:At1g50570
Q9LTW8	gene_name:EMB2742
Q9LVD0	gene_name:RID2
Q9LVE0	gene_name:NPF6.4
Q9LY51	gene_name:PLC7
Q9LYK2	gene_name:NRT2.7
Q9M2T2	gene_name:PP16-1
Q9M304	gene_name:LCB2b
Q9SA02	gene_name:At1g31080
Q9SAC6	gene_name:GWD1
Q9SD22	gene_name:At3g51250
Q9SD59	gene_name:F13I12.190
Q9SHI0	gene_name:ILP1
Q9SJT9	gene_name:At2g21390
Q9SLM5	gene_name:At2g03040
Q9SMP5	gene_name:CYP94B3
Q9SMX1	gene_name:SUV3
Q9SRD9	gene_name:At1g76740
Q9STH4	gene_name:At4g12370
Q9SUE8	gene_name:At4g27900
Q9SXD8	gene_name:At1g62590
Q9SZW3	gene_name:At4g30100
Q9XH48	gene_name:TIM13
Q9XIE6	gene_name:ALA3
Q9XIJ5	gene_name:PUB18
Q9ZVW2	gene_name:HEN2
A0A1I9LLP0	gene_name:At3g12170
A0A1P8ASS7	gene_name:At1g50690
A0A1P8B011	gene_name:At2g07641
A0JQ12	gene_name:At1g76020
B3H592	gene_name:At2g18938
C0LU16	gene_name:MED21
F4HR96	gene_name:At1g33700
F4HUK6	gene_name:AAE1
F4HY10	gene_name:At1g21480
F4HYS9	gene_name:At1g62450
F4IAG2	gene_name:SS3
F4IED2	gene_name:NAC013
F4IHR5	gene_name:At2g28220
F4J1Z7	gene_name:At3g50730
F4J381	gene_name:NERD1
F4JC50	gene_name:At3g06778
F4JD16	gene_name:At3g60950
F4JPW1	gene_name:BASS5
F4JRS9	gene_name:UMAMIT16-PSI
F4JU08	gene_name:At4g19910
F4K0M7	gene_name:At5g66550
F4K1W7	gene_name:MBG8.19
F4K2J2	gene_name:At5g13360
F4KBH8	gene_name:At5g29624
F4KDC4	gene_name:MIO24.19
F4KIH8	gene_name:TWD40-2
O64530	gene_name:STR1
O80991	gene_name:At2g26050
O82209	gene_name:At2g19680
O82375	gene_name:At2g29810
P0C2F9	gene_name:At4g39756
P18064	gene_name:GPA1
P82752	gene_name:LCR37
P92982	gene_name:PGL1
Q2V4N0	gene_name:At1g15757
Q38890	gene_name:KOR
Q58FV5	gene_name:At3g58280
Q6AWX1	gene_name:At2g30720
Q6NM71	gene_name:At3g56510
Q84JZ8	gene_name:TCX4
Q84M94	gene_name:At1g26930
Q84X45	gene_name:At2g20150
Q8GWV0	gene_name:SAUR79
Q8GXE7	gene_name:At5g15320
Q8GXU4	gene_name:At1g65000
Q8H0T9	gene_name:KTN80.4
Q8L7A9	gene_name:At1g31730
Q8LFJ6	gene_name:NRPB10
Q8LSZ4	gene_name:E2FE
Q8S396	gene_name:NHX5
Q8S8F9	gene_name:NIC1
Q8VXZ5	gene_name:XEG113
Q8VY26	gene_name:CCD8
Q8VZ15	gene_name:At5g65960
Q93VH6	gene_name:GIF3
Q93ZG7	gene_name:RH38
Q944A6	gene_name:SNF4
Q94B40	gene_name:SAP6
Q94CB1	gene_name:PME25
Q94KB7	gene_name:MLO6
Q96247	gene_name:AUX1
Q96324	gene_name:GSTF11
Q9C6W7	gene_name:At1g32000
Q9C895	gene_name:HUB2
Q9C8P4	gene_name:At1g35410
Q9C939	gene_name:At1g52790
Q9FH60	gene_name:At5g66290
Q9FJU3	gene_name:At5g56690
Q9FMZ9	gene_name:MGI19.10
Q9FN30	gene_name:At5g53970
Q9FNP4	gene_name:PIA2
Q9FYJ2	gene_name:OSB4
Q9FZ90	gene_name:ERF087
Q9LIL1	gene_name:At3g22870
Q9LKR4	gene_name:FRS10
Q9LMP5	gene_name:F16F4.1
Q9LNF4	gene_name:At1g48040
Q9LS72	gene_name:PCMP-E27
Q9LSB2	gene_name:AGL103
Q9LVH1	gene_name:MGO3.1
Q9M033	gene_name:ESP4
Q9M202	gene_name:ZAT9
Q9M316	gene_name:At3g61520
Q9M7I7	gene_name:CLH2
Q9S9N5	gene_name:CNGC7
Q9SHC8	gene_name:PVA12
Q9SKB2	gene_name:SOBIR1
Q9SN61	gene_name:At4g10910
Q9SQV0	gene_name:ELO2
Q9SQV1	gene_name:RH40
Q9SSK1	gene_name:SYNC3
Q9SUB2	gene_name:At4g21020
Q9SUK9	gene_name:At4g16580
Q9SV88	gene_name:At4g10330
Q9SW05	gene_name:ATCAPE2
Q9T080	gene_name:UGT79B2
Q9ZPW2	gene_name:APC10
Q9ZT82	gene_name:CALS12
Q9ZVH5	gene_name:DTX53
Q9ZVR7	gene_name:PSKR1
A0A1P8APK6	gene_name:At1g44895
A0A1P8AVQ6	gene_name:SIF2
A0A1P8B2U8	gene_name:At2g07652
A0A1P8B420	gene_name:At4g26830
A0A1P8BAF7	gene_name:MNB8.8
B3H4U5	gene_name:At3g60328
B3H5J3	gene_name:At3g21371
B3H6G1	gene_name:At5g05113
B3H7C4	gene_name:At1g26921
F4HZD1	gene_name:JMJ24
F4I241	gene_name:BUB3.3
F4IBK4	gene_name:At1g65780
F4IE43	gene_name:At1g26200
F4JDB5	gene_name:At3g13433
F4JLL4	gene_name:At4g10220
F4JRX8	gene_name:At4g31260
F4K1T9	gene_name:At5g54700
O04336	gene_name:WRKY21
O23220	gene_name:C7A10.750
O48737	gene_name:At1g03680
O48890	gene_name:NRPB4
O65370	gene_name:CCaP2
O65415	gene_name:At4g21500
O65684	gene_name:CIF2
O81826	gene_name:At4g27230
O82162	gene_name:EYA
P0CG16	gene_name:CHX6b
P32826	gene_name:SCPL49
P35133	gene_name:UBC10
P83484	gene_name:At5g08690
P92557	gene_name:RPS7
Q2V390	gene_name:At5g08505
Q39091	gene_name:KTI1
Q3E965	gene_name:GDU5
Q3ED80	gene_name:At1g21475
Q4PSF3	gene_name:EXT23
Q4PT23	gene_name:At1g25270
Q67ZM7	gene_name:FOLK
Q84JI2	gene_name:At4g23770
Q84P24	gene_name:4CLL6
Q84RD1	gene_name:ETC2
Q8GWS3	gene_name:HIPP02
Q8H1R2	gene_name:PAP24
Q8L7U3	gene_name:DECOY
Q8L7W0	gene_name:SH3P3
Q8L9S0	gene_name:At1g29060
Q8LAX0	gene_name:HMT3
Q8LB93	gene_name:At5g20045
Q8RV04	gene_name:TIM14-1
Q8RXW0	gene_name:RBL14
Q8S8C7	gene_name:At2g16220
Q8VZ94	gene_name:At1g70180
Q93XX3	gene_name:At1g60230
Q93Z10	gene_name:At5g11580
Q93ZD6	gene_name:At4g24880
Q94A97	gene_name:UBC35
Q94B65	gene_name:UTR7
Q94CE5	gene_name:POP2
Q94K73	gene_name:At3g58140
Q9FF52	gene_name:RPL12C
Q9FKQ6	gene_name:BHLH99
Q9FLW7	gene_name:ATDOB5
Q9FMN6	gene_name:MBD2.2
Q9FNC2	gene_name:MRH10.15
Q9FZ89	gene_name:At1g28150
Q9LEA3	gene_name:LECRK56
Q9LIN5	gene_name:EIF4B1
Q9LIR6	gene_name:BAM1
Q9LQ36	gene_name:At1g33840
Q9LR57	gene_name:At1g03700
Q9LR69	gene_name:PCMP-E4
Q9LSP5	gene_name:At3g17020
Q9LXA8	gene_name:BXL6
Q9LZK1	gene_name:F26K9_70
Q9M0R5	gene_name:ATL36
Q9M282	gene_name:T22K7_110
Q9M2P4	gene_name:SINAT2
Q9M9W1	gene_name:RPL22B
Q9M9X7	gene_name:IMPA7
Q9MA75	gene_name:VIP1
Q9S804	gene_name:ELO3
Q9SA42	gene_name:MED22A
Q9SCT6	gene_name:At3g51720
Q9SFT7	gene_name:PBL26
Q9SG77	gene_name:PME24
Q9SJP5	gene_name:At2g15360
Q9SKK8	gene_name:ATL22
Q9SKT3	gene_name:SCAMP1
Q9SN15	gene_name:F3A4.110
Q9SN24	gene_name:F3A4.10
Q9SRS6	gene_name:F21O3.11
Q9STR6	gene_name:T24C20_100
Q9SUL1	gene_name:RD19C
Q9SVF2	gene_name:At4g38330
Q9SZA7	gene_name:At4g33300
Q9SZD8	gene_name:At4g29090
Q9ZPQ7	gene_name:LEA11
Q9ZPW6	gene_name:At2g18340
Q9ZPW9	gene_name:LTP8
Q9ZRF9	gene_name:RPK1
A0A1P8B1J6	gene_name:At2g48090
A0A1P8BAX5	gene_name:At5g56985
A8MR63	gene_name:At3g45252
C0SVS4	gene_name:PHL11
F4I0E9	gene_name:At1g62920
F4I4W2	gene_name:HCS2
F4II26	gene_name:At2g40710
F4IV66	gene_name:RNE
F4J5F4	gene_name:At3g30200
F4JS25	gene_name:SRFR1
F4K390	gene_name:At5g48830
F4KBH7	gene_name:At5g29613
F4KE63	gene_name:EMB2247
F4KE92	gene_name:MQM1.4
O04090	gene_name:FD1
O23036	gene_name:YUP8H12.5
O49687	gene_name:MYC4
O64518	gene_name:AMC5
O64575	gene_name:At2g19420
O64740	gene_name:SEC13B
O80542	gene_name:ERF019
O81127	gene_name:RSZ21
O82245	gene_name:TSPO
O82314	gene_name:At2g25830
P0DI76	gene_name:TPS27
P38418	gene_name:LOX2
Q0WV86	gene_name:At3g48200
Q0WW55	gene_name:ZEU1
Q1EC66	gene_name:UBQ3
Q1PDV2	gene_name:SCL28
Q1PEF1	gene_name:At3g55930
Q3EB87	gene_name:At3g11385
Q43386	gene_name:HMGA
Q4VP08	gene_name:LURE1.2
Q5XV09	gene_name:At5g48690
Q6NQ83	gene_name:At3g22470
Q7EB72	gene_name:LTPG15
Q84MC7	gene_name:PYL9
Q84N39	gene_name:At2g38365
Q8GW27	gene_name:MTH12.2
Q8GYW9	gene_name:At1g13860
Q8GZ28	gene_name:At3g23500
Q8LC40	gene_name:At3g05810
Q8LE10	gene_name:HVA22I
Q8LPL3	gene_name:AAO
Q8RY98	gene_name:At1g07860
Q8S8R5	gene_name:At2g02515
Q8VYA5	gene_name:RS2Z33
Q93V85	gene_name:At3g02690
Q93WV6	gene_name:WRKY68
Q93ZN4	gene_name:At4g12830
Q940L5	gene_name:DSP4
Q94KJ7	gene_name:VPS33
Q9C5M8	gene_name:At4g24780
Q9C7G1	gene_name:PUB45
Q9C8I6	gene_name:IOS1
Q9C9Q5	gene_name:RRA2
Q9FF68	gene_name:MUG13.8
Q9FF84	gene_name:ABO6
Q9FH27	gene_name:KCS21
Q9FHX0	gene_name:MJC20.26
Q9FJD7	gene_name:MMN10.25
Q9FJI5	gene_name:G6PD6
Q9FK93	gene_name:EMB2744
Q9FLU6	gene_name:At5g24570
Q9FMG6	gene_name:MSJ1.2
Q9FMJ0	gene_name:PI4KB1
Q9FYM2	gene_name:At1g24405
Q9FZ49	gene_name:ALG9
Q9LEQ9	gene_name:At5g14790
Q9LIE6	gene_name:VQ22
Q9LK44	gene_name:At3g23740
Q9LMH9	gene_name:At1g06420
Q9LP51	gene_name:CIPK18
Q9LTY2	gene_name:JAL48
Q9LV22	gene_name:At3g18180
Q9LV27	gene_name:LST8-1
Q9LV95	gene_name:MXK3.4
Q9LXJ6	gene_name:At3g52680
Q9LZ20	gene_name:CAT6
Q9M2K0	gene_name:XI-J
Q9M2Z3	gene_name:SEND1
Q9M9Q2	gene_name:At1g15030
Q9MAV1	gene_name:At1g62415
Q9S7P4	gene_name:T17H3.13
Q9S9W2	gene_name:SDRA
Q9SFY8	gene_name:At1g27710
Q9SIN5	gene_name:COR15B
Q9SJ11	gene_name:RABG2
Q9SJL2	gene_name:HIPP05
Q9SJN9	gene_name:At2g15420
Q9SPG4	gene_name:MYB89
Q9SX85	gene_name:SEC3A
Q9SY52	gene_name:At4g03740
Q9SYL6	gene_name:GGH1
Q9SZ46	gene_name:CYP82C4
Q9ZPS4	gene_name:GAD3
Q9ZQC5	gene_name:ICR2
Q9ZUW3	gene_name:PCMP-H60
Q9ZV25	gene_name:PLL4
A0A178UYZ3	gene_name:At4g12670
A0A1I9LQ80	gene_name:At3g43415
A0A1P8ANS6	gene_name:At1g29005
A0A1P8B4V1	gene_name:SADHU5-1D2
A4GSN8	gene_name:NUA
A7REF3	gene_name:At1g45223
B3H638	gene_name:At5g41109
B3H729	gene_name:At3g28243
C0Z2A9	gene_name:UP9
F4ICS6	gene_name:At1g43722
F4ICV8	gene_name:ISTL9
F4IEK5	gene_name:At1g52750
F4IUY1	gene_name:At2g39300
F4IWB9	gene_name:CYP705A28
F4JC31	gene_name:SMEK1
F4JG28	gene_name:At4g01595
F4K7U3	gene_name:MQB2.19
F4KI29	gene_name:At5g03930
O23708	gene_name:PAB1
O49715	gene_name:T8O5.130
O80800	gene_name:MTACP2
O80998	gene_name:JAL20
O81149	gene_name:PAE1
O81209	gene_name:RBOHA
O81430	gene_name:At4g04110
O81635	gene_name:KIN14G
P29514	gene_name:TUBB6
P41151	gene_name:HSFA1A
P46604	gene_name:HAT22
P54873	gene_name:HMGS
P57750	gene_name:DRT101
P58046	gene_name:CYP71A15
P93655	gene_name:LON1
Q0V7X4	gene_name:FIT
Q0WPS0	gene_name:TBL14
Q1PE57	gene_name:At4g22430
Q2V3E8	gene_name:At4g25845
Q39196	gene_name:PIP1.4
Q39208	gene_name:STE1
Q3ECY6	gene_name:SDG41
Q42484	gene_name:RPS2
Q5Q0C8	gene_name:At3g21320
Q66GR1	gene_name:MFH8.1
Q6ICX4	gene_name:At1g43190
Q6ICX6	gene_name:At3g57580
Q7XA77	gene_name:At1g66660
Q7XJK6	gene_name:AGL36
Q7Y228	gene_name:LAMP1
Q84K16	gene_name:GAMMA-ADR
Q84LR3	gene_name:At2g31600
Q84WJ9	gene_name:At5g19680
Q8GWB4	gene_name:At2g43110
Q8GXU8	gene_name:LPAT1
Q8GYP8	gene_name:At1g56610
Q8GZD4	gene_name:NAT3
Q8H1F4	gene_name:At4g08520
Q8L7U4	gene_name:P23-1
Q8L9V6	gene_name:DOF1.1
Q8LLV8	gene_name:PLS
Q8RWI4	gene_name:At3g01060
Q8RWJ6	gene_name:SCPL1
Q8RXT9	gene_name:At1g28590
Q8RY66	gene_name:At4g25835
Q8VZQ6	gene_name:GCL2
Q8W0Y9	gene_name:KIN14U
Q93ZQ9	gene_name:At1g07840
Q94AI6	gene_name:SEC6
Q9C787	gene_name:At1g69510
Q9C7E9	gene_name:ATL20
Q9C9P3	gene_name:KJC1
Q9CAH4	gene_name:At1g72580
Q9FF14	gene_name:FH19
Q9FGR7	gene_name:EMB1006
Q9FGZ5	gene_name:AGL83
Q9FIB3	gene_name:MYH9.15
Q9FIH5	gene_name:URGT3
Q9FK31	gene_name:MXI22.13
Q9FKS4	gene_name:ATR
Q9FLY8	gene_name:At5g39480
Q9FNQ4	gene_name:PHD4
Q9FY68	gene_name:PUMP6
Q9LIP4	gene_name:CYP71B36
Q9LJF2	gene_name:SKS11
Q9LJK2	gene_name:CYP707A4
Q9LMR1	gene_name:At1g15730
Q9LNK1	gene_name:RABA3
Q9LS13	gene_name:At5g38080
Q9LUJ6	gene_name:At3g22650
Q9LX82	gene_name:MYB48
Q9LZF9	gene_name:SAUR44
Q9MAC1	gene_name:ENODL16
Q9S7U9	gene_name:MKK2
Q9SA38	gene_name:OCT3
Q9SD99	gene_name:At5g07850
Q9SH58	gene_name:MAKR2
Q9SHG0	gene_name:TPS3
Q9SUR8	gene_name:At4g23580
Q9SVB7	gene_name:WRKY13
Q9T031	gene_name:At4g39240
Q9ZSK3	gene_name:ADF4
A0A1I9LQA9	gene_name:At3g46735
A0A1P8B064	gene_name:At2g25055
A0A1P8BE35	gene_name:At5g10946
A4GNA8	gene_name:PSD3
A8MQK7	gene_name:At1g54775
A8MQW1	gene_name:At1g44191
B3H4F4	gene_name:At2g38646
B3H695	gene_name:At4g18692
F4HSS6	gene_name:At1g20400
F4IF99	gene_name:LPXB
F4J4N3	gene_name:DIR17
F4J4Q8	gene_name:At3g01175
F4JGP6	gene_name:LPXD1
F4JVU5	gene_name:EMB2788
F4K1B1	gene_name:At5g26760
F4KA12	gene_name:At5g28780
F4KIY2	gene_name:MQD22.16
O04496	gene_name:AED3
O04650	gene_name:A_TM021B04.7
O23299	gene_name:ECI2
O23674	gene_name:PKSA
O64624	gene_name:At2g18940
O64645	gene_name:SOC1
O64730	gene_name:At2g30170
O64812	gene_name:SRK2J
O65375	gene_name:LRX1
O65438	gene_name:CYP71A27
O80927	gene_name:ATL33
O82352	gene_name:RTNLB5
P42774	gene_name:GBF1
P46422	gene_name:GSTF2
P82645	gene_name:SCRL26
P82771	gene_name:LCR57
P92990	gene_name:PGL3
Q1JPN0	gene_name:STR7
Q1PDH6	gene_name:LAC16
Q1PFK5	gene_name:At1g54240
Q2V3K7	gene_name:At4g08485
Q3E8H7	gene_name:ABCI9
Q3ECE2	gene_name:At1g70960
Q3ECM9	gene_name:At1g56555
Q5BIV3	gene_name:At1g11900
Q5XET8	gene_name:At5g33300
Q6NQ51	gene_name:RRT4
Q7XA78	gene_name:D27
Q84WK2	gene_name:At1g44770
Q8GW85	gene_name:At5g25840
Q8GWB0	gene_name:MTERF20
Q8L7W4	gene_name:DL4570W
Q8L9E4	gene_name:At5g48175
Q8LAD0	gene_name:PDX2
Q8LEA2	gene_name:GA2OX1
Q8LEG1	gene_name:RSL4
Q8LPS5	gene_name:SERK5
Q8S8K0	gene_name:At2g17972
Q93VW7	gene_name:At1g53035
Q949Z2	gene_name:At5g26734
Q9C794	gene_name:At1g69430
Q9C7C1	gene_name:TET6
Q9C7J6	gene_name:HIPP35
Q9C7U5	gene_name:At1g66250
Q9CAU0	gene_name:SCPL6
Q9FFF5	gene_name:AL1
Q9FHN1	gene_name:At5g51530
Q9FI55	gene_name:MHF1
Q9FIF0	gene_name:LECRK22
Q9FKY4	gene_name:PILS7
Q9FPJ4	gene_name:RABD2B
Q9FVS6	gene_name:ASK4
Q9FYK6	gene_name:At1g24580
Q9LF33	gene_name:UGD3
Q9LJR1	gene_name:At3g15351
Q9LSI8	gene_name:At3g28460
Q9LTL6	gene_name:At3g26250
Q9LXG0	gene_name:ZHD8
Q9LYL0	gene_name:TRM1C
Q9M0U7	gene_name:At4g05475
Q9M2B0	gene_name:RBX1B
Q9M2Z5	gene_name:At3g48880
Q9MBG4	gene_name:At3g29010
Q9S761	gene_name:T07M07.19
Q9S7M7	gene_name:T12J13.2
Q9SB51	gene_name:UBP16
Q9SCV5	gene_name:BGAL7
Q9SF07	gene_name:At3g11920
Q9SHM1	gene_name:ALMT6
Q9SHP0	gene_name:PSAT2
Q9SLJ2	gene_name:HIRD11
Q9SMX3	gene_name:VDAC3
Q9SS60	gene_name:PCMP-H23
Q9SUC4	gene_name:At4g20880
Q9SUW4	gene_name:LPPB
Q9SZE2	gene_name:DTX51
Q9SZY8	gene_name:YUC1
Q9XIB3	gene_name:At1g49470
Q9ZT42	gene_name:RHF2A
Q9ZUI3	gene_name:BGLU4
Q9ZUK3	gene_name:RLP19
Q9ZV93	gene_name:At1g78750
Q9ZWC8	gene_name:BRL1
A0A178VWR3	gene_name:At2g01460
A0A1P8B3H9	gene_name:At4g15562
A0JPV5	gene_name:At4g21865
A8MR37	gene_name:At1g21928
B3H515	gene_name:At5g20447
B3H6P4	gene_name:At3g15251
F4I111	gene_name:MCU1
F4I3N7	gene_name:At1g63630
F4IL30	gene_name:POP1
F4J5I0	gene_name:At3g45190
F4J917	gene_name:At3g31350
F4JAE0	gene_name:At3g53390
F4JFC6	gene_name:At3g61500
F4JGK4	gene_name:At4g07932
F4JT73	gene_name:At4g19460
F4JUZ6	gene_name:At4g26483
F4JWB9	gene_name:At5g04610
F4K7K8	gene_name:At5g56240
F4KA18	gene_name:At5g28823
O65371	gene_name:At1g12070
O80643	gene_name:At2g39560
O80807	gene_name:AGL23
P15460	gene_name:AT2S4
P46607	gene_name:GL2
P92510	gene_name:AtMg00680
P92560	gene_name:At2g07693
Q0WML1	gene_name:At3g08947
Q147I3	gene_name:At4g19140
Q1PE71	gene_name:At4g18335
Q39050	gene_name:CKL11
Q3ECT3	gene_name:At1g50080
Q4VNZ5	gene_name:At2g04046
Q66GS7	gene_name:At1g30250
Q6NQ97	gene_name:At2g15560
Q700D5	gene_name:BDG4
Q7Y1C4	gene_name:BRCA2B
Q84JK2	gene_name:FD
Q84JQ4	gene_name:PRK2
Q8GWJ6	gene_name:MUB6
Q8GXD9	gene_name:SCO3
Q8GYK0	gene_name:At1g13910
Q8L8A5	gene_name:GIF1
Q8LPM0	gene_name:At3g59840
Q8RXK3	gene_name:At3g53270
Q8S341	gene_name:PAP7
Q8S897	gene_name:BLH5
Q8S9L6	gene_name:CRK29
Q8VYT6	gene_name:At2g31740
Q8VZI9	gene_name:ENAP1
Q8VZK8	gene_name:At2g15010
Q93ZM7	gene_name:At3g13860
Q94AA9	gene_name:XGD1
Q94AD1	gene_name:At1g48610
Q94LA7	gene_name:At1g44478
Q9AR07	gene_name:JMT
Q9C517	gene_name:At1g66420
Q9C670	gene_name:BHLH76
Q9C677	gene_name:At1g26320
Q9C689	gene_name:NSE4A
Q9C9I6	gene_name:PCMP-E67
Q9CA89	gene_name:ROPGEF12
Q9CAF4	gene_name:NUP1
Q9CAK6	gene_name:HIPP15
Q9FFY6	gene_name:ELCL
Q9FHL4	gene_name:FTRA1
Q9FI58	gene_name:At5g50900
Q9FI65	gene_name:At5g49050
Q9FN06	gene_name:MGI19.3
Q9FN52	gene_name:MAM3
Q9FN92	gene_name:At5g59700
Q9FNN6	gene_name:SRM1
Q9FUJ2	gene_name:CKX4
Q9LFZ8	gene_name:CAX6
Q9LH98	gene_name:At3g28770
Q9LIN4	gene_name:TRM11
Q9LJ63	gene_name:At3g19030
Q9LJL8	gene_name:At3g19120
Q9LRA2	gene_name:At1g23910
Q9LS45	gene_name:PCR5
Q9LTD7	gene_name:At5g51670
Q9LTQ4	gene_name:At3g20380
Q9LX88	gene_name:RPS15AD
Q9LXW5	gene_name:T15B3_80
Q9LYB3	gene_name:T20O10_190
Q9M143	gene_name:At4g01270
Q9M223	gene_name:At3g60360
Q9M241	gene_name:T18D12_60
Q9MAJ7	gene_name:BGAL5
Q9SA23	gene_name:SYP51
Q9SGR4	gene_name:SAUR56
Q9SKX5	gene_name:PAO2
Q9SRV3	gene_name:LBD20
Q9SYB5	gene_name:OST3B
Q9SYM0	gene_name:VTE6
Q9SZ14	gene_name:At4g26730
Q9XI00	gene_name:SKIP32
Q9XI69	gene_name:F7A19.27
Q9ZPS9	gene_name:BRL2
Q9ZU25	gene_name:MPPalpha1
Q9ZU77	gene_name:At2g18620
A0A1P8AUJ8	gene_name:MTERF27
A0A1P8B271	gene_name:At2g07637
A0A1P8B9B1	gene_name:MCL19.3
B3H4L2	gene_name:At4g16451
B9DG91	gene_name:At3g13950
F4I2K0	gene_name:At1g03920
F4I9J8	gene_name:At1g51520
F4IAF6	gene_name:At1g05960
F4IFB5	gene_name:At2g04790
F4J139	gene_name:At3g03440
F4JH01	gene_name:MEE44
F4JIJ7	gene_name:BHLH162
F4JMR3	gene_name:TRM11
O04712	gene_name:AGAA.5
O22978	gene_name:T19F6.7
O23090	gene_name:BHLH14
O23254	gene_name:SHM4
O48818	gene_name:EXPA4
O49343	gene_name:At2g30780
O80748	gene_name:BBX26
O81011	gene_name:At2g22940
P0DN92	gene_name:SPH24
P24636	gene_name:TUBB4
P46313	gene_name:FAD2
P48349	gene_name:GRF6
P82791	gene_name:LCR82
Q0WQA5	gene_name:MOJ9.10
Q1G3L2	gene_name:MLBP1
Q1PEU4	gene_name:PCMP-E9
Q1PEU6	gene_name:At2g44195
Q1PFE1	gene_name:AIL1
Q2V4D5	gene_name:At1g69828
Q3EAW7	gene_name:At3g29763
Q42479	gene_name:CPK3
Q4PSN8	gene_name:At3g19890
Q67YF8	gene_name:SUC7
Q7XJS0	gene_name:ASHR1
Q84JL3	gene_name:SINAT3
Q84JR9	gene_name:TTL4
Q8GWI2	gene_name:At3g60040
Q8GWR3	gene_name:At1g09660/At1g09670
Q8GYL4	gene_name:At4g38020
Q8H0V3	gene_name:At1g08110
Q8H1S6	gene_name:At1g06960
Q8L467	gene_name:BHLH104
Q8L603	gene_name:At4g20300
Q8L7C2	gene_name:CFM2
Q8LDV3	gene_name:At4g13200
Q8LPR9	gene_name:TIC110
Q8S8H2	gene_name:At2g25510
Q8VYR9	gene_name:KEA5
Q8VZQ2	gene_name:MYB61
Q8VZS2	gene_name:At1g80865
Q8W1E7	gene_name:DL3755W
Q8W2F1	gene_name:BHLH12
Q93ZE8	gene_name:SDF2
Q940I8	gene_name:Z97340.18
Q945K7	gene_name:IDH5
Q9C777	gene_name:At3g11230
Q9C991	gene_name:At1g71170
Q9C9L2	gene_name:TCP15
Q9C9U3	gene_name:DOX2
Q9FGH3	gene_name:MQJ2.6
Q9FHE1	gene_name:GSTT3
Q9FHI0	gene_name:At5g47150
Q9FI23	gene_name:PDF1.2A
Q9FID9	gene_name:At5g38990
Q9FJX8	gene_name:DAR6
Q9FMP4	gene_name:At5g12190
Q9FNE9	gene_name:ATXR6
Q9FVX0	gene_name:CYCA1-2
Q9LFW1	gene_name:RGP2
Q9LML2	gene_name:SMXL6
Q9LNW3	gene_name:AIP1
Q9LUQ9	gene_name:At3g16740
Q9LVM1	gene_name:ABCB25
Q9LVZ0	gene_name:MAB16.2
Q9LXV1	gene_name:At5g12880
Q9LYS6	gene_name:CALS6
Q9M2X9	gene_name:T16K5.140
Q9M9P0	gene_name:EXPA13
Q9SA56	gene_name:PSAD2
Q9SAE4	gene_name:CYP71B29
Q9SCP4	gene_name:At3g53170
Q9SHG8	gene_name:HBP1
Q9SJA2	gene_name:CSLC8
Q9SN83	gene_name:F1P2.100
Q9SNW9	gene_name:MYB99
Q9STM1	gene_name:T29H11_70
Q9STW3	gene_name:DMP3
Q9SUT0	gene_name:RDL4
Q9SYB4	gene_name:At1g61780
Q9SYF4	gene_name:F15I1.6
Q9SZF8	gene_name:At4g37660
Q9T036	gene_name:T22F8.200
Q9XEX4	gene_name:CDA8
Q9ZQZ9	gene_name:TIC20-IV
Q9ZVN9	gene_name:GTF2H2
Q9ZVS4	gene_name:SAP2
Q9ZW36	gene_name:At2g29580
A0A1P8AZH3	gene_name:At2g04062
A0A1P8BH68	gene_name:At5g60215
B3H7E0	gene_name:At5g23411
B3H7H8	gene_name:At1g18871
B9DFR3	gene_name:PAE9
E5KGE0	gene_name:BRIZ1
F4HTI9	gene_name:At1g61260
F4I8Y6	gene_name:At1g11608
F4IN86	gene_name:MEE65
F4J4P1	gene_name:At3g58150
F4J4R5	gene_name:NAC044
F4J938	gene_name:At3g46490
F4JC04	gene_name:At3g06545
F4K7X9	gene_name:At5g01080
F4KB50	gene_name:MAH20.16
O04248	gene_name:At4g02040
O04533	gene_name:LECRK52
O04575	gene_name:At1g62080
O23390	gene_name:BARS1
O64566	gene_name:PIRL6
O64769	gene_name:POT11
O81270	gene_name:PXG1
P0DKH5	gene_name:RRS1
P46601	gene_name:HAT2
P56801	gene_name:rps8
Q08733	gene_name:PIP1-3
Q0WL52	gene_name:NPY5
Q0WUF6	gene_name:PUB41
Q1PDT6	gene_name:At5g25470
Q2V392	gene_name:At5g08055
Q2V3W5	gene_name:At3g13403
Q39025	gene_name:MPK5
Q3E7D1	gene_name:At2g40925
Q3EB02	gene_name:At3g26110
Q5XPJ9	gene_name:SCAR2
Q66GN2	gene_name:LECRK64
Q6LA42	gene_name:APRR5
Q6NLV4	gene_name:FY
Q6NMS3	gene_name:At4g22235
Q6NPN5	gene_name:At5g26960
Q6NQJ7	gene_name:FRS4
Q7PC82	gene_name:ABCG42
Q84JE8	gene_name:ZDP
Q84K44	gene_name:At4g30760
Q84QC1	gene_name:GGCT2;3
Q84TK1	gene_name:BHLH10
Q84WI4	gene_name:SEC23G
Q8H1E8	gene_name:DRM3
Q8H1F5	gene_name:IDD7
Q8L7T4	gene_name:At3g13990
Q8L864	gene_name:At4g21930
Q8L983	gene_name:COR28
Q8LCE4	gene_name:AGP5
Q8RWY3	gene_name:CHR11
Q8RX55	gene_name:GALT5
Q8VY88	gene_name:LTD
Q93V58	gene_name:GRIK1
Q93ZM0	gene_name:ATSYTF
Q940B0	gene_name:RPL18C
Q949P2	gene_name:CYOP
Q94A87	gene_name:OSCA2.2
Q94KL5	gene_name:BLH4
Q9C7I9	gene_name:ARF20
Q9C8V8	gene_name:LBD5
Q9FEF8	gene_name:FIB1
Q9FIT3	gene_name:At5g62060
Q9FIZ9	gene_name:NIP4-1
Q9FL29	gene_name:MPL12.11
Q9FLZ6	gene_name:MUL8.6
Q9FMR2	gene_name:MWD9.19
Q9FUT0	gene_name:GSTU9
Q9FVV9	gene_name:NAP5
Q9FXC5	gene_name:At1g67600
Q9LFP0	gene_name:APT5
Q9LM66	gene_name:XCP2
Q9LSG5	gene_name:At3g25120
Q9LUE3	gene_name:SWEET10
Q9LVD5	gene_name:MJB24.4
Q9M0D0	gene_name:ABCE3
Q9M2Q4	gene_name:At3g57940
Q9M3E5	gene_name:LECRK11
Q9S701	gene_name:At1g10790
Q9S760	gene_name:HVA22D
Q9S9L0	gene_name:F26C17.9
Q9SH17	gene_name:At1g77830
Q9SID9	gene_name:At2g22270
Q9SIE8	gene_name:At2g22160
Q9SJ47	gene_name:At2g36030
Q9SRP5	gene_name:CML34
Q9SRQ7	gene_name:NPC4
Q9SU82	gene_name:At4g29690
Q9SV84	gene_name:NIP5-1
Q9SVK0	gene_name:At4g38930
Q9SZA6	gene_name:At4g33290
Q9XF91	gene_name:PSBS
Q9ZNQ8	gene_name:PERK4
Q9ZQX4	gene_name:VHA-F
Q9ZSZ8	gene_name:FIP37
Q9ZV04	gene_name:PER24
X5JB51	gene_name:SEC10b
A0A1I9LMG4	gene_name:At3g48475
A0A1I9LTT1	gene_name:At3g46355
A0A1P8AM63	gene_name:At1g39060
A0A1P8AS86	gene_name:At1g18197
A0A1P8ASA8	gene_name:At1g63960
A0A1P8B3Z8	gene_name:At4g23365
A0A1P8B9S8	gene_name:At5g35732
A0A1P8BEQ7	gene_name:At5g63625
A1L4Y2	gene_name:At1g32780
A2RVT9	gene_name:At5g38890
A8MQM1	gene_name:At3g44428
A8MRL8	gene_name:At1g35035
B3H4U9	gene_name:At1g29560
B3H4Y7	gene_name:At5g41908
B3H6H5	gene_name:At2g34238
B3H7E3	gene_name:At3g08636
F4HT49	gene_name:PAB1
F4IK99	gene_name:At2g07280
F4IQJ4	gene_name:GASA11
F4IRB0	gene_name:At2g02795
F4JCC1	gene_name:PRP40B
F4JSH1	gene_name:APY7
F4JUG3	gene_name:At4g38760
F4JV40	gene_name:At4g32680
F4JXF9	gene_name:NRPC1
F4K6K4	gene_name:At5g07140
O04468	gene_name:STMP6
O22868	gene_name:At2g43540
O64755	gene_name:At2g34910
O80614	gene_name:At2g03000
O80775	gene_name:WDR55
O81488	gene_name:AL4
O81500	gene_name:At5g26330
P0DN95	gene_name:APUM15
P12411	gene_name:TUBB1
P51419	gene_name:RPL27C
P93002	gene_name:NPR1
Q0WN19	gene_name:MXK3.7
Q1PFB8	gene_name:At1g79780
Q39182	gene_name:PDF2.2
Q42485	gene_name:ZFP1
Q52K85	gene_name:At5g48680
Q5XEZ1	gene_name:HPGT3
Q6NL28	gene_name:At4g04745
Q6NLT8	gene_name:IMP1A
Q84RQ9	gene_name:ARI12
Q8GZ13	gene_name:BEE1
Q8GZ87	gene_name:IQD28
Q8LDN4	gene_name:CLE46
Q8LFH7	gene_name:RPL37A
Q8RW90	gene_name:FAH
Q8RX01	gene_name:At3g05675
Q8S8D5	gene_name:At2g20595
Q8VYD4	gene_name:CHX23
Q8VZW0	gene_name:At1g53180
Q944H1	gene_name:At4g10470
Q96524	gene_name:CRY2
Q9AR19	gene_name:HAG1
Q9C658	gene_name:DCP5
Q9C733	gene_name:At1g48640
Q9C8Z9	gene_name:BHLH148
Q9CA21	gene_name:At1g77730
Q9FF53	gene_name:PIP2-4
Q9FFQ5	gene_name:FLS3
Q9FGY6	gene_name:At5g49590
Q9FJ04	gene_name:SPH26
Q9FJE2	gene_name:MMN10.19
Q9FJR8	gene_name:MQD22.7
Q9FKY3	gene_name:AVT3A
Q9FNR3	gene_name:EXO70E2
Q9LKA3	gene_name:At3g15020
Q9LNN3	gene_name:At1g53080
Q9LR35	gene_name:At1g23270
Q9LSR7	gene_name:AGL70
Q9LT68	gene_name:NHD1
Q9LTT3	gene_name:HMGB10
Q9LV38	gene_name:MPI10.4
Q9LV60	gene_name:CRRSP55
Q9LVK3	gene_name:ATG12B
Q9M1G8	gene_name:DJ1F
Q9M285	gene_name:T22K7_80
Q9M2P7	gene_name:PAP9
Q9MA17	gene_name:SMB
Q9S791	gene_name:F15H11.2
Q9S7U3	gene_name:At4g12510
Q9SCK7	gene_name:At3g49520
Q9SD34	gene_name:At3g51120
Q9SIE4	gene_name:ERF056
Q9SII7	gene_name:PCMP-E77
Q9SKH4	gene_name:At2g13660
Q9SVA5	gene_name:PCMP-E52
Q9SXA8	gene_name:At1g11220
Q9SXB6	gene_name:MLO2
Q9SZK8	gene_name:At4g38080
Q9T051	gene_name:PLDGAMMA2
Q9XIQ4	gene_name:UGT79B11
Q9ZNU9	gene_name:SAP3
Q9ZQ80	gene_name:NRP1
Q9ZUF4	gene_name:RIPK
Q9ZUV0	gene_name:UGT86A2
A0A1P8AMZ2	gene_name:At1g17300
A0A1P8AP54	gene_name:At1g23995
A0A1P8APL7	gene_name:At1g64795
A0A1P8AQ05	gene_name:At1g36922
A0A1P8BGP0	gene_name:At5g10320
A8MS52	gene_name:At5g36662
B2GVM8	gene_name:At1g24230
B3H711	gene_name:At3g01961
B3H776	gene_name:MLF18.50
C0LGT1	gene_name:At5g10290
F4HS38	gene_name:At1g80200
F4HTH8	gene_name:KTN80.2
F4INE9	gene_name:At2g07775
F4IRX7	gene_name:SOUL-1
F4IXE7	gene_name:IDM1
F4JDC7	gene_name:At3g13480
F4JEQ1	gene_name:GDPDL5
F4JXM9	gene_name:ROG2
F4K773	gene_name:At5g37478
F4KFB3	gene_name:PTST
O23267	gene_name:dl3070w
O23366	gene_name:dl3605w
O48807	gene_name:At1g62420
O49313	gene_name:At2g33220
O82169	gene_name:MORF6
O82343	gene_name:At2g46260
P42734	gene_name:CAD9
P50546	gene_name:rpoB
P56765	gene_name:accD
P93276	gene_name:AtMg00030
Q05196	gene_name:PAB5
Q0WT19	gene_name:IP5P8
Q1H595	gene_name:LSM2
Q2V2W3	gene_name:At5g62623
Q2V305	gene_name:At5g48595
Q3E7C8	gene_name:At1g77885
Q3E8W4	gene_name:ANX2
Q43385	gene_name:DOF3.7
Q501E6	gene_name:FLOT1
Q52K84	gene_name:At4g13270
Q56ZA1	gene_name:At1g74055
Q570N6	gene_name:At5g54165
Q67Y93	gene_name:KRP1
Q6AWU6	gene_name:HOL3
Q6DR04	gene_name:RTNLB17
Q6NLG3	gene_name:At1g17410
Q6NPS1	gene_name:At1g61690
Q6NQ21	gene_name:At5g27440
Q76FS5	gene_name:SPS2
Q8GUH2	gene_name:At1g01500
Q8H114	gene_name:At2g40600
Q8H1R6	gene_name:At4g21520
Q8LAF5	gene_name:EMB3006
Q8RXA7	gene_name:SCD1
Q8S8R6	gene_name:At2g02680
Q8W4P1	gene_name:CDKC-2
Q93ZD7	gene_name:MRS2-4
Q945M9	gene_name:NFYA9
Q948R1	gene_name:DAD1
Q9C631	gene_name:At1g46696
Q9C6F2	gene_name:At1g35210
Q9C8M2	gene_name:MSRB1
Q9C926	gene_name:At1g52950
Q9FE63	gene_name:PRF3
Q9FFR3	gene_name:PGD3
Q9FFS3	gene_name:WRKY24
Q9FG30	gene_name:At5g06770
Q9FGN0	gene_name:COG7
Q9FHM9	gene_name:EXL3
Q9FNF6	gene_name:MOP9.8
Q9FX77	gene_name:At1g16640
Q9FYE0	gene_name:At5g04210
Q9FZ48	gene_name:UBC36
Q9LF50	gene_name:MEX1
Q9LJH2	gene_name:ALKBH1C
Q9LK37	gene_name:RALFL24
Q9LKB2	gene_name:At3g14920
Q9LN95	gene_name:BHLH55
Q9LSL1	gene_name:BHLH93
Q9LTW2	gene_name:MYB67
Q9LTX8	gene_name:At5g49920
Q9LUW0	gene_name:LOX5
Q9LVJ4	gene_name:At3g14040
Q9LW14	gene_name:At3g15650
Q9LY78	gene_name:VPNB1
Q9LYE1	gene_name:At5g11500
Q9LZ57	gene_name:RPL36C
Q9LZY5	gene_name:T4C21_190
Q9M8J7	gene_name:At3g06210
Q9M9L8	gene_name:LON3
Q9SCS8	gene_name:HR2
Q9SCU8	gene_name:BGAL14
Q9SGW8	gene_name:PI4KG2
Q9SI03	gene_name:MTP12
Q9SJU9	gene_name:GC1
Q9SMR2	gene_name:TFCC
Q9SNA1	gene_name:F18L15.80
Q9ZNR0	gene_name:CYP78A6
Q9ZUZ2	gene_name:CRK3
Q9ZWJ3	gene_name:UGT85A2
A0A1P8BA18	gene_name:At5g60150
A8MR22	gene_name:At3g45248
B3H5A8	gene_name:RVE7
F4I7C7	gene_name:WAPL1
F4IBQ9	gene_name:KIN14Q
F4IJF0	gene_name:At2g16015
F4IRA7	gene_name:At2g02770
F4IVH3	gene_name:At2g20616
F4IYY5	gene_name:At3g22080
F4J2T9	gene_name:At3g22980
F4J3C0	gene_name:At3g51350
F4JGJ5	gene_name:At4g07666
F4JJN9	gene_name:At4g27590
F4JTN0	gene_name:ATNPC1-2
F4KHG9	gene_name:SSP4
O23653	gene_name:AK2
O49342	gene_name:CYP71A13
O64600	gene_name:At1g70360
O64651	gene_name:At2g45720
O80506	gene_name:FLZ3
O80689	gene_name:BGLU45
O82768	gene_name:HISN2
P28186	gene_name:RABE1C
P49592	gene_name:DR1
P82623	gene_name:SCRL4
Q09152	gene_name:FPS1
Q0V7Z5	gene_name:SAUR64
Q1G3M3	gene_name:At3g19184
Q208N7	gene_name:ACD321
Q2V4F7	gene_name:At1g63522
Q3ECW8	gene_name:BGLU1
Q494P1	gene_name:At5g25330
Q56WD3	gene_name:At1g18000
Q58FU4	gene_name:At5g05330
Q66GQ5	gene_name:RWA3
Q681N2	gene_name:PUB15
Q6DYE3	gene_name:At1g30140
Q6EVK6	gene_name:BRM
Q6NPD1	gene_name:MJH22.1
Q6R2K1	gene_name:SRF5
Q84JT7	gene_name:ARID1
Q84K84	gene_name:MJH22.6
Q84MD2	gene_name:CIF1
Q84WU6	gene_name:ARF17
Q84X17	gene_name:At2g17830
Q8GUM1	gene_name:EIF3B-2
Q8GY65	gene_name:SOK4
Q8H116	gene_name:MNS2
Q8H1E7	gene_name:NOF1
Q8L5V0	gene_name:NRPB9B
Q8L634	gene_name:At3g14830
Q8S8S8	gene_name:At2g19385
Q8W4H8	gene_name:GLL23
Q93Y06	gene_name:At5g67200
Q93ZD5	gene_name:At1g74680
Q941B6	gene_name:UBC37
Q945S8	gene_name:ASHH3
Q94EI2	gene_name:At5g08535
Q9C9B0	gene_name:UGT89B1
Q9FFD9	gene_name:SEI1
Q9FIF4	gene_name:MNC17.14
Q9FJV0	gene_name:MKK6
Q9FK13	gene_name:PDV1
Q9FM57	gene_name:WYR
Q9FML0	gene_name:MDC12.9
Q9FN55	gene_name:MYC6.16
Q9FNB2	gene_name:RRL
Q9FNQ1	gene_name:BRR2C
Q9FT49	gene_name:T25B15_100
Q9FYG3	gene_name:At1g67300
Q9FZK1	gene_name:FBX6
Q9LD48	gene_name:F14M2.2
Q9LF61	gene_name:XPT
Q9LFI5	gene_name:GPT2
Q9LIS3	gene_name:GAE6
Q9LJK8	gene_name:At3g19200
Q9LJN8	gene_name:BUB3.1
Q9LMI3	gene_name:At1g06360
Q9LMI4	gene_name:At1g06350
Q9LXU0	gene_name:CLE40
Q9LYV6	gene_name:At5g13200
Q9LZQ9	gene_name:At3g62310
Q9M026	gene_name:T10O8_190
Q9M176	gene_name:T5C2_130
Q9M1A9	gene_name:JAL37
Q9M2E2	gene_name:SDR1
Q9M8Y1	gene_name:At3g04250
Q9M9L3	gene_name:NEAP1
Q9MAR8	gene_name:SCPL44
Q9SEX2	gene_name:AAA1
Q9SGT7	gene_name:NOP56
Q9SHV6	gene_name:At2g10450
Q9SIA3	gene_name:DTX4
Q9SL94	gene_name:FLZ11
Q9SLI2	gene_name:NEK1
Q9SS45	gene_name:PAL4
Q9SZ54	gene_name:GPX7
Q9T0A8	gene_name:At4g23930
Q9T0J3	gene_name:SAUR16
Q9XGY4	gene_name:TIM8
A0A1P8AP99	gene_name:At1g16650
A0A1P8AXR2	gene_name:At2g03567
A0A1P8B7K7	gene_name:At4g32342
A0A1P8B8C0	gene_name:At4g17243
A0A1P8BAT6	gene_name:MNF13.5
A2RVV7	gene_name:FOLD1
A8MQP2	gene_name:RALFL29
A8MSE3	gene_name:At2g39805
A9JTY4	gene_name:POT1C
B3H4T3	gene_name:At1g52191
B3H5C9	gene_name:At1g48912
B3H6F3	gene_name:At4g00342
B3H6V9	gene_name:At5g23903
B3H6Y2	gene_name:ARPC5B
B5X574	gene_name:PCK2
B9DHT4	gene_name:ARIA
F4HRI2	gene_name:HEI10
F4ILK1	gene_name:At2g29605
F4ITJ6	gene_name:At2g25910
F4JC20	gene_name:FIPS3
F4JI10	gene_name:At4g01330
F4JKW9	gene_name:DL3955C
F4JT78	gene_name:RPP2A
F4JZA9	gene_name:At5g05360
F4KEM1	gene_name:MRA19.15
F4KIN5	gene_name:At5g34830
O04658	gene_name:NOP5-1
O49328	gene_name:RLP26
O49522	gene_name:At4g18540
O64379	gene_name:At1g22750
O64492	gene_name:MCTP10
O64750	gene_name:PSA2
O65090	gene_name:PFC1
O81025	gene_name:IAN10
P0DO44	gene_name:ATP6
P48731	gene_name:ATH1
P51418	gene_name:RPL18AB
P60620	gene_name:COX1
Q0WPK0	gene_name:DL4515C
Q0WW84	gene_name:RBP47B
Q1G391	gene_name:At4g00893
Q29PU4	gene_name:CLE12
Q2MHE4	gene_name:HT1
Q2V3H5	gene_name:At4g17718
Q39238	gene_name:TOUSLED
Q56ZN6	gene_name:AVPL1
Q5XEP8	gene_name:JUL1
Q681A5	gene_name:At1g17540
Q6ID87	gene_name:At1g01310
Q6NLR3	gene_name:At2g44410
Q6RF47	gene_name:At2g03460
Q7DLS1	gene_name:PBB2
Q84L33	gene_name:RAD23B
Q84M95	gene_name:PBL28
Q84VQ3	gene_name:CIPK26
Q8GXH5	gene_name:At5g44710
Q8GZ96	gene_name:DRMY1
Q8L7L1	gene_name:SPHK1
Q8L8B6	gene_name:At2g28690
Q8LAW2	gene_name:AFR
Q8S8I9	gene_name:At2g07728
Q8VWF6	gene_name:SSL3
Q8VXZ2	gene_name:At1g48840
Q8VZA1	gene_name:LAC11
Q93VQ9	gene_name:At1g31020
Q940G3	gene_name:MIJ24.9
Q9C5F3	gene_name:At4g28025
Q9C7T7	gene_name:CEPR2
Q9C8T8	gene_name:At1g63340
Q9FGT3	gene_name:At5g58110
Q9FI13	gene_name:RPI4
Q9FIX1	gene_name:AIG2LB
Q9FMP0	gene_name:MED19A
Q9FN60	gene_name:MYC6.11
Q9FWS9	gene_name:BLH3
Q9FXA0	gene_name:At1g49740
Q9FY60	gene_name:MYB64
Q9FZC8	gene_name:FOX5
Q9LEU5	gene_name:At5g10950
Q9LK73	gene_name:UGT88A1
Q9LMI0	gene_name:TPS7
Q9LNI2	gene_name:APUM22
Q9LPL6	gene_name:TOL3
Q9LU64	gene_name:FSD2
Q9LVA7	gene_name:At5g62290
Q9LVB5	gene_name:MMI9.4
Q9LVS4	gene_name:MQL5.21
Q9LYR5	gene_name:FKBP19
Q9M1V1	gene_name:SOT6
Q9M376	gene_name:VAMP727
Q9M815	gene_name:PCR8
Q9S732	gene_name:SLI1
Q9S7X9	gene_name:F14K14.16
Q9SGU7	gene_name:At1g64680
Q9SIE0	gene_name:ALKBH2
Q9SLU9	gene_name:ZW18
Q9SRX4	gene_name:PME7
Q9SS92	gene_name:At3g01630
Q9SW41	gene_name:ARO1
Q9ZVP9	gene_name:At2g02440
A0A1I9LMD5	gene_name:At3g58760
A0A1P8AR38	gene_name:At1g63530
A0A1P8AX06	gene_name:At2g16953
A8MQE7	gene_name:At2g16592
B3H6V5	gene_name:At1g78172
C0LGF4	gene_name:FEI1
D3GKW6	gene_name:TCL1
F4HRQ6	gene_name:At1g61093
F4HVM4	gene_name:BTL15
F4I107	gene_name:PAE1
F4I443	gene_name:BARD1
F4I9U3	gene_name:At1g65090
F4J7V4	gene_name:At3g30840
F4K6R6	gene_name:MYB40
F4K786	gene_name:At5g37590
O22176	gene_name:WRKY15
O22287	gene_name:CYT1
O22909	gene_name:At2g47350
O49651	gene_name:LBD32
O64471	gene_name:MTX1
O64511	gene_name:TLP1
O82316	gene_name:TIP4-1
O82357	gene_name:KPHMT1
P0DKG7	gene_name:At2g42480
P29448	gene_name:TRX1
P82873	gene_name:TOM20-2
P93025	gene_name:PHOT2
Q05728	gene_name:PUR5
Q1PE30	gene_name:At4g31230
Q2V4A3	gene_name:At2g04925
Q39088	gene_name:DOF3.4
Q3E7G5	gene_name:At1g47690
Q3EBM6	gene_name:CEP4
Q67ZZ1	gene_name:At2g41020
Q6GKX1	gene_name:MDH9.2
Q84JL5	gene_name:INVH
Q84MB1	gene_name:At5g38020
Q84MC3	gene_name:ATNITR2
Q84WL5	gene_name:At1g53542
Q8GUT5	gene_name:GNAT6
Q8L9T7	gene_name:AHP5
Q8LBN4	gene_name:At4g18580
Q8VYF6	gene_name:AT1G13000.1
Q8VYZ2	gene_name:PAP8
Q93V62	gene_name:At4g27450
Q93ZI5	gene_name:At1g58235
Q94BZ6	gene_name:At1g12850
Q96250	gene_name:ATPC
Q96321	gene_name:IMPA1
Q9C578	gene_name:At5g22100
Q9C6Z8	gene_name:ATDOA4
Q9C7I3	gene_name:MLP168
Q9C9U5	gene_name:SIS8
Q9CAB7	gene_name:PXG4
Q9CAI5	gene_name:CKL2
Q9CAV0	gene_name:RPS3AA
Q9FF56	gene_name:MUP24.5
Q9FFB6	gene_name:RZPF34
Q9FG45	gene_name:At5g37430
Q9FH06	gene_name:SCPL41
Q9FHT0	gene_name:MNJ8.10
Q9FIU6	gene_name:ORRM2
Q9FJL9	gene_name:MTI20.23
Q9FJZ6	gene_name:At5g66430
Q9FL92	gene_name:RRS1B
Q9FM03	gene_name:DOF5.6
Q9FMR9	gene_name:RIN1
Q9FNQ2	gene_name:PDCB1
Q9FWQ7	gene_name:UP6
Q9FX86	gene_name:CRK8
Q9LHJ8	gene_name:SAP5
Q9LRK9	gene_name:CRRSP28
Q9LSS5	gene_name:ICR3
Q9LT29	gene_name:MMB12.25
Q9LT79	gene_name:PUB25
Q9LUE0	gene_name:TPS19
Q9LUP4	gene_name:At3g17540
Q9LUP5	gene_name:At3g17530
Q9LV31	gene_name:MYB4R1
Q9LVN9	gene_name:MBM17.4
Q9LW05	gene_name:At3g15740
Q9LXM5	gene_name:T10D17_20
Q9LYI4	gene_name:EMB3135
Q9LYW0	gene_name:At5g03250
Q9M159	gene_name:F2N1.39-01
Q9M1V4	gene_name:At3g63360
Q9M207	gene_name:T8B10_180
Q9M2Q6	gene_name:SPL15
Q9M3C8	gene_name:DIR24
Q9MAA8	gene_name:At3g05110
Q9S826	gene_name:IMP4
Q9S9K7	gene_name:At1g54690
Q9SFV3	gene_name:T1B9.10
Q9SJL7	gene_name:RAX2
Q9SKI3	gene_name:PSBX
Q9SKN0	gene_name:S40-4
Q9SLG0	gene_name:NFYB1
Q9SSC6	gene_name:At1g80130
Q9SZT4	gene_name:OSCA4.1
Q9ZUT5	gene_name:PCMP-E49
A0A1I9LQ91	gene_name:At3g02673
A0A1P8B4Y2	gene_name:At4g34139
A0A1P8BBS9	gene_name:At5g35913
A0A1P8BG75	gene_name:At5g35926
F4HR59	gene_name:At1g27220
F4HSR5	gene_name:At1g20280
F4IWK7	gene_name:At3g27590
F4IX29	gene_name:At3g62040
F4J0C0	gene_name:At3g28600
F4J573	gene_name:At3g17520
F4JEQ2	gene_name:PBL23
F4JKK0	gene_name:SUD1
F4JNI6	gene_name:At4g23360
F4JPK8	gene_name:At4g30250
O04314	gene_name:PBP1
O22985	gene_name:T19F6.14
O50061	gene_name:RPL4
O64688	gene_name:E1-BETA-2
O80576	gene_name:LEA26
O80608	gene_name:At2g02890
O81644	gene_name:VLN2
P34788	gene_name:RPS18A
P42759	gene_name:ERD10
P93823	gene_name:ATL1
Q0WQF7	gene_name:LTA3
Q0WRC9	gene_name:SKIP17
Q1G379	gene_name:At5g07572
Q1G3A4	gene_name:At3g27999
Q1PEF0	gene_name:TRP
Q1PFG9	gene_name:DTX7
Q1WIQ6	gene_name:ALDH11A3
Q38857	gene_name:XTH22
Q39233	gene_name:SYP21
Q42564	gene_name:APX3
Q6NM03	gene_name:At2g25605
Q6NQA0	gene_name:At1g45110
Q84WC1	gene_name:At1g68875
Q8GXV8	gene_name:At4g23390
Q8H1S5	gene_name:At3g52610
Q8LCV1	gene_name:PLP3B
Q8LF93	gene_name:At3g02555
Q8LG98	gene_name:OTU1
Q8RWF0	gene_name:RPN9A
Q8RWL5	gene_name:CLT3
Q8RXJ0	gene_name:NUF2
Q8W2F2	gene_name:BHLH11
Q93W20	gene_name:NIFU2
Q93YR2	gene_name:BASS1
Q944R2	gene_name:At5g65205
Q945Q1	gene_name:CYS1
Q94BN8	gene_name:MCO15.5
Q94CF4	gene_name:At1g62050
Q94CJ7	gene_name:At5g12450
Q9ASQ6	gene_name:RFK1
Q9C6L5	gene_name:KCS5
Q9C7A5	gene_name:T2E22.25
Q9FIQ0	gene_name:AGD9
Q9FK30	gene_name:OFUT36
Q9FKG3	gene_name:PFK4
Q9FMF5	gene_name:RPT3
Q9FMQ4	gene_name:SPH3
Q9FUT3	gene_name:ABCB23
Q9FYH5	gene_name:At1g30880
Q9FZE0	gene_name:BGLU40
Q9LF25	gene_name:At5g15570
Q9LF40	gene_name:At5g15420
Q9LF51	gene_name:At5g17510
Q9LIQ4	gene_name:THIM
Q9LN05	gene_name:SMR16
Q9LNK3	gene_name:LRR-RLK
Q9LQ08	gene_name:BHLH125
Q9LQP8	gene_name:KCS3
Q9LRL1	gene_name:CRRSP26
Q9LSX0	gene_name:ERF096
Q9LTX2	gene_name:At5g49980
Q9LUL4	gene_name:SRF7
Q9LVV6	gene_name:MNB8.2
Q9LZA7	gene_name:At5g04030
Q9LZL7	gene_name:FES1C
Q9M843	gene_name:At3g04440
Q9M8K5	gene_name:HIPP32
Q9MBG8	gene_name:AAR3
Q9S736	gene_name:OBE1
Q9SCU1	gene_name:PATL6
Q9SEI0	gene_name:WER
Q9SFC7	gene_name:At3g07870
Q9SHZ1	gene_name:DEGP3
Q9SJY3	gene_name:At2g22520
Q9SLN5	gene_name:MAP1A
Q9SMS0	gene_name:ndhT
Q9SN23	gene_name:LBD38
Q9SZB4	gene_name:RH43
Q9SZI3	gene_name:NPR2
Q9T0D3	gene_name:HSFB2B
Q9XGM8	gene_name:GNTI
Q9XI73	gene_name:PNSL2
Q9ZRD6	gene_name:YKT61
Q9ZT07	gene_name:RKS1
Q9ZUV1	gene_name:HIPP01
Q9ZUX0	gene_name:At2g27680
A0A178VM97	gene_name:At3g58415
A0A178VQ73	gene_name:ATDOA6
A0A1I9LT67	gene_name:At3g14463
A0A1P8B9K4	gene_name:MRH10.12
A8MRC9	gene_name:CRP4
B9DH75	gene_name:At2g17320
F4HR18	gene_name:At1g26890
F4HWU0	gene_name:At1g48210
F4I1N3	gene_name:At1g49150
F4I7Y2	gene_name:At1g50970
F4ICD9	gene_name:SEC31A
F4J2X6	gene_name:At3g23245
F4J376	gene_name:At3g44740
F4J4C8	gene_name:EVN
F4J510	gene_name:At3g10970
F4J5Y7	gene_name:At3g58690
F4JGU4	gene_name:At4g00005
F4JN26	gene_name:MLH3
F4JYA1	gene_name:At5g25960
F4KBM0	gene_name:MKD10.8
F4KEG7	gene_name:MIJ24.2
O22891	gene_name:At2g40440
O48783	gene_name:At2g26680
O49482	gene_name:CAD5
O49603	gene_name:C/VIF2
O65351	gene_name:SBT1.7
O65502	gene_name:HCF244
O80915	gene_name:PRA1B4
O80985	gene_name:At2g26120
O82293	gene_name:At2g35470
P0C8Q4	gene_name:At4g19900
P0DMS1	gene_name:NET2A
P49227	gene_name:RPL5B
P82632	gene_name:SCRL13
P92523	gene_name:AtMg00860
Q05758	gene_name:At3g58610
Q0WNN6	gene_name:At3g53010
Q0WVZ7	gene_name:At5g20655
Q2HIU0	gene_name:At3g15110
Q38845	gene_name:PP2AA1
Q38932	gene_name:LUT2
Q501D6	gene_name:OFUT14
Q67Z64	gene_name:At5g16160
Q6NLP7	gene_name:At3g62280
Q6NM15	gene_name:At1g30475
Q6NM41	gene_name:MXA21.16
Q7FK82	gene_name:LECRK12
Q8GYP4	gene_name:At4g18630
Q8L3P4	gene_name:THAL
Q8L7D2	gene_name:SBT4.12
Q8L7F9	gene_name:GALT1
Q8RUC1	gene_name:SOT4
Q8S8L9	gene_name:At2g32450
Q8W3M3	gene_name:RAP2-9
Q8W420	gene_name:ADO2
Q93VI8	gene_name:TULP7
Q93VR3	gene_name:At5g28840
Q940H6	gene_name:SRK2E
Q94K14	gene_name:At5g26110
Q9C540	gene_name:CYB561D
Q9C5T4	gene_name:WRKY18
Q9C6J3	gene_name:At1g50870
Q9C7E7	gene_name:RDM16
Q9C9S2	gene_name:AUF1
Q9CA60	gene_name:CYP98A9
Q9FFD5	gene_name:RIC4
Q9FG58	gene_name:At5g36280
Q9FGE1	gene_name:At5g23380
Q9FHH2	gene_name:SMAX1
Q9FN21	gene_name:At5g67290
Q9FN67	gene_name:At5g41330
Q9FX73	gene_name:At1g16560
Q9LHG9	gene_name:At3g12390
Q9LHL3	gene_name:LARP6C
Q9LI61	gene_name:AVT6A
Q9LI86	gene_name:At3g25590
Q9LJ71	gene_name:At3g18950
Q9LMY5	gene_name:At1g13630
Q9LS97	gene_name:At3g18790
Q9LTY6	gene_name:UKL5
Q9LVC5	gene_name:MJB24.14
Q9LVX1	gene_name:At3g27700
Q9LXQ2	gene_name:F26G5_50
Q9M0M4	gene_name:At4g17270
Q9M1C9	gene_name:BGLU30
Q9S725	gene_name:4CL2
Q9S9K9	gene_name:MYB3
Q9S9M7	gene_name:At1g16080
Q9SAE8	gene_name:CYP86C4
Q9SFV1	gene_name:T1B9.12
Q9SFV9	gene_name:At3g07290
Q9SIL5	gene_name:PCMP-E78
Q9SIL6	gene_name:PHB6
Q9SIZ8	gene_name:RKP
Q9SJ32	gene_name:At2g05300
Q9SLN0	gene_name:At2g39630
Q9SW25	gene_name:SWEET14
Q9SW42	gene_name:T11I11.170
Q9SY97	gene_name:LHCA3
Q9ZUP3	gene_name:NAP1;2
A0A1I9LP47	gene_name:TRM19
A0A1P8ASY5	gene_name:At1g10417
A0A1P8BDM7	gene_name:At5g44566
B3H5X6	gene_name:At1g72416
F4HPX2	gene_name:At1g60640
F4HWE6	gene_name:SEC5B
F4I3Z5	gene_name:SKI3
F4I4K5	gene_name:LPR1
F4J2X9	gene_name:At3g23255
F4JGI7	gene_name:At4g06526
F4JU69	gene_name:ET1
F4JVI3	gene_name:MTERF5
F4JZS7	gene_name:At5g26320
O04259	gene_name:DI19-5
O22184	gene_name:TPS05
O23076	gene_name:REM15.15
O23263	gene_name:dl3050c
O80699	gene_name:TULP4
O80946	gene_name:ABCG1
O80994	gene_name:PDF1.2B
O81802	gene_name:At4g35710
O82167	gene_name:BCM1
P0C0B1	gene_name:At1g24010
P0C7P8	gene_name:EMB1444
P29382	gene_name:SEP1
P38025	gene_name:PUR7
P42791	gene_name:RPL18B
P48422	gene_name:CYP86A1
P83755	gene_name:psbA
Q07100	gene_name:PP2A3
Q1ECK2	gene_name:MUB3.17
Q39011	gene_name:ASK7
Q3EBP1	gene_name:At2g33655
Q3EC92	gene_name:At2g01175
Q5FYU1	gene_name:CNTE1
Q84MC2	gene_name:LOG8
Q84R09	gene_name:At4g18230
Q84WP5	gene_name:At2g36330
Q8GYI6	gene_name:GPI8
Q8L7H5	gene_name:At4g17483
Q8L8X7	gene_name:At4g19095
Q8LA53	gene_name:MBD2
Q8LAH8	gene_name:NDK4
Q8LDP4	gene_name:CYP19-4
Q8RU07	gene_name:EMB3147
Q8VZC2	gene_name:CYP708A3
Q8W4A5	gene_name:APO2
Q93YN6	gene_name:F20M13.200
Q93Z18	gene_name:CKL3
Q93ZS4	gene_name:NIK3
Q949W7	gene_name:DY1
Q94AL1	gene_name:DTX13
Q94KI8	gene_name:TPC1
Q9C639	gene_name:LHCA5
Q9C6Z2	gene_name:NUDT25
Q9C7I5	gene_name:ALT1
Q9C881	gene_name:At1g33250
Q9C971	gene_name:GA3OX4
Q9CAJ9	gene_name:At1g63850
Q9CAM3	gene_name:At1g63200
Q9FFJ8	gene_name:LIMYB
Q9FIY9	gene_name:At5g44830
Q9FJA6	gene_name:RPS3C
Q9FKR1	gene_name:MKD10.60
Q9FLY0	gene_name:SARD4
Q9FNI6	gene_name:RAD5A
Q9FT72	gene_name:RECQL3
Q9FWZ1	gene_name:FBL13
Q9LD55	gene_name:TIF3A1
Q9LEQ3	gene_name:CNGC18
Q9LEY4	gene_name:HULK1
Q9LFN8	gene_name:GLR2.6
Q9LHH5	gene_name:LNK3
Q9LIL5	gene_name:At3g15200
Q9LY06	gene_name:At5g07570
Q9LY48	gene_name:JOX3
Q9LYI7	gene_name:SSP5
Q9LZH5	gene_name:LTPG2
Q9LZM6	gene_name:At5g02050
Q9M2G1	gene_name:LTPG22
Q9M8A0	gene_name:FHA3
Q9M9U8	gene_name:At1g18780
Q9SAF1	gene_name:ARP3
Q9SAH8	gene_name:NRAMP1
Q9SB55	gene_name:At4g24600
Q9SFW8	gene_name:NLP5
Q9SIC4	gene_name:NTH1
Q9SIU5	gene_name:At2g20670
Q9SK49	gene_name:At2g24830
Q9SKY8	gene_name:HSP70-8
Q9SR04	gene_name:At3g04700
Q9SR09	gene_name:At3g04650
Q9SS37	gene_name:RTNLB8
Q9SUQ4	gene_name:At4g23730
Q9SUU5	gene_name:QCR7-1
Q9SV71	gene_name:At4g12980
Q9SX73	gene_name:At1g48405
Q9ZQ60	gene_name:At2g14290
Q9ZU12	gene_name:At1g52140
Q9ZW05	gene_name:At2g29180
A0A1P8AN26	gene_name:At1g04895
A0A1P8AX71	gene_name:At2g06565
A0A1P8B771	gene_name:At4g18215
A8MQA2	gene_name:LTP13
B3H6A3	gene_name:At3g28216
B3H797	gene_name:At4g36210
F4HZQ3	gene_name:At1g21866
F4HZW2	gene_name:At1g29110
F4I4N4	gene_name:At1g23170
F4I5J7	gene_name:At1g77020
F4I7W1	gene_name:At1g31163
F4IUJ7	gene_name:IQD4
F4IZC4	gene_name:BASS4
F4J6G5	gene_name:At3g17920
F4J7A7	gene_name:PPD7
F4JZN6	gene_name:TSC10B
F4JZU9	gene_name:At5g35475
O04088	gene_name:At1g10980
O04200	gene_name:PXN
O22283	gene_name:RHC2A
O22527	gene_name:CLH1
O23074	gene_name:A_IG005I10.10
O64497	gene_name:TOM9-1
O64858	gene_name:At2g44230
O64862	gene_name:NCS6
O80622	gene_name:EXPA15
O81003	gene_name:PSK2
O81716	gene_name:PPC4-2
P48000	gene_name:KNAT3
Q03251	gene_name:RBG8
Q2V4B2	gene_name:PQL3
Q38876	gene_name:AGL8
Q38885	gene_name:SCY1
Q5BPR8	gene_name:NTP2
Q5E911	gene_name:At4g32050
Q5XEP2	gene_name:HOP2
Q67YI9	gene_name:EPSIN2
Q6AWX0	gene_name:At5g17010
Q6NMM8	gene_name:F8H
Q6NPD9	gene_name:At5g44900
Q6NQD5	gene_name:At5g28690
Q84TE0	gene_name:MWD22.2
Q84WW7	gene_name:At1g29800
Q8LDL0	gene_name:HHL1
Q8LFX7	gene_name:BDG1
Q8VY13	gene_name:FRO8
Q8VY61	gene_name:At2g20060
Q8W2B8	gene_name:SAT4
Q93WU6	gene_name:WRKY74
Q949U1	gene_name:CYP79F1
Q949V0	gene_name:MWD22.12
Q94K21	gene_name:At1g33055
Q9C647	gene_name:At1g58420
Q9C6W4	gene_name:BGAL15
Q9FJ67	gene_name:MTE17.14
Q9FJC9	gene_name:APP1
Q9FJG3	gene_name:MCTP16
Q9FJY7	gene_name:PCMP-H61
Q9FK81	gene_name:At5g22580
Q9FL33	gene_name:MCM3
Q9FLF0	gene_name:RPS9C
Q9FMA5	gene_name:CYP85A1
Q9FR37	gene_name:AMI1
Q9FUJ1	gene_name:CKX7
Q9FXA2	gene_name:PAB8
Q9FZP1	gene_name:At5g34940
Q9LDR2	gene_name:CNGC19
Q9LFU4	gene_name:At5g15820
Q9LIA1	gene_name:TPS25
Q9LJF8	gene_name:At3g26922
Q9LSX9	gene_name:ASK9
Q9LTC5	gene_name:ERF098
Q9LTK1	gene_name:At5g52190
Q9LUJ5	gene_name:EBP2
Q9LUU8	gene_name:At3g17230
Q9LV83	gene_name:MTERF22
Q9LXS6	gene_name:CSY2
Q9LZ06	gene_name:GSTL3
Q9M0R2	gene_name:PATL5
Q9M109	gene_name:At4g03470
Q9M1J3	gene_name:F24I3.150
Q9M1T8	gene_name:T14D3.150
Q9M2J6	gene_name:At3g58200
Q9M2Y7	gene_name:PCMP-H79
Q9M8J3	gene_name:FRS7
Q9MAM4	gene_name:IQD18
Q9S758	gene_name:SPL5
Q9S7W1	gene_name:LHCB4.3
Q9SF36	gene_name:PDP2
Q9SFB1	gene_name:ATHA2-1
Q9SQX9	gene_name:NAC050
Q9SS74	gene_name:MZB10.16
Q9SSD1	gene_name:TMM
Q9SUG8	gene_name:At4g30780
Q9SX86	gene_name:SEC3B
Q9SZ05	gene_name:At4g34400
Q9SZB2	gene_name:TIC22
Q9ZQH2	gene_name:NF-YB11
Q9ZU46	gene_name:ZAR1
Q9ZV94	gene_name:At1g78760
A0A1I9LMN9	gene_name:At3g55870
A0A1P8AZY7	gene_name:At2g07644
A0A1P8B2W8	gene_name:At2g03823
A0A1P8BD66	gene_name:MAJ23.60
A0A1R7T3H1	gene_name:At5g49780
A8MRD6	gene_name:At5g36540
A8MRQ5	gene_name:At4g22485
B3H4Z0	gene_name:At3g51644
F4HR03	gene_name:TAF11B
F4HW93	gene_name:At1g14642
F4HZZ4	gene_name:RMR6
F4I4Q3	gene_name:DTX32
F4I6I6	gene_name:CYP705A27
F4I908	gene_name:At1g17665
F4IMT1	gene_name:At2g30380
F4IQY0	gene_name:At2g37520
F4IUB3	gene_name:At2g12945
F4J469	gene_name:TIC22L
F4J5M9	gene_name:At3g51890
F4J6C9	gene_name:ENA
F4JKB6	gene_name:PRORP3
F4JW60	gene_name:At4g39745
F4K0X5	gene_name:At5g12350
F4KFC7	gene_name:MED26C
F4KIN3	gene_name:At5g34581
F4KIV8	gene_name:MSD23.3
O64761	gene_name:PIGC
O82497	gene_name:DGP2
P49078	gene_name:ASN1
P57691	gene_name:RPP0C
P57720	gene_name:EMB1144
P82744	gene_name:LCR29
P93032	gene_name:IDH2
P93292	gene_name:AtMg00280
Q0V822	gene_name:RALFL26
Q0WNY5	gene_name:WAKL18
Q42575	gene_name:MYB1
Q64J17	gene_name:PIMT2
Q6NLC1	gene_name:ABCC2
Q6NQB8	gene_name:At4g08940
Q75QN6	gene_name:PHS1
Q84JD1	gene_name:At5g07260
Q8GXC7	gene_name:At3g06240
Q8H1N6	gene_name:TN13
Q8L5Z1	gene_name:At1g33811
Q8L6Z5	gene_name:ENODL10
Q8L7C8	gene_name:RWA1
Q8LEZ4	gene_name:NFD5
Q8RWV1	gene_name:At1g04200
Q8S8H9	gene_name:LCR10
Q8S8P7	gene_name:PSY3
Q8VYN6	gene_name:PFK5
Q93V70	gene_name:At1g21000
Q93VJ4	gene_name:BEE2
Q93YW7	gene_name:CLS
Q93ZB2	gene_name:KO
Q94AH1	gene_name:CAND2
Q9C5G5	gene_name:SAC7
Q9C6H4	gene_name:At1g66610
Q9C8E6	gene_name:PMI1
Q9CA32	gene_name:At1g68490
Q9FFE3	gene_name:At5g16420
Q9FFU1	gene_name:At5g54890
Q9FI57	gene_name:At5g50910
Q9FI76	gene_name:DHNAT2
Q9FII6	gene_name:MCI2.3
Q9FL98	gene_name:At5g44990
Q9FLV7	gene_name:At5g24050
Q9FM93	gene_name:At5g56380
Q9FMS7	gene_name:OFP10
Q9FRR8	gene_name:At1g08670
Q9FWT2	gene_name:UBC16
Q9LID3	gene_name:PPK1
Q9LIP2	gene_name:PBE2
Q9LJW0	gene_name:PHO1-H9
Q9LJZ5	gene_name:UBC19
Q9LK11	gene_name:At3g24330
Q9LN01	gene_name:PCMP-H12
Q9LNC1	gene_name:At1g06260
Q9LQ04	gene_name:NRS/ER
Q9LQ19	gene_name:At1g62870
Q9LSB0	gene_name:At3g18670
Q9LSB1	gene_name:GUX1
Q9LSG4	gene_name:At3g25130
Q9LUK2	gene_name:RPP2E
Q9LYK6	gene_name:APRF1
Q9LZJ6	gene_name:ATL5
Q9MAM3	gene_name:KCS1
Q9SHA0	gene_name:At2g37870
Q9SLE2	gene_name:At2g16760
Q9SQR1	gene_name:At3g04010
Q9SR89	gene_name:T16O11.17
Q9STI4	gene_name:At4g12270
Q9STY3	gene_name:PME33
Q9SUI0	gene_name:At4g30660
Q9SUP3	gene_name:At4g20330
Q9SYH1	gene_name:RSH3
Q9ZPR5	gene_name:At2g03610
Q9ZU29	gene_name:At2g01390/At2g01380
Q9ZUV6	gene_name:At2g28140
A0A1I9LLJ8	gene_name:At3g04443
A0A1P8AUV9	gene_name:At1g06045
A0A1P8AYU2	gene_name:At2g11035
A0A1P8B1U2	gene_name:At2g15730
A0A1P8BDL3	gene_name:PROSCOOP2
B3GS44	gene_name:LRE
B3H426	gene_name:At2g15029
B3H519	gene_name:At3g15909
B3H593	gene_name:At4g11911
B3H595	gene_name:At3g55672
F4HT77	gene_name:RBA1
F4I386	gene_name:At1g36580
F4I4I6	gene_name:At1g16705
F4IMA3	gene_name:At2g07772
F4IUH2	gene_name:At2g20320
F4IWB3	gene_name:SMR13
F4J5G5	gene_name:At3g30320
F4J8G8	gene_name:At3g05685
F4JLC1	gene_name:MRL7
F4K4G6	gene_name:At5g36670
F4KBB9	gene_name:At5g22794
O04019	gene_name:RPT5B
O22768	gene_name:UNE12
O23391	gene_name:CYP705A2
O48691	gene_name:At1g24240
O80535	gene_name:At1g09520
O81439	gene_name:PAP1
O82179	gene_name:GDH2
P45725	gene_name:PAL3
P54904	gene_name:PROC1
P82770	gene_name:LCR56
P93821	gene_name:At1g04380
Q0WVP2	gene_name:At1g13410
Q38868	gene_name:CPK9
Q38911	gene_name:XTH15
Q39034	gene_name:PER59
Q39227	gene_name:SMT2
Q3EAE6	gene_name:At4g00305
Q3EBD9	gene_name:At3g01185
Q3ECP6	gene_name:At1g54790
Q3ECU8	gene_name:At1g48195
Q5XVE2	gene_name:MCM10
Q680H3	gene_name:PCMP-H75
Q6NKZ9	gene_name:At4g34500
Q84W75	gene_name:At1g29090
Q8GUM4	gene_name:At3g27390
Q8GWF2	gene_name:RUG1
Q8L517	gene_name:At4g30490
Q8L5Z4	gene_name:YBEY
Q8L8M9	gene_name:IQD33
Q8LA21	gene_name:At4g32750
Q8LAA0	gene_name:At3g15080
Q8LPN5	gene_name:AHL12
Q8RWA5	gene_name:NDT2
Q8VYU9	gene_name:At2g46735
Q93W34	gene_name:RBP45C
Q93ZB0	gene_name:At1g10380
Q94A15	gene_name:APTG1
Q94F09	gene_name:PDIL5-2
Q96329	gene_name:ACX4
Q9C5S0	gene_name:AGP9
Q9C9H8	gene_name:SCYL2B
Q9C9X9	gene_name:At3g08810
Q9FE65	gene_name:RPL34B
Q9FF99	gene_name:AAP7
Q9FH04	gene_name:At5g42250
Q9FH32	gene_name:ATG18F
Q9FHE9	gene_name:PP2A8
Q9FIK6	gene_name:MCA23.5
Q9FJG5	gene_name:MCM23.3
Q9FKQ4	gene_name:MNA5.7
Q9FKQ7	gene_name:MNA5.2
Q9FMM0	gene_name:UBC18
Q9FMT9	gene_name:MUA22.11
Q9LIE5	gene_name:FHY3
Q9LRN6	gene_name:CML22
Q9LVD7	gene_name:MJB24.2
Q9LXG9	gene_name:PCO1
Q9LYJ9	gene_name:RH46
Q9LZM2	gene_name:At5g02090
Q9M0V5	gene_name:At4g05400
Q9M1G6	gene_name:BZIP25
Q9M344	gene_name:F5K20_120
Q9M8L2	gene_name:At1g80440
Q9M9D6	gene_name:At1g15600
Q9MAD2	gene_name:At3g01230
Q9S7F3	gene_name:BEH1
Q9SF13	gene_name:F26K24.15
Q9SFH9	gene_name:HEMB1
Q9SJP2	gene_name:FUT4
Q9SKJ5	gene_name:CESA10
Q9SP08	gene_name:RRP41
Q9SU15	gene_name:At4g12710
Q9SV63	gene_name:At4g13060
Q9SZU7	gene_name:KAI2
Q9T003	gene_name:ASMT
Q9T0F2	gene_name:IAN11
Q9T0J5	gene_name:ASE3
Q9XIA0	gene_name:At1g49330
Q9ZVQ2	gene_name:At2g02400
A0A1I9LP30	gene_name:TED4
A0A1I9LPI9	gene_name:At3g26355
A0A1P8ATP0	gene_name:At1g75945
A0A1P8AXU1	gene_name:At2g11225
A0A1P8B047	gene_name:At2g14765
A0A1P8BEG4	gene_name:At5g45277
B3H460	gene_name:At3g49645
B3H5U4	gene_name:At5g26262
F4I0I6	gene_name:At1g69030
F4I933	gene_name:STR8
F4IBQ3	gene_name:At1g72190
F4IRD3	gene_name:MAK10
F4J128	gene_name:At3g03350
F4JDJ0	gene_name:HIPP47
F4JPX3	gene_name:PBL20
F4K0D3	gene_name:MRB17.2
F4KDD0	gene_name:MIO24.15
O22243	gene_name:At2g47680
O23247	gene_name:EMB1027
O23309	gene_name:dl3305c
O48780	gene_name:KCS11
O49284	gene_name:At1g76980
O49324	gene_name:At2g33090
O64531	gene_name:MTERF17
O65596	gene_name:M3E9.190
O82274	gene_name:At2g31100
O82798	gene_name:ARR4
P34789	gene_name:RPS28C
P93045	gene_name:BSH
Q07488	gene_name:BCB
Q0WPG1	gene_name:At5g25820
Q0WUU6	gene_name:PLT4
Q42400	gene_name:AAP1
Q5Q0B3	gene_name:FLP1
Q5XF78	gene_name:GAMT2
Q6DBH7	gene_name:At4g19950
Q6E248	gene_name:At3g18250
Q7Y201	gene_name:PME13
Q8GUH9	gene_name:At1g64385
Q8GVE5	gene_name:TULP2
Q8GWX9	gene_name:SBT3.16
Q8GX29	gene_name:SKIP25
Q8GYJ9	gene_name:HINT
Q8H104	gene_name:At4g26870
Q8LD63	gene_name:PEP5
Q8RXY1	gene_name:At4g26965
Q8RXZ9	gene_name:At3g21390
Q8S4Y1	gene_name:ACCT2
Q8VYT2	gene_name:At4g25940
Q8W4E2	gene_name:VHA-B3
Q8W4R4	gene_name:NAC048
Q940I2	gene_name:MED24.18
Q949X0	gene_name:ADS3
Q94BU1	gene_name:At1g71810
Q94JX9	gene_name:At3g49470
Q96292	gene_name:ACT2
Q9ASU7	gene_name:PPAN
Q9C5X0	gene_name:IAA34
Q9C6C3	gene_name:AGD2
Q9C9Y1	gene_name:TOL8
Q9C9Z3	gene_name:RER2
Q9FE78	gene_name:EIF2A
Q9FFJ3	gene_name:PIRL1
Q9FGN8	gene_name:DYAD
Q9FIF5	gene_name:SAG113
Q9FJK3	gene_name:AGL80
Q9FJY5	gene_name:MPP10
Q9FM20	gene_name:NPF4.7
Q9FME9	gene_name:AT12CYS-1
Q9FVU9	gene_name:CSN5B
Q9FZA0	gene_name:RALFL4
Q9FZD1	gene_name:At1g26460
Q9LES5	gene_name:T8M16_160
Q9LRY1	gene_name:PBL25
Q9LS68	gene_name:PEN7
Q9LTE7	gene_name:At5g52700
Q9LVS6	gene_name:MQL5.19
Q9LX19	gene_name:TPR13
Q9LXL6	gene_name:F7K15_30
Q9LYU0	gene_name:At3g58960
Q9LZM3	gene_name:PPCS2
Q9M063	gene_name:At4g40100
Q9M0R6	gene_name:ATL35
Q9S7M9	gene_name:At3g07680
Q9S837	gene_name:TIM23-3
Q9SAR5	gene_name:AKR2A
Q9SG63	gene_name:MYB95
Q9SGI4	gene_name:At3g01870
Q9SHI2	gene_name:At1g17230
Q9SIP9	gene_name:At2g31590
Q9SL74	gene_name:At2g20070
Q9SSM0	gene_name:F3N23.27
Q9SUQ3	gene_name:At4g23740
Q9XEC3	gene_name:WRKY42
Q9XHZ3	gene_name:UREF
Q9ZQQ0	gene_name:SCPL26
Q9ZU49	gene_name:LPP1
Q9ZVF5	gene_name:WOX6
Q9ZVY4	gene_name:ATDOA1
Q9ZW84	gene_name:SSU2
A0A178W2N2	gene_name:At1g55775
A0A1P8AXS8	gene_name:At2g02497
A0A1P8B990	gene_name:At4g09035
A0A1P8B9R8	gene_name:At5g43570
B3H491	gene_name:At5g11416
B3H6H1	gene_name:At3g15578
F4HR51	gene_name:At1g27160
F4I6D2	gene_name:At1g30550
F4IUB1	gene_name:At2g12935
F4J5R8	gene_name:At3g52130
F4JQ41	gene_name:ALL1
F4JUX3	gene_name:At4g26310
F4K5W7	gene_name:MJG14.10
F4K8X8	gene_name:ATRADA
F4KBB1	gene_name:MDJ22.18
O04034	gene_name:CCX5
O04294	gene_name:IMPA3
O49782	gene_name:MYB51
O64482	gene_name:At2g19180
O81009	gene_name:SCPL12
P0DKI3	gene_name:At1g07440
P17597	gene_name:ALS
Q0V7S0	gene_name:At1g47340
Q3E927	gene_name:At5g26692
Q42540	gene_name:UBC7
Q4VP04	gene_name:At5g46871
Q570G3	gene_name:At3g13800
Q5S4T5	gene_name:At4g27810
Q6GKX8	gene_name:At1g09645
Q6NNH0	gene_name:At1g54095
Q6NPI4	gene_name:At2g03505
Q6PQQ4	gene_name:BBM
Q84MB6	gene_name:2ODDC23.1
Q84N64	gene_name:ARC5
Q84WU2	gene_name:UBP13
Q8GYT8	gene_name:SOK3
Q8LBY3	gene_name:At4g16008
Q8LEG3	gene_name:MAP65-2
Q8LF89	gene_name:GRXC8
Q8RV68	gene_name:At2g31725
Q8RWU1	gene_name:At2g23370
Q8RWV0	gene_name:TKL-1
Q8S8H3	gene_name:LCR5
Q8S924	gene_name:ATG12A
Q8VY56	gene_name:At4g12870
Q8VYI9	gene_name:LTPG31
Q8W467	gene_name:At1g33780
Q93Y25	gene_name:MYH9.9
Q93ZT6	gene_name:EIF(ISO)4G1
Q940Y1	gene_name:ORP2A
Q944M2	gene_name:DL3290W
Q94A03	gene_name:CDS4
Q94AJ5	gene_name:At1g80170
Q94C90	gene_name:At1g04900
Q94JQ4	gene_name:RIDA
Q96326	gene_name:CCME
Q9C6S8	gene_name:BUD13
Q9C8K7	gene_name:At1g51550
Q9C9H6	gene_name:RLP11
Q9CA63	gene_name:At1g74510
Q9FFT3	gene_name:MBG8.24
Q9FGF4	gene_name:MSJ1.26
Q9FIG2	gene_name:SBT4.13
Q9FIL7	gene_name:CRCK1
Q9FJN2	gene_name:MTI20.6
Q9FJS3	gene_name:MJE4.15
Q9FK43	gene_name:SIP1-2
Q9FXH7	gene_name:SRS7
Q9FY61	gene_name:TRS120
Q9FYA2	gene_name:WRKY75
Q9LIB5	gene_name:GATA17
Q9LJP0	gene_name:At3g19560
Q9LNI5	gene_name:ETC1
Q9LP56	gene_name:WRKY65
Q9LQU4	gene_name:PCR2
Q9LRK5	gene_name:CRRSP32
Q9LZ19	gene_name:PCMP-H16
Q9M198	gene_name:T16L24.260
Q9M2I2	gene_name:At3g58340
Q9M2S3	gene_name:AHL15
Q9M2Z4	gene_name:MSBP2
Q9M647	gene_name:IAR1
Q9MAN1	gene_name:NGA3
Q9SB33	gene_name:At4g25300
Q9SE33	gene_name:RAR1
Q9SHQ9	gene_name:SPEAR4
Q9SJ25	gene_name:CAD2
Q9SJI1	gene_name:DJC77
Q9SQH6	gene_name:PIN6
Q9SQQ9	gene_name:MYR2
Q9SRV9	gene_name:SAUR29
Q9SSP1	gene_name:At1g72850
Q9SSW1	gene_name:AZF1
Q9SU25	gene_name:RAP74
Q9SU86	gene_name:CDA6
Q9SZ75	gene_name:At4g12100
Q9ZT91	gene_name:TUFA
Q9ZUB3	gene_name:SPDSYN1
Q9ZVQ6	gene_name:PP2B10
Q9ZVT7	gene_name:RRP4
A0A1I9LQC5	gene_name:At3g58875
A0A1I9LS65	gene_name:At3g26135
A0A1P8AMP1	gene_name:At1g66450
A0A1P8BH06	gene_name:At5g39775
A7RED7	gene_name:At1g11572
B3LF52	gene_name:At4g03820
F4HTB0	gene_name:At1g53705
F4I2P2	gene_name:At1g10000
F4I793	gene_name:At1g05090
F4IBA7	gene_name:At1g52155
F4IG52	gene_name:At2g45403
F4IGQ5	gene_name:At2g27670
F4IRF5	gene_name:MSF3.10
F4JIP6	gene_name:LPXD2
F4JJL0	gene_name:ENDO4
F4JSK0	gene_name:At4g25315
F4JTI5	gene_name:At4g32100
F4JVJ1	gene_name:CLPB2
F4JY74	gene_name:At5g25750
O23463	gene_name:CAMTA5
O23657	gene_name:RABC1
O65457	gene_name:At4g22090
O82277	gene_name:TCP10
P0C5E2	gene_name:LRK10L-1.2
P59229	gene_name:VHA-c4
P59231	gene_name:RPL10AC
P93290	gene_name:At2g07729
P93835	gene_name:DREB1B
P94024	gene_name:At2g07722
P94102	gene_name:RAD51
Q147K7	gene_name:At5g52975
Q1PDW3	gene_name:LIP1
Q1WWI8	gene_name:MPF21.12
Q38970	gene_name:ACC1
Q38Q40	gene_name:ERF122
Q3ECS5	gene_name:SMR9
Q42551	gene_name:SCE1
Q42599	gene_name:At1g79010
Q5BPZ5	gene_name:At1g23070
Q6NL06	gene_name:At1g47570
Q84WM0	gene_name:RPL29B
Q84WN0	gene_name:At4g37920
Q8GW77	gene_name:At3g14780
Q8GWC3	gene_name:PRA1A2
Q8GWR8	gene_name:IDAP2
Q8GWT7	gene_name:At5g27980
Q8L4B2	gene_name:NFYC9
Q8L8T2	gene_name:GRXC1
Q8L9X2	gene_name:RBCX2
Q8LBW2	gene_name:OTU9
Q8LDM2	gene_name:PKSB
Q8LFI5	gene_name:At4g04630
Q8LPF8	gene_name:OFUT29
Q8LPI0	gene_name:At4g11521
Q8LPQ9	gene_name:FPA
Q8RX32	gene_name:At1g07450
Q8VYT1	gene_name:At1g66900
Q8VZL1	gene_name:At5g13260
Q93VV5	gene_name:NPF4.3
Q940H5	gene_name:SECE2
Q949S3	gene_name:At3g42725
Q9C952	gene_name:CPSF73-I
Q9C9A6	gene_name:PUB10
Q9CA04	gene_name:At3g49480
Q9CAQ4	gene_name:At1g77520
Q9CAW9	gene_name:F24K9.26
Q9FFM1	gene_name:MIK22.12
Q9FH44	gene_name:At5g45570
Q9FIH8	gene_name:SPP
Q9FJ10	gene_name:GATA16
Q9FKV5	gene_name:At5g44330
Q9FN18	gene_name:NRAMP4
Q9FUZ2	gene_name:PDF1B
Q9FV71	gene_name:E2FB
Q9FXH5	gene_name:PUP14
Q9LRW9	gene_name:RLP40
Q9LSW0	gene_name:At3g25400
Q9LT58	gene_name:At3g27540
Q9LTC7	gene_name:BHLH34
Q9LTG5	gene_name:CALS4
Q9LUJ7	gene_name:PAP85
Q9LXS0	gene_name:At3g58820
Q9LZ41	gene_name:RPL35D
Q9M0N6	gene_name:At4g09880
Q9M2S6	gene_name:SDIR1
Q9M8D3	gene_name:At1g74260
Q9S831	gene_name:PSAE1
Q9SJ40	gene_name:VPS11
Q9SJ98	gene_name:At2g24670
Q9SJD4	gene_name:LACS8
Q9SJL4	gene_name:At2g36930
Q9SK27	gene_name:ENODL14
Q9SR24	gene_name:PLL3
Q9SUE3	gene_name:CRF4
Q9SUH6	gene_name:DYW9
Q9SW00	gene_name:ORP4B
Q9SY35	gene_name:At4g03570
Q9T0K2	gene_name:CYP71A20
Q9XIR2	gene_name:At1g64830
Q9ZWA2	gene_name:ERF10
A0A1I9LSM5	gene_name:At3g27475
A8MQR0	gene_name:WIT2
F4I0Z2	gene_name:At1g09460
F4I1B7	gene_name:At1g22290
F4I735	gene_name:PDS5B
F4I7R5	gene_name:RNH1C
F4IIU4	gene_name:AIR9
F4J1H7	gene_name:TRZ4
F4J2W0	gene_name:At3g23145
F4JF10	gene_name:T12K4_20
F4JTJ9	gene_name:ASY2
F4JVN6	gene_name:TPP2
F4K108	gene_name:At5g12920
F4KD68	gene_name:At5g45370
O24617	gene_name:MSH2
O49287	gene_name:PCMP-E5
O65469	gene_name:CRK9
O80567	gene_name:LARP6B
O80585	gene_name:MTHFR2
O82200	gene_name:MIOX2
O82741	gene_name:SGR1
P19172	gene_name:CHIB1
P56752	gene_name:ndhF
P58766	gene_name:PLDALPHA3
P62095	gene_name:psbF
Q0WNG6	gene_name:LPP4
Q0WRU5	gene_name:MRN17.8
Q0WVH8	gene_name:At5g53592
Q1PES4	gene_name:At3g06970
Q1PFZ3	gene_name:At1g02570
Q2V4I9	gene_name:At1g35435
Q38895	gene_name:SUP
Q3EBR4	gene_name:At2g30940
Q42410	gene_name:ZAT12
Q56WL5	gene_name:ZPR4
Q5Q0D0	gene_name:At1g79480
Q66GI2	gene_name:DIR22
Q66GM9	gene_name:DAAR1
Q7XJU1	gene_name:BHLH154
Q84JY3	gene_name:KIX9
Q84MD6	gene_name:DSP2
Q84WU8	gene_name:FTSH3
Q84X24	gene_name:At2g03020
Q8GUI2	gene_name:MYH19.13
Q8GW49	gene_name:At5g15190
Q8GY31	gene_name:CDC25
Q8L970	gene_name:P4H7
Q8LAA6	gene_name:PIP1-5
Q8LDV4	gene_name:At4g28310
Q8LNZ2	gene_name:KIN7B
Q8VY02	gene_name:At1g77270
Q8VYR3	gene_name:TBL2
Q8VZH1	gene_name:At3g23530
Q93VB2	gene_name:ATG18A
Q944G8	gene_name:At4g30240
Q944S8	gene_name:At4g21105
Q946J2	gene_name:SUVR1
Q96318	gene_name:CRC
Q9ASW5	gene_name:At2g18360
Q9C6A1	gene_name:MTERF15
Q9CAN0	gene_name:At1g63130
Q9FDZ2	gene_name:F4F7.40
Q9FG93	gene_name:MNS4
Q9FGQ6	gene_name:EB1C
Q9FHN6	gene_name:SKS2
Q9FK15	gene_name:At5g53260
Q9FMX3	gene_name:STP11
Q9FWQ5	gene_name:HAC12
Q9FXH1	gene_name:DYW7
Q9FZ75	gene_name:CML15
Q9LII8	gene_name:KLCR2
Q9LMQ0	gene_name:At1g15850
Q9LQ14	gene_name:At1g62930
Q9LT21	gene_name:At3g19880
Q9LTJ8	gene_name:MBD13
Q9LU95	gene_name:At3g25960
Q9LUU3	gene_name:At3g17280
Q9LW85	gene_name:MFP1
Q9LXB1	gene_name:At5g10590
Q9LXK5	gene_name:F7K15_140
Q9LZ27	gene_name:T1E3_60
Q9M3B4	gene_name:RID3
Q9M8Z7	gene_name:UGT80A2
Q9M9S0	gene_name:ZHD4
Q9SB60	gene_name:IPT4
Q9SCV1	gene_name:BGAL11
Q9SCZ0	gene_name:LTP12
Q9SFB4	gene_name:F17A17.34
Q9SJM6	gene_name:SAP4
Q9SR00	gene_name:At3g04760
Q9SRT1	gene_name:F21O3.6
Q9SYJ0	gene_name:At4g01930
Q9SZV3	gene_name:MitHPPK/DHPS
Q9XI05	gene_name:PBC1
Q9XI98	gene_name:RABG3E
Q9ZPU0	gene_name:At2g13980
Q9ZQ47	gene_name:GRDP1
Q9ZU72	gene_name:UGT72D1
Q9ZUY4	gene_name:At2g27830
Q9ZVP0	gene_name:At1g05060
A0A1I9LR96	gene_name:At3g49890
A0A1P8B801	gene_name:At4g03645
A8MQR8	gene_name:At5g09445
B3H4H9	gene_name:At2g28671
B3H5X2	gene_name:At3g61111
B5X582	gene_name:At1g30680
F4HQ94	gene_name:At1g73490
F4HT21	gene_name:IAN9
F4HZJ6	gene_name:SNX3
F4I1M5	gene_name:At1g36380
F4IKW3	gene_name:At2g41470
F4INN2	gene_name:GGP4
F4IP00	gene_name:At2g36695
F4J924	gene_name:At3g31910
F4JG15	gene_name:At4g08097
F4JHF1	gene_name:At4g00651
F4JUI9	gene_name:KIN7F
F4K2D7	gene_name:MBL20.10
F4KCC2	gene_name:PRT6
F4KCG5	gene_name:At5g08695
O04350	gene_name:TFCA
O22831	gene_name:At2g43720
O23300	gene_name:ECI3
O64781	gene_name:At1g61390
O80443	gene_name:At2g38180
O80548	gene_name:MRF2
O80731	gene_name:PAE3
O80997	gene_name:At2g25990
P0CB21	gene_name:At4g26450
P43286	gene_name:PIP2-1
P50699	gene_name:At1g18250
P62598	gene_name:ARR12
Q0WLX9	gene_name:At2g30505
Q0WNC2	gene_name:At1g08530
Q0WRJ2	gene_name:TSC10A
Q1PF08	gene_name:SCPL22
Q1PFT1	gene_name:At1g23570
Q2V4F9	gene_name:At1g63010
Q39012	gene_name:ASK9
Q42574	gene_name:GRP19
Q43127	gene_name:GLN2
Q56W59	gene_name:At5g35995
Q6R032	gene_name:MYB3R5
Q7Y216	gene_name:NTP4
Q8GYE1	gene_name:At5g06590
Q8LAJ4	gene_name:MTI20.21
Q8LB08	gene_name:ER-ANT1
Q8LE56	gene_name:AP22.53
Q8LFI6	gene_name:At1g25370
Q8RYE0	gene_name:DEG21
Q8W1E4	gene_name:At1g12650
Q93Y07	gene_name:SFR2
Q93Y16	gene_name:At1g27900
Q93YU8	gene_name:NRG2
Q93ZB7	gene_name:GTE11
Q941E5	gene_name:At3g50685
Q949R9	gene_name:MPC1
Q94AX2	gene_name:PTST
Q94C26	gene_name:PCC1
Q9ASR1	gene_name:LOS1
Q9C6W8	gene_name:At1g32010
Q9C947	gene_name:PDF2.4
Q9FFV5	gene_name:At5g38670
Q9FFZ1	gene_name:PPH
Q9FG99	gene_name:MPF21.14
Q9FIX0	gene_name:AGL81
Q9FKE2	gene_name:At5g45230
Q9FL44	gene_name:MPH1
Q9FML4	gene_name:LOB
Q9FNI2	gene_name:OXR3
Q9FYC8	gene_name:At3g44820
Q9FZ24	gene_name:At1g02370
Q9LFB0	gene_name:At5g01260
Q9LFN6	gene_name:RH56
Q9LHE5	gene_name:TOM40-1
Q9LI83	gene_name:ALA10
Q9LJF3	gene_name:BRL3
Q9LKB7	gene_name:At3g14870
Q9LM16	gene_name:At1g22200
Q9LP77	gene_name:RKL1
Q9LT48	gene_name:PCMP-E94
Q9LTR2	gene_name:TGD2
Q9LUI2	gene_name:NET1A
Q9LX83	gene_name:PAP19
Q9M5J8	gene_name:PGIP2
Q9M876	gene_name:EMB2768
Q9MAR2	gene_name:At1g43860
Q9SCN2	gene_name:CYP71B31
Q9SCT4	gene_name:IMK2
Q9SD70	gene_name:At3g47030
Q9SG81	gene_name:T7M13.17
Q9SL50	gene_name:At2g17960
Q9SLA4	gene_name:At2g25590
Q9SS61	gene_name:SWIB4
Q9SS90	gene_name:RGLG1
Q9SU05	gene_name:KIB1
Q9SYX7	gene_name:HVA22B
Q9SZH4	gene_name:PEP
Q9SZZ7	gene_name:At4g25690
Q9XIS1	gene_name:At1g64700
A0A1P8B1T3	gene_name:At2g21595
A0A1P8BF61	gene_name:MHM17.11
A0JQ86	gene_name:MMG4.17
A8MQR5	gene_name:At3g45245
F4ICE8	gene_name:At1g25275
F4IZM5	gene_name:At3g63050
F4J412	gene_name:At3g17190
F4JAU3	gene_name:P4H2
F4JGK7	gene_name:At4g04972
F4JGW1	gene_name:At4g04680
F4JI90	gene_name:At4g03410
F4JJH4	gene_name:SBT3.1
F4JN58	gene_name:At4g10895
F4JPT1	gene_name:At4g11845
F4JT82	gene_name:At4g19520
F4K1J1	gene_name:MDH9.6
F4K725	gene_name:At5g28220
F4K8Y6	gene_name:EXO70F1
F4K9G6	gene_name:At5g01660
F4KEC6	gene_name:KIN10C
F4KH14	gene_name:At5g17530
O04211	gene_name:ELF4
O04341	gene_name:GRXS9
O22270	gene_name:T3F12.1
O48822	gene_name:At2g17940
O49562	gene_name:RP1
O65621	gene_name:CAD6
O80858	gene_name:At2g30930
P0CJ59	gene_name:CRRSP52
P31166	gene_name:APT1
P43392	gene_name:MT1A
P48523	gene_name:CAD4
P82779	gene_name:LCR65
Q147R7	gene_name:At5g44820
Q1G3M7	gene_name:At3g05327
Q3E9A8	gene_name:At5g20100
Q4PSS8	gene_name:At2g31480
Q501F7	gene_name:At1g21440
Q56YM4	gene_name:At5g15265
Q67YM6	gene_name:DIR11
Q67Z40	gene_name:NAC020
Q6PV68	gene_name:SMZ
Q7XA83	gene_name:IQD16
Q8H136	gene_name:RH14
Q8H1F7	gene_name:IPK
Q8L773	gene_name:ALY1
Q8L7I4	gene_name:At1g78200
Q8L9M8	gene_name:At1g33810
Q8LCL3	gene_name:RPL27B
Q8LD27	gene_name:PBA1
Q8LGD5	gene_name:MKS1
Q8VY17	gene_name:At5g55040
Q8VY74	gene_name:SNRNP35
Q940Y5	gene_name:PIN7
Q941D1	gene_name:HMGB12
Q94A21	gene_name:SPX4
Q94K97	gene_name:At5g24490
Q9C875	gene_name:T16O9.18
Q9FFY4	gene_name:MAC12.15
Q9FGT7	gene_name:ARR18
Q9FH40	gene_name:TAF14B
Q9FH46	gene_name:At5g61970
Q9FHK0	gene_name:SKIP31
Q9FIX7	gene_name:TZP
Q9FKT4	gene_name:At5g56140
Q9FLI4	gene_name:SBT1.3
Q9FME4	gene_name:PNM1
Q9FNI8	gene_name:At5g22730
Q9FZ62	gene_name:At1g17710
Q9FZI8	gene_name:LCAT1
Q9GCB9	gene_name:RPS2
Q9LF32	gene_name:At5g15500
Q9LKF9	gene_name:CPSF100
Q9LP45	gene_name:RPN6
Q9LP80	gene_name:At1g48450
Q9LT35	gene_name:NEK6
Q9LUC6	gene_name:CYP72A14
Q9LXX1	gene_name:T15B3_20
Q9LYE5	gene_name:CID5
Q9LYS5	gene_name:F17J16_160
Q9M051	gene_name:UGT76F2
Q9M1D1	gene_name:BGLU27
Q9M2I0	gene_name:At3g58360
Q9S750	gene_name:TK1A
Q9S814	gene_name:EIN2
Q9S833	gene_name:CYP94B2
Q9SA16	gene_name:PP2A9
Q9SAK7	gene_name:OCT5
Q9SB32	gene_name:At4g25310
Q9SB37	gene_name:PMEI7
Q9SD78	gene_name:F13G24.260
Q9SE96	gene_name:FIP1
Q9SEY5	gene_name:AAE2
Q9SGE0	gene_name:AXS2
Q9SIQ9	gene_name:VAMP712
Q9SJ17	gene_name:At2g21820
Q9SKJ7	gene_name:At2g25520
Q9SSA7	gene_name:GLIP5
Q9SZB9	gene_name:PER47
Q9ZWM9	gene_name:RAV1
A0A1I9LSS0	gene_name:At3g26930
A0A1P8AVH8	gene_name:At1g15540
A0A1P8B017	gene_name:At2g07643
A0A1P8B1C6	gene_name:At2g37125
A0A1P8B324	gene_name:At2g14755
A0A1P8B634	gene_name:At4g06655
A0A1P8BBT1	gene_name:At5g38392
A0A1P8BGE1	gene_name:At5g11975
A0A1P8BGR5	gene_name:At5g05635
A8MRC8	gene_name:At5g59105
B3H5F7	gene_name:At5g04047
B3LF89	gene_name:At3g55140
F4HSX9	gene_name:KLCR3
F4HVY0	gene_name:CER1
F4HZX5	gene_name:At1g29180
F4I4I3	gene_name:At1g16680
F4ITP6	gene_name:At2g32350
F4JFF2	gene_name:NTP8
F4JJC1	gene_name:DL3551W
F4JK75	gene_name:DL3895W
F4JYR8	gene_name:At5g53905
O04508	gene_name:PUP16
O48726	gene_name:RPN13
O49432	gene_name:QRT3
O64780	gene_name:At1g61400
O78310	gene_name:CSD2
O80568	gene_name:ITPK4
O80592	gene_name:AAP8
P0C2F7	gene_name:At1g19470
P0C896	gene_name:At3g02650
Q07970	gene_name:KIN14C
Q0IGH7	gene_name:At4g04190
Q0WRW8	gene_name:At3g07570
Q0WVJ5	gene_name:XBCP3
Q2V4D7	gene_name:At1g69818
Q2V4J5	gene_name:At1g32763
Q38856	gene_name:IRT1
Q3E8Y5	gene_name:At5g28180
Q3E9Z8	gene_name:At4g17780
Q3EBJ8	gene_name:At2g39415
Q56X05	gene_name:EMB1444
Q58FW3	gene_name:At3g10880
Q5Q0C1	gene_name:At3g61280
Q67XF2	gene_name:AGAMOUS-like
Q6NM73	gene_name:PDLP2
Q6NNH5	gene_name:At1g32690
Q6NNH6	gene_name:TTN10
Q84JA7	gene_name:FRF2
Q8GWQ6	gene_name:At5g63440
Q8GYR4	gene_name:At3g08620
Q8L8R4	gene_name:TRM8B
Q8LDB8	gene_name:At1g63170
Q8LG11	gene_name:At5g53330
Q8RUS5	gene_name:ATG9
Q8RWW0	gene_name:ALE2
Q8S3U9	gene_name:SEC5A
Q8S9I4	gene_name:MAS2
Q8VY98	gene_name:ATI2
Q8VZ18	gene_name:At3g44150
Q93Y40	gene_name:ORP3C
Q941A6	gene_name:SDH6
Q94AI8	gene_name:At3g11800
Q9C5Y2	gene_name:KAO2
Q9C652	gene_name:RBP1
Q9C7M2	gene_name:SED1
Q9C9T4	gene_name:At1g73780
Q9FE22	gene_name:HFR1
Q9FHB0	gene_name:At5g60140
Q9FHJ5	gene_name:ATNHR2A
Q9FJD8	gene_name:MMN10.24
Q9FLC9	gene_name:At5g05250
Q9FLT5	gene_name:ABCA9
Q9FMF7	gene_name:DIT2-1
Q9FN15	gene_name:CGLD27
Q9LER9	gene_name:T8M16_220
Q9LF59	gene_name:At5g17650
Q9LFG4	gene_name:F4P12_250
Q9LK89	gene_name:At3g27880
Q9LP67	gene_name:At1g48570
Q9LR85	gene_name:At1g24095
Q9LSQ7	gene_name:At5g54480
Q9LUR3	gene_name:FAHD2
Q9LUS7	gene_name:RALF23
Q9LW09	gene_name:At3g15700
Q9LXM4	gene_name:CAF1-8
Q9M121	gene_name:At4g01640
Q9M2B9	gene_name:CuAOgamma2
Q9M2Y6	gene_name:CGR2
Q9M817	gene_name:NPF1.2
Q9M9Y5	gene_name:GAUT6
Q9MA52	gene_name:At3g05390
Q9SA49	gene_name:SAUR41
Q9SEZ6	gene_name:At2g25100
Q9SHL7	gene_name:RRP44A
Q9SJT0	gene_name:At2g21480
Q9STI6	gene_name:GAE5
Q9SU88	gene_name:At4g29590
Q9SYQ1	gene_name:PHT1-8
Q9SZB7	gene_name:At4g33400
Q9XIR8	gene_name:DSS1(I)
A0A178VGJ3	gene_name:At3g19430
A0A1I9LN01	gene_name:LAF3
A0SVK0	gene_name:DOG1
A8R7K9	gene_name:VPS35C
B3H4H1	gene_name:At3g03828
F4HZG9	gene_name:ICP55
F4I8V6	gene_name:At1g11390
F4IN58	gene_name:At2g48060/At2g48040/At2g48050
F4IN78	gene_name:HULK2
F4K1E8	gene_name:At5g35753
F4K5X4	gene_name:MNJ8.30
F4KB54	gene_name:MAH20.19
F4KE59	gene_name:PAIPP2
F4KEM4	gene_name:MRA19.19
O04253	gene_name:GATL6
O22715	gene_name:AP1M2
O22854	gene_name:ETFQO
O48534	gene_name:BRR2B
O49447	gene_name:AAC3
O49448	gene_name:At4g28380
P0CJ66	gene_name:At1g27050
P32961	gene_name:NIT1
P42795	gene_name:RPL11A
P46637	gene_name:ARGAH1
P54609	gene_name:CDC48A
P82792	gene_name:LCR83
Q0WMN5	gene_name:At3g49140
Q0WVA1	gene_name:LCYB
Q1ECE0	gene_name:PVA41
Q1G3I3	gene_name:At4g14819
Q1G3R3	gene_name:At2g43865
Q27GM2	gene_name:At2g07678
Q29Q13	gene_name:MJH22.10
Q3E8E3	gene_name:At5g48575
Q3ED37	gene_name:At1g32650
Q3YL57	gene_name:NHX8
Q58FX0	gene_name:BAP2
Q84JG6	gene_name:At3g26050
Q84L08	gene_name:GFT1
Q84L30	gene_name:RAD23D
Q84V14	gene_name:At2g45403/F4L23.33
Q8GWI5	gene_name:At4g18257
Q8LCN5	gene_name:AGP1
Q8LDQ4	gene_name:TAP46
Q8LDS7	gene_name:At1g48440
Q8RWC5	gene_name:FLA16
Q8S8K4	gene_name:At2g35733
Q8S9K3	gene_name:VAR3
Q8VYF2	gene_name:DL3935W
Q8W4R3	gene_name:RH30
Q93VI0	gene_name:S1FA3
Q93VK9	gene_name:SPC25
Q93Z02	gene_name:RUBY
Q944A3	gene_name:At2g47010
Q944P7	gene_name:LAP2
Q945Q5	gene_name:At2g30695
Q94A32	gene_name:FAX2
Q94AF6	gene_name:At5g20160
Q9C4Z6	gene_name:RACK1B
Q9C5H5	gene_name:MAPKKK5
Q9CAC4	gene_name:MYOB2
Q9FE79	gene_name:RABA4C
Q9FF08	gene_name:At5g07940
Q9FHU0	gene_name:MNJ8.3
Q9FHZ7	gene_name:ATDOA15
Q9FIB0	gene_name:CYP78A7
Q9FKL1	gene_name:ATCAPE5
Q9FMD2	gene_name:MTG13.10
Q9FMI5	gene_name:MHJ24.13
Q9FNN8	gene_name:At5g08500
Q9FYK4	gene_name:At1g24600
Q9LJ69	gene_name:PCMP-E93
Q9LJ98	gene_name:PFD2
Q9LJK4	gene_name:At3g19250
Q9LK38	gene_name:SBP3
Q9LK70	gene_name:DEGP12
Q9LKR8	gene_name:RAF1.1
Q9LRN8	gene_name:RPL3B
Q9LU57	gene_name:ATUSB1
Q9LW20	gene_name:SKL1
Q9LY72	gene_name:TRM5
Q9M1K2	gene_name:PIP5K4
Q9M1S3	gene_name:ARP1
Q9M401	gene_name:BCAT3
Q9M895	gene_name:FTSHI3
Q9MAG3	gene_name:ABCG24
Q9SAJ3	gene_name:FTSH12
Q9SEZ1	gene_name:ZHD11
Q9SFG6	gene_name:FAF4
Q9SG92	gene_name:MES17
Q9SHT0	gene_name:At2g27180
Q9SHT4	gene_name:At2g05400
Q9SN21	gene_name:At3g49970
Q9SRH6	gene_name:HIR3
Q9SRV7	gene_name:SYP131
Q9SSN2	gene_name:At1g72940
Q9STW6	gene_name:HSP70-6
Q9SW40	gene_name:MFS1
Q9SXC7	gene_name:ATFDB2
Q9XIE3	gene_name:HSP17.6A
A0A1I9LPV1	gene_name:At3g59295
A0A1I9LQW5	gene_name:At3g42995
A0A1I9LR82	gene_name:At3g02820
A0A1I9LRK9	gene_name:At3g21405
A0A1P8AS88	gene_name:At1g18193
A0A1P8AWA6	gene_name:NTL
A0A1P8B8B4	gene_name:At4g01870
A0A1P8BBQ5	gene_name:At5g07150
A8MQM7	gene_name:RALFL15
A8MRV9	gene_name:SLAH4
B3H4I5	gene_name:At4g05071
B7U179	gene_name:ABAP1
C5H8J1	gene_name:EME1B
F4I8M8	gene_name:gpmA2
F4IAQ0	gene_name:At1g18310
F4IK45	gene_name:CYP709B2
F4J6M8	gene_name:At3g24517
F4JCI5	gene_name:At3g26390
F4JD14	gene_name:BCHC1
F4K2U8	gene_name:CAND8
F4KII1	gene_name:At5g24750
O04646	gene_name:A_TM021B04.14
O49196	gene_name:APK2
O49296	gene_name:At1g23210
O80607	gene_name:At2g02880
O82393	gene_name:At2g29620
P37702	gene_name:TGG1
P51430	gene_name:RPS6B
P93024	gene_name:ARF5
Q058G9	gene_name:CEP5
Q06402	gene_name:ACS2
Q1G3I0	gene_name:LTPG28
Q1PDZ0	gene_name:GRP14
Q1PFI4	gene_name:At1g60400
Q1PFM9	gene_name:At1g47280
Q39211	gene_name:NRPB3
Q4PSL7	gene_name:RPL8B
Q4VCM1	gene_name:PSAT
Q66LG9	gene_name:CENPC
Q6ID18	gene_name:LAC10
Q6NMB4	gene_name:At4g28015
Q6R2K3	gene_name:SRF3
Q7Y211	gene_name:PCMP-H81
Q84MA9	gene_name:At1g60630
Q84VW7	gene_name:At1g21930
Q8GYT3	gene_name:At4g36515
Q8L768	gene_name:At1g78150
Q8L860	gene_name:TOL9
Q8S8S2	gene_name:LPEAT2
Q8S9J2	gene_name:At2g33840
Q8W261	gene_name:CLE19
Q94CA0	gene_name:At1g77220
Q96500	gene_name:LIR1
Q9C8X7	gene_name:UBC31
Q9C9M2	gene_name:At1g66690
Q9FGP7	gene_name:NFYC6
Q9FHK5	gene_name:At5g05180
Q9FI39	gene_name:CYP705A5
Q9FK66	gene_name:RLP55
Q9FKD9	gene_name:At5g37870
Q9FKP4	gene_name:KIN14B
Q9FLL8	gene_name:MEE6.18
Q9FLU3	gene_name:At5g24610
Q9FMK9	gene_name:PAP29
Q9FN68	gene_name:MYC6.3
Q9FNL2	gene_name:At5g46100
Q9LIH5	gene_name:At3g18640
Q9LJX7	gene_name:SAUR47
Q9LMR5	gene_name:At1g15670
Q9LN60	gene_name:At1g19380
Q9LPK0	gene_name:At1g32610
Q9LRM3	gene_name:CRRSP16
Q9LVC0	gene_name:AGP14
Q9LXD1	gene_name:RLF
Q9LY16	gene_name:CYCU4-2
Q9LY54	gene_name:F27K19_90
Q9LYM3	gene_name:At3g56180
Q9M9H6	gene_name:CK1
Q9M9N2	gene_name:At3g03130
Q9M9N3	gene_name:PWO1
Q9M9Y4	gene_name:DRIP1
Q9SD94	gene_name:MTERF7
Q9SDQ4	gene_name:GLR3.7
Q9SGS1	gene_name:At1g76120
Q9SJA4	gene_name:CNGC14
Q9SN46	gene_name:LRX5
Q9SQN9	gene_name:ENODL7
Q9SRL6	gene_name:F9F8.12
Q9SRS8	gene_name:F21O3.9
Q9SS97	gene_name:PCMP-E87
Q9SV14	gene_name:HCF153
Q9SW17	gene_name:RBOHG
Q9SY33	gene_name:PER7
Q9SZV4	gene_name:At4g30010
Q9T0E2	gene_name:At4g11750
Q9XIN3	gene_name:At2g27260
Q9ZQG2	gene_name:At2g15500
Q9ZQP1	gene_name:PTPMT1
Q9ZV56	gene_name:CCT1
Q9ZV66	gene_name:At2g32380
A0A1P8AX98	gene_name:At2g26780
A0A1P8AZ47	gene_name:At2g02695
A0A1P8B5T0	gene_name:At4g20160
A0A1P8BCC2	gene_name:At5g20450
A0A1P8BDE8	gene_name:CYP724A1
A0A1P8BEE1	gene_name:SHBY
A8MQI0	gene_name:At3g01322
A8MS68	gene_name:LPD1
C0LGH8	gene_name:At1g63430
C0LGU5	gene_name:At5g45780
F4HP06	gene_name:At1g12990
F4I3A2	gene_name:At1g36970
F4I8Y4	gene_name:At1g11593
F4I901	gene_name:SOC3
F4IS56	gene_name:ILK1
F4J6R3	gene_name:NTP5
F4JGC8	gene_name:At4g04404
F4JYJ3	gene_name:SFH11
F4K0J3	gene_name:KIN4C
F4KFM8	gene_name:At5g17165
O23071	gene_name:EDA8
O23487	gene_name:BHLH3
O64470	gene_name:SHT
O65782	gene_name:CYP83B1
P42644	gene_name:GRF3
P51818	gene_name:HSP90-3
P93003	gene_name:TFL1
P93017	gene_name:DRMH1
P93309	gene_name:At2g07713
P93759	gene_name:CPK14
Q0WRC3	gene_name:At5g28919
Q1G3T8	gene_name:At1g25422
Q1PE67	gene_name:At4g19080
Q2HIK4	gene_name:PFD6
Q2V325	gene_name:At5g39365
Q2V3V1	gene_name:At3g17155
Q31708	gene_name:RPS4
Q3E8I4	gene_name:At5g42957
Q3E956	gene_name:NAT9
Q3E9A0	gene_name:ANTR6
Q3ECR8	gene_name:At1g52415
Q6LA43	gene_name:APRR2
Q6NQG7	gene_name:ATL78
Q7X9H1	gene_name:AGL87
Q8GXU9	gene_name:FAF2
Q8H1S1	gene_name:GOLS6
Q8L539	gene_name:5FCL
Q8L716	gene_name:U2AF65B
Q8LL04	gene_name:CPL3
Q8LPQ6	gene_name:ABCB28
Q8RUH0	gene_name:At2g47640
Q8VWF5	gene_name:ML5
Q8VXZ9	gene_name:RBP47B'
Q8VYM0	gene_name:ERF15
Q93YV7	gene_name:At4g14360
Q945M8	gene_name:At3g53850
Q94HW6	gene_name:At1g58766
Q9C534	gene_name:At1g30200
Q9C5X4	gene_name:ATX1
Q9C6Y5	gene_name:At1g44130
Q9C8A7	gene_name:At1g55360
Q9FFX8	gene_name:MAC12.6
Q9FGE4	gene_name:At5g24460
Q9FGH2	gene_name:LSH5
Q9FH37	gene_name:ILR3
Q9FHX2	gene_name:MFL1
Q9FIA0	gene_name:UGT76C2
Q9FK53	gene_name:At5g18180
Q9FKS7	gene_name:AITR3
Q9FL57	gene_name:MOJ9.5
Q9FNG2	gene_name:MHF15.1
Q9FX64	gene_name:HOP2
Q9FYC0	gene_name:CHX12
Q9FZD5	gene_name:At1g26510
Q9LFF9	gene_name:PPA4
Q9LN09	gene_name:DPB3-1
Q9LNQ3	gene_name:At1g17510
Q9LPJ9	gene_name:At1g32630
Q9LSG3	gene_name:GAUT8
Q9LSJ1	gene_name:At3g28420
Q9LTH3	gene_name:UGT76E1
Q9LTW4	gene_name:NANA
Q9LY77	gene_name:ACA12
Q9M040	gene_name:PDC4
Q9M0D7	gene_name:PLA2-GAMMA
Q9M0T1	gene_name:LTP15
Q9M1E0	gene_name:F9K21.250
Q9M263	gene_name:GLP10
Q9M2D5	gene_name:T20K12.190
Q9S823	gene_name:LNG2
Q9SF15	gene_name:PUB24
Q9SIV7	gene_name:At2g16450
Q9SJ91	gene_name:At2g04680
Q9SK36	gene_name:At2g24970
Q9STY4	gene_name:PYRR
Q9SUG9	gene_name:At4g30770
Q9SXS2	gene_name:SULTR3;3
Q9SY31	gene_name:RSH4
Q9ZTZ7	gene_name:KEA1
Q9ZVC3	gene_name:At2g41380
A0A1P8ANT6	gene_name:At1g35183
A0A1P8AY90	gene_name:At2g01379
A0A1P8BAI4	gene_name:NAC085
A0A1P8BB03	gene_name:At5g64687
A0A1P8BDE3	gene_name:At5g22505
A0A1P8BG84	gene_name:At5g05285
B3H4S7	gene_name:At4g09466
B3H777	gene_name:At3g45673
F4HSD5	gene_name:TRM32
F4HSI4	gene_name:At1g07885
F4HTQ1	gene_name:At1g67690
F4HV48	gene_name:At1g47885
F4HWF9	gene_name:NSRB
F4I8X8	gene_name:OST3A
F4ILF8	gene_name:P4H13
F4IRD1	gene_name:At2g10975
F4JZC2	gene_name:ENGASE1
F4K9Y3	gene_name:At5g22608
O04251	gene_name:At4g02110
O22203	gene_name:CYP98A3
O48639	gene_name:PHT1-3
O49394	gene_name:CYP82C2
O64757	gene_name:At2g34930
O65405	gene_name:CRK28
O65685	gene_name:BLH6
O80646	gene_name:RPS15AC
O80651	gene_name:T14N5.3
O81301	gene_name:PME40
O82171	gene_name:AGD10
P0C895	gene_name:At2g30105
P0C897	gene_name:At3g02645
P43288	gene_name:ASK1
P68350	gene_name:DOF1.5
P82641	gene_name:SCRL22
Q01667	gene_name:LHCA1
Q0WP85	gene_name:At2g13420
Q0WQ74	gene_name:At4g34881
Q1G3X9	gene_name:At1g65483
Q2V0Z5	gene_name:MIS12
Q2V4G5	gene_name:At1g56553
Q38894	gene_name:At1g28670
Q38902	gene_name:ARAC1
Q3ECB5	gene_name:At1g77815
Q3EDE7	gene_name:At1g10990
Q5D869	gene_name:NRPE1
Q5Q0C6	gene_name:PEG6
Q67ZU1	gene_name:LIP2
Q6DBM8	gene_name:MTPB
Q7XZU0	gene_name:SAC9
Q84WF5	gene_name:PHYL1.2
Q84WY5	gene_name:At2g36550
Q8GWR0	gene_name:COX11
Q8GYL5	gene_name:RPS25D
Q8GYS2	gene_name:DL4625W
Q8LEA0	gene_name:LPXK
Q8LGG0	gene_name:FKBP12
Q8S9I8	gene_name:At1g64355
Q8S9K9	gene_name:At4g03420
Q8W234	gene_name:SEU
Q940J1	gene_name:ATHB-16
Q94A85	gene_name:At4g05040
Q94AA1	gene_name:At3g09470
Q94AL9	gene_name:AGT3
Q96299	gene_name:GRF9
Q9C538	gene_name:T18C15_3
Q9C551	gene_name:RH5
Q9C9I7	gene_name:PSB33
Q9FIC6	gene_name:At5g39150
Q9FK33	gene_name:PCMP-H58
Q9FNG5	gene_name:MHF15.5
Q9FNQ9	gene_name:MAF19.6
Q9FT73	gene_name:RECQL2
Q9FZ23	gene_name:At1g02380
Q9LD40	gene_name:CNGC13
Q9LDF8	gene_name:At3g12950
Q9LHQ7	gene_name:At3g20650
Q9LM48	gene_name:At1g22110
Q9LND8	gene_name:At1g06100
Q9LPW2	gene_name:At1g12870
Q9LS56	gene_name:At3g18340
Q9LXM8	gene_name:RPP2D
Q9LXZ3	gene_name:At3g56470
Q9LYR2	gene_name:UCR1-2
Q9M073	gene_name:At4g32870
Q9M1R4	gene_name:IAA30
Q9M2D4	gene_name:MCTP8
Q9SJ13	gene_name:At2g21860
Q9SJ62	gene_name:WDL4
Q9SJG9	gene_name:MPK20
Q9SK82	gene_name:UGT85A1
Q9SKT6	gene_name:GAUT10
Q9SL83	gene_name:At2g19970
Q9SNE9	gene_name:F11C1_20
Q9SYD6	gene_name:DTX42
Q9SYH9	gene_name:At4g01790
Q9SZQ6	gene_name:At4g29850
Q9XIP2	gene_name:OTU6
Q9ZUC6	gene_name:At1g23690
Q9ZVW5	gene_name:At2g06960
Q9ZW85	gene_name:SSU1
A0A1P8B723	gene_name:At4g09435
A0A1P8BHH9	gene_name:At5g08005
A8R7E6	gene_name:CERK1
F2Y4A3	gene_name:SPHK2
F4ICS5	gene_name:At1g43720
F4IKA7	gene_name:At2g16200
F4J7U9	gene_name:At3g30770
F4JHI1	gene_name:At4g02400
F4JJL3	gene_name:ENDO5
F4JJY4	gene_name:At4g34080
F4JVA6	gene_name:SFH6
F4JZK9	gene_name:At5g19030
F4K243	gene_name:BDR8
F4KCL7	gene_name:OM64
F4KEN0	gene_name:MRA19.23
F4KFS7	gene_name:MEB2
O22267	gene_name:CKI1
O23210	gene_name:SCL15
O49317	gene_name:At2g33180
O49711	gene_name:At4g21880
O82301	gene_name:At2g35360
P30186	gene_name:PAD1
Q00917	gene_name:SUS2
Q0WQJ7	gene_name:KIN5B
Q0WS06	gene_name:APD1
Q1G396	gene_name:At3g52561
Q1PDJ2	gene_name:At5g55135
Q2V3H6	gene_name:At4g17713
Q56XR0	gene_name:BHLH71
Q56XV8	gene_name:CPN60A2
Q56ZM7	gene_name:At5g05365
Q5BPN1	gene_name:At3g57210
Q5PP38	gene_name:GATA27
Q66GP0	gene_name:SR1IP1
Q6DUW7	gene_name:IDL3
Q6ID97	gene_name:ARFA1F
Q6IM95	gene_name:DVL6
Q6NMR9	gene_name:At5g45920
Q6R0G4	gene_name:RVE4
Q7XA86	gene_name:PAT10
Q84TJ4	gene_name:At3g50430
Q8GXU7	gene_name:At4g13615
Q8L6X8	gene_name:At5g17160
Q8L7A0	gene_name:At2g25737
Q8L9T5	gene_name:ATL2
Q8LBN7	gene_name:At4g33640
Q8RWD6	gene_name:At5g39450
Q8RXV3	gene_name:WIN2
Q8S8G1	gene_name:At2g05810
Q8S8T7	gene_name:At2g40955
Q93W88	gene_name:BHLH137
Q940Z5	gene_name:PMAT1
Q96330	gene_name:FLS1
Q9C5D3	gene_name:HIPP07
Q9C712	gene_name:PDE194
Q9C7I7	gene_name:MLP165
Q9CAS6	gene_name:GSTU11
Q9FGN1	gene_name:At5g51420
Q9FH90	gene_name:IRX14H
Q9FIM9	gene_name:CRK4
Q9FJ62	gene_name:GDPDL4
Q9FJK4	gene_name:At5g48660
Q9FLB3	gene_name:FKBP15-3
Q9FLV0	gene_name:DMR6
Q9FMA8	gene_name:At5g38940
Q9FX68	gene_name:WIP6
Q9LD83	gene_name:SLAC1
Q9LEZ4	gene_name:MBP2C
Q9LHK1	gene_name:NUDT16
Q9LHN8	gene_name:F6'H1
Q9LI77	gene_name:GATA
Q9LJD7	gene_name:COP10
Q9LMV6	gene_name:SAUR60
Q9LN39	gene_name:DHAR
Q9LPL4	gene_name:SKP2A
Q9LS61	gene_name:At3g18295
Q9LU49	gene_name:At5g51250
Q9LV72	gene_name:GLR1.2
Q9LVS0	gene_name:KUA1
Q9LX51	gene_name:At3g59200
Q9LXQ6	gene_name:At3g44060
Q9LYL4	gene_name:F18O21_250
Q9LZ83	gene_name:T32M21_20
Q9M0X2	gene_name:At4g05230
Q9M151	gene_name:At4g01170
Q9M1A4	gene_name:PSS1
Q9M2B5	gene_name:At3g43710
Q9M9X4	gene_name:NFYA2
Q9MAQ3	gene_name:UBP11
Q9S7J7	gene_name:LHCB2.2
Q9SFE9	gene_name:GONST5
Q9SIW1	gene_name:BLH7
Q9SJE9	gene_name:ALMT1
Q9SKD9	gene_name:WRKY46
Q9STX3	gene_name:GID2
Q9SUY2	gene_name:F4F15.340
Q9T0G1	gene_name:ABHD11
Q9XF63	gene_name:ATL3
Q9XI91	gene_name:ELF5A-1
Q9ZPW5	gene_name:At2g18330
A0A178W3G2	gene_name:At1g69070
A0A1P8APK5	gene_name:At1g43605
A0A1P8AT92	gene_name:At1g23750
A0A1P8AWD2	gene_name:At1g27555
A0A1P8B3W5	gene_name:At4g15245
A0A1P8B7Z9	gene_name:At4g21820
A0A1P8BDK6	gene_name:ARFA1B
A0A2P2CLH3	gene_name:MATR
A8MRQ2	gene_name:At5g36490
B3H4I1	gene_name:NTMC2T62
F4HUI0	gene_name:At1g14270
F4HXA7	gene_name:At1g68526
F4IJQ6	gene_name:At2g29070
F4ILF9	gene_name:At2g23100
F4J4Y0	gene_name:At3g10780
F4J9E8	gene_name:At3g59680
F4K6A1	gene_name:At5g55893
F4KBD8	gene_name:MRN17.16
F4KD57	gene_name:At5g45290
O22850	gene_name:GPX3
O49643	gene_name:SAUR34
O64773	gene_name:CAF1-5
P48529	gene_name:PPX1
P62113	gene_name:psbN
Q0V7V0	gene_name:At1g55280
Q1G3I1	gene_name:At4g18501
Q1H557	gene_name:At3g27340
Q2V466	gene_name:At2g22941
Q3ECD0	gene_name:At1g76050
Q42396	gene_name:CPK12
Q52K83	gene_name:EMB2170
Q5IZC8	gene_name:TOC75-4
Q6DBP4	gene_name:PAE8
Q6NKR6	gene_name:EXAD
Q6NM16	gene_name:At5g27710
Q6NQA8	gene_name:APY5
Q6R8G0	gene_name:PHO1-H10
Q84JP5	gene_name:At1g78170
Q84TH8	gene_name:ANU10
Q8GWG2	gene_name:TPPH
Q8H1Q2	gene_name:NBP35
Q8L7S8	gene_name:RH3
Q8LGE9	gene_name:At5g41760
Q8VYJ1	gene_name:AAE14
Q8VZ75	gene_name:F28J12.120
Q8VZI7	gene_name:SUMO5
Q8W487	gene_name:At2g39795
Q8W4Q4	gene_name:MRF3
Q944M5	gene_name:SWEET4
Q94C50	gene_name:MKP11.6
Q9C591	gene_name:ERF016
Q9C642	gene_name:DCL
Q9FG18	gene_name:At5g06520
Q9FH22	gene_name:FLZ15
Q9FH50	gene_name:APO3
Q9FIV3	gene_name:SPH25
Q9FJ41	gene_name:At5g45950
Q9FJW1	gene_name:At5g67620
Q9FM30	gene_name:MNF13.24
Q9FM59	gene_name:MDF20.24
Q9FN58	gene_name:ATL85
Q9FNG6	gene_name:At5g06420
Q9FNI0	gene_name:MHF15.20
Q9FWW2	gene_name:At1g12120
Q9FYD2	gene_name:F22J12_20
Q9FYN3	gene_name:MKP11.1
Q9LHS9	gene_name:RBE
Q9LIF6	gene_name:At3g21400
Q9LJH9	gene_name:EXO70D3
Q9LMP8	gene_name:At1g15870
Q9LS14	gene_name:At5g38070
Q9LSV8	gene_name:SCPL21
Q9LVD6	gene_name:CYP81F2
Q9LXH5	gene_name:VPS24-2
Q9LXJ7	gene_name:At3g52670
Q9LZR7	gene_name:At5g03710
Q9M217	gene_name:T8B10_80
Q9M2E8	gene_name:HDG1
Q9M4A1	gene_name:SPO11-2
Q9M8R9	gene_name:At3g02770
Q9MAL0	gene_name:PME57
Q9MBG5	gene_name:CML45
Q9SAH7	gene_name:WRKY40
Q9SCM4	gene_name:SAP13
Q9SFG2	gene_name:At3g05980
Q9SI18	gene_name:PAP11
Q9SI93	gene_name:MGD3
Q9SJB4	gene_name:At2g04570
Q9SN73	gene_name:BSD2
Q9SN87	gene_name:F1P2.60
Q9SRE1	gene_name:At1g76720
Q9SRH7	gene_name:PBL35
Q9STJ8	gene_name:At4g25390
Q9SVM4	gene_name:SHM5
Q9SYJ3	gene_name:At4g01960
Q9XI23	gene_name:BOR4
Q9ZSK2	gene_name:ADF6
Q9ZUI1	gene_name:ASG1
Q9ZUV9	gene_name:CHX7
Q9ZVT5	gene_name:At1g03340
A0A178WGK2	gene_name:At1g16290
A0A1I9LPW1	gene_name:At3g21825
A0A1P8APR9	gene_name:At1g34317
A0A1P8ATU5	gene_name:At1g29435
A0A1P8BBW6	gene_name:At5g66595
A0A1P8BH03	gene_name:IQD12
B6IDH8	gene_name:SOFL6
F4HY61	gene_name:NAC010
F4HYV4	gene_name:At1g62690
F4IAD5	gene_name:At1g05840
F4IGW7	gene_name:At2g34185
F4IRQ5	gene_name:THG1
F4IVP3	gene_name:At2g27060
F4IWB2	gene_name:At3g20890
F4J3B9	gene_name:At3g51340
F4J480	gene_name:At3g29638
F4JRN0	gene_name:At4g18740
F4JUA4	gene_name:At4g32375
F4JZN1	gene_name:At5g19170
F4K5I8	gene_name:At5g20460
O49408	gene_name:At4g18940
O65493	gene_name:XCP1
O80565	gene_name:OEP37
O80792	gene_name:RH33
O81223	gene_name:CBL4
O81283	gene_name:TOC159
O82188	gene_name:RDR5
O82486	gene_name:MTA
P0CJ65	gene_name:ATHB-54
P41916	gene_name:RAN1
P49206	gene_name:RPS26A
P49688	gene_name:RPS2C
P49689	gene_name:RPS30A
P82628	gene_name:SCRL9
P92942	gene_name:CLC-B
Q0WNW4	gene_name:MYOB3
Q0WR25	gene_name:ECT5
Q1G322	gene_name:DRG
Q1G387	gene_name:At4g09462
Q2V3E2	gene_name:At4g27740
Q38849	gene_name:KAT2
Q3ECJ5	gene_name:CLE14
Q56XA0	gene_name:At1g32928
Q6R8G6	gene_name:PHO1-H4
Q8GX92	gene_name:CHX6a
Q8GYX3	gene_name:MAP70.5
Q8L8A8	gene_name:GRF2
Q8L928	gene_name:DMP4
Q8RUN2	gene_name:LOG1
Q8RWM3	gene_name:MED27
Q8RXE5	gene_name:WNK10
Q8RXS1	gene_name:PNSB4
Q8VZU3	gene_name:SCPL19
Q93X94	gene_name:EXL6
Q941I2	gene_name:KAN3
Q94A64	gene_name:At5g03970
Q94AD8	gene_name:At5g21040
Q9ASY5	gene_name:At3g47965
Q9C6N3	gene_name:BPP5
Q9C6T1	gene_name:PMK
Q9C7A8	gene_name:GINS2
Q9C9X0	gene_name:MAP70.1
Q9CA27	gene_name:ERF118
Q9FFZ0	gene_name:MAC12.24
Q9FIX2	gene_name:AIG2LA
Q9FIZ7	gene_name:OXP1
Q9FJN0	gene_name:MTI20.9
Q9FJS7	gene_name:MJE4.6
Q9FKN2	gene_name:MSI17.4
Q9FM10	gene_name:SWEET5
Q9FN32	gene_name:At5g53940
Q9LES9	gene_name:At3g56780
Q9LF88	gene_name:At3g53040
Q9LIA6	gene_name:PBRP2
Q9LNU6	gene_name:PCMP-H21
Q9LQL2	gene_name:NPF7.3
Q9LQT4	gene_name:At1g75800
Q9LR70	gene_name:NAF1
Q9LYB4	gene_name:GPX5
Q9LYS4	gene_name:F17J16_170
Q9LZM9	gene_name:SIS
Q9M039	gene_name:PDC3
Q9M1F1	gene_name:F9K21.140
Q9MAB4	gene_name:At3g05050
Q9S9J5	gene_name:At1g65150
Q9SA82	gene_name:BHLH52
Q9SI32	gene_name:At2g04940
Q9SJQ5	gene_name:CBSCBSPB2
Q9SJU0	gene_name:KIN7M
Q9SK71	gene_name:RIN13
Q9SKS8	gene_name:At2g20920
Q9SMZ2	gene_name:PCMP-H53
Q9SSF8	gene_name:CPK30
Q9STE7	gene_name:RPP13L3
Q9SY08	gene_name:At4g02830
Q9SZ52	gene_name:PGR3
Q9XI45	gene_name:At1g15230
Q9XI46	gene_name:CCMH
Q9ZQ27	gene_name:At2g24410
Q9ZU30	gene_name:At2g01370
A0A1P8AUF7	gene_name:At1g55673
A0A1P8AWZ7	gene_name:At1g02360
A0A1P8BGC5	gene_name:At5g17305
A0A1P8BGG8	gene_name:At5g15745
B3H5T6	gene_name:At1g66852
B3H760	gene_name:DEG2
D1KF50	gene_name:SRS2
F4HV35	gene_name:At1g47770
F4I650	gene_name:At1g17150
F4IBJ3	gene_name:EXPB6
F4IBZ9	gene_name:At1g06137
F4IDI5	gene_name:YUP8H12R.28
F4J5F8	gene_name:At3g30230
F4JNB9	gene_name:SIKIC3
F4JPD8	gene_name:At4g23895
F4JPL6	gene_name:At4g36100
F4K425	gene_name:MXE10.1
F4KED2	gene_name:GOLS10
O04312	gene_name:JAL32
O04567	gene_name:At1g27190
O22179	gene_name:MYB70
O49552	gene_name:DDB1B
O64687	gene_name:TIFY
O80860	gene_name:FTSH2
O81865	gene_name:PP2A1
O82509	gene_name:TBL23
O82734	gene_name:TOPP8
P0C8Q2	gene_name:PCMP-E1
P46421	gene_name:GSTU5
P56764	gene_name:rpoC2
P62117	gene_name:rpl36
P82642	gene_name:SCRL23
Q1G3D9	gene_name:At1g52618
Q38860	gene_name:FAE1
Q39195	gene_name:PSBT
Q3E875	gene_name:At5g61530
Q3ED35	gene_name:At1g32720
Q56WD9	gene_name:PED1
Q5FV41	gene_name:At5g25050
Q5PNZ1	gene_name:PAT03
Q6TPH1	gene_name:PAP23
Q6USK2	gene_name:CERK
Q700D2	gene_name:JKD
Q7FRS8	gene_name:CBL10
Q84TD7	gene_name:At3g52390
Q8GUS7	gene_name:At2g27430
Q8GWD2	gene_name:CNGC12
Q8GWG6	gene_name:At1g60995
Q8GXB7	gene_name:At5g24840
Q8H0U4	gene_name:TRN1
Q8L7L0	gene_name:OBGL
Q8LRK8	gene_name:HDA18
Q8RWC3	gene_name:At3g19340
Q8RXQ6	gene_name:At4g13820
Q8S528	gene_name:ALDH2B7
Q8VY90	gene_name:ERF105
Q8VYJ2	gene_name:AHL1
Q8VZ48	gene_name:RBL6
Q8W1E5	gene_name:MZN1.9
Q8W4K2	gene_name:F6I1.13
Q945N1	gene_name:MXI22.1
Q94AH2	gene_name:MVP7.5
Q94B03	gene_name:At4g12070
Q9C6B8	gene_name:PIN1
Q9C6F5	gene_name:BCA6
Q9C752	gene_name:AUXILIN-LIKE7
Q9C776	gene_name:ATE2
Q9C9K7	gene_name:AHL29
Q9FF91	gene_name:MRO11.7
Q9FGC6	gene_name:ATDOA17
Q9FJ73	gene_name:AT2
Q9FJF1	gene_name:ATRABE1B
Q9FJY9	gene_name:PCMP-E38
Q9FKN7	gene_name:DAR4
Q9FNN2	gene_name:WDR26
Q9FYC2	gene_name:PAO
Q9LKC1	gene_name:TRM21
Q9LQ89	gene_name:ROPGEF2
Q9LRM7	gene_name:NCED6
Q9LRW1	gene_name:LBD22
Q9LSF5	gene_name:At3g25210
Q9LT71	gene_name:RTNLB11
Q9LTF0	gene_name:At5g52670
Q9LUT1	gene_name:At3g17400
Q9M189	gene_name:F7P3_70
Q9M2X3	gene_name:TRB3
Q9SH26	gene_name:At1g63400
Q9SHG6	gene_name:STIPL1
Q9SJ29	gene_name:At2g05330
Q9SN05	gene_name:F3A4.210
Q9SS83	gene_name:PCMP-E88
Q9SSP9	gene_name:At1g52450
Q9SVL4	gene_name:F18B3.130
Q9SYL7	gene_name:POLD3
Q9SYW8	gene_name:LHCA2
Q9SZL9	gene_name:CSLD4
Q9T008	gene_name:At4g35210
Q9XFR9	gene_name:GA2OX2
Q9ZVF4	gene_name:PCMP-H37
Q9ZW33	gene_name:TIM10
A0A1I9LNH8	gene_name:At3g62180
A8MQI9	gene_name:At2g24205
A8MSG0	gene_name:At2g36895
B3H5F0	gene_name:At2g46995
B5BT18	gene_name:BTAF1
F4HQ84	gene_name:COG3
F4HRK8	gene_name:At1g53640
F4HY56	gene_name:RLT1
F4I9K2	gene_name:At1g51538
F4J8X6	gene_name:At3g25150
F4JF32	gene_name:SWIB1
F4JKZ7	gene_name:At4g16045
F4JL04	gene_name:At4g16095
F4JXH7	gene_name:At5g60170
F4KBH3	gene_name:At5g29070
F4KI15	gene_name:MED24.13
O04469	gene_name:ECI1
O22633	gene_name:NOI4
O22932	gene_name:CIPK11
O64870	gene_name:At2g44360
O65413	gene_name:STP12
P0C8K8	gene_name:ARI6
P0CJ57	gene_name:CRRSP50
P0DKG6	gene_name:At2g42475
P17839	gene_name:AG
P57792	gene_name:ALA12
P82643	gene_name:SCRL24
P82872	gene_name:TOM20-1
P92941	gene_name:CLC-A
P94109	gene_name:HIS1-3
Q0WSX8	gene_name:TIK
Q2V3K6	gene_name:At4g08867
Q2V4G6	gene_name:At1g56233
Q38867	gene_name:CYP19-3
Q39084	gene_name:LEA41
Q3E991	gene_name:PRK6
Q42330	gene_name:ATTI7
Q4PSE5	gene_name:At5g26070
Q58CM8	gene_name:NFYC10
Q5XQC7	gene_name:BON3
Q6IDB1	gene_name:At5g20165
Q6IDB4	gene_name:At4g00670
Q6NKT4	gene_name:DL3365C
Q7XA87	gene_name:FOLT1
Q8GWW8	gene_name:GFA2
Q8L7H9	gene_name:DL3350C
Q8L850	gene_name:PIP5K9
Q8L9R4	gene_name:At5g27990
Q8LCF4	gene_name:At3g48450
Q8LPQ5	gene_name:BTS
Q8S8M9	gene_name:AL6
Q8VYD2	gene_name:GPL1
Q8VYK4	gene_name:NFYB8
Q93WI0	gene_name:At5g19370
Q944L9	gene_name:CTL15
Q94A20	gene_name:LFG5
Q94AK6	gene_name:SAG20
Q9AST1	gene_name:TAF15
Q9C773	gene_name:F11B9.1
Q9C9A2	gene_name:At1g71060
Q9CAA0	gene_name:At1g79990
Q9FFK5	gene_name:MJJ3.11
Q9FFQ7	gene_name:FACT
Q9FG42	gene_name:At5g37460
Q9FH19	gene_name:At5g56200
Q9FHK8	gene_name:ATG18E
Q9FIN3	gene_name:At5g24390
Q9FJ27	gene_name:At5g41870
Q9FJ81	gene_name:CCB2
Q9FPS7	gene_name:UBP20
Q9FX92	gene_name:CXE3
Q9FXK6	gene_name:At1g24996
Q9LHG8	gene_name:ELC
Q9LK40	gene_name:NRPD2
Q9LN24	gene_name:At1g20320
Q9LRB5	gene_name:LHT2
Q9LS88	gene_name:At3g23020
Q9LSK7	gene_name:HON4
Q9LSQ4	gene_name:GH3.6
Q9LSX2	gene_name:MWF20.8
Q9LTK3	gene_name:HDG7
Q9LU74	gene_name:MUL3.6
Q9LUL5	gene_name:PCMP-H57
Q9LV29	gene_name:At3g18120
Q9LW66	gene_name:At3g23310
Q9LXY4	gene_name:NAC065
Q9LY07	gene_name:GRP20
Q9M0X0	gene_name:At4g05250
Q9M1J0	gene_name:At3g57100
Q9M328	gene_name:ATUSP
Q9M8Z5	gene_name:NSN1
Q9SCQ5	gene_name:At3g50710
Q9SUB0	gene_name:DOF4.3
Q9SUS7	gene_name:At4g11340
Q9SVW8	gene_name:PIRL4
Q9SXC9	gene_name:MNS5
Q9SYA0	gene_name:At1g61500
Q9XEB5	gene_name:ATG8B
Q9ZQQ7	gene_name:At2g14440
Q9ZUS6	gene_name:At2g37400
A0A1P8AP46	gene_name:At1g43815
A0A1P8AVV5	gene_name:CYP708A1
A0A1P8AWS0	gene_name:At1g70430
A0A1P8B012	gene_name:At2g07642
A0A1P8B6S2	gene_name:At4g03157
A0A1P8BFR9	gene_name:At5g17345
A0A1R7T3H9	gene_name:ELT5
A8MR87	gene_name:At2g15000
B3H5E5	gene_name:At1g12411
B6SFA4	gene_name:MAA3
F4HPK3	gene_name:At1g44835
F4I096	gene_name:MED13
F4IHN6	gene_name:At2g27950
F4J1S7	gene_name:At3g29080
F4JL28	gene_name:EBS
F4JNB3	gene_name:At4g16915
F4JSB9	gene_name:At4g18900
F4K7F6	gene_name:CLPX2
F4KGA5	gene_name:TRM31
F4KHR6	gene_name:At5g59050
O22252	gene_name:MHX
O22925	gene_name:VSR2
O49443	gene_name:At4g28340
O65399	gene_name:At1g11820
O81906	gene_name:B120
P93285	gene_name:COX2
Q06429	gene_name:ACS1
Q1G3P2	gene_name:At3g33528
Q1PDV6	gene_name:PBL27
Q3E8X3	gene_name:NPF2.8
Q56WH1	gene_name:TUBA3
Q56XZ1	gene_name:SHB
Q56Y01	gene_name:IPCS3
Q5XF09	gene_name:At3g11320
Q6IMT1	gene_name:SAB
Q6NQJ8	gene_name:SDG40
Q6R8G4	gene_name:PHO1-H6
Q7X6A8	gene_name:MHM17.20
Q84VG7	gene_name:FES1
Q8GWM5	gene_name:MUL8.23
Q8GXD6	gene_name:RH49
Q8GXD8	gene_name:At4g22250
Q8GY63	gene_name:SAL3
Q8GY67	gene_name:At1g23340
Q8L783	gene_name:CAX5
Q8L9M9	gene_name:BPL4
Q8LDS5	gene_name:THO7A
Q8RWG3	gene_name:RER6
Q8RX67	gene_name:NPF5.11
Q8RXY2	gene_name:At1g72645
Q8S3D5	gene_name:LRL2
Q8S8G5	gene_name:At2g46375
Q8VYR0	gene_name:MCU2
Q8W108	gene_name:ARD3
Q93VH5	gene_name:MAJ23.90
Q93W54	gene_name:ICMTB
Q940S5	gene_name:At1g60970
Q949Z8	gene_name:At1g36980
Q94AT1	gene_name:At5g53140
Q94K52	gene_name:At1g02475
Q9CA10	gene_name:T1G12.3
Q9FFE7	gene_name:MQK4.8
Q9FH00	gene_name:At5g42290
Q9FIF8	gene_name:SBT4.3
Q9FIL8	gene_name:OPL4
Q9FK10	gene_name:At5g53320
Q9FL42	gene_name:ATL69
Q9FM63	gene_name:MDF20.19
Q9FMA6	gene_name:At5g38960
Q9FW44	gene_name:ADR1
Q9FZA4	gene_name:DOF1.4
Q9FZH6	gene_name:At1g67050
Q9LDN9	gene_name:PER37
Q9LJB5	gene_name:At3g29580
Q9LQR0	gene_name:LBD1
Q9LRM4	gene_name:MIP1B
Q9LSW7	gene_name:At5g43440
Q9LTZ9	gene_name:GALS2
Q9LV93	gene_name:ABCF5
Q9LVK6	gene_name:At3g13940
Q9LXP9	gene_name:F26G5_90
Q9LZ38	gene_name:At5g02640
Q9M092	gene_name:WAKL17
Q9M1S4	gene_name:T5N23_120
Q9SAB3	gene_name:RBP45B
Q9SAG2	gene_name:At1g80980
Q9SCL4	gene_name:T9C5.20
Q9SIH2	gene_name:DOT1
Q9SKY5	gene_name:At2g32150
Q9SRZ3	gene_name:F12P19.15
Q9SUS4	gene_name:RHA1A
Q9SV11	gene_name:F4F15.40
Q9SV22	gene_name:At4g31470
Q9SZI6	gene_name:GATA22
Q9T0J4	gene_name:At4g38870
Q9XGW1	gene_name:AGO10
Q9XIP3	gene_name:At2g27390
Q9ZV28	gene_name:CYP710A4
Q9ZW16	gene_name:TRI
Q9ZW37	gene_name:At2g29590
A0A1I9LTA1	gene_name:At3g48060
A0A1P8ART1	gene_name:At1g75290
A0A1P8BAM9	gene_name:At5g45115
A0JJX5	gene_name:SYT4
B3H656	gene_name:At3g45851
F4HPB7	gene_name:At1g26750
F4HYU6	gene_name:At1g62610
F4IBH5	gene_name:LETM2
F4II36	gene_name:At2g40770
F4ILJ4	gene_name:At2g23348
F4ISU2	gene_name:PICC
F4IX22	gene_name:At3g62010
F4J9M5	gene_name:CHR12
F4JFH6	gene_name:At3g61840
F4JNB0	gene_name:DL4470C
F4JPL7	gene_name:At4g36105
F4K3D8	gene_name:MCO15.13
F4K733	gene_name:At5g28320
F4KC40	gene_name:FL8
O04157	gene_name:RABG3B
O23722	gene_name:MVD1
O24653	gene_name:GDI2
O64512	gene_name:At2g02700
O65583	gene_name:UKL4
O81098	gene_name:NRPB5A
O81851	gene_name:BOI
O82587	gene_name:SWEET12
P43289	gene_name:ASK3
P82620	gene_name:SCRL1
P93758	gene_name:REM4.2
Q0WUR1	gene_name:At1g71350
Q1G3G9	gene_name:At5g41761
Q1PEX8	gene_name:CYSTM5
Q29Q81	gene_name:SMR6
Q3E8B0	gene_name:At5g55565
Q3EBZ1	gene_name:At2g17055
Q3ECK2	gene_name:At1g62680
Q3ECT8	gene_name:At1g49405
Q41906	gene_name:CYS3
Q56YJ8	gene_name:FAMA
Q6E257	gene_name:At3g11160
Q6ID26	gene_name:At5g24155
Q6NKN8	gene_name:At2g41170
Q7XZP5	gene_name:APX5
Q8L7E1	gene_name:At5g25770
Q8L9G7	gene_name:At2g31440
Q8LB72	gene_name:PHR2
Q8LGI3	gene_name:ARPC2A
Q8LPQ3	gene_name:At3g50840
Q8RWD7	gene_name:EMB1674
Q8VYV3	gene_name:At1g31940
Q8W2F3	gene_name:PIF4
Q93W37	gene_name:At5g01350
Q93Y00	gene_name:BHLH7
Q93YP0	gene_name:UEV1A
Q940I1	gene_name:At4g29905
Q948Q8	gene_name:Anm2
Q94A65	gene_name:At4g27700
Q94CH5	gene_name:EXL5
Q94F88	gene_name:CMT3
Q9ASS6	gene_name:PNSL5
Q9FGR9	gene_name:CEP1
Q9FI61	gene_name:UBC27
Q9FJ80	gene_name:PP2A14
Q9FJL3	gene_name:FKBP65
Q9FJV8	gene_name:MRN1
Q9FKD2	gene_name:At5g37940
Q9FL19	gene_name:AGL76
Q9FLM4	gene_name:MEE6.12
Q9FM86	gene_name:At5g56450
Q9FPR3	gene_name:EDR1
Q9FXF2	gene_name:RKF1
Q9LET0	gene_name:BHLH107
Q9LK19	gene_name:At3g24260
Q9LM77	gene_name:At1g20770
Q9LMX7	gene_name:CYP78A5
Q9LNC5	gene_name:CLO
Q9LR91	gene_name:GNAT5
Q9LRQ6	gene_name:At3g29690
Q9LYZ4	gene_name:At5g02910
Q9M292	gene_name:T22K7_10
Q9M7T0	gene_name:PRXIIF
Q9M9T9	gene_name:M20
Q9SD58	gene_name:At3g47150
Q9SGA5	gene_name:OTU12
Q9SIM1	gene_name:At2g20480
Q9SJC7	gene_name:At2g04420
Q9SLV1	gene_name:ZW2
Q9SQY0	gene_name:NAC052
Q9SRQ0	gene_name:At3g03460
Q9SSN9	gene_name:At1g72870
Q9SU75	gene_name:HTT4
Q9SVS3	gene_name:At4g21740
Q9SXY1	gene_name:FAS2
Q9SY36	gene_name:At4g03580
Q9SYM5	gene_name:RHM1
Q9XGX0	gene_name:SHI
Q9ZQ77	gene_name:At2g03410
Q9ZUE1	gene_name:F5O8.9
Q9ZVQ5	gene_name:At2g02370
A0A1I9LLK9	gene_name:At3g24514
A0A1P8AYP2	gene_name:At2g41515
A0A1P8B3S0	gene_name:At4g19590
A0A1P8B4K5	gene_name:RTL1
A0A1P8B5P2	gene_name:At4g02735
A8MR89	gene_name:AEL1
B3H6M0	gene_name:At4g36791
F4HPM4	gene_name:At1g45063
F4HS08	gene_name:At1g73850
F4HVW5	gene_name:VAD1
F4I4F2	gene_name:RHS3
F4II37	gene_name:At2g40780
F4IK72	gene_name:At2g47115
F4J3D6	gene_name:At3g57460
F4J7M4	gene_name:At3g18282
F4JIB4	gene_name:At4g08593
F4JLI5	gene_name:XDH2
F4K2M8	gene_name:JMJ31
O04591	gene_name:At1g62270
O22178	gene_name:LRR-RLK
O24408	gene_name:IAA18
O80669	gene_name:SIB2
O80950	gene_name:JAL22
O82198	gene_name:LBD9
P10797	gene_name:RBCS-2B
P39697	gene_name:RPS19
P42798	gene_name:RPS15AA
P54970	gene_name:ILL2
P82647	gene_name:SCRL28
P82724	gene_name:LCR9
P93295	gene_name:At2g07737
Q0WTP1	gene_name:AUG7
Q29Q96	gene_name:SAUR68
Q2V3K2	gene_name:At4g08875
Q38924	gene_name:PAP12
Q38935	gene_name:FKBP15-1
Q39172	gene_name:AER
Q39263	gene_name:ZFP4
Q3E8Z9	gene_name:At5g27810
Q5E916	gene_name:At2g25740
Q5Y750	gene_name:CYP51G2
Q6IM84	gene_name:DVL17
Q6NLV7	gene_name:At2g02490
Q6NPL8	gene_name:At2g37910
Q7PC87	gene_name:ABCG34
Q84M24	gene_name:ABCA1
Q84VW3	gene_name:At3g14700
Q8GZ60	gene_name:At2g26470
Q8GZ85	gene_name:At1g01770
Q8L4J2	gene_name:CSTF50
Q8LCG7	gene_name:NFYC2
Q8LEM6	gene_name:HVA22H
Q8RWD5	gene_name:SCD2
Q8RWL4	gene_name:IDM2
Q8S8M7	gene_name:At2g35585
Q8VXV0	gene_name:At3g52570
Q8VY78	gene_name:SAE1A
Q8VZZ4	gene_name:ABCC6
Q93Z80	gene_name:At3g05160
Q9C7G5	gene_name:At1g72020
Q9C7H4	gene_name:WSD2
Q9C7N4	gene_name:At1g29670
Q9C8D8	gene_name:At1g66070
Q9C9M9	gene_name:SWEET6
Q9FGE2	gene_name:At5g24480
Q9FI98	gene_name:UGT76C4
Q9FPN7	gene_name:AGL31
Q9FT77	gene_name:RLM3
Q9LIC4	gene_name:At3g13760
Q9LIR1	gene_name:At3g23960
Q9LJ51	gene_name:At3g29796
Q9LUR2	gene_name:At3g16710
Q9LX14	gene_name:SOK2
Q9LZM5	gene_name:At5g02060
Q9M1D5	gene_name:BTL13
Q9M281	gene_name:T22K7_120
Q9M2S7	gene_name:FKBP20-1
Q9M2X5	gene_name:T16K5.180
Q9M9W0	gene_name:ATHIGD3
Q9SA77	gene_name:MUR4
Q9SF94	gene_name:At3g09930
Q9SIM9	gene_name:MAX2
Q9SIN7	gene_name:At2g31710
Q9SJ75	gene_name:ATFDB11
Q9SLN1	gene_name:FPP7
Q9SMU7	gene_name:SRP9
Q9SR48	gene_name:At1g67590
Q9STN0	gene_name:EXT22
Q9SUC0	gene_name:At4g20930
Q9SUN3	gene_name:At4g20460
Q9SUV8	gene_name:At4g22610
Q9SW80	gene_name:BLH2
Q9SXP7	gene_name:LIP2
Q9SYT0	gene_name:ANN1
Q9SZX3	gene_name:At4g24830
Q9T0K4	gene_name:At4g13330
Q9T0L0	gene_name:EXT12
Q9ZPV5	gene_name:NOC2
Q9ZVL0	gene_name:T22H22.25
Q9ZVP2	gene_name:At1g05080
A0A178V266	gene_name:At4g13440
A0A1P8ANI0	gene_name:At1g30080
A0A1P8ASK0	gene_name:At1g66465
A8MRP3	gene_name:At1g07747
A8MRP4	gene_name:At1g12663
B3H4L6	gene_name:At5g19151
B3H7G2	gene_name:URM1-2
B5X565	gene_name:EMB2738
F4HWL4	gene_name:At1g28350
F4I7N5	gene_name:At1g23890
F4I8F9	gene_name:BHLH160
F4ICA1	gene_name:At1g18560
F4J6T7	gene_name:XYL2
F4JNP7	gene_name:At4g29654
F4JTK8	gene_name:AQI
F4KA51	gene_name:LRK10L-2.3
F4KHP4	gene_name:MXC20.3
O48741	gene_name:PORC
O49681	gene_name:At4g19240
O65439	gene_name:At4g20250
O65797	gene_name:ADS1
O80396	gene_name:MKK3
O80449	gene_name:JOX4
O80823	gene_name:CYP86A8
O81755	gene_name:PER48
P0DKB8	gene_name:LPXC3
P49967	gene_name:SRP-54C
P93297	gene_name:AtMg00400
P93654	gene_name:SYP22
Q01593	gene_name:ABI3
Q0WP36	gene_name:MOT2
Q0WPJ3	gene_name:At1g74530
Q0WPT6	gene_name:AP22.72
Q0WVV5	gene_name:At1g75260
Q29PT1	gene_name:At5g47635
Q2V2Y0	gene_name:At5g56368
Q2V459	gene_name:At2g25185
Q2V4A6	gene_name:At2g03936
Q43125	gene_name:CRY1
Q43729	gene_name:PER57
Q58G57	gene_name:At1g03710
Q58P69	gene_name:CHX10
Q6DBE3	gene_name:At1g53860
Q6NKN2	gene_name:At3g23540
Q6NPE9	gene_name:At4g33690
Q84TI6	gene_name:CDKE-1
Q84WI0	gene_name:GIS
Q8GYD2	gene_name:MND1
Q8GYH5	gene_name:BAD1
Q8LCV8	gene_name:At4g32105
Q8S8N9	gene_name:GC1
Q8VZP3	gene_name:At2g35810
Q8W032	gene_name:CDC6B
Q8W245	gene_name:ZIP10
Q8W489	gene_name:RAD4
Q93YR3	gene_name:At4g22670
Q96300	gene_name:GRF7
Q9C664	gene_name:TTM2
Q9C6U7	gene_name:CCR4G
Q9CAA5	gene_name:At1g68980
Q9CAQ5	gene_name:At1g77500
Q9FG05	gene_name:GIS2
Q9FHS5	gene_name:MNL12.2
Q9FHX8	gene_name:At5g42060
Q9FIQ9	gene_name:MZA15.6
Q9FKV6	gene_name:At5g44320
Q9FLA0	gene_name:At5g44970
Q9FNV8	gene_name:MYB114
Q9FPS3	gene_name:UBP24
Q9FVE6	gene_name:HDT1
Q9FWA6	gene_name:PCMP-E90
Q9FX02	gene_name:At1g47300
Q9FX66	gene_name:At1g13310
Q9FX67	gene_name:HRS1
Q9FX97	gene_name:FUT12
Q9FY77	gene_name:At5g09380
Q9FY79	gene_name:LAC14
Q9FZ76	gene_name:RPL6A
Q9LNR3	gene_name:LOX3
Q9LPC3	gene_name:SEC1A
Q9LPN6	gene_name:F18K10.25
Q9LS96	gene_name:At3g18800
Q9LUF5	gene_name:MFB16.5
Q9LUX9	gene_name:At5g58800
Q9LZE0	gene_name:At5g03460
Q9M0J1	gene_name:At4g28160
Q9M4T3	gene_name:HDT4
Q9S9U0	gene_name:CALS11
Q9SAK4	gene_name:ALDH5F1
Q9SF16	gene_name:CCT7
Q9SFF7	gene_name:HIPP43
Q9SJZ5	gene_name:RABA4E
Q9SRD8	gene_name:EC1.1
Q9SUI6	gene_name:PSAH2
Q9SVD0	gene_name:SMXL3
Q9SZF3	gene_name:F19F18.90
Q9XFM0	gene_name:IAA28
Q9XI07	gene_name:SWI3C
Q9ZQC0	gene_name:At4g07950
Q9ZSP6	gene_name:AIR1B
A0A178UIE7	gene_name:At5g04090
A0A178UQA6	gene_name:MNA5.13
A0A1P8AZP7	gene_name:At2g07810
A0A1P8BHB0	gene_name:At5g19675
A0MFH4	gene_name:At5g20640
B3H6K5	gene_name:At3g27416
B3H6Y3	gene_name:At3g49744
F4HX04	gene_name:At1g54700
F4I2E5	gene_name:At1g76470
F4I2Y3	gene_name:RMR3
F4I4P3	gene_name:MED23
F4IDS7	gene_name:VPS18
F4IH50	gene_name:DTA2
F4IKB3	gene_name:At2g16230
F4JIP3	gene_name:At4g21215
F4K2L3	gene_name:At5g19710
F4KDN0	gene_name:HEN4
F4KIL1	gene_name:At5g24970
O22704	gene_name:CB5LP
O22752	gene_name:MLO7
O48851	gene_name:RLP22
O49299	gene_name:At1g23190
O65610	gene_name:M7J2.120
P15459	gene_name:AT2S3
P42498	gene_name:PHYE
P61843	gene_name:ycf3
Q1G3L8	gene_name:At3g24093
Q2V3J6	gene_name:At4g11393
Q2V4C4	gene_name:At1g76954
Q39138	gene_name:LEA6
Q3EA00	gene_name:At4g17565
Q3EA55	gene_name:At4g11211
Q3EBD3	gene_name:RH41
Q4PT02	gene_name:GA20OX5
Q56WN1	gene_name:GLN1-1
Q56YT0	gene_name:LAC3
Q5S2C4	gene_name:NAP1
Q6DBD5	gene_name:MXA21.5
Q6DYC4	gene_name:At3g55860
Q6NPS8	gene_name:ATR3
Q6NQL6	gene_name:LPPE2
Q6R3K4	gene_name:YSL8
Q6SZ87	gene_name:NAT11
Q7Y217	gene_name:At1g75420
Q84R14	gene_name:At3g20720
Q8GT78	gene_name:MTG10.3
Q8GY25	gene_name:WOX12
Q8GYJ7	gene_name:EMB2421
Q8H1U5	gene_name:APC2
Q8L5A1	gene_name:At1g78995
Q8L636	gene_name:NCL
Q8L7T3	gene_name:UBC20
Q8LET2	gene_name:NUDT11
Q8LGA1	gene_name:CYCD4-1
Q8RUC6	gene_name:RUB2
Q8RWB7	gene_name:CLSC5
Q94A76	gene_name:GORK
Q9ASS4	gene_name:At5g48380
Q9C6K1	gene_name:At1g50770
Q9C8J7	gene_name:TRO
Q9C8W9	gene_name:NAC030
Q9FGJ8	gene_name:MNJ7.18
Q9FJA2	gene_name:TT2
Q9FJY1	gene_name:At5g66590
Q9FLI3	gene_name:AHG1
Q9FWS6	gene_name:BBD1
Q9FX93	gene_name:CXE4
Q9FYA3	gene_name:At5g13070
Q9LFU8	gene_name:At5g15780
Q9LFV7	gene_name:At5g15690
Q9LFX9	gene_name:NPF2.12
Q9LHF1	gene_name:LRX4
Q9LK18	gene_name:APUM25
Q9LKJ1	gene_name:CHY1
Q9LM83	gene_name:WOX10
Q9LMS3	gene_name:LAC1
Q9LS04	gene_name:At3g25750
Q9LSI4	gene_name:MGH6.1
Q9LTX4	gene_name:At5g49960
Q9LVC6	gene_name:VLN5
Q9LXS4	gene_name:T20N10_120
Q9LYJ2	gene_name:At5g14680
Q9LZK5	gene_name:ERDJ3B
Q9LZQ2	gene_name:T12C14_80
Q9LZX8	gene_name:BIG2
Q9M021	gene_name:LECRK62
Q9M054	gene_name:F1I16_90
Q9M266	gene_name:OMTF3
Q9M2U1	gene_name:DOF3.6
Q9S713	gene_name:STN7
Q9SD65	gene_name:F13I12.130
Q9SHT3	gene_name:At2g05410
Q9SQY8	gene_name:F13M14.13
Q9SRX9	gene_name:NLA
Q9SSR1	gene_name:At1g52590
Q9SV60	gene_name:XTH2
Q9T0I8	gene_name:MTN1
Q9ZNU2	gene_name:NAC018
Q9ZUX8	gene_name:At2g27770
Q9ZVS2	gene_name:At1g03210
A0A1P8AQ41	gene_name:At1g72755
A0A1P8B1D7	gene_name:At2g05655
A0A1P8B5V0	gene_name:At4g04265
A0A1P8BDX4	gene_name:At5g49110
A2RVN3	gene_name:At1g66540
A8MQJ3	gene_name:At5g35698
C0LGU0	gene_name:PRK1
F4HZ82	gene_name:At1g02890
F4HZH7	gene_name:At1g09370
F4HZY1	gene_name:At1g29220
F4ID16	gene_name:NUP98B
F4IQG4	gene_name:HIPP30
F4J609	gene_name:At3g02300
F4JDP4	gene_name:At3g26742
F4JGP4	gene_name:KIN14D
F4JTP6	gene_name:ABD1
F4K588	gene_name:MTERF19
O23522	gene_name:At4g16820
O24603	gene_name:CHI
O64567	gene_name:At2g19340
O64731	gene_name:MIT1
O65660	gene_name:PLAT1
O82413	gene_name:At3g46100
P21218	gene_name:PORB
P25858	gene_name:GAPC1
P59228	gene_name:VHA-c2
P82732	gene_name:LCR18
P93283	gene_name:AtMg00140
P98205	gene_name:ALA2
Q0V842	gene_name:NEN2
Q0WPZ7	gene_name:GLE1
Q0WW26	gene_name:At4g34450
Q1ECR9	gene_name:RALFL8
Q1G3Y3	gene_name:At1g62421
Q1PDK3	gene_name:CTL17
Q1PFE3	gene_name:At1g72080
Q24JL3	gene_name:STR2
Q38957	gene_name:ARO4
Q39041	gene_name:BFRUCT4
Q39234	gene_name:TGA3
Q3E901	gene_name:SAUR75
Q3EC04	gene_name:At2g14846
Q3EC62	gene_name:At2g05645
Q3ECB8	gene_name:PCMP-E21
Q3ECR7	gene_name:CYSTM2
Q67Z59	gene_name:At3g55310
Q6IM80	gene_name:DVL21
Q6NKV5	gene_name:At4g09090
Q6NL24	gene_name:ECHIA
Q6NQ98	gene_name:RTF2
Q84R10	gene_name:PME36
Q84RE5	gene_name:At2g23755
Q84WV8	gene_name:NAPRT2
Q8L7H2	gene_name:At4g19630
Q8L7Z3	gene_name:At5g18400
Q8LB01	gene_name:DAPB2
Q8LC95	gene_name:ENODL13
Q8S8K1	gene_name:SRP1
Q8VYA3	gene_name:WAKL10
Q8VYZ8	gene_name:At1g64430
Q8VZI2	gene_name:CBSDUF6
Q8W4S4	gene_name:VHA-a3
Q93XW5	gene_name:NSP5
Q93XX5	gene_name:At5g67130
Q93Z00	gene_name:TCP14
Q944H2	gene_name:ABCI12
Q948R9	gene_name:RFC3
Q94AC1	gene_name:STR6
Q9C698	gene_name:FPP6
Q9C8D4	gene_name:AAE11
Q9FFF4	gene_name:AHASS2
Q9FGL2	gene_name:TIP2-3
Q9FHH5	gene_name:GDU3
Q9FHT6	gene_name:MNJ8.8
Q9FKM2	gene_name:VDAC4
Q9FLN3	gene_name:MEE6.3
Q9FT47	gene_name:T25B15_120
Q9LEZ3	gene_name:BIM1
Q9LFD3	gene_name:At5g01030
Q9LFJ4	gene_name:At5g17090
Q9LZ31	gene_name:CYP77A4
Q9M095	gene_name:At4g30650
Q9M346	gene_name:FES1B
Q9S9V0	gene_name:CPK31
Q9SEZ9	gene_name:TBL30
Q9SGW6	gene_name:At1g64490
Q9SIC8	gene_name:At2g31410
Q9SKG1	gene_name:BZIP33
Q9SN13	gene_name:F3A4.130
Q9SRD3	gene_name:VTL2
Q9SRP7	gene_name:CML28
Q9SSK2	gene_name:At1g70970
Q9STH7	gene_name:At4g12340
Q9SU29	gene_name:UPL5
Q9SU94	gene_name:PRMT11
Q9SVA6	gene_name:DRG3
Q9SVP4	gene_name:ATDOB3
Q9ZU90	gene_name:SKIP28
Q9ZUI8	gene_name:At1g60050
Q9ZV08	gene_name:GNAT4
A0A1I9LNZ2	gene_name:At3g22565
A0A1I9LSL0	gene_name:At3g55640
A0A1P8AU61	gene_name:At1g22660
A0A1P8BCJ7	gene_name:MAF19.19
A1L4V7	gene_name:At3g26115
A8MRP2	gene_name:AIG2LD
B3H5H4	gene_name:At3g27331
B3H5S8	gene_name:At5g64395
F4HV65	gene_name:At1g54070
F4HW02	gene_name:GAT1
F4I7D8	gene_name:At1g11125
F4I970	gene_name:At1g24256
F4J6I7	gene_name:At3g24210
F4JNX3	gene_name:CaMKMT
F4JQK3	gene_name:At4g12190
F4JXC7	gene_name:MMN10.5
F4K7T4	gene_name:MQB2.10
O04647	gene_name:EMB976
O22137	gene_name:CRR4
O49717	gene_name:CPK15
O80460	gene_name:CEP3
O80644	gene_name:ACR9
O81305	gene_name:At4g00040
O81472	gene_name:MEKK2
O81770	gene_name:MGD1
O82132	gene_name:DREB2A
P42737	gene_name:BCA2
P46645	gene_name:ASP2
Q0WP96	gene_name:PGR
Q1G320	gene_name:At2g24692
Q1G3M6	gene_name:At3g11591
Q1PDI1	gene_name:TET15
Q38869	gene_name:CPK4
Q3E8G1	gene_name:At5g46025
Q3E9Z9	gene_name:ALMT11
Q3EB54	gene_name:At3g16970
Q3ECW2	gene_name:CYCA3-4
Q42338	gene_name:T24C20_20
Q56WH4	gene_name:HDT2
Q6R8G3	gene_name:PHO1-H7
Q84K90	gene_name:RHIP1
Q84LH3	gene_name:WEX
Q84P17	gene_name:AAE18
Q84WV5	gene_name:At2g44970
Q84XI3	gene_name:ETN8
Q8GUN3	gene_name:At4g28150
Q8GXS8	gene_name:PKS3
Q8GYG1	gene_name:At1g14010
Q8GYK2	gene_name:At4g22300
Q8L443	gene_name:At1g22470
Q8L466	gene_name:At1g24050
Q8L475	gene_name:At1g74640
Q8L910	gene_name:GPX4
Q8LA32	gene_name:LUL4
Q8LDD3	gene_name:CURT1D
Q8VZS0	gene_name:PNC2
Q8W468	gene_name:ARI8
Q94C78	gene_name:At3g51140
Q9C6L9	gene_name:At1g25500
Q9C932	gene_name:NAC019
Q9C9E4	gene_name:PRK8
Q9FE59	gene_name:SUC4
Q9FFM6	gene_name:At5g35780
Q9FFX1	gene_name:At5g38500
Q9FJS1	gene_name:MQD22.2
Q9FK78	gene_name:S40-2
Q9LFD2	gene_name:LAC8
Q9LFH4	gene_name:F4P12_140
Q9LHJ3	gene_name:CYSTM9
Q9LJR7	gene_name:XTH3
Q9LMC9	gene_name:At1g18980
Q9LMG4	gene_name:At1g13940
Q9LMI7	gene_name:ACX3.2
Q9LMJ2	gene_name:At1g06980
Q9LNJ7	gene_name:F633.5
Q9LP21	gene_name:APUM10
Q9LPF6	gene_name:PUP11
Q9LPZ4	gene_name:PYM
Q9LVQ8	gene_name:At5g66720
Q9LW26	gene_name:PES2
Q9LX54	gene_name:At3g59170
Q9LZR3	gene_name:CSLA9
Q9M0F4	gene_name:At4g29270
Q9SD25	gene_name:SOT2
Q9SF78	gene_name:At1g71691
Q9SHU4	gene_name:At2g15320
Q9SKP2	gene_name:SAUR6
Q9SKR5	gene_name:PEARLI4
Q9SLA0	gene_name:BGLU14
Q9SSG3	gene_name:HIPL1
Q9SSW2	gene_name:AZF2
Q9STF4	gene_name:T6H20.170
Q9SV68	gene_name:CEQORH
Q9SVX5	gene_name:DREB2F
Q9SY38	gene_name:At4g03600
Q9SZP6	gene_name:F20M13.250
Q9ZPZ4	gene_name:At1g09310
Q9ZQC6	gene_name:IRX9
Q9ZUH5	gene_name:SDR2b
Q9ZWC6	gene_name:ATB
A0A1I9LRM7	gene_name:At3g29970
A0A1P8AML6	gene_name:At1g23700
A0A1P8ASP4	gene_name:PRP4KB
A0A1P8AY95	gene_name:At2g37805
A0A1P8B2G7	gene_name:At2g21455
A0A1P8B7I1	gene_name:DL3500C
A7RED1	gene_name:At1g57775
B3H4P0	gene_name:At3g13700
B3H659	gene_name:At4g37095
C0LGL9	gene_name:FEI2
F4I6Z0	gene_name:At1g70870
F4IMY0	gene_name:At2g36480
F4J1U4	gene_name:KIN12E
F4JMJ6	gene_name:At4g16695
F4JPL2	gene_name:TRA1B
F4K366	gene_name:At5g48657
F4K3T5	gene_name:MHF15.13
F4K4U5	gene_name:At5g49390
F4KD19	gene_name:At5g39170
O04921	gene_name:FC2
O22229	gene_name:NTRC
O23264	gene_name:SBP1
O49658	gene_name:AHL2
O80805	gene_name:PHE1
O82240	gene_name:At2g47710
P0CW98	gene_name:PCR9
P0DI19	gene_name:At2g30000
P46665	gene_name:HAT14
P56769	gene_name:psaJ
P68349	gene_name:DOF1.2
P82775	gene_name:LCR61
P92939	gene_name:ECA1
Q1ECF5	gene_name:PLIM2B
Q1PFS7	gene_name:At1g24060
Q2V318	gene_name:At5g43401
Q2V424	gene_name:At2g36255
Q42523	gene_name:MCCA
Q43315	gene_name:FPS2
Q56X76	gene_name:RH39
Q570X5	gene_name:ATL58
Q66GK1	gene_name:At3g26990
Q6NPT8	gene_name:PP2B1
Q700W2	gene_name:SPL9
Q7XHI9	gene_name:BHLH84
Q84JE7	gene_name:At2g46535
Q84K52	gene_name:DOF4.7
Q84TF4	gene_name:GRXS13
Q8GXJ4	gene_name:GLR3.4
Q8H109	gene_name:At1g06240
Q8L7F7	gene_name:NUP62
Q8L817	gene_name:ACA7
Q8LCA1	gene_name:CURT1B
Q8RW97	gene_name:SAC5
Q8RXV2	gene_name:VPS30
Q8S8P0	gene_name:SCPL52
Q8S9M3	gene_name:GRF9
Q8VYI1	gene_name:SBH1
Q8VYU7	gene_name:PAP4
Q940V4	gene_name:CYP85A2
Q9C5Z2	gene_name:TIF3H1
Q9C6L1	gene_name:IPT6
Q9C8G3	gene_name:At1g30320
Q9C8L6	gene_name:PCMP-E63
Q9C9G6	gene_name:AE7
Q9C9M1	gene_name:AR401
Q9CAJ1	gene_name:At1g72790
Q9CAQ8	gene_name:RFC5
Q9FF13	gene_name:MXM12.3
Q9FH87	gene_name:At5g65820
Q9FUY2	gene_name:LUG
Q9FVW3	gene_name:MES14
Q9FWZ4	gene_name:T6C23.14
Q9LFP7	gene_name:PBL34
Q9LJ44	gene_name:COL12
Q9LM64	gene_name:At1g21990
Q9LNJ9	gene_name:FKGP
Q9LQK9	gene_name:IDH4
Q9LRR8	gene_name:At3g14430
Q9LRV9	gene_name:PCMP-E89
Q9LSY1	gene_name:ASK8
Q9LUS2	gene_name:TOC120
Q9LZJ4	gene_name:F26K9_140
Q9M201	gene_name:T8B10_250
Q9M2H5	gene_name:At3g58410
Q9M337	gene_name:RPS21B
Q9S7I4	gene_name:F4P13.30
Q9S9V1	gene_name:FBX15
Q9SAC5	gene_name:At1g10770
Q9SAG4	gene_name:At1g80960
Q9SB63	gene_name:MOS1
Q9SCS2	gene_name:CRK5
Q9SG02	gene_name:RDR6
Q9STQ2	gene_name:SBT3.18
Q9SVK9	gene_name:F18B3.180
Q9SXA1	gene_name:PI4KA1
Q9SZL8	gene_name:FRS5
Q9ZPT9	gene_name:At2g14000
Q9ZPW4	gene_name:At2g18320
Q9ZQ45	gene_name:At2g22690
Q9ZUK9	gene_name:At2g15020
A0A1I9LSE1	gene_name:MAGL12
A0A1I9LTE5	gene_name:At3g02975
A0A1P8ATX8	gene_name:At1g62515
A0A1P8AXQ8	gene_name:At2g19365
A0A1P8BBT6	gene_name:MPO12.2
A0A1P8BFV1	gene_name:At5g47130
A0A1P8BGR8	gene_name:At5g48610
A6QR87	gene_name:At5g20670
B3H628	gene_name:At4g37483
F4HRV8	gene_name:ASY1
F4HUN6	gene_name:At1g20735
F4IDW9	gene_name:PTD
F4IK77	gene_name:At2g06904
F4JKY6	gene_name:DL4016C
F4KHA8	gene_name:At5g40230
O04351	gene_name:OFP2
O22846	gene_name:At2g43310
O23320	gene_name:CML8
O64696	gene_name:ATHB-1
O65786	gene_name:CYP71B4
O80517	gene_name:At2g44790
O80741	gene_name:At1g60180
O81445	gene_name:CBL1
P0DI01	gene_name:At5g36820
P0DI03	gene_name:At1g24881
P31169	gene_name:KIN2
P56768	gene_name:psaI
P82538	gene_name:PPL1
P82739	gene_name:LCR25
P82747	gene_name:LCR32
P92996	gene_name:GLP5A
P93313	gene_name:ND4
Q00874	gene_name:DRT100
Q0WQJ3	gene_name:AVT6D
Q1G3T1	gene_name:TDL1
Q1PE70	gene_name:At4g18395
Q2V452	gene_name:CIPK3
Q2V460	gene_name:At2g24625
Q38862	gene_name:IPS2
Q58FY9	gene_name:At2g37435
Q6DBN1	gene_name:At4g08455
Q6IDJ6	gene_name:At1g35180
Q6NM17	gene_name:EMB2759
Q7XZS3	gene_name:At2g28660
Q84TJ0	gene_name:At3g10200
Q84WM7	gene_name:PPME1
Q8GSJ6	gene_name:LQY1
Q8H0Y9	gene_name:At1g21770
Q8L6Z9	gene_name:CTPS3
Q8RWZ3	gene_name:IBR3
Q8VZK6	gene_name:At5g49220
Q8VZP7	gene_name:SAMTL
Q94F39	gene_name:AFP3
Q94K43	gene_name:FMOGS-OX2
Q9C5P7	gene_name:SEC1A
Q9C8D3	gene_name:At1g66130
Q9C8L7	gene_name:At1g53610
Q9C8T7	gene_name:At1g63330
Q9C955	gene_name:GA20OX4
Q9CA83	gene_name:NADP-ME4
Q9FFK3	gene_name:EGY2
Q9FH18	gene_name:WIP2
Q9FH57	gene_name:GATA5
Q9FKU4	gene_name:MDA7.6
Q9FLE6	gene_name:MYH19.7
Q9FLJ8	gene_name:At5g61350
Q9FLN7	gene_name:ATDOB14
Q9FMH6	gene_name:WPP1
Q9FMI8	gene_name:MHJ24.7
Q9FYR7	gene_name:SCL8
Q9LF70	gene_name:At5g17540
Q9LH82	gene_name:At3g28540
Q9LK55	gene_name:PRCE1
Q9LMB9	gene_name:CRK1
Q9LQY1	gene_name:At1g26710
Q9LSI1	gene_name:NAC1L
Q9LYN7	gene_name:ML4
Q9LYU5	gene_name:T31B5_130
Q9LZT3	gene_name:ADF11
Q9M356	gene_name:F15G16.210
Q9M375	gene_name:F24B22.270
Q9M6N7	gene_name:AMT2
Q9M9C7	gene_name:At1g68420
Q9M9M4	gene_name:CSLD3
Q9S9Z0	gene_name:HDG10
Q9SA65	gene_name:At1g03050
Q9SBI0	gene_name:RBOHB
Q9SH42	gene_name:CRRSP6
Q9SI61	gene_name:ASE1
Q9SQU2	gene_name:At3g06390
Q9SRV1	gene_name:BPM4
Q9SUH3	gene_name:At4g30730
Q9SVR0	gene_name:RPL13AC
Q9SX32	gene_name:At1g68700
Q9SY60	gene_name:EXO84C
Q9XI75	gene_name:DAO1
Q9XIN6	gene_name:At2g27290
Q9ZQ95	gene_name:UGT73C6
Q9ZV52	gene_name:EGC2
Q9ZW30	gene_name:GSTU1
A0A1I9LNS3	gene_name:At3g09055
A0A1I9LQY5	gene_name:At3g29637
A0A1P8AQP4	gene_name:At1g16515
A0A1P8B5W2	gene_name:At4g22475
A0A1P8BAW4	gene_name:At5g01017
A2RVM0	gene_name:TIC32
B3H4E0	gene_name:At1g20875
B3H532	gene_name:At2g36854
B3H543	gene_name:At1g67856
B3H5Q8	gene_name:At5g04267
B3H6P2	gene_name:At3g55254
B3H770	gene_name:At4g35519
B3H7J2	gene_name:At5g23908
F4I2X9	gene_name:INVD
F4I353	gene_name:At1g29840
F4I9R6	gene_name:JAL15
F4I9V3	gene_name:At1g65160
F4IBH8	gene_name:At1g65560
F4JUQ3	gene_name:At4g14315
F4K8L2	gene_name:At5g37710
F4KGQ0	gene_name:FBA4
O04316	gene_name:NSP4
O22258	gene_name:At2g47530
O22815	gene_name:MLO5
O23693	gene_name:MLO4
O64425	gene_name:RMA1
O64692	gene_name:GA2OX3
O65378	gene_name:At1g12010
O82271	gene_name:At2g31130
P0C034	gene_name:ATL10
P61847	gene_name:rpl32
P92552	gene_name:AtMg01220
Q0PGJ6	gene_name:AKR4C9
Q0WN65	gene_name:At1g33102
Q0WVM7	gene_name:SLK1
Q1PE85	gene_name:SPRI1
Q1PEL7	gene_name:ASK15
Q1PES7	gene_name:At3g06220
Q29Q34	gene_name:At5g19440
Q38805	gene_name:MT2B
Q38920	gene_name:FTB
Q39189	gene_name:RH7
Q41188	gene_name:CSP2
Q501F8	gene_name:At4g08300
Q58FY6	gene_name:At2g40113
Q5XV99	gene_name:At3g57200
Q5XVF5	gene_name:At1g75360
Q6DYC8	gene_name:At3g51230
Q84L09	gene_name:GONST2
Q84TK4	gene_name:IDL7
Q8GUH1	gene_name:PUB33
Q8GYX2	gene_name:FLZ14
Q8H129	gene_name:PAP3
Q8L725	gene_name:MTPC1
Q8LB54	gene_name:PRP38
Q8LEE8	gene_name:LIP1P
Q8LG42	gene_name:At2g37975
Q8RWE1	gene_name:At4g33540
Q8RWY1	gene_name:ALKBH8
Q8VYP2	gene_name:At4g23590
Q8VYR7	gene_name:BOR1
Q8W5R5	gene_name:KIN7D
Q93V43	gene_name:TCP2
Q94EI3	gene_name:PEX19-2
Q96286	gene_name:SAMDC1
Q96331	gene_name:HSP23.6
Q9C500	gene_name:WPP2
Q9C7A2	gene_name:ITN1
Q9C8J6	gene_name:DALL2
Q9FFI2	gene_name:ATG5
Q9FG09	gene_name:BDR1
Q9FKM0	gene_name:MUA2.8
Q9FN50	gene_name:CPP1
Q9FNY3	gene_name:DPA
Q9FZK5	gene_name:At1g27300
Q9LE63	gene_name:MYB106
Q9LET3	gene_name:RBL20
Q9LEW6	gene_name:T27I15_190
Q9LEZ9	gene_name:TCP17
Q9LIQ1	gene_name:At3g24065
Q9LK60	gene_name:At3g13130
Q9LN16	gene_name:AGL100
Q9LND9	gene_name:At1g06090
Q9LUN9	gene_name:At3g17580
Q9LV26	gene_name:At3g18150
Q9LV77	gene_name:ASN2
Q9LXR4	gene_name:At3g58880
Q9LYG8	gene_name:At5g11620
Q9LZK4	gene_name:MYB11
Q9LZK9	gene_name:At5g02230
Q9M0Z3	gene_name:KEA3
Q9M2U0	gene_name:At3g55390
Q9MAP2	gene_name:At1g33010
Q9S7T7	gene_name:SYN1
Q9SF89	gene_name:SAUR48
Q9SKI4	gene_name:RPA1A
Q9SQR4	gene_name:At3g03980
Q9SRR0	gene_name:PEX13
Q9SUS1	gene_name:WRKY29
Q9XIL9	gene_name:PEX3
A0A1P8APD3	gene_name:At1g35353
A0A1P8APW5	gene_name:At1g32127
A0A1P8AT12	gene_name:At1g13805
A0A1P8AW49	gene_name:At1g70475
A0A1P8B314	gene_name:At2g25125
A0A1P8BD96	gene_name:At5g28462
A0A1P8BDZ7	gene_name:At5g02720
A8MRZ6	gene_name:At5g53742
B3H526	gene_name:At5g27889
B3H5R5	gene_name:At4g25707
B3H6H8	gene_name:SPH10
F4HTI1	gene_name:At1g61230
F4IRR2	gene_name:SAD2
F4IS25	gene_name:At2g43660
F4IWM0	gene_name:At3g42723
F4J6J4	gene_name:At3g24255
F4J927	gene_name:At3g46400
F4JLJ2	gene_name:GCD3
F4JWR0	gene_name:ACR2
F4K2H9	gene_name:At5g13250
F4K6C3	gene_name:At5g56075
F4KGE0	gene_name:At5g58880
F4KGN4	gene_name:At5g03560
F4KI88	gene_name:MAJ23.20
F4KIL6	gene_name:At5g25020
O04313	gene_name:PBP2
O04922	gene_name:GPX2
O22185	gene_name:CYP81D6
O49722	gene_name:PUP6
O65382	gene_name:At1g11970
O80840	gene_name:PMM
O81464	gene_name:HIPP24
O82172	gene_name:At2g35200
P0C8S1	gene_name:RPP8L2
P0DO24	gene_name:PSI3
P29976	gene_name:DHS1
P42758	gene_name:XERO2
P49205	gene_name:RPS17A
P54887	gene_name:P5CSA
P82636	gene_name:SCRL17
Q0WPW2	gene_name:At5g51630
Q0WSU0	gene_name:At4g21192
Q0WVF5	gene_name:MCM4
Q1PE27	gene_name:At4g33900
Q1PFK2	gene_name:At1g55440
Q3EAQ9	gene_name:At3g43550
Q3EC35	gene_name:At2g10602
Q3ECU1	gene_name:CLE11
Q6NMA7	gene_name:PLC9
Q6NPN9	gene_name:DWA2
Q84RD0	gene_name:BHLH53
Q8GXH4	gene_name:At2g23093
Q8H185	gene_name:ARD4
Q8L796	gene_name:PIP5K2
Q8L868	gene_name:At1g32860
Q8L8B9	gene_name:SAUR45
Q8LA13	gene_name:RH11
Q8RY00	gene_name:SIA2
Q8RY23	gene_name:NSH3
Q93VB0	gene_name:At2g40660
Q93VY3	gene_name:NAC072
Q93WC4	gene_name:IAA29
Q93XM6	gene_name:TGA9
Q93Z81	gene_name:CAX3
Q9C8H3	gene_name:FTIP4
Q9C9R4	gene_name:At1g78180
Q9CAM7	gene_name:RFC2
Q9CAY1	gene_name:PCMP-H52
Q9FFA5	gene_name:REM1.4
Q9FIE4	gene_name:MSF19.3
Q9FKM8	gene_name:At5g38344
Q9FKR2	gene_name:AGL77
Q9FPH4	gene_name:At4g33900/F17I5_90
Q9FX60	gene_name:At1g13370
Q9LFH6	gene_name:LUL2
Q9LM93	gene_name:DPMS1
Q9LN20	gene_name:P4H3
Q9LPZ1	gene_name:MORF9
Q9LRP9	gene_name:At3g15550
Q9LVF9	gene_name:PCMP-E29
Q9LVG6	gene_name:MGO3.6
Q9LXJ0	gene_name:FTSZ2-2
Q9LXQ7	gene_name:At3g58950
Q9M2G2	gene_name:F14P22.130
Q9M2H8	gene_name:At3g58380
Q9MAB2	gene_name:At3g05070
Q9S709	gene_name:U2AF35A
Q9S847	gene_name:CDA3
Q9SB52	gene_name:PUMP4
Q9SHZ3	gene_name:NAT1
Q9SJ35	gene_name:At2g05260
Q9SJ73	gene_name:PCMP-E74
Q9SKD6	gene_name:CNGC11
Q9SL16	gene_name:At2g05510
Q9SL49	gene_name:ALKBH9B
Q9SMT1	gene_name:MYB45
Q9SRK7	gene_name:AZG1
Q9SS69	gene_name:UNE7
Q9SUI5	gene_name:PSAK
Q9SXB7	gene_name:At1g11320
A0A178UZR1	gene_name:At4g01023
A0A1I9LPN2	gene_name:At3g48205
A0A1I9LT04	gene_name:At3g17717
A0A1P8AT86	gene_name:At1g80555
A0A1P8BHA2	gene_name:At5g02510
A4VCM0	gene_name:NAC045
A8MRG8	gene_name:At4g20325
F4I700	gene_name:UBN2
F4II66	gene_name:At2g46290
F4ITL6	gene_name:RTE1
F4J487	gene_name:At3g29750
F4JGT4	gene_name:At4g07526
F4JH89	gene_name:At4g02170
F4JNB2	gene_name:DL4480C
F4JUL3	gene_name:DL3100W
O23239	gene_name:UBC17
O49289	gene_name:RH29
O49586	gene_name:FLA5
O65631	gene_name:At4g35940
O65902	gene_name:CAP1
O80653	gene_name:SKIP
O80930	gene_name:SMR12
O82246	gene_name:At2g47780
P0C2F5	gene_name:At1g65760
P27900	gene_name:GL1
P34047	gene_name:HISN5A
P35632	gene_name:AP3
P56778	gene_name:psbC
P92565	gene_name:AtMg01370
P93314	gene_name:At2g07718
Q0WUY1	gene_name:NADKC
Q1PER9	gene_name:AVT1G
Q1PFC2	gene_name:AGL66
Q24JK1	gene_name:MYB96
Q3ECH5	gene_name:At1g66345
Q4PSE6	gene_name:LRX7
Q4PSL3	gene_name:At3g54240
Q5BPR7	gene_name:MHK10.6
Q5EAH9	gene_name:LESV
Q5EAI9	gene_name:TEAR1
Q6NKX1	gene_name:POX2
Q6NLH0	gene_name:NRPB9A
Q6NQ93	gene_name:At3g26950
Q6R3K6	gene_name:YSL6
Q7Y1W1	gene_name:TIC56
Q84TK0	gene_name:GSTF4
Q8GV50	gene_name:PLA2-DELTA
Q8L953	gene_name:RPS27D
Q8LD03	gene_name:RPS7C
Q8LE58	gene_name:CHMP1A
Q8LF41	gene_name:TFB4
Q8RXP7	gene_name:DLDG1
Q8RYE9	gene_name:At2g33255
Q8VZE5	gene_name:At1g05410
Q8W4H1	gene_name:GATA26
Q93YR5	gene_name:At4g22360
Q93Z29	gene_name:ALMT5
Q941R4	gene_name:GONST1
Q944R3	gene_name:At1g50290
Q94C32	gene_name:MRG1
Q9ASR0	gene_name:TUBB3
Q9C570	gene_name:At5g22180
Q9C9C9	gene_name:SOT18
Q9CAY3	gene_name:GPAT5
Q9FFS0	gene_name:RTNLB4
Q9FG89	gene_name:PNSB5
Q9FHB4	gene_name:At5g52480
Q9FHZ2	gene_name:MED10A
Q9FN91	gene_name:EXO70H7
Q9FNJ1	gene_name:At5g22700
Q9FX95	gene_name:NQR
Q9LDD5	gene_name:PYRP2
Q9LFX3	gene_name:At1g27150
Q9LHP4	gene_name:RGI1
Q9LID6	gene_name:ABCE1
Q9LII1	gene_name:SSB2
Q9LJD8	gene_name:M3KE1
Q9LJX4	gene_name:APUM5
Q9LMP1	gene_name:WAK2
Q9LN63	gene_name:BZR2
Q9LSM6	gene_name:CCI1
Q9LXI0	gene_name:F14D17_20
Q9LYW2	gene_name:At5g03230
Q9M005	gene_name:At5g01710
Q9M2Q2	gene_name:T10K17.170
Q9M314	gene_name:F2A19.140
Q9M8R4	gene_name:DJ1D
Q9M9G0	gene_name:At1g78480
Q9S7A9	gene_name:SPL4
Q9SAI7	gene_name:DRS1
Q9SD38	gene_name:GATA6
Q9SDW0	gene_name:GT-3A
Q9SHG7	gene_name:At1g17080
Q9SHI3	gene_name:RLP2
Q9SIW5	gene_name:RPS25A
Q9SJV1	gene_name:At2g21260
Q9SKZ6	gene_name:At2g32030
Q9T0A3	gene_name:At4g23880
Q9XE98	gene_name:PCMP-E99
Q9ZUB7	gene_name:CORD4
A0A1P8AZV8	gene_name:At2g22465
A0A1P8B6C8	gene_name:At4g38213
A0A1P8BED2	gene_name:At5g22796
A7REE4	gene_name:At1g21925
A8MQH8	gene_name:CPUORF47
B3H432	gene_name:At4g05091
B3H712	gene_name:At5g18404
F4I7Z1	gene_name:At1g51055
F4I9X7	gene_name:At1g65346
F4IDJ0	gene_name:NOC3
F4IGH3	gene_name:FIO1
F4IKX0	gene_name:TPR15
F4ITB8	gene_name:At2g03810
F4JEP5	gene_name:MSH5
F4JFA0	gene_name:THADA
F4JW83	gene_name:CYP84A4
F4K4D0	gene_name:At5g27606
F4KBF3	gene_name:AAE17
F4KBP8	gene_name:At5g44840
O22433	gene_name:MT3
O23534	gene_name:dl4495c
O24646	gene_name:HY5
O80639	gene_name:At2g39520
O80852	gene_name:GSTF9
O82279	gene_name:CGL160
O82350	gene_name:At2g46190
P0CJ53	gene_name:CRRSP46
P0DO45	gene_name:ATP6
P30185	gene_name:RAB18
P82759	gene_name:LCR44
P93277	gene_name:AtMg00050
Q05753	gene_name:AKRP
Q0V7V4	gene_name:At1g19480
Q0WL56	gene_name:A3
Q0WN01	gene_name:At3g58590
Q0WNE5	gene_name:KTI6
Q0WQM7	gene_name:At2g42240
Q0WVM4	gene_name:At2g23950
Q147J4	gene_name:SSN2
Q2V3R5	gene_name:At3g33187
Q2V3T1	gene_name:At3g24068
Q38874	gene_name:STM
Q38910	gene_name:XTH23
Q3EB12	gene_name:At3g24535
Q3EBC0	gene_name:At3g05937
Q3ECT2	gene_name:At1g50160
Q56W08	gene_name:PLC3
Q56YT7	gene_name:VUP3
Q6DBH4	gene_name:At2g23820
Q6ICY4	gene_name:MTPC2
Q6NMZ5	gene_name:At3g51410
Q710E8	gene_name:ORC1A
Q7XJJ7	gene_name:FAAH
Q84VV6	gene_name:HINT4
Q8GXK5	gene_name:At4g04750
Q8LFN9	gene_name:AGD13
Q8RWG2	gene_name:HCF107
Q8VY09	gene_name:DJ1C
Q8VZC9	gene_name:VPS25
Q8W472	gene_name:CYSTM8
Q93WD7	gene_name:TRM82
Q93Y08	gene_name:ABC1K8
Q93Z24	gene_name:BGAL17
Q94C74	gene_name:SHM2
Q96301	gene_name:SPY
Q9C569	gene_name:At5g22190
Q9C9M6	gene_name:ASF1A
Q9C9N3	gene_name:C3H14
Q9CAG3	gene_name:LOX6
Q9FFA9	gene_name:GAL3
Q9FHI9	gene_name:MFC19.14
Q9FLQ0	gene_name:At5g55110
Q9FS16	gene_name:EXT3
Q9FXT6	gene_name:PEX14
Q9FZ34	gene_name:T24C10.9
Q9LF24	gene_name:LNG1
Q9LFU7	gene_name:At5g15790
Q9LH52	gene_name:FLR1
Q9LJ85	gene_name:LTPG20
Q9LJZ8	gene_name:At3g20030
Q9LTG0	gene_name:BETA-OHASE
Q9LTK0	gene_name:I-2
Q9LUP7	gene_name:At3g17500
Q9LYH6	gene_name:At5g11970
Q9LZD9	gene_name:At5g03480
Q9LZX5	gene_name:ZPR2
Q9M297	gene_name:CLSY1
Q9M2L5	gene_name:F28O9.170
Q9M8L3	gene_name:VQ11
Q9M8Y6	gene_name:At3g04300
Q9SFF8	gene_name:At3g05940
Q9SJQ0	gene_name:At2g36580
Q9SK52	gene_name:PER18
Q9SMR4	gene_name:RABH1C
Q9SN52	gene_name:LSH9
Q9SPE5	gene_name:GSNAP
Q9SY00	gene_name:WDR5B
Q9SYK0	gene_name:HEXO2
Q9SZE7	gene_name:PER51
Q9XEA1	gene_name:OSCA1
A0A1P8ANZ1	gene_name:At1g48285
A0A1P8AR29	gene_name:At1g73065
A0A1P8AYT1	gene_name:At2g02410
A0A1P8AZP5	gene_name:At2g10556
A0A1P8B3G1	gene_name:At4g09770
A7REH2	gene_name:RALFL30
A8MR21	gene_name:IP5P10
B3H594	gene_name:At2g14288
C0Z361	gene_name:CPN60B3
C6KIE6	gene_name:XLG2
F4HWD5	gene_name:At1g21080
F4I313	gene_name:SCYL2A
F4I9I9	gene_name:At1g51430
F4ILR7	gene_name:At2g35920
F4IRV7	gene_name:At2g37800
F4J1E9	gene_name:At3g16020
F4J300	gene_name:SDR5
F4J6A8	gene_name:ATGLSA1
F4J7B7	gene_name:RAD9
F4JV80	gene_name:GATC
F4JYT5	gene_name:At5g54062
F4K2G3	gene_name:MORC5
F4K5V9	gene_name:MJG14.3
F4K784	gene_name:RFA5
F4KIB2	gene_name:TMN8
O22173	gene_name:PAB4
O22783	gene_name:At2g33320
O22899	gene_name:At2g47250
O49595	gene_name:HMGB1
O65355	gene_name:GGH2
O65482	gene_name:CRK23
O80889	gene_name:At2g32520
O82662	gene_name:At2g20420
P42645	gene_name:GRF5
P49691	gene_name:RPL4D
Q1G398	gene_name:At3g46666
Q2L6T1	gene_name:At5g56369
Q2V3K4	gene_name:At4g08869
Q38836	gene_name:AGL11
Q38907	gene_name:XTH25
Q3E7F0	gene_name:At1g80220
Q3E9E9	gene_name:At5g18510
Q42191	gene_name:OXA1
Q45GK3	gene_name:At3g51690
Q56YI8	gene_name:At1g11785
Q5BPK0	gene_name:At4g35165
Q6IDD0	gene_name:At1g28135
Q6NMD9	gene_name:At1g02405
Q6NNK6	gene_name:At3g04040
Q84M89	gene_name:GCS2
Q84WU9	gene_name:At5g56900
Q8L7G7	gene_name:At4g22230
Q8LAF3	gene_name:At3g02460
Q8RWB1	gene_name:SRL1
Q8RX28	gene_name:HDA5
Q8VY81	gene_name:NUDT21
Q8VZP1	gene_name:GPP2
Q93WV7	gene_name:WRKY67
Q9C598	gene_name:NAC081
Q9CA51	gene_name:MIF1
Q9FG72	gene_name:OPT1
Q9FGD1	gene_name:RKD3
Q9FGF1	gene_name:At5g64450
Q9FGI3	gene_name:MPA22.8
Q9FID1	gene_name:MXF12.100
Q9FM96	gene_name:PSL4
Q9FMX0	gene_name:FSD3
Q9FND1	gene_name:MRH10.5
Q9FPJ2	gene_name:At3g62110
Q9FX13	gene_name:At1g34050
Q9FZB1	gene_name:At1g51880
Q9FZD6	gene_name:At1g26515
Q9LES3	gene_name:DPBF3
Q9LHQ2	gene_name:At3g20700
Q9LJU6	gene_name:FAX6
Q9LPC1	gene_name:GAE2
Q9LS42	gene_name:CASP
Q9LV71	gene_name:MJE7.5
Q9LW35	gene_name:At3g26760
Q9LYM0	gene_name:F18O21_180
Q9LYY7	gene_name:At5g02980
Q9LYZ5	gene_name:CYP96A13
Q9LZ17	gene_name:RPS17D
Q9M1Q4	gene_name:T17J13.160
Q9M313	gene_name:ATL68
Q9S851	gene_name:NAC031
Q9SH59	gene_name:RTNLB3
Q9SIS3	gene_name:MAP65-6
Q9SJR0	gene_name:ERF024
Q9SKB5	gene_name:At2g31850
Q9SL93	gene_name:ASK3
Q9SN16	gene_name:F3A4.100
Q9SN51	gene_name:PYL13
Q9SNB5	gene_name:F12A12.150
Q9SND4	gene_name:HEC2
Q9SUK8	gene_name:ERF039
Q9T079	gene_name:TPS4
Q9ZQ33	gene_name:At2g24340
Q9ZQX6	gene_name:EOL1
Q9ZSS6	gene_name:OMR1
A0A1I9LNI3	gene_name:At3g44703
A0A1I9LPL8	gene_name:At3g28785
A0A1P8AVS2	gene_name:At1g72340
A0A1P8B758	gene_name:At4g40063
A0A1P8BEK3	gene_name:MPL12.18
A0A1P8BGB5	gene_name:C3HC4
B3H692	gene_name:At2g18969
B3H6Z9	gene_name:At4g31441
B3H7D5	gene_name:At4g12731
C0LGJ1	gene_name:At1g74360
F4HQJ7	gene_name:At1g07190
F4I1M8	gene_name:At1g36510
F4I8I0	gene_name:SUN4
F4I9P7	gene_name:At1g58025
F4IPU5	gene_name:SSSPTB
F4JAP8	gene_name:At3g60300
F4JZ24	gene_name:P4H10
F4K1A0	gene_name:At5g26617
O22207	gene_name:UBP5
O49624	gene_name:At4g22180
O49660	gene_name:DTX56
O64500	gene_name:At2g02840
O64882	gene_name:BGLU17
O64886	gene_name:COX10
O65398	gene_name:GLX1
O80924	gene_name:At2g37540
O82480	gene_name:ARAC7
P16128	gene_name:At4g18490
P48732	gene_name:DET1
P53496	gene_name:ACT11
Q1G3Y0	gene_name:RIC9
Q2V3Q1	gene_name:At3g50925
Q38961	gene_name:SNM1
Q3E7K4	gene_name:QQS
Q3ECQ1	gene_name:At1g54420
Q58FV0	gene_name:DOGL3
Q5BPE9	gene_name:MUB3.6
Q5RJC7	gene_name:ALKBH9C
Q67XL4	gene_name:At3g25440
Q6NPN4	gene_name:LYM3
Q6X7K1	gene_name:WOX2
Q84J77	gene_name:PAWH1
Q84TH2	gene_name:At4g19570
Q84VP9	gene_name:EMB1379
Q84W43	gene_name:At5g12960
Q8GUJ0	gene_name:MQK4.27
Q8GW19	gene_name:FACE2
Q8GXF8	gene_name:SGR9
Q8GYU5	gene_name:AT1G61240.1
Q8L9Y0	gene_name:SCPL25
Q8LC12	gene_name:At4g01897
Q8LG56	gene_name:At1g05205
Q8LJW1	gene_name:ACR7
Q8VYF9	gene_name:SERGT1
Q8W4M5	gene_name:PFP-BETA1
Q8W5R2	gene_name:SGR2
Q94AG1	gene_name:At3g07470
Q94AV6	gene_name:AT4G38500.1
Q9C585	gene_name:UBP8
Q9C5D0	gene_name:CBSX2
Q9C702	gene_name:At1g49920
Q9CAX8	gene_name:ROPGAP4
Q9FF40	gene_name:MXA21.18
Q9FG34	gene_name:PER54
Q9FGE7	gene_name:APUM26
Q9FGG8	gene_name:MQJ2.15
Q9FGN5	gene_name:MFG13.7
Q9FIT9	gene_name:HSP21.7
Q9FKE7	gene_name:FMO2
Q9FNX8	gene_name:LOX4
Q9FX35	gene_name:At1g73400
Q9FXI2	gene_name:SAUR53
Q9LQ46	gene_name:At1g59680
Q9LRZ5	gene_name:PLDZETA1
Q9LS71	gene_name:At3g29240
Q9LSP0	gene_name:PER29
Q9LTJ1	gene_name:MBD6
Q9LVI6	gene_name:RLK902
Q9LW11	gene_name:At3g15680
Q9LZA4	gene_name:At5g04060
Q9M031	gene_name:At5g01420
Q9M3D8	gene_name:LECRK13
Q9SAH2	gene_name:At1g80880
Q9SCK3	gene_name:HP30-1
Q9SFC3	gene_name:F17A17.25
Q9SHT9	gene_name:At2g05350
Q9SIJ6	gene_name:At2g21640
Q9SJD5	gene_name:At2g04340
Q9SJH2	gene_name:CYP718
Q9SK69	gene_name:At2g20330
Q9SKA8	gene_name:CORD7
Q9SKP4	gene_name:At2g21190
Q9SN06	gene_name:F3A4.200
Q9SSC1	gene_name:At1g80180
Q9SUF4	gene_name:At4g08260
Q9SUT4	gene_name:At4g11270
Q9SUT6	gene_name:AGL52
Q9SVM0	gene_name:At3g50780
Q9XI67	gene_name:At1g14200
Q9ZVT3	gene_name:At1g03320
A0A140JWM8	gene_name:CYP716A2
A0A1I9LLX9	gene_name:At3g63215
A0A1I9LPX1	gene_name:At3g01710
A0A1I9LST5	gene_name:At3g44635
A0A1P8AQA7	gene_name:At1g05783
A0A1P8AZ66	gene_name:At2g07625
A0A1P8BA64	gene_name:At5g51915
A8MR71	gene_name:At5g44495
A9X4U2	gene_name:3BETAHSD/D3
B3H6V7	gene_name:At1g36272
F4I1S7	gene_name:ELP2
F4I2E7	gene_name:At1g76480
F4I366	gene_name:NRPA2
F4I8W1	gene_name:DUF2
F4IE65	gene_name:MES13
F4JCU3	gene_name:MVD2
F4JKH9	gene_name:At4g28088
F4JY76	gene_name:At5g25754
F4K080	gene_name:At5g48205
F4KA42	gene_name:MXA21.14
F4KCH3	gene_name:PROSCOOP15
O22918	gene_name:At2g30220
O23470	gene_name:At4g16230
O48700	gene_name:PUB6
O49396	gene_name:CYP82C3
O64889	gene_name:At2g44540
O65628	gene_name:CTU2
O65648	gene_name:SAUR9
O80898	gene_name:CSLB1
P24101	gene_name:PER33
P56785	gene_name:TIC214
P93828	gene_name:At1g04290
Q1G3I7	gene_name:At4g12382
Q1PEC0	gene_name:PME42
Q2V4E0	gene_name:At1g68905
Q38897	gene_name:BEL1
Q38919	gene_name:ARAC4
Q43731	gene_name:PER50
Q501F6	gene_name:At3g03240
Q53YF3	gene_name:At5g27430
Q5YDB6	gene_name:CPL1
Q67Y01	gene_name:HPPR4
Q6DBN5	gene_name:PUB62
Q6Q4D0	gene_name:TSK
Q7XA65	gene_name:At1g56345
Q8GX26	gene_name:At3g11150
Q8GYI0	gene_name:At3g09162
Q8L5R3	gene_name:TFCD
Q8L612	gene_name:At1g14780
Q8L7K9	gene_name:NAD-ME2
Q8L7V3	gene_name:At5g64030
Q8LDU1	gene_name:HOZ
Q8LGE4	gene_name:At4g30670
Q8RWM4	gene_name:At5g20940
Q8W4I7	gene_name:CPK13
Q93Z72	gene_name:At5g17000
Q94AQ9	gene_name:SGRL
Q94CK3	gene_name:FIS1B
Q9C5P0	gene_name:SUVH8
Q9C7Z9	gene_name:SCPL18
Q9C8X4	gene_name:CGE2
Q9C8Y7	gene_name:At1g66300
Q9FE29	gene_name:At4g15610
Q9FHL9	gene_name:At5g51650
Q9FIE8	gene_name:UXS3
Q9FJV7	gene_name:MCU5
Q9FKL8	gene_name:XTH13
Q9FLV4	gene_name:At5g24080
Q9FMR1	gene_name:ROPGAP1
Q9FNY7	gene_name:OGG1
Q9FXI5	gene_name:IQD32
Q9LDR3	gene_name:MJK13.8
Q9LEU2	gene_name:SAUR69
Q9LJ65	gene_name:2-OXOGLUTARATE
Q9LM20	gene_name:APUM8
Q9LUJ2	gene_name:PCMP-H56
Q9LV56	gene_name:CGL20B
Q9LVB0	gene_name:AHL6
Q9LZE5	gene_name:MCTP13
Q9M043	gene_name:F1I16_230
Q9M0T4	gene_name:At4g08460
Q9M179	gene_name:T5C2_100
Q9M1L8	gene_name:F18P9_30
Q9M9F5	gene_name:NCED9
Q9SA03	gene_name:At1g31090
Q9SEH3	gene_name:RABD2C
Q9SIJ0	gene_name:ZAT2
Q9SK61	gene_name:At2g20410
Q9SK86	gene_name:At1g22430
Q9SKG5	gene_name:SERK4
Q9SKN5	gene_name:ARF10
Q9SRR8	gene_name:F21O3.19
Q9SU40	gene_name:SKU5
Q9SUB3	gene_name:At4g21010
Q9SV96	gene_name:EMB2453
Q9SVF1	gene_name:NLP3
Q9SYE9	gene_name:F15I1.1
Q9SZ44	gene_name:At4g27050
Q9XIH7	gene_name:PLT1
Q9ZPX0	gene_name:GATA20
A0A1P8AQP2	gene_name:At1g47130
A0A1P8AZ67	gene_name:At2g18025
A0A1P8B1Y5	gene_name:At2g47935
A0A1P8B6X4	gene_name:At4g20953
A2RVS4	gene_name:AIG2LC
B3H4F1	gene_name:SP1L1
B9DG24	gene_name:TAF7
B9DGG8	gene_name:DRM1
F4HW65	gene_name:At1g14460
F4I2H7	gene_name:TPX2
F4I3G0	gene_name:At1g49940
F4I8K1	gene_name:At1g77855
F4IGQ2	gene_name:At2g27630
F4J1H2	gene_name:At3g16230
F4J359	gene_name:At3g44630
F4J7T4	gene_name:VAMP728
F4JCN4	gene_name:At3g47670
F4JCQ8	gene_name:At3g47850
F4JKV3	gene_name:At4g09965
F4K2A1	gene_name:FPGS1
F4K3N8	gene_name:At5g67265
F4KDK4	gene_name:MSJ1.7
O22469	gene_name:MSI3
O22911	gene_name:At2g47370
O23369	gene_name:dl3620c
O64748	gene_name:At2g34840
O65506	gene_name:At4g36140
O82199	gene_name:At2g19810
O82241	gene_name:At2g47720
P28188	gene_name:RABD2A
P33207	gene_name:At1g24360
P43295	gene_name:RD19B
P51420	gene_name:RPL31C
P55217	gene_name:CGS1
P56756	gene_name:ndhK
P56795	gene_name:rpl22
Q05212	gene_name:DRT102
Q1G3M8	gene_name:At3g05858
Q1G3U6	gene_name:PCO3
Q1H5E9	gene_name:PRDA1
Q1PFA4	gene_name:AGL30
Q3E9A9	gene_name:At5g19970
Q3EAR3	gene_name:At3g42722
Q42563	gene_name:APT2
Q4PSI6	gene_name:At4g13985
Q4PSY4	gene_name:GOLS7
Q56W16	gene_name:At1g52370
Q56YJ7	gene_name:At5g35375
Q5G1T1	gene_name:EMB2261
Q7X9H2	gene_name:AGL34
Q84WF6	gene_name:TET5
Q8LDS2	gene_name:XTH27
Q8RWV8	gene_name:SNRNP65
Q8S3C9	gene_name:DRP1D
Q8VYM6	gene_name:NOP2B
Q8VYR4	gene_name:CSLG2
Q8VZE4	gene_name:At4g01570
Q8VZQ8	gene_name:At2g31240
Q93ZW3	gene_name:At1g03280
Q940J8	gene_name:PAE7
Q94C65	gene_name:At5g38895
Q94JM4	gene_name:At4g19390
Q9C553	gene_name:F19C24.19
Q9C5W9	gene_name:ARF18
Q9C7W7	gene_name:UGE4
Q9CAJ8	gene_name:At1g63840
Q9FGB8	gene_name:At5g36000
Q9FHB8	gene_name:PRCE3
Q9FIH3	gene_name:MDH9.13
Q9FK57	gene_name:MRG7.9
Q9FK60	gene_name:CSD3
Q9FKB0	gene_name:LSM5
Q9FLT8	gene_name:ABCA12
Q9FND6	gene_name:PCMP-H15
Q9FPE8	gene_name:HHO3
Q9FUS9	gene_name:GSTU18
Q9FXI7	gene_name:MGH3
Q9FYL8	gene_name:NFD2
Q9LJ53	gene_name:At3g29790
Q9LJ74	gene_name:ETP2
Q9LJT8	gene_name:NHL16
Q9LMK4	gene_name:IPGAL1
Q9LMT9	gene_name:WAKL13
Q9LN71	gene_name:At1g12760
Q9LTM0	gene_name:CYP71B23
Q9LUR8	gene_name:At3g16660
Q9LY87	gene_name:RGLG2
Q9LZX1	gene_name:At5g01750
Q9M1U3	gene_name:T14D3.100
Q9M8U2	gene_name:At3g03010
Q9MAT6	gene_name:HMGB15
Q9S9M1	gene_name:WAKL5
Q9S9T1	gene_name:WIP2
Q9SN28	gene_name:ATL7
Q9SR10	gene_name:At3g04640
Q9SXE7	gene_name:DEG27
Q9SZA3	gene_name:TIF3K1
Q9T0D0	gene_name:At4g11630
Q9ZT17	gene_name:AGP3
Q9ZUU9	gene_name:ABCG3
A0A1P8AN57	gene_name:At1g34403
A0A1P8AU14	gene_name:At1g31243
A0A1P8B0B7	gene_name:IQD29
A0A1P8B0W0	gene_name:At2g20873
A0A1P8B2N5	gene_name:At2g20250
A0A1P8B3D3	gene_name:At4g16957
A0A1P8B449	gene_name:At4g22510
A0A1P8B7E7	gene_name:At4g35375
A2RVP7	gene_name:TIM22-1
A8MS41	gene_name:CCR4-4
B5TYT3	gene_name:OSCA1.3
C0LGW2	gene_name:PAM74
D2WL32	gene_name:SBE3
F4HVM3	gene_name:At1g68170
F4IJF7	gene_name:At2g16050
F4IMA4	gene_name:At2g07774
F4INA9	gene_name:RECG1
F4J3M3	gene_name:At3g04270
F4J496	gene_name:At3g44780
F4J556	gene_name:At3g17380
F4JP95	gene_name:DL4860W
F4JTY7	gene_name:At4g19750
F4JWL7	gene_name:At5g18350
F4K0G5	gene_name:MUP24.14
F4K494	gene_name:MOB2B
F4KFT7	gene_name:TH2
O04450	gene_name:CCT5
O22558	gene_name:STY8
O22809	gene_name:CRL1
O23564	gene_name:At4g17210
O23660	gene_name:VQ13
O48776	gene_name:RALFL17
O49741	gene_name:GATA2
O64817	gene_name:CKA3
O80961	gene_name:MLO12
O81806	gene_name:F8D20.260
Q06588	gene_name:ACO4
Q0V7R8	gene_name:At1g80245
Q1PEX3	gene_name:RABA1H
Q2V306	gene_name:At5g48515
Q2V323	gene_name:At5g42146
Q2V342	gene_name:At5g27495
Q39024	gene_name:MPK4
Q39028	gene_name:MYB2
Q39079	gene_name:ATJ13
Q42583	gene_name:PRS2
Q4V3E2	gene_name:MRG2
Q570N1	gene_name:PP2B3
Q67XN8	gene_name:At4g39560
Q6GKU7	gene_name:At1g64880
Q84JU4	gene_name:IBR5
Q8L7D0	gene_name:DVL13
Q8LCT3	gene_name:At4g29670
Q8LPK6	gene_name:At3g49000
Q8RWU7	gene_name:PUX4
Q8S8K6	gene_name:SCPL28
Q8VY10	gene_name:UBC24
Q93Z27	gene_name:CML46
Q940D0	gene_name:ARR1
Q94AV5	gene_name:WIP3
Q9C5N3	gene_name:At4g08960
Q9C7Z1	gene_name:GA2OX4
Q9C951	gene_name:WAPL2
Q9FGE8	gene_name:At5g64480
Q9FIB6	gene_name:RPN5A
Q9FKL2	gene_name:MYB36
Q9FKN0	gene_name:MSI17.5
Q9FUY7	gene_name:CYP79F2
Q9FVJ3	gene_name:AGD12
Q9LFR9	gene_name:At5g16060
Q9LFS4	gene_name:NIK1
Q9LJ40	gene_name:At3g24690
Q9LK08	gene_name:At3g24360
Q9LMJ1	gene_name:CHX14
Q9LPC4	gene_name:At1g01970
Q9LPS1	gene_name:HXK3
Q9LS60	gene_name:At3g18300
Q9LSU4	gene_name:At3g25580
Q9LV43	gene_name:NHL41
Q9M0V3	gene_name:DDB1A
Q9M1W4	gene_name:HMT-2
Q9MAS9	gene_name:At1g04800
Q9S7L7	gene_name:F28J7.27
Q9SAK9	gene_name:T8K14.19
Q9SE51	gene_name:SURF1
Q9SFE3	gene_name:MRF1
Q9SH52	gene_name:At1g64030
Q9SII0	gene_name:At2g38810
Q9SJ21	gene_name:At2g21780
Q9SK22	gene_name:RPS16A
Q9SKC1	gene_name:UGT74C1
Q9SKT4	gene_name:FTCD-L
Q9SR12	gene_name:DAN1
Q9SRZ7	gene_name:At1g65920
Q9STS0	gene_name:T24C20_60
Q9SUW6	gene_name:At4g22530
Q9ZU91	gene_name:At2g01630
Q9ZU95	gene_name:NUDT17
Q9ZUK6	gene_name:LTP7
Q9ZVF6	gene_name:PAHX
A0A1P8B1A2	gene_name:At2g21720
A0A1P8B3I7	gene_name:At4g31405
A0A1P8B5M9	gene_name:At4g24413
A0A1P8B9S9	gene_name:ATIM
A0A1P8BCA0	gene_name:At5g46297
A0A1P8BG67	gene_name:At5g61940
A0A1P8BGP8	gene_name:At5g38397
A8MRF9	gene_name:RALFL21
B3H4N9	gene_name:AGL105
B3H5S1	gene_name:At3g46086
B3H6R4	gene_name:At2g36026
C0LGD9	gene_name:At1g07560
F4IT95	gene_name:At2g03630
F4IU76	gene_name:At2g03930
F4IXL3	gene_name:At3g21465
F4IXX3	gene_name:At3g49400
F4J631	gene_name:At3g04960
F4J8S5	gene_name:At3g18535
F4J922	gene_name:At3g31430
F4JJU7	gene_name:At4g33830
F4JR57	gene_name:CBP60F
F4JRP8	gene_name:At4g24790
F4JTY4	gene_name:At4g19720
F4JXZ8	gene_name:At5g11820
F4JZV1	gene_name:MRU1
F4K8J5	gene_name:At5g28560
O04514	gene_name:OPT2
O04722	gene_name:SULTR2;1
O23654	gene_name:VHA-A
O50062	gene_name:At2g33010
O64787	gene_name:At1g61330
O64896	gene_name:TPPA
O80917	gene_name:DREB2E
O81728	gene_name:At2g25190
O81788	gene_name:WOX13
P0DKL6	gene_name:SAP130B
P59469	gene_name:LBD34
P93832	gene_name:IMDH2
Q01909	gene_name:ATPC2
Q0WLF7	gene_name:At1g61667
Q0WQ07	gene_name:CYP705A1
Q0WT31	gene_name:At2g34300
Q3E9C0	gene_name:CPK34
Q56YN3	gene_name:NADK1
Q5M759	gene_name:VP22-1
Q5XVI1	gene_name:SINE1
Q6S592	gene_name:JGL
Q7FK55	gene_name:F18L15.130
Q84K04	gene_name:At2g22120
Q8GW32	gene_name:PRE6
Q8L7Q7	gene_name:PME64
Q8L840	gene_name:RECQL4A
Q8L8C2	gene_name:MEE21
Q8LD39	gene_name:At5g09770
Q8VYI2	gene_name:PHL12
Q93VG5	gene_name:RPS8A
Q93Z20	gene_name:NPF8.5
Q944J2	gene_name:At4g28706
Q9C507	gene_name:PCMP-E66
Q9C572	gene_name:At5g22160
Q9C6J6	gene_name:At1g50830
Q9C863	gene_name:At1g31460
Q9C8B9	gene_name:At1g35830
Q9C8F1	gene_name:At1g36730
Q9C8T9	gene_name:At1g63350
Q9CAZ7	gene_name:SSL5
Q9FG75	gene_name:MYN21.1
Q9FI79	gene_name:TED7
Q9FIU7	gene_name:BGLU41
Q9FKF6	gene_name:CYCU4-3
Q9FKK3	gene_name:MUF9.6
Q9FKS5	gene_name:CYC1-2
Q9FMX2	gene_name:TCP7
Q9FNC7	gene_name:SUVR2
Q9FPD5	gene_name:At1g06120
Q9FPR6	gene_name:ARR17
Q9LMA1	gene_name:FMO1
Q9LQB0	gene_name:At1g69090
Q9LRQ8	gene_name:PMAT2
Q9LSS3	gene_name:SEN2
Q9LSU6	gene_name:SAMDC3
Q9LU93	gene_name:MAD2
Q9LUL1	gene_name:At3g14380
Q9LX49	gene_name:PRN1
Q9LYC2	gene_name:At3g63000
Q9M0E5	gene_name:VPS15
Q9M0X8	gene_name:BHLH114
Q9M117	gene_name:ARPC5A
Q9M8U4	gene_name:At3g03030
Q9MA24	gene_name:At1g14590
Q9MA85	gene_name:PCMP-E83
Q9S9U2	gene_name:AGL54
Q9SGA8	gene_name:UGT83A1
Q9SHJ8	gene_name:At1g06550
Q9SIR8	gene_name:At2g25250
Q9SKM4	gene_name:ATTX12
Q9STW5	gene_name:At4g24290
Q9SUQ8	gene_name:DIR6
Q9ZQA3	gene_name:PME15
Q9ZS96	gene_name:At4g04775
A0A1I9LSN5	gene_name:At3g53830
A0A1P8ATA8	gene_name:At1g49205
A0A1P8AYD3	gene_name:At2g45405
A0A1P8B754	gene_name:At4g34265
A0A1P8BAK9	gene_name:MAPKKK15
A7REG6	gene_name:At2g04031
A8MQR1	gene_name:At3g61700
A8MR15	gene_name:At5g39645
A8MRC2	gene_name:At5g38197
A9LNK9	gene_name:CPSF30
B3H6F7	gene_name:At3g48344
F4I5S3	gene_name:CTF18
F4IR19	gene_name:At2g37780
F4J3R7	gene_name:SPD1
F4JNS8	gene_name:ISTL3
F4JS86	gene_name:At4g13100
F4JZM4	gene_name:At5g19130
F4KA45	gene_name:MXA21.22
O23403	gene_name:PPD1
O48574	gene_name:T19K24.3
O49325	gene_name:RLP28
O49596	gene_name:HMGB2
O64668	gene_name:At1g08700
O64737	gene_name:At2g30090
O65464	gene_name:F21P8.10
O80963	gene_name:CCR2
O81039	gene_name:DUF4
P0DI04	gene_name:At1g25055
P42732	gene_name:RPS13
P42738	gene_name:CM1
Q0WNZ8	gene_name:At1g08315
Q0WQW5	gene_name:PCMP-H51
Q0WVK7	gene_name:At1g05670
Q1ECN0	gene_name:At2g27330
Q1G2Y5	gene_name:LTPG21
Q1G401	gene_name:At1g01305
Q2V3J8	gene_name:At4g10613
Q3EC77	gene_name:At2g03480
Q3ECQ9	gene_name:At1g53815
Q501G6	gene_name:At5g62820
Q5BQ07	gene_name:At1g15630
Q6DBP6	gene_name:ATDOA3
Q6DR18	gene_name:At2g40390
Q6GKX5	gene_name:FOLB3
Q6PV67	gene_name:SNZ
Q8GWB1	gene_name:At3g19895
Q8GYJ0	gene_name:At4g22320
Q8L6Y7	gene_name:At2g38420
Q8L7H8	gene_name:MPC2
Q8LB47	gene_name:Mge2
Q8LF05	gene_name:RBL19
Q8RUW5	gene_name:SCPL8
Q8RXT1	gene_name:MAF1
Q8VZN5	gene_name:At1g13510
Q8W110	gene_name:FRO4
Q93ZS6	gene_name:LRS1
Q940B8	gene_name:KIN13A
Q9C5Q2	gene_name:DPBF4
Q9C6M0	gene_name:At1g25510
Q9C8C3	gene_name:At1g43090
Q9C9W8	gene_name:At1g68040
Q9CAI4	gene_name:At1g72690
Q9CAT4	gene_name:At1g73200
Q9FFW4	gene_name:At5g38570
Q9FIP1	gene_name:At5g24180
Q9FLD7	gene_name:GLCAT14A
Q9FLZ0	gene_name:At5g39471
Q9FMT8	gene_name:MUA22.12
Q9FMW3	gene_name:OFUT37
Q9FX84	gene_name:HHO6
Q9LDC3	gene_name:At4g08730
Q9LH76	gene_name:RHM3
Q9LMX9	gene_name:At1g13680
Q9LNV3	gene_name:STP2
Q9LPM8	gene_name:BCAT7
Q9LW32	gene_name:PCMP-H34
Q9LY14	gene_name:MSRA3
Q9LY50	gene_name:CCR3
Q9LZ23	gene_name:ACR12
Q9LZM4	gene_name:WAKL20
Q9M125	gene_name:MEE49
Q9M1Q0	gene_name:T17J13.200
Q9M389	gene_name:EFD
Q9M910	gene_name:F17A9.4
Q9M9A5	gene_name:PCR6
Q9SA01	gene_name:At1g31072
Q9SD87	gene_name:F13G24.170
Q9SF45	gene_name:F11F8_15
Q9SHS7	gene_name:BSL3
Q9SI75	gene_name:CPEFG
Q9SLG3	gene_name:ZIP3
Q9SS01	gene_name:AAE20
Q9SS89	gene_name:At3g01660
Q9STI9	gene_name:At4g12220
Q9SVH8	gene_name:At4g20690
Q9SYC8	gene_name:LPAT3
Q9T0G7	gene_name:SUVH9
Q9XI33	gene_name:WIN1
Q9ZPI6	gene_name:AIM1
Q9ZUJ2	gene_name:At1g60010
A0A178VGR9	gene_name:At3g11530
A0A1I9LQ26	gene_name:At3g13910
B0F9L7	gene_name:GC2
B3H681	gene_name:At3g47341
F4HV54	gene_name:At1g47940
F4IDC8	gene_name:At1g72500
F4IGZ2	gene_name:SMXL8
F4II70	gene_name:At2g46320
F4IK16	gene_name:At2g41440
F4INW4	gene_name:At2g30630
F4IQ44	gene_name:At2g42955
F4IQK7	gene_name:At2g18560
F4JA74	gene_name:At3g32090
F4JG55	gene_name:At4g01780
F4JG84	gene_name:At4g03460
F4JL70	gene_name:At4g22410
F4JNI5	gene_name:At4g23350
F4JW79	gene_name:RDM3
F4JY30	gene_name:At5g18640
F4KBB7	gene_name:At5g22791
F4KI10	gene_name:At5g65610
O04244	gene_name:At4g02000
O04500	gene_name:COBL6
O24658	gene_name:At2g43590
O64568	gene_name:At2g19350
O64743	gene_name:MEE23
O80458	gene_name:DPS
O80662	gene_name:TCHQD
O80942	gene_name:ZFP10
O82266	gene_name:SWA1
P0CE10	gene_name:At4g01020
P30183	gene_name:CYCB1-1
P92537	gene_name:At2g07673
Q1PF47	gene_name:GAZ
Q33884	gene_name:CCMFN2
Q38830	gene_name:IAA12
Q39214	gene_name:RPM1
Q680Q9	gene_name:DL4055W
Q7X9H5	gene_name:AGL84
Q84VW5	gene_name:MED32
Q84W13	gene_name:At1g49310
Q84WJ0	gene_name:DAR5
Q84WS0	gene_name:SBTI1.1
Q84WZ4	gene_name:At2g39855
Q8GTS1	gene_name:BZIP24
Q8GWL6	gene_name:At4g08555
Q8H166	gene_name:ALEU
Q8L626	gene_name:NTMC2T51
Q8L709	gene_name:CHX28
Q8L7S0	gene_name:ULP2B
Q8L844	gene_name:CRP1
Q8LBM4	gene_name:At2g16710
Q8RWC8	gene_name:At1g68330
Q8RWS1	gene_name:OSR1
Q8VYH6	gene_name:At4g17280
Q8VYQ7	gene_name:WSS1B
Q8VYU6	gene_name:GC4
Q8VZW6	gene_name:At3g08740
Q940V5	gene_name:At3g16175
Q949Q0	gene_name:GLY1
Q94BQ2	gene_name:RPT6B
Q9ATY5	gene_name:UVH3
Q9C976	gene_name:At1g80280
Q9CA85	gene_name:F19K16.25
Q9FFE0	gene_name:At5g16450
Q9FHG7	gene_name:MRI1.12
Q9FIS3	gene_name:MTG10.18
Q9FJC3	gene_name:MNC6.15
Q9FJZ0	gene_name:At5g66490
Q9FJZ5	gene_name:At5g66440
Q9FT92	gene_name:At5g08430
Q9FZ36	gene_name:ANP2
Q9FZ45	gene_name:At1g16860
Q9LJX1	gene_name:PRE5
Q9LKA8	gene_name:At3g14970
Q9LM14	gene_name:At1g22180
Q9LRK4	gene_name:CRRSP33
Q9LRV8	gene_name:PIRL2
Q9LSV0	gene_name:GLYR1
Q9LSX4	gene_name:CKL8
Q9LTH7	gene_name:At5g59540
Q9LU63	gene_name:ATP1
Q9LXC7	gene_name:At5g09630
Q9LXS7	gene_name:CSY1
Q9LYG1	gene_name:TIM17-3
Q9LZ18	gene_name:T1E3_150
Q9S9T6	gene_name:At4g05010
Q9SAJ8	gene_name:At1g79510
Q9SAV0	gene_name:MBP1
Q9SII5	gene_name:EXL5
Q9SJL8	gene_name:METK3
Q9SKK5	gene_name:RLP20
Q9SR70	gene_name:FKBP16-4
Q9SS67	gene_name:PER28
Q9SZR0	gene_name:At4g29890
Q9XIG1	gene_name:UGT80B1
Q9ZP05	gene_name:PMDH2
Q9ZPW0	gene_name:At2g18270
Q9ZQ81	gene_name:PAP9
Q9ZV33	gene_name:DOF2.2
A0A1P8APZ3	gene_name:At1g68325
A0A1P8B7P2	gene_name:At4g20935
A5PHT0	gene_name:RWK1
B3H495	gene_name:At3g01572
B3H5G4	gene_name:At4g16024
B3H6N4	gene_name:At5g16030
B3H774	gene_name:At2g29628
F4HPE4	gene_name:At1g32880
F4I0B5	gene_name:At1g55450
F4I7L1	gene_name:At1g17520
F4IEZ7	gene_name:At1g72840
F4JA81	gene_name:At3g32190
F4JGC7	gene_name:At4g04402
F4JYC8	gene_name:PTM
F4K5E2	gene_name:MAC12.8
F4KAI4	gene_name:MUL3.1
F4KF77	gene_name:At5g03180
O22867	gene_name:ATTI3
O23018	gene_name:At1g04660
O23217	gene_name:C7A10.720
O24654	gene_name:At2g43600
O64973	gene_name:RPS5
O65717	gene_name:CNGC1
O80474	gene_name:MES4
O80816	gene_name:GLC
O81077	gene_name:CYP707A2
P35132	gene_name:UBC9
P42794	gene_name:RPL11B
P82266	gene_name:KIN5C
P82717	gene_name:LCR2
Q0WRX3	gene_name:SCPL40
Q2V2Q8	gene_name:At1g34047
Q39173	gene_name:P2
Q3ED78	gene_name:At1g21570
Q3EDG6	gene_name:At1g07985
Q4VP10	gene_name:LURE1.3
Q500Z4	gene_name:At1g11450
Q56YG8	gene_name:At1g24577
Q6NKV4	gene_name:At5g59410
Q6NKY5	gene_name:At1g55880
Q6NM33	gene_name:At5g19340
Q6NMD4	gene_name:At3g24730
Q6NNI3	gene_name:LSH1
Q84VG8	gene_name:At5g55507
Q8L7M3	gene_name:MQM1.14
Q8L7T6	gene_name:JMJ19
Q8LE52	gene_name:DHAR3
Q8RWZ7	gene_name:VHA-a1
Q8VY91	gene_name:RPS6
Q8VYP6	gene_name:At5g11010
Q8VZ87	gene_name:LHCB1.2
Q8VZS8	gene_name:PYL1
Q93ZE9	gene_name:SFH3
Q940Y6	gene_name:NARA5
Q9ASZ9	gene_name:At1g60730
Q9C7S5	gene_name:PSY1R
Q9C972	gene_name:At1g80320
Q9CA71	gene_name:FUT3
Q9FE67	gene_name:ERF9
Q9FHW2	gene_name:SWC6
Q9FJR9	gene_name:NMAT2
Q9FLP6	gene_name:SUMO2
Q9FLR3	gene_name:NAC079
Q9FN84	gene_name:MVA3.2
Q9FNE8	gene_name:At5g40300
Q9FYK0	gene_name:TMK2
Q9FZG0	gene_name:At1g47813
Q9LDN6	gene_name:map4kalpha2
Q9LK52	gene_name:EMB2769
Q9LNB9	gene_name:LBD2
Q9LNH5	gene_name:At1g48230
Q9LSB8	gene_name:PCMP-E51
Q9LSJ2	gene_name:ABCB22
Q9LTJ2	gene_name:SMR14
Q9LU86	gene_name:PRXQ
Q9LUM4	gene_name:RAP2-2
Q9LVV4	gene_name:MNB8.4
Q9LYG4	gene_name:At5g11660
Q9LYP1	gene_name:RBL3
Q9M034	gene_name:At5g01390
Q9M0G5	gene_name:CRK46
Q9M2S5	gene_name:T22E16.200
Q9M2Y3	gene_name:RLP44
Q9M4B5	gene_name:PFD4
Q9M8J2	gene_name:GATL4
Q9M8X9	gene_name:RPS16B
Q9M9N5	gene_name:At3g03160
Q9S812	gene_name:F5A18.4
Q9SD68	gene_name:F13I12.100
Q9SI60	gene_name:SAUR8
Q9SI78	gene_name:At1g62720
Q9SIE1	gene_name:PAT
Q9SJV8	gene_name:At2g01080
Q9SUW0	gene_name:TPPG
Q9SV82	gene_name:At4g10400
Q9SY55	gene_name:ECA3
Q9SZG2	gene_name:F19F18.190
Q9XI08	gene_name:F8K7.12
Q9ZPY4	gene_name:At2g46550
Q9ZVR5	gene_name:PP2B2
A0A1P8ANS8	gene_name:At1g80525
A0A1P8ARL9	gene_name:At1g12615
A0A1P8ATN7	gene_name:At1g50380
A8MR08	gene_name:At1g26762
B3H4F2	gene_name:At1g70949
B3H5Z0	gene_name:At3g61571
B3H7G5	gene_name:At4g35025
B9UY99	gene_name:At3g13062
C0LGG6	gene_name:At1g51890
C0LGP4	gene_name:At3g47570
C0LGR6	gene_name:At4g29180
F4I0N3	gene_name:At1g75720
F4IJZ6	gene_name:SSL1
F4IRI1	gene_name:At2g18900
F4JA85	gene_name:At3g32330
F4JEG0	gene_name:At3g07460
F4JKD1	gene_name:At4g21970
F4K3U7	gene_name:MHF15.4
F4K740	gene_name:At5g28400
F4KAC4	gene_name:At5g44690
O04587	gene_name:At1g62220
O22693	gene_name:GOLS4
O23129	gene_name:At1g22930
O48717	gene_name:At2g26500
O48767	gene_name:AUG2
O64784	gene_name:At1g61360
O65436	gene_name:At4g20220
O80438	gene_name:MAK3
O80675	gene_name:At2g41120
P39207	gene_name:NDK1
Q1PF34	gene_name:At2g20470
Q2HIW3	gene_name:At1g76590
Q43867	gene_name:PME1
Q4V398	gene_name:RRT1
Q56Y35	gene_name:FEP1
Q66GR7	gene_name:OEX2
Q6IM94	gene_name:DVL7
Q6NPG2	gene_name:SAUR30
Q6XPT5	gene_name:AMC7
Q7XJ98	gene_name:MUR3
Q84K13	gene_name:At4g33440
Q84VY2	gene_name:NET4B
Q8GX16	gene_name:At2g35215
Q8GY60	gene_name:At4g03415
Q8GZN1	gene_name:NPG1
Q8L735	gene_name:ISA2
Q8RY97	gene_name:HTT5
Q8VZK0	gene_name:MIEL1
Q8W5B1	gene_name:VRN2
Q940M0	gene_name:GDP1
Q940V3	gene_name:UGT91A1
Q944S3	gene_name:TULP5
Q949V6	gene_name:ARI1
Q94A52	gene_name:EIF4A3
Q94AN4	gene_name:At1g16060
Q94AT2	gene_name:MZN1.2
Q9C8U6	gene_name:IAN3
Q9C902	gene_name:At3g06620
Q9C996	gene_name:GLIP6
Q9C9E5	gene_name:EXO70D1
Q9C9N6	gene_name:PMI2
Q9CAF6	gene_name:GYRA
Q9FHF1	gene_name:ABCB7
Q9FIN8	gene_name:At5g24340
Q9FJ12	gene_name:At5g49280
Q9FJW6	gene_name:DG1
Q9FKG6	gene_name:PUB52
Q9FNL8	gene_name:NPF5.3
Q9FVP6	gene_name:EPSPS
Q9LEV3	gene_name:CBSX3
Q9LHN4	gene_name:LPAT5
Q9LKZ3	gene_name:RBR1
Q9LP24	gene_name:At1g35710
Q9LQT3	gene_name:At1g75810
Q9LVA8	gene_name:MMI9.11
Q9LYD1	gene_name:F15N18_200
Q9LYW3	gene_name:MED7A
Q9LZN2	gene_name:PILS6
Q9M0X3	gene_name:NHL21
Q9M101	gene_name:CPK23
Q9M1X5	gene_name:ASK13
Q9M1Y1	gene_name:SKIP20
Q9M682	gene_name:GK-2
Q9M9U2	gene_name:MYB47
Q9M9W2	gene_name:At3g05570
Q9S7U7	gene_name:F28J7.1
Q9SCK0	gene_name:ATG13A
Q9SD40	gene_name:SRS1
Q9SGA2	gene_name:GDPD1
Q9SKA3	gene_name:MCTP6
Q9SLF3	gene_name:TOC132
Q9SRX6	gene_name:LEA2
Q9SUD0	gene_name:SKS10
Q9SV75	gene_name:At4g12940
Q9SX96	gene_name:At1g47640
Q9SZ20	gene_name:At4g26800
Q9SZT6	gene_name:CYP81D2
Q9ZUP9	gene_name:At2g12280
Q9ZW15	gene_name:At2g29320
Q9ZW76	gene_name:POP4
A0A1I9LN87	gene_name:At3g06880
A0A1I9LQF6	gene_name:At3g21590
A0JQ66	gene_name:At1g19040
B9DGT7	gene_name:TUBA2
F4HQ05	gene_name:DTX8
F4HRG2	gene_name:At1g53345
F4HU58	gene_name:TAD1
F4HWL3	gene_name:RLP4
F4IC04	gene_name:At1g06148
F4IJK1	gene_name:NET2D
F4IK06	gene_name:At2g41390
F4IMB6	gene_name:At2g07667
F4INZ9	gene_name:GIM2
F4JA91	gene_name:SBT4.5
F4JF35	gene_name:P36
F4JW20	gene_name:At4g39420
F4K2J6	gene_name:At5g13380
O22960	gene_name:TBL37
O23420	gene_name:GRXS5
O48529	gene_name:STR9
O49621	gene_name:MLO1
O64597	gene_name:At1g70390
O65359	gene_name:SYP41
O65554	gene_name:CIPK6
O80593	gene_name:At1g10020
O81746	gene_name:At4g23500
Q07473	gene_name:LHCB4.1
Q1JPM5	gene_name:OFUT30
Q39108	gene_name:GGR
Q3E7U7	gene_name:At5g39230
Q3E8L4	gene_name:At5g38396
Q3EAE0	gene_name:At4g00905
Q42381	gene_name:HLS1
Q45GJ7	gene_name:At4g12680
Q56X72	gene_name:RTNLB21
Q5BPU6	gene_name:At1g77960
Q5XV39	gene_name:At5g19060
Q6DR46	gene_name:AGL41
Q84JR3	gene_name:At4g21705
Q84VX4	gene_name:MPS1
Q8GUN0	gene_name:At3g03020
Q8GWD0	gene_name:At5g16810
Q8H0W9	gene_name:At5g10410
Q8L9A9	gene_name:XTH8
Q8LPF0	gene_name:TAF2
Q8RV79	gene_name:SOT11
Q8RWY0	gene_name:BDR3
Q8RX87	gene_name:RFS6
Q8S8E8	gene_name:At2g24690
Q8S8I1	gene_name:QWRF3
Q8S8K9	gene_name:FIP1
Q8VWJ2	gene_name:WRKY28
Q8VXY0	gene_name:At2g36145
Q8VY22	gene_name:TBL38
Q93ZJ3	gene_name:NFD6
Q940Q8	gene_name:IRX10L
Q94FY7	gene_name:VTE1
Q96288	gene_name:BBX24
Q9C746	gene_name:At1g48780
Q9C7X5	gene_name:NAS4
Q9C8D5	gene_name:At1g66110
Q9FG31	gene_name:LEA46
Q9FGK5	gene_name:RABA5A
Q9FH03	gene_name:BGLU12
Q9FKV7	gene_name:At5g44310
Q9FKW5	gene_name:ARO2
Q9FXD8	gene_name:At1g67750
Q9FZ22	gene_name:GPAT2
Q9FZD9	gene_name:DUF3
Q9LMV9	gene_name:At1g20520
Q9LU44	gene_name:SF1
Q9LW83	gene_name:CES101
Q9LW84	gene_name:At3g16010
Q9LW86	gene_name:SULTR3;4
Q9LYP5	gene_name:ARR21
Q9LZV8	gene_name:ATL74
Q9LZX6	gene_name:DHDPS1
Q9M1A8	gene_name:NRPB8B
Q9M7Y4	gene_name:F3E22.8
Q9S836	gene_name:LAX2
Q9SAF8	gene_name:DVL4
Q9SB00	gene_name:PHR1
Q9SDQ3	gene_name:SCL1
Q9SGH3	gene_name:At3g01450
Q9SHU7	gene_name:TIC21
Q9SMR1	gene_name:At4g39930
Q9SRM3	gene_name:JOX1
Q9STQ5	gene_name:At4g26290
Q9SUZ7	gene_name:F4F15.180
Q9SV64	gene_name:FATA2
Q9SX94	gene_name:At1g47610
Q9SYE2	gene_name:F11M15.26
Q9T0K0	gene_name:CYP71A19
Q9T6H8	gene_name:CCMFN1
Q9ZP54	gene_name:PARP1
Q9ZQ22	gene_name:At2g24460
Q9ZQG9	gene_name:At2g27500
Q9ZR79	gene_name:LECRK57
Q9ZT49	gene_name:ATL45
Q9ZUR7	gene_name:At2g37500
A0A1P8AQ67	gene_name:At1g26255
A4FVS2	gene_name:MEE6.17
B3H645	gene_name:At3g48346
F4HV37	gene_name:At1g47786
F4HYJ7	gene_name:At1g48650
F4IDY7	gene_name:DDR4
F4IG99	gene_name:At2g05050
F4J5H1	gene_name:At3g30380
F4J7T7	gene_name:At3g24929
F4J8B4	gene_name:At3g59460
F4JA78	gene_name:At3g32150
F4JMJ1	gene_name:HSP70-17
F4JR86	gene_name:At4g37022
F4JV77	gene_name:At4g32900
F4JZG9	gene_name:TERC
F4K3G5	gene_name:EDM2
F4K3M6	gene_name:OTU7
F4K410	gene_name:SVR3
F4K5X6	gene_name:RVE2
F4KDD7	gene_name:KLP
F4KFD4	gene_name:MYH9.10
O23020	gene_name:SPH5
O64806	gene_name:ACA7
O65920	gene_name:At2g19000
O82213	gene_name:PVA31
P49040	gene_name:SUS1
P51568	gene_name:AFC3
P93033	gene_name:FUM1
Q1G3K2	gene_name:At4g04614
Q1G3Y9	gene_name:At1g52342
Q1PFC5	gene_name:At1g77405
Q39141	gene_name:LHB1B2
Q3EBS3	gene_name:At2g28725
Q3EDE9	gene_name:At1g10820
Q42527	gene_name:PAI2
Q42602	gene_name:CYP89A2
Q4V3D9	gene_name:SSL10
Q5EAE9	gene_name:ATL43
Q6E7H0	gene_name:ORC3
Q6NLX7	gene_name:AP22.12
Q7G188	gene_name:FIM1
Q84TJ7	gene_name:MCTP7
Q84VY5	gene_name:SAL4
Q84W06	gene_name:CSLA14
Q8L9S9	gene_name:At4g35725
Q8LC68	gene_name:NRP2
Q8LED3	gene_name:TBL3
Q8LG54	gene_name:AGP7
Q8RUD6	gene_name:HAC1
Q8RXC3	gene_name:DL4065W
Q8VWF1	gene_name:SH3P2
Q8VYA4	gene_name:At4g18810
Q8VYK7	gene_name:ATG8F
Q8VZE7	gene_name:RAP
Q8VZM7	gene_name:At5g02940
Q8W1D5	gene_name:CIPK25
Q93V93	gene_name:PER44
Q93ZQ2	gene_name:At3g60110
Q93ZZ7	gene_name:At3g12685
Q944L5	gene_name:At1g26740
Q94B55	gene_name:XBAT31
Q94EW8	gene_name:At5g26731
Q9C5N8	gene_name:At1g54020
Q9C7F7	gene_name:LTPG1
Q9C8Y3	gene_name:RGL1
Q9C9G0	gene_name:At1g68250
Q9FFN2	gene_name:At5g03795
Q9FHP3	gene_name:At5g65850
Q9FJF7	gene_name:SAUR22
Q9FLW4	gene_name:MZF18.15
Q9FNB3	gene_name:At5g13600
Q9FVQ6	gene_name:PRR1
Q9FVT9	gene_name:At1g57630
Q9LM18	gene_name:AUF2
Q9LPI8	gene_name:At1g32760
Q9LRR5	gene_name:At3g14460
Q9LS08	gene_name:BHLH32
Q9LX30	gene_name:GCN2
Q9LX85	gene_name:ZAT8
Q9LXG1	gene_name:RPS9B
Q9LXG5	gene_name:PRE2
Q9LYU7	gene_name:CRN
Q9LZD2	gene_name:F12E4_330
Q9LZF7	gene_name:OTU10
Q9M056	gene_name:ROPGEF6
Q9M2I9	gene_name:At3g58270
Q9M9F9	gene_name:ICR4
Q9S9J9	gene_name:ZRK13
Q9SAD9	gene_name:At1g13040
Q9SEE5	gene_name:GAL1
Q9SEL6	gene_name:VTI11
Q9SN58	gene_name:UGE5
Q9SSF1	gene_name:SMD1A
Q9SVD4	gene_name:ZRK11
Q9SXD1	gene_name:At1g62670
Q9SZ77	gene_name:SEC1B
Q9XIN7	gene_name:NTL8
Q9ZRA2	gene_name:HGO
Q9ZU36	gene_name:At2g01310
Q9ZU67	gene_name:At2g18520
A0A1I9LNG9	gene_name:EWR1
A0A1I9LPP6	gene_name:At3g30525
A0A1I9LS19	gene_name:At3g46617
A0A1I9LT45	gene_name:At3g32380
A0A1P8ARS6	gene_name:At1g28765
A0A1P8ATJ8	gene_name:At1g60787
A0A1P8AZP3	gene_name:At2g10553
A0A1P8B453	gene_name:At4g12543
A7REG9	gene_name:At3g01324
B3H587	gene_name:LTPG8
B3H6A4	gene_name:At5g65609
B3H7C7	gene_name:At1g61165
B9DGA1	gene_name:CAND3
F4HQE2	gene_name:RTEL1
F4HS99	gene_name:REC1
F4HSB6	gene_name:At1g01453
F4HZI0	gene_name:At1g15165
F4I5Q2	gene_name:At1g04570
F4IA30	gene_name:At1g71780
F4IDQ5	gene_name:JASON
F4IHD0	gene_name:At2g05753
F4IIC2	gene_name:RAD7A
F4J0F0	gene_name:At3g28830
F4J405	gene_name:At3g17140
F4JDN8	gene_name:At3g26700
F4JMS0	gene_name:At4g23080
F4JZ11	gene_name:At5g66010
F4K4R6	gene_name:GEX2
F4KA50	gene_name:LRK10L-2.2
F4KHE3	gene_name:MNF13.3
O23147	gene_name:ADPG1
O49459	gene_name:NAC073
O64751	gene_name:MEE26
O80795	gene_name:At1g65250
O81297	gene_name:At4g02360
O82254	gene_name:GRXC12
O82330	gene_name:SOT10
O82533	gene_name:FTSZ2-1
P0DN94	gene_name:SPH17
P42815	gene_name:RNS3
P56784	gene_name:matK
P93028	gene_name:UBA1
Q058J9	gene_name:DJA4
Q1PF57	gene_name:At2g17080
Q2L6T3	gene_name:At4g18823
Q2V3X3	gene_name:At3g10195
Q38997	gene_name:KIN10
Q3E8W3	gene_name:At5g28720
Q3E989	gene_name:PME54
Q501D8	gene_name:CYP79B3
Q5XF03	gene_name:GPAT8
Q6IDB8	gene_name:At5g26800
Q6NKQ6	gene_name:At3g16220
Q84MA4	gene_name:At5g07400
Q84R27	gene_name:At3g18960
Q8GW78	gene_name:CLPT2
Q8GX05	gene_name:SCAB3
Q8GXZ3	gene_name:PBL8
Q8H1D4	gene_name:DBR4
Q8LFD1	gene_name:LPP3
Q8RX73	gene_name:At5g58780
Q8VYQ0	gene_name:At1g48170
Q8W471	gene_name:AAE15
Q8W485	gene_name:At5g50100
Q945M1	gene_name:CIB22
Q94AH8	gene_name:TPS6
Q9C5D2	gene_name:FBL4
Q9C5J9	gene_name:LIP1
Q9C5R0	gene_name:At4g27720
Q9C8U2	gene_name:IAN1
Q9C9I3	gene_name:PCMP-A3
Q9C9W3	gene_name:At1g67980
Q9CAP2	gene_name:At1g77660
Q9FF09	gene_name:PIA1
Q9FFC6	gene_name:At5g22810
Q9FG28	gene_name:MPH15.15
Q9FK05	gene_name:PME61
Q9FL88	gene_name:At5g39200
Q9FLT0	gene_name:TSN2
Q9FM35	gene_name:MNF13.18
Q9FY45	gene_name:T6L19_10
Q9LMK7	gene_name:RANBP1A
Q9LPR6	gene_name:TET11
Q9LPY3	gene_name:At1g11520
Q9LUP1	gene_name:At3g17570
Q9LXB8	gene_name:PELPK1
Q9LXL8	gene_name:MEE38
Q9LYF8	gene_name:AGLU1
Q9LZG7	gene_name:GSTU27
Q9M0G7	gene_name:MIK1
Q9M1E7	gene_name:TET3
Q9M9L9	gene_name:At3g05770
Q9S7V6	gene_name:F17A17.13
Q9SK23	gene_name:At2g09970
Q9SVG7	gene_name:At4g20800
Q9SVL6	gene_name:COR413PM2
Q9SZB6	gene_name:WEL1
Q9SZN7	gene_name:HIPP26
Q9ZNQ3	gene_name:At2g27520
Q9ZUU4	gene_name:CP29B
A0A1I9LTC7	gene_name:DXPS1
A0A1P8AT95	gene_name:At1g16800
A0A1P8AV92	gene_name:At1g15790
A0A1P8AX73	gene_name:At2g14775
A0A1P8B2R7	gene_name:At2g07800
A0A1P8B5J4	gene_name:At4g37435
A0A1P8BEY8	gene_name:HFLX
B3H5B2	gene_name:At5g66053
B9DHA5	gene_name:At3g28760
C0LGG9	gene_name:At1g53440
F4HQ89	gene_name:At1g73470
F4HRR1	gene_name:At1g61105
F4HV09	gene_name:At1g34575
F4I3S8	gene_name:At1g63860
F4I8W6	gene_name:At1g11460
F4IL05	gene_name:DTWD2A
F4IYK3	gene_name:At3g08943
F4JLS0	gene_name:SPH1
F4JUA6	gene_name:At4g32380
F4K2F0	gene_name:EML3
O04379	gene_name:AGO1
O04586	gene_name:At1g62210
O22788	gene_name:PXG3
O23685	gene_name:AAP19-2
O49292	gene_name:PPD4
O64571	gene_name:UBA1C
O64759	gene_name:CAT5
O65458	gene_name:BGLU3
O80628	gene_name:MAGL7
O82761	gene_name:At2g31050
P0C7R1	gene_name:DYW1
P13114	gene_name:CHS
P22954	gene_name:HSP70-2
P28185	gene_name:RABA1A
P42792	gene_name:MT-CYB
P56758	gene_name:atpI
Q0WRF0	gene_name:At3g57062
Q1G3K8	gene_name:RIC7
Q1PEX4	gene_name:At2g33300
Q1PF20	gene_name:At2g22050
Q2Q493	gene_name:MIF3
Q3ECF9	gene_name:At1g68935
Q3ECP9	gene_name:At1g54530
Q3ECT7	gene_name:At1g49680
Q42521	gene_name:GAD1
Q4PSR7	gene_name:ATHB-22
Q4PT34	gene_name:PME56
Q67ZI9	gene_name:At2g42990
Q6F6B5	gene_name:ARC3
Q7XJK8	gene_name:PHE2
Q84WH0	gene_name:At2g28040
Q8GYK7	gene_name:At5g14285
Q8GYY0	gene_name:ACS12
Q8L7M7	gene_name:At1g17820
Q8LC03	gene_name:ATHB-13
Q8LEB7	gene_name:At5g50335
Q8RUI1	gene_name:At2g25735
Q8RXZ6	gene_name:At4g17215
Q93WV4	gene_name:WRKY71
Q949U5	gene_name:At3g07140
Q94CA9	gene_name:At1g75090
Q9C7Y2	gene_name:MORF5
Q9C8K2	gene_name:ABCG12
Q9FFN0	gene_name:At5g03810
Q9FGM6	gene_name:MFH8.2
Q9FIK8	gene_name:CAR11
Q9FJV5	gene_name:KAN4
Q9FLX6	gene_name:PCMP-H31
Q9FN38	gene_name:At5g53880
Q9FY75	gene_name:POT7
Q9LDY9	gene_name:IJ
Q9LFQ3	gene_name:SNL2
Q9LJJ5	gene_name:At3g28610
Q9LNE4	gene_name:At1g06020
Q9LTJ5	gene_name:MYB19
Q9LUC1	gene_name:At3g14740
Q9LXX3	gene_name:At3g56670
Q9LYC9	gene_name:T20O10_20
Q9M178	gene_name:T5C2_110
Q9M1X3	gene_name:OEP6
Q9M2F2	gene_name:TRM7
Q9S839	gene_name:F1C9.26
Q9SB50	gene_name:AP4M
Q9SD97	gene_name:At5g07870
Q9SEV0	gene_name:BAN
Q9SHY8	gene_name:SMP1
Q9SJR5	gene_name:GRF3
Q9SKQ7	gene_name:At2g21040
Q9SNC1	gene_name:F12A12.90
Q9SPG2	gene_name:MYB28
Q9SRE0	gene_name:COG0212
Q9SRL7	gene_name:RLP35
Q9SSD6	gene_name:F18B13.6
Q9STM7	gene_name:EXT8
Q9SVA3	gene_name:At4g39550
Q9XF19	gene_name:ABCI21
Q9ZQ24	gene_name:At2g24440
Q9ZQM4	gene_name:At2g11200
Q9ZTA0	gene_name:At4g03040
Q9ZVC6	gene_name:At2g27140
A0A178WKG1	gene_name:At1g78635
A0A1P8AR54	gene_name:At1g63295
A0A1P8B0H2	gene_name:At2g28225
A0A1P8BB88	gene_name:GYRB3
A0A1P8BBA6	gene_name:At5g01895
A0A1P8BFV7	gene_name:At5g52545
A8MSG2	gene_name:At5g24352
F4HWB6	gene_name:PILS1
F4HXU8	gene_name:At1g14800
F4HZZ1	gene_name:At1g35614
F4I6L1	gene_name:At1g50732
F4I7Y9	gene_name:At1g51035
F4IHY7	gene_name:PTAC12
F4IV28	gene_name:At2g44850
F4IY34	gene_name:At3g55780
F4JJB2	gene_name:At4g09150
F4JK69	gene_name:DL3865W
F4JVV4	gene_name:At4g32930
F4JY42	gene_name:At5g18740
F4K0R0	gene_name:TMS
F4K2U3	gene_name:AGL39
F4K6K7	gene_name:At5g07170
O22164	gene_name:At2g44870
O22226	gene_name:At2g41650
O22908	gene_name:At2g47340
O48721	gene_name:UROS
O64474	gene_name:HMA4
O65403	gene_name:SQE4
O65421	gene_name:VPS28-1
O81211	gene_name:RBOHE
O81873	gene_name:WIP5
P0DH94	gene_name:VHA-c5
P0DKG2	gene_name:At3g54730
P93752	gene_name:SETH7
Q0WPR6	gene_name:SAUR65
Q1PF14	gene_name:At2g23210
Q2V2W7	gene_name:At5g60615
Q5BPG1	gene_name:MSF19.6
Q683D2	gene_name:MCO15.1
Q6DSU1	gene_name:GLV5
Q6NKZ8	gene_name:CYP714A2
Q7X887	gene_name:At2g02060
Q7XA70	gene_name:At5g07475
Q84TF1	gene_name:At4g28830
Q8GXX0	gene_name:ERV1
Q8GXY9	gene_name:At5g38980
Q8GY72	gene_name:At5g03050
Q8H0V8	gene_name:At4g21660
Q8LA16	gene_name:AL7
Q8LAP6	gene_name:PAP12
Q8LBK1	gene_name:At5g01015
Q8VY57	gene_name:ARL8A
Q8VZM5	gene_name:OSCA1.6
Q93VA9	gene_name:At5g25080
Q93WG3	gene_name:CJD1
Q940V1	gene_name:DJA5
Q941B1	gene_name:At1g69523
Q944S4	gene_name:At1g64300
Q94C77	gene_name:At4g34220
Q94F37	gene_name:AT1G67850.1
Q9ASY8	gene_name:TOM7-1
Q9C510	gene_name:PAP6
Q9C9F4	gene_name:At1g68190
Q9FE18	gene_name:At1g26550
Q9FII2	gene_name:At5g42350
Q9FJ54	gene_name:CIPK20
Q9FJD4	gene_name:KPNB1
Q9FLU7	gene_name:PP2B12
Q9FY54	gene_name:SPS2
Q9FZ84	gene_name:RBG6
Q9LEZ1	gene_name:SOB5
Q9LH43	gene_name:RALFL27
Q9LPT5	gene_name:F11F12.2
Q9LQ71	gene_name:At1g01840
Q9LR02	gene_name:At1g75600
Q9LT00	gene_name:MQM1.9
Q9LU24	gene_name:At3g16210
Q9LU58	gene_name:MWD22.10
Q9LUA9	gene_name:COL10
Q9LYC1	gene_name:GID1B
Q9LYG2	gene_name:At5g11680
Q9M2U7	gene_name:T12E18_90
Q9M8X4	gene_name:At3g04180
Q9S781	gene_name:ATI3C
Q9SA73	gene_name:YchF1
Q9SBF3	gene_name:MYB92
Q9SD09	gene_name:F26O13.40
Q9SFU5	gene_name:T1B9.19
Q9SJG1	gene_name:At2g42980
Q9SJK3	gene_name:AGO5
Q9SJN0	gene_name:ABI5
Q9SJU4	gene_name:FBA1
Q9SUX5	gene_name:At4g22440
Q9SV72	gene_name:EPFL9
Q9SXB8	gene_name:At1g11330
Q9SY12	gene_name:ARF42
Q9ZT94	gene_name:RE2
Q9ZUZ0	gene_name:HIC
Q9ZW13	gene_name:At2g29290
Q9ZWG1	gene_name:PUMP2
A0A1P8AW69	gene_name:KTN80.1
A8MRD4	gene_name:RALFL7
B3H5W4	gene_name:At4g31115
F4HV94	gene_name:At1g54260
F4I7W9	gene_name:At1g40390
F4IDX2	gene_name:At1g12810
F4IER8	gene_name:At1g60320
F4ILN4	gene_name:At2g29850
F4ING3	gene_name:At2g07981
F4IUG9	gene_name:XI-G
F4J868	gene_name:At3g59130
F4JEX5	gene_name:FIGL1
F4JKF9	gene_name:At4g28005
F4K0Y2	gene_name:At5g12400
F4K3J7	gene_name:At5g61570
O04953	gene_name:PME52
O49303	gene_name:CAR8
O64468	gene_name:At2g19050
O64783	gene_name:At1g61370
O64874	gene_name:At2g44400
O81007	gene_name:GT7
O82319	gene_name:At2g25780
P28148	gene_name:TBP2
P36212	gene_name:RPL12C
P42697	gene_name:DRP1A
P48348	gene_name:GRF8
P92526	gene_name:AtMg00890
P92961	gene_name:PROT1
P93013	gene_name:AGP30
Q00762	gene_name:A9
Q08891	gene_name:FAR2
Q1PF73	gene_name:At2g14160
Q2V413	gene_name:At2g40995
Q2V4N2	gene_name:At1g14755
Q3E6Y4	gene_name:4CLL3
Q3EC47	gene_name:51141.TRNA-ILE-1
Q42029	gene_name:PSBP1
Q42379	gene_name:MYB7
Q42597	gene_name:THI2.2
Q501B9	gene_name:At1g49520
Q56YF8	gene_name:CYCT1-2
Q570S3	gene_name:At2g14285
Q5M755	gene_name:FBN5
Q6NPM5	gene_name:ATS3B
Q7XJ60	gene_name:EB1A
Q8LAT0	gene_name:ATHB-20
Q8LDW8	gene_name:GLX2-4
Q8RUB7	gene_name:At2g16835
Q8VYF1	gene_name:RPL15B
Q8VZL6	gene_name:SWC4
Q93VA3	gene_name:PETJ
Q93WU8	gene_name:WRKY54
Q93Z25	gene_name:At5g63180
Q94AE4	gene_name:MWF20.9
Q94AF2	gene_name:At5g19150
Q96262	gene_name:PCAP1
Q9C7Q1	gene_name:SAUR66
Q9FFL4	gene_name:MIK22.20
Q9FHI1	gene_name:MOB1A
Q9FJK7	gene_name:CYCC1-2
Q9FKU8	gene_name:At5g44400
Q9FMV7	gene_name:CYP94B1
Q9FT46	gene_name:T25B15_130
Q9FX21	gene_name:STT3B
Q9FYH8	gene_name:At1g30910
Q9LDQ1	gene_name:PEPKR1
Q9LE59	gene_name:GAUT1
Q9LFG2	gene_name:DAPF
Q9LMY0	gene_name:BGL2
Q9LPV5	gene_name:NRT2.5
Q9LQ95	gene_name:At1g01640
Q9LSE3	gene_name:At3g26730
Q9LSV6	gene_name:At3g25460
Q9LT25	gene_name:PRP40C
Q9LTK4	gene_name:At5g52160
Q9LVD9	gene_name:DTX40
Q9LYX6	gene_name:At5g03090
Q9LZI3	gene_name:F26K9_250
Q9M0F1	gene_name:LCR27
Q9M1G2	gene_name:F9K21.30
Q9M347	gene_name:TRP6
Q9M393	gene_name:OFUT28
Q9M9Y8	gene_name:CRTISO
Q9MA02	gene_name:DTA4
Q9S754	gene_name:MYB100
Q9SA26	gene_name:B4
Q9SAH3	gene_name:At1g80870
Q9SB59	gene_name:APPB1
Q9SIZ0	gene_name:DREB2H
Q9SJZ0	gene_name:At2g22440
Q9SPG5	gene_name:MYB76
Q9SQH9	gene_name:AMT1-3
Q9SXA6	gene_name:ENDO1
Q9SY70	gene_name:At1g10280
Q9SYC6	gene_name:At1g51240
Q9SZM3	gene_name:CPK26
Q9T023	gene_name:At4g39140
Q9XHZ7	gene_name:At1g21790
Q9ZUX9	gene_name:At2g27780
Q9ZVN4	gene_name:DSP1
A0A1P8AZE1	gene_name:At2g21195
A0A1P8B169	gene_name:At2g10955
A0MFT2	gene_name:At4g25070
A8MQI5	gene_name:At2g20605
F4IFT7	gene_name:At2g27389
F4JC97	gene_name:PA200
F4K554	gene_name:RR23
F4KC10	gene_name:At5g57565
F4KEW8	gene_name:NET4A
O22829	gene_name:JAL25
O64814	gene_name:NPY4
O80958	gene_name:LOJ
O81825	gene_name:At4g27220
O82514	gene_name:ADK1
O82631	gene_name:At3g05520
P0DKI4	gene_name:PUX14
P11490	gene_name:PETE
P16127	gene_name:CHLI1
P56792	gene_name:rpl14
P82757	gene_name:LCR42
P93316	gene_name:At2g07719
Q0WPZ6	gene_name:At2g17140
Q0WWC4	gene_name:DL4040C
Q1PFH7	gene_name:At1g62350
Q39161	gene_name:NIR1
Q42578	gene_name:PER53
Q4VNZ6	gene_name:At2g04045
Q5BPS3	gene_name:DOR
Q64FQ2	gene_name:PID2
Q66GR2	gene_name:DL4720W
Q67ZW2	gene_name:At4g11160
Q6NME2	gene_name:At3g07580
Q84JD6	gene_name:At4g27610
Q84JS6	gene_name:KNAT6
Q84TI7	gene_name:HKT1
Q84WU5	gene_name:At5g14720
Q8GW44	gene_name:KIN1
Q8GWJ1	gene_name:AP22.62
Q8GZ89	gene_name:At5g45095
Q8H0V6	gene_name:ABCF3
Q8L6Z3	gene_name:At4g38280
Q8L981	gene_name:APC13
Q8LPI5	gene_name:At4g03020
Q8VXX3	gene_name:MZN1.18
Q94KB4	gene_name:MLO9
Q9C6C7	gene_name:At1g49870
Q9C6G2	gene_name:PCMP-H67
Q9C6M5	gene_name:TEM1
Q9C8A4	gene_name:AGP21
Q9C901	gene_name:At3g06610
Q9C9Z5	gene_name:At3g08610
Q9C9Z6	gene_name:F17O14.7
Q9FF22	gene_name:MXI10.12
Q9FFF1	gene_name:FRL1
Q9FFW7	gene_name:JAL43
Q9FIX8	gene_name:PCFS5
Q9FKU9	gene_name:At5g44390
Q9FL74	gene_name:MDK4.3
Q9FLL1	gene_name:NOB1
Q9FMW7	gene_name:MKD15.20
Q9FNN3	gene_name:ILP1
Q9FQ25	gene_name:TON1A
Q9FYJ6	gene_name:BHLH111
Q9FZ57	gene_name:TPS2
Q9FZF3	gene_name:At1g47765
Q9LH95	gene_name:At3g28790
Q9LHE7	gene_name:FYPP3
Q9LPU6	gene_name:IGMT3
Q9LR11	gene_name:At1g75717
Q9LT07	gene_name:MQM1.18
Q9LUD4	gene_name:RPL18AC
Q9LUI4	gene_name:At3g22770
Q9LUM3	gene_name:SBT1.5
Q9LVP7	gene_name:TPS16
Q9M020	gene_name:LECRK63
Q9M2C6	gene_name:TRM14
Q9M2L4	gene_name:ACA11
Q9M2P8	gene_name:VQ25
Q9M9B4	gene_name:At1g49140
Q9M9R6	gene_name:PCMP-A4
Q9MAM1	gene_name:CIPK9
Q9S746	gene_name:HTH
Q9S7G7	gene_name:MYB3R1
Q9S7H1	gene_name:psaD1
Q9S9U1	gene_name:LECRK71
Q9SCY3	gene_name:PNSL4
Q9SF24	gene_name:At3g11740
Q9SF57	gene_name:OST4C
Q9SF91	gene_name:RABE1E
Q9SGH6	gene_name:DOX1
Q9SH31	gene_name:GT16
Q9SJ44	gene_name:UEV1C
Q9SJB3	gene_name:AHA5
Q9SKD7	gene_name:CNGC3
Q9SQR5	gene_name:SINE2
Q9SW44	gene_name:RH16
Q9SZ13	gene_name:VHA-e2
Q9SZ85	gene_name:At4g09690
Q9XF88	gene_name:LHCB4.2
Q9ZQ46	gene_name:WAVH1
A0A1P8AVN5	gene_name:At1g55917
B9DFA8	gene_name:INVC
C0LGQ5	gene_name:GSO1
C4B8C4	gene_name:EPFL3
F4I826	gene_name:At1g51330
F4IAX1	gene_name:CuAOalpha3
F4IL92	gene_name:ATI3B
F4IV84	gene_name:At2g04410
F4J3H7	gene_name:ZRK7
F4JEI7	gene_name:At3g13780
F4JGC9	gene_name:At4g04423
F4KAK5	gene_name:PSD2
O22290	gene_name:EIF6-1
O22808	gene_name:LYK5
O23425	gene_name:dl3910c
O23687	gene_name:At2g30430
O48813	gene_name:At2g39650
O49485	gene_name:PGDH1
O64635	gene_name:CYP76C4
O80928	gene_name:DOF2.4
O81643	gene_name:VLN1
P0C8Y0	gene_name:CAMS1
P30181	gene_name:TOP1A
P42775	gene_name:GBF2
P82734	gene_name:LCR20
P93830	gene_name:IAA17
Q06611	gene_name:PIP1-2
Q0IGM5	gene_name:NAIP3
Q0WL80	gene_name:UGGT
Q0WV47	gene_name:MBG8.4
Q1ECQ5	gene_name:At4g02485
Q39237	gene_name:TGA1
Q3ED68	gene_name:ICU11
Q3ED99	gene_name:PUP9
Q4V3C9	gene_name:KCS8
Q570Y6	gene_name:ADF8
Q6ID69	gene_name:At3g09032
Q6J9Q2	gene_name:ERF086
Q6ZY51	gene_name:GWD3
Q708Y0	gene_name:EBF2
Q7X7R5	gene_name:At3g13855
Q84M92	gene_name:ARP4
Q84RF2	gene_name:OFP17
Q8GWA4	gene_name:ATLTP45
Q8GYY7	gene_name:DHU1
Q8H0U3	gene_name:At1g23180
Q8LF75	gene_name:At3g09010
Q8LG89	gene_name:ARPN
Q8LGA4	gene_name:At1g30757
Q8LGC6	gene_name:At1g33040
Q8LPS9	gene_name:SKS17
Q8RXC0	gene_name:At4g26240
Q8S8F5	gene_name:EFL3
Q8VWV6	gene_name:WRKY61
Q8VYU8	gene_name:ICR5
Q8VZ73	gene_name:At2g39100
Q93ZK1	gene_name:At3g56060
Q940P1	gene_name:At3g09760
Q94K98	gene_name:At1g27200
Q9C810	gene_name:At1g33420
Q9C9C0	gene_name:SPPA
Q9C9U7	gene_name:RABA6A
Q9FI72	gene_name:At5g48980
Q9FJP2	gene_name:MYB53
Q9FJW5	gene_name:TRB2
Q9FKC9	gene_name:At5g37980
Q9FMT6	gene_name:ATHD-1
Q9FN56	gene_name:ATL87
Q9FT54	gene_name:GTE6
Q9FWX8	gene_name:ABCB12
Q9LJC0	gene_name:At3g21120
Q9LNV5	gene_name:At1g07360
Q9LP37	gene_name:RPL34
Q9LQ98	gene_name:AFP1
Q9LSA6	gene_name:PUB29
Q9LT22	gene_name:At3g19870
Q9LXX7	gene_name:CYP94D2
Q9LXY6	gene_name:SCPL53
Q9LY31	gene_name:F27H5_130
Q9LYR6	gene_name:NPF6.1
Q9LZ39	gene_name:CAND6
Q9M1I7	gene_name:NPR6
Q9M2R0	gene_name:FTIP3
Q9SAD4	gene_name:ESR1
Q9SAG1	gene_name:At1g80990
Q9SCK1	gene_name:LSU1
Q9SCW1	gene_name:BGAL1
Q9SD12	gene_name:PP2C46
Q9SF22	gene_name:F26K24.5
Q9SGH8	gene_name:At3g01400
Q9SGP3	gene_name:AGL58
Q9SM23	gene_name:ACBP1
Q9SRZ2	gene_name:At1g66000
Q9STQ0	gene_name:At4g26350
Q9SUB4	gene_name:ACA6
Q9SX52	gene_name:FYPP1
Q9SYZ4	gene_name:SWIB3
Q9ZSJ7	gene_name:PMP
Q9ZVA3	gene_name:At1g78840
Q9ZVE8	gene_name:At2g01580
A0A1P8AY32	gene_name:At2g11205
A0A1P8B041	gene_name:EDA18
A0A1P8B8L5	gene_name:FL4
A0A1P8BGF2	gene_name:At5g04395
A8MQW2	gene_name:At5g36520
A8MR46	gene_name:GASA13
B3H5Y6	gene_name:At2g11773
B3H646	gene_name:At4g14226
B3H714	gene_name:At3g49115
B6EXY6	gene_name:BAS
F4HPF1	gene_name:SBT3.4
F4I1K8	gene_name:At1g36095
F4IFA9	gene_name:At2g04690
F4IME8	gene_name:NAC036
F4IV52	gene_name:At2g04115
F4IWK8	gene_name:At3g27600
F4J6D3	gene_name:At3g17680
F4JF82	gene_name:At3g55020
F4JKK8	gene_name:At4g34140
F4KBG4	gene_name:At5g28950
O22149	gene_name:PME17
O22218	gene_name:ACA4
O22699	gene_name:At1g60590
O22802	gene_name:CYSTM7
O23100	gene_name:APRR8
O23628	gene_name:H2AV
O64619	gene_name:At2g18890
O65154	gene_name:KIWI
O80734	gene_name:At2g46900
P58047	gene_name:CYP71A28
Q0WRA3	gene_name:ATE1
Q147P9	gene_name:At5g10050
Q1G3Z2	gene_name:At1g51913
Q1PE40	gene_name:PIP1
Q1PEB4	gene_name:At4g04980
Q2HIG9	gene_name:At5g59000
Q3E7G4	gene_name:At3g42786
Q3E8L0	gene_name:GDU7
Q3EAI1	gene_name:BHLH60
Q681X4	gene_name:ZAT5
Q6IDC0	gene_name:At3g45900
Q7Y208	gene_name:GDPDL1
Q84JJ0	gene_name:At3g44940
Q84K25	gene_name:COG8
Q84RK6	gene_name:At2g29930
Q84VZ1	gene_name:FHY1
Q8GUM0	gene_name:OFUT11
Q8GWW4	gene_name:GUX2
Q8GYI5	gene_name:At4g02425
Q8GYS1	gene_name:At4g38730
Q8GYX8	gene_name:ATJ10
Q8LF21	gene_name:DRP1C
Q8LPI9	gene_name:PAI3
Q8RWE9	gene_name:NAT5
Q8S8D3	gene_name:EREL2
Q8VZU4	gene_name:RPL2-C
Q8W109	gene_name:MDF20.4
Q8W4G3	gene_name:DTX46
Q93VI4	gene_name:PABN1
Q93ZJ9	gene_name:MLN51
Q945P6	gene_name:O3L6
Q94BR2	gene_name:AILP1
Q94BZ1	gene_name:ZIFL1
Q94CD4	gene_name:GILP
Q9C555	gene_name:T12O21.13
Q9C680	gene_name:PI4KA2
Q9C758	gene_name:TCP24
Q9CAN8	gene_name:LPCAT2
Q9CAP4	gene_name:ERF013
Q9FFK8	gene_name:NFXL2
Q9FID7	gene_name:MXF12.3
Q9FIT8	gene_name:AGD1
Q9FKV1	gene_name:ANTR5
Q9FL16	gene_name:PER63
Q9FL25	gene_name:TPK2
Q9LDU6	gene_name:DWF5
Q9LE22	gene_name:CML27
Q9LE42	gene_name:HAC5
Q9LHL5	gene_name:RGTB2
Q9LIE7	gene_name:PCMP-E95
Q9LIP9	gene_name:GFAT1
Q9LK28	gene_name:AITR1
Q9LTT8	gene_name:VCS
Q9LU28	gene_name:TRM2A
Q9M2Z1	gene_name:BAM2
Q9M9T1	gene_name:At1g14310
Q9MAH3	gene_name:DJ1B
Q9S7S3	gene_name:M17
Q9S7W4	gene_name:F17A17.6
Q9SCS7	gene_name:HR3
Q9SI96	gene_name:At2g28720
Q9SJ31	gene_name:At2g05310
Q9SJ42	gene_name:At2g05140
Q9SJA3	gene_name:At2g24620
Q9SRQ2	gene_name:CHAT
Q9SSQ4	gene_name:FRS6
Q9T0I1	gene_name:MET3
Q9ZR02	gene_name:CML6
Q9ZUT9	gene_name:RPS5A
Q9ZW27	gene_name:GSTU4
A0A1P8ASS6	gene_name:At1g36325
A0A1P8B096	gene_name:At2g17050
A8MQJ4	gene_name:At1g36078
A8MS81	gene_name:At4g33130
B3H503	gene_name:At2g44198
F4HPT8	gene_name:At1g53285
F4I671	gene_name:At1g23450
F4IWJ4	gene_name:At3g27480
F4J0D0	gene_name:At3g28680
F4JNM2	gene_name:ISTL4
F4JNX4	gene_name:At4g36000
F4JSP7	gene_name:At4g31570
F4JYY5	gene_name:MUF9.14
F4KFW5	gene_name:MYH19.70
O22199	gene_name:PI4KG1
O48724	gene_name:WEB1
O49652	gene_name:CYP706A2
O65638	gene_name:At4g36010
O81147	gene_name:PAA2
P0DO23	gene_name:CP2
P34790	gene_name:CYP18-3
P60129	gene_name:psbL
P92965	gene_name:RS40
Q02972	gene_name:CAD8
Q1G3K7	gene_name:PRA1C
Q39061	gene_name:CP33
Q3E7K7	gene_name:At4g22280
Q3EDK2	gene_name:At1g02710
Q4PSE8	gene_name:At5g24940
Q4V3B4	gene_name:At3g49350
Q56Y11	gene_name:At5g58770
Q5Q0B1	gene_name:At4g39360
Q5S4V8	gene_name:At2g38823
Q5XVA1	gene_name:At3g56870
Q67XI5	gene_name:At4g20030
Q683K3	gene_name:At4g21460
Q6DBG8	gene_name:ARAD1
Q6NKS1	gene_name:At5g01700
Q7Y030	gene_name:OFUT31
Q84K50	gene_name:TRM61
Q84WV7	gene_name:At3g58600
Q8GUK6	gene_name:PIS2
Q8GW38	gene_name:ATL47
Q8L828	gene_name:At3g15980
Q8L9Y2	gene_name:ELP6
Q8LE94	gene_name:At3g02290
Q8LF48	gene_name:KAT1
Q8S8D0	gene_name:At2g20515
Q93VT9	gene_name:RPL10A
Q93Y01	gene_name:UBP9
Q944N8	gene_name:ENT6
Q949Z1	gene_name:At1g48100
Q9C5K6	gene_name:At1g34150
Q9C654	gene_name:PUP23
Q9C6C2	gene_name:ATRPAC42
Q9C7S1	gene_name:FH12
Q9C8P0	gene_name:EMB3003
Q9C9L5	gene_name:WAKL9
Q9CAS1	gene_name:TRX8
Q9FFL6	gene_name:MIK22.18
Q9FG08	gene_name:ATXR4
Q9FGQ7	gene_name:CYCD3-2
Q9FHS0	gene_name:NF-YC13
Q9FIY1	gene_name:PLP4
Q9FJ45	gene_name:At5g45910
Q9FJF4	gene_name:MBD7
Q9FLU5	gene_name:HIPP09
Q9FML3	gene_name:MDC12.6
Q9FMN8	gene_name:MXC9.22
Q9FRI0	gene_name:MEE8
Q9LDV7	gene_name:At4g11550
Q9LJW2	gene_name:CRRSP13
Q9LN67	gene_name:At1g19310
Q9LQA9	gene_name:At1g69100
Q9LRK1	gene_name:CRRSP36
Q9LTH4	gene_name:BOA
Q9LUI9	gene_name:At3g22720
Q9LVG7	gene_name:MGO3.5
Q9LVS3	gene_name:At5g47360
Q9M0I2	gene_name:EXPB3
Q9M250	gene_name:F7M19_120
Q9M4A2	gene_name:SPO11-1
Q9M8M1	gene_name:At1g80530
Q9S7A0	gene_name:GSH3
Q9S7W5	gene_name:TCP13
Q9SCU0	gene_name:SDR2a
Q9SFV6	gene_name:FHA1
Q9SGN7	gene_name:At1g28390
Q9SHV5	gene_name:At2g01920
Q9SIZ2	gene_name:At2g40290
Q9SJ66	gene_name:SPP2
Q9SLG9	gene_name:PIP5K5
Q9SQU4	gene_name:At3g06410
Q9SRQ5	gene_name:At3g03510
Q9SS48	gene_name:SDP6
Q9STV7	gene_name:PROS
Q9SUN7	gene_name:At4g20420
Q9SYU4	gene_name:PEX10
Q9SZC9	gene_name:PAA1
Q9XJ27	gene_name:RPS9
A0A1I9LQG9	gene_name:At3g29280
A0A1I9LRR3	gene_name:At3g60975
A0A1P8APV4	gene_name:AT1G24570.2
A0JQ16	gene_name:At1g67060
A8MQ79	gene_name:At3g48209
A8MQ92	gene_name:RALFL2
A8MS19	gene_name:At3g29639
B3H5F1	gene_name:At2g46567
B3H5U3	gene_name:At3g30705
B3H6C8	gene_name:At2g34224
C0LGE0	gene_name:At1g07650
F4IP61	gene_name:At2g42640
F4ISG1	gene_name:At2g19260
F4IYD1	gene_name:At3g01030
F4J810	gene_name:At3g46350
F4JEP8	gene_name:KNO1
F4JIF2	gene_name:At4g14746
F4JK17	gene_name:At4g09520
F4JNU8	gene_name:P4H8
F4JWA1	gene_name:At5g04460
F4K0H9	gene_name:BZIP70
F4K5D9	gene_name:MAC12.10
F4KEM0	gene_name:At5g45720
F4KFY2	gene_name:MUD12.50
F4KIL7	gene_name:At5g25030
O22159	gene_name:At2g44930
O23038	gene_name:PME8
O49558	gene_name:At4g21170
O64866	gene_name:At2g44310
O80667	gene_name:At2g41200
O81064	gene_name:PBL37
O82339	gene_name:CRF5
P93048	gene_name:OEP91
P93308	gene_name:At2g07776
P93741	gene_name:At2g42060
Q1G3F8	gene_name:At5g16486
Q1G3W7	gene_name:At1g06923
Q1PE44	gene_name:At4g27660
Q39224	gene_name:SRG1
Q3E713	gene_name:At5g28615
Q3E7C7	gene_name:At3g16895
Q3E931	gene_name:At5g26640
Q3EB28	gene_name:At3g21680
Q3ED65	gene_name:MENG
Q42512	gene_name:COR15A
Q4V3C5	gene_name:TPXL3
Q56XY2	gene_name:QQT1
Q5XV71	gene_name:At4g27510
Q66GP7	gene_name:At1g13130
Q6NLV0	gene_name:HSP14.7
Q84JF0	gene_name:APK4
Q8L733	gene_name:At4g12130
Q8L7N4	gene_name:SP1
Q8LC94	gene_name:At4g23493
Q8W464	gene_name:At5g20180
Q93YS6	gene_name:GTE9
Q940A6	gene_name:At4g19440
Q94K10	gene_name:At1g04230
Q9C683	gene_name:At1g51080
Q9C6C1	gene_name:F23C21.4
Q9C744	gene_name:DELTA-ADR
Q9CAA8	gene_name:PCMP-H22
Q9CAX7	gene_name:F24K9.17
Q9FFG3	gene_name:MOP10.6
Q9FFH1	gene_name:RLT2
Q9FG86	gene_name:MQD19.12
Q9FH31	gene_name:SESA5
Q9FHC3	gene_name:At5g52370
Q9FIW6	gene_name:AGL98
Q9FJJ3	gene_name:SRO5
Q9FLW9	gene_name:PKP2
Q9FM04	gene_name:At5g62930
Q9FM64	gene_name:CRR21
Q9FTA2	gene_name:TCP21
Q9FYH1	gene_name:HAC2
Q9FYL2	gene_name:BCP1
Q9LH74	gene_name:MSL5
Q9LIR0	gene_name:At3g23970
Q9LPX2	gene_name:At1g12775
Q9LR83	gene_name:At1g03390
Q9LSZ5	gene_name:MQM1.2
Q9LT76	gene_name:At3g19410
Q9LTZ4	gene_name:At3g27350
Q9LVW3	gene_name:A3G2XYLT
Q9LYP6	gene_name:ATS3
Q9LYU2	gene_name:T31B5_160
Q9LYY8	gene_name:At5g02970
Q9M2B4	gene_name:AL3
Q9M9F1	gene_name:GSTU23
Q9SFU0	gene_name:SEC24A
Q9SH14	gene_name:MUB5
Q9SQT5	gene_name:At3g06320
Q9STT2	gene_name:VPS29
Q9SUK6	gene_name:dl4420c
Q9SVN4	gene_name:SAUR25
Q9SZ83	gene_name:At4g09670
Q9T0C6	gene_name:At4g11580
Q9XH28	gene_name:At4g07670
Q9ZVR2	gene_name:At2g02290
Q9ZWS9	gene_name:ARR3
A0A1P8AMH3	gene_name:At1g18180
A0A1P8ANB5	gene_name:At1g28080
A0A1P8AQ71	gene_name:At1g09890
A0A1P8AYE6	gene_name:At2g35555
A7REC9	gene_name:At1g57777
B3H7G7	gene_name:At3g16712
B7ZWR9	gene_name:At3g20350
C8KI33	gene_name:SUV2
F4HVX7	gene_name:At1g02190
F4I065	gene_name:At1g49100
F4I9K0	gene_name:At1g51530
F4IMB4	gene_name:At2g07798
F4IU00	gene_name:At2g38900
F4J0B7	gene_name:At3g28570
F4JA79	gene_name:At3g32160
F4JDE3	gene_name:At3g13590
F4JGB7	gene_name:At4g04260
F4JQT8	gene_name:At4g18310
F4JW68	gene_name:FLZ7
F4JY84	gene_name:TCX7
F4K4L7	gene_name:TAF4B
F4K732	gene_name:At5g28310
F4K804	gene_name:BPP3
F4KB73	gene_name:At5g15680
F4KJ55	gene_name:At5g59400
O04319	gene_name:PAB6
O23063	gene_name:At4g00390
O23207	gene_name:At4g36750
O65201	gene_name:ACX2
O80939	gene_name:LECRK41
O81850	gene_name:IRT2
O81878	gene_name:At4g33610
O82233	gene_name:EIF(ISO)4G2
P21216	gene_name:PPA2
P42760	gene_name:GSTF6
P49243	gene_name:At1g62640
P56755	gene_name:ndhI
P58050	gene_name:CYP71B13
P60497	gene_name:ND6
P93005	gene_name:PCMP-E19
P93047	gene_name:HMGB3
Q1G367	gene_name:At5g65005
Q1G3S5	gene_name:At2g03821
Q27IK7	gene_name:KIN12C
Q2V3Y1	gene_name:At3g05741
Q2V492	gene_name:At2g07669
Q3E8F8	gene_name:At5g46295
Q3EAY3	gene_name:At3g28530
Q494Q2	gene_name:HPAT2
Q6NMH7	gene_name:At2g30820
Q7X7A9	gene_name:At1g11270
Q84JS5	gene_name:USP
Q84M96	gene_name:AGD2
Q8GXS3	gene_name:CFIS2
Q8GY81	gene_name:At1g16900/F17F16_15
Q8L4Y5	gene_name:ARP7
Q8L940	gene_name:PDX13
Q8LE92	gene_name:PSY2
Q8LG53	gene_name:At1g18010
Q8VZC3	gene_name:ALDH12A1
Q93Y23	gene_name:FMOGS-OX4
Q94BR4	gene_name:PRP19A
Q9C8Q1	gene_name:At1g35500
Q9C9C8	gene_name:MYB122
Q9FJF6	gene_name:SAUR23
Q9FJL1	gene_name:At5g48590
Q9FKI0	gene_name:FIM5
Q9FKJ1	gene_name:At5g60560
Q9FLI7	gene_name:NEET
Q9FLL3	gene_name:At5g41170
Q9FMS3	gene_name:At5g22280
Q9LEV6	gene_name:At5g10830
Q9LJL6	gene_name:ATL62
Q9LMQ8	gene_name:At1g15760
Q9LSQ5	gene_name:FQR1
Q9LTU7	gene_name:At3g13229
Q9LU80	gene_name:At3g26100
Q9LVZ3	gene_name:ADS3.2
Q9LY34	gene_name:F27H5_100
Q9M0I1	gene_name:At4g28260
Q9M1K6	gene_name:F18P9_150
Q9M1Q1	gene_name:At3g62230
Q9M1X8	gene_name:F24G16.250
Q9M366	gene_name:MCTP12
Q9M8T0	gene_name:At3g02880
Q9M8W5	gene_name:SIP1-1
Q9M9S3	gene_name:WHY1
Q9SAI2	gene_name:CAF1-6
Q9SCK2	gene_name:LSU3
Q9SGS4	gene_name:CDSP32
Q9STV3	gene_name:At4g24410
Q9SU50	gene_name:TRE1
Q9SU92	gene_name:At4g29530
Q9SUI4	gene_name:PSAL
Q9SV81	gene_name:F24G24.210
Q9SVG0	gene_name:AVT3C
Q9T0J0	gene_name:At4g38820
Q9ZPE9	gene_name:APRL6
Q9ZQI2	gene_name:CASP3
Q9ZUX6	gene_name:At2g27750
A0A1P8AP64	gene_name:At1g70720
A0A1P8B280	gene_name:At2g07632
A0A1P8BCM5	gene_name:At5g05310
A8MQY1	gene_name:NAC68
A8MRI8	gene_name:At4g12825
B3H440	gene_name:At2g16016
B3H489	gene_name:At4g24204
B3H544	gene_name:At5g13660
B3LFC1	gene_name:At3g27970
C0LGH3	gene_name:At1g56140
F4HYF4	gene_name:At1g48430
F4I1E4	gene_name:At1g22510
F4I2I5	gene_name:GBPL1
F4I7K3	gene_name:TRFL3
F4IAE9	gene_name:At1g05910
F4IXJ0	gene_name:PWWP3
F4JJG0	gene_name:DL3680C
F4JQL6	gene_name:At4g12334
F4JWM0	gene_name:DSC2
O22197	gene_name:RHC1A
O81002	gene_name:BZIP6
O81483	gene_name:M10
O81876	gene_name:At4g33590
O82219	gene_name:At2g23910
P0DI79	gene_name:At3g28300
P17562	gene_name:SAM2
P29402	gene_name:CNX1
P41377	gene_name:TIF4A-2
P42497	gene_name:PHYD
P82805	gene_name:TOM20-4
P92997	gene_name:GLP6
Q0WRJ7	gene_name:FKBP20-2
Q2V3K9	gene_name:At4g08039
Q2V4G9	gene_name:At1g54445
Q42560	gene_name:ACO1
Q67YE6	gene_name:SAP12
Q6NMM1	gene_name:GOT1
Q8GUQ8	gene_name:XDH1
Q8GW24	gene_name:MTI20.17
Q8H0Y1	gene_name:OEP24B
Q8H1F1	gene_name:At3g15160
Q8L4B0	gene_name:GAUT15
Q8L7S7	gene_name:DL3215C
Q8LPK4	gene_name:ALPHAC-AD
Q8S8J1	gene_name:At2g07738
Q8VYX0	gene_name:ILL6
Q93ZT5	gene_name:EDL3
Q940G6	gene_name:GID1C
Q9FDX9	gene_name:GG1
Q9FFU2	gene_name:MBG8.15
Q9FG81	gene_name:MQD19.19
Q9FGN6	gene_name:MOL1
Q9FKM9	gene_name:MSI17.60
Q9FKQ8	gene_name:MNA5.1
Q9FLN0	gene_name:GLIP1
Q9FLV9	gene_name:SLAH3
Q9FMN2	gene_name:PAH2
Q9FN36	gene_name:At5g53900
Q9FNY8	gene_name:nimin-1b
Q9FPS0	gene_name:UBP27
Q9FRH3	gene_name:At1g25240
Q9FYG2	gene_name:CAMTA4
Q9FZF8	gene_name:At1g47790
Q9LES0	gene_name:T8M16_210
Q9LHB1	gene_name:FDM3
Q9LHK9	gene_name:MJI6.21
Q9LIB3	gene_name:BAG1
Q9LIL4	gene_name:At3g22845
Q9LM69	gene_name:ATL80
Q9LMF1	gene_name:UGT85A3
Q9LN94	gene_name:EXPA7
Q9LR44	gene_name:UGT75B1
Q9LR75	gene_name:CPX1
Q9LSS8	gene_name:APUM19
Q9LXD8	gene_name:HEC3
Q9LXE4	gene_name:F8M21_280
Q9LYS9	gene_name:At3g59070
Q9LZ36	gene_name:At5g02660
Q9M011	gene_name:F7A7.17
Q9M1J7	gene_name:SSL8
Q9M9Y6	gene_name:NRPC7
Q9MAT2	gene_name:PCMP-H64
Q9MBH1	gene_name:AIG2C
Q9S9U3	gene_name:RLP53
Q9SCK5	gene_name:T9C5.130
Q9SFE0	gene_name:At1g21950
Q9SGI7	gene_name:LYK2
Q9SKE3	gene_name:At2g46360
Q9SMS8	gene_name:At4g09260
Q9SN12	gene_name:MYB77
Q9SN41	gene_name:At4g18720
Q9SPG6	gene_name:MYB49
Q9SSB5	gene_name:RPT1A
Q9SY02	gene_name:PCMP-H24
Q9SZ98	gene_name:At4g09830
Q9ZQR6	gene_name:At2g14540
Q9ZUM1	gene_name:At2g02170
Q9ZUZ6	gene_name:WTF9
Q9ZV51	gene_name:ATL56
Q9ZW75	gene_name:At2g43200
A0A1I9LLN1	gene_name:At3g05935
A0A1P8APD7	gene_name:At1g73350
A0A1P8AQ63	gene_name:At1g50820
A0A1P8B630	gene_name:At4g00163
A8MRF5	gene_name:At5g36500
B3H6V6	gene_name:At2g11271
F4HTE0	gene_name:At1g53880
F4HTV4	gene_name:RLP14
F4I5S1	gene_name:At1g04700
F4I7D2	gene_name:FRG5
F4ID71	gene_name:At1g66045
F4IMD9	gene_name:At2g16990
F4J0R7	gene_name:At3g56730
F4J4C0	gene_name:At3g44970
F4J9Z7	gene_name:At3g19055
F4JV88	gene_name:At4g39060
F4JZW1	gene_name:PBL13
F4K4X2	gene_name:MDF20.1
F4K5N0	gene_name:At5g20790
F4KCE9	gene_name:KNL2
O22160	gene_name:At2g44920
O48848	gene_name:GRP23
O49298	gene_name:PME6
O65507	gene_name:At4g36150
O80337	gene_name:ERF1A
O80638	gene_name:At2g39510
O80755	gene_name:At1g60340
O80884	gene_name:At2g32470
O81893	gene_name:ITPK2
O82756	gene_name:RBL7
P0C041	gene_name:ATL53
P0CZ22	gene_name:MRS2-8
P49062	gene_name:PGA3
P49294	gene_name:HEMA2
P82621	gene_name:SCRL2
P82728	gene_name:LCR13
Q0V7U5	gene_name:At1g36070
Q0WPF2	gene_name:PCFS4
Q0WV37	gene_name:HIPP34
Q1PFG4	gene_name:CYP702A1
Q3EAM7	gene_name:At3g48675
Q4PSP2	gene_name:ISTL11
Q5XV54	gene_name:At4g39790
Q8H106	gene_name:PTEN2B
Q8L7U7	gene_name:At4g39670
Q8LAM0	gene_name:UBP4
Q8RWU5	gene_name:FBL3
Q8RXN5	gene_name:TYW1
Q8VZD5	gene_name:ASK5
Q8VZR7	gene_name:NPF5.1
Q8W576	gene_name:At1g61065
Q93YP7	gene_name:PPT1
Q949N0	gene_name:NAC053
Q94BX2	gene_name:At3g50910
Q94F28	gene_name:At1g27435
Q94K71	gene_name:CBBY
Q96529	gene_name:PURA
Q96533	gene_name:ADH2
Q9C989	gene_name:SAG18
Q9FG06	gene_name:EXT10
Q9FHY2	gene_name:MJC20.11
Q9FJ40	gene_name:At5g45960
Q9FLD8	gene_name:At5g39980
Q9FLR9	gene_name:MBK20.5
Q9FM08	gene_name:At5g62860/MQB2_160
Q9LE56	gene_name:LTPG3
Q9LFN1	gene_name:BURNOUT1
Q9LFR5	gene_name:At5g14900
Q9LHL8	gene_name:T21B14.22
Q9LID1	gene_name:At3g13680
Q9LK77	gene_name:At5g48370
Q9LMX5	gene_name:AFP2
Q9LS84	gene_name:At3g23080
Q9LS94	gene_name:RABG3F
Q9LSW2	gene_name:ARP9
Q9LUD7	gene_name:CALS8
Q9LY10	gene_name:GRP18
Q9LYK8	gene_name:MSD2
Q9LZJ1	gene_name:BGLU7
Q9M160	gene_name:At4g00950
Q9M810	gene_name:F9I5.13
Q9S7Y7	gene_name:XYL1
Q9SB67	gene_name:NRT3.2
Q9SCK4	gene_name:T9C5.140
Q9SF33	gene_name:TIM14-2
Q9SHT8	gene_name:At2g05360
Q9SHZ8	gene_name:PCMP-H41
Q9SJT1	gene_name:SAE2
Q9SN79	gene_name:F1P2.140
Q9SPG3	gene_name:MYB26
Q9SSW0	gene_name:AZF3
Q9SY59	gene_name:NFXL1
Q9T0E4	gene_name:At4g11770
Q9XI62	gene_name:APY3
Q9ZQQ1	gene_name:At2g35790
Q9ZQR3	gene_name:At2g14510
Q9ZSI4	gene_name:MYB55
Q9ZUC2	gene_name:BCA3
Q9ZUT8	gene_name:ABCG33
X5JA13	gene_name:SEC10a
A0A1I9LN94	gene_name:At3g06770
A0A1I9LQL9	gene_name:At3g57787
A0A1P8B144	gene_name:At2g14945
A0A1P8B1C2	gene_name:BPP4
A0A1P8B952	gene_name:MRB1
A0A1P8BD38	gene_name:At5g44063
A0A1P8BHC5	gene_name:At5g46825
F4HSS7	gene_name:At1g20405
F4HZF0	gene_name:KIN14H
F4I261	gene_name:At1g69526
F4I4K7	gene_name:FRO3
F4I957	gene_name:At1g24159
F4IHR4	gene_name:ACA2
F4IPJ1	gene_name:TRA1A
F4IR78	gene_name:At2g02550
F4IUY8	gene_name:SAC3A
F4IXL0	gene_name:At3g21450
F4JCM7	gene_name:At3g33530
F4K5P3	gene_name:At5g27800
F4KDA5	gene_name:OCT1
F4KDK1	gene_name:MCK7.7
F4KG06	gene_name:MCL19.5
F4KJ04	gene_name:ATL96
O04632	gene_name:F2P16.19
O22784	gene_name:PDLP3
O48626	gene_name:ZW10
O64861	gene_name:At2g44260
O65607	gene_name:MSH3
O81315	gene_name:EDA34
O82637	gene_name:At4g32950
P04778	gene_name:LHCB1.3
P0DKI5	gene_name:PUX16
P0DKJ0	gene_name:miPEP160b
P51413	gene_name:RPL17B
Q1ECJ5	gene_name:At1g60240
Q29PY0	gene_name:At1g01225
Q38831	gene_name:IAA13
Q39204	gene_name:MYC2
Q3E8Q0	gene_name:At5g34883
Q42438	gene_name:CPK8
Q56XP4	gene_name:NHX2
Q6IM87	gene_name:DVL14
Q6Q1P4	gene_name:SMC1
Q84JK0	gene_name:At2g28240
Q84W04	gene_name:At1g12390
Q8GWE6	gene_name:EER5
Q8L8Y4	gene_name:At3g50550
Q8LFC0	gene_name:IDH1
Q8RX60	gene_name:At1g79720
Q8S944	gene_name:DRP3A
Q8VYF4	gene_name:GATL7
Q8VZF4	gene_name:ZRK3
Q8VZS3	gene_name:HHO2
Q8W4C5	gene_name:At1g77480
Q9C550	gene_name:IPMS2
Q9C7K2	gene_name:At1g56270
Q9C8R5	gene_name:At1g30060
Q9FE17	gene_name:SRT1
Q9FEP7	gene_name:SULTR1;3
Q9FGZ0	gene_name:At5g49560
Q9FK25	gene_name:OMT1
Q9FNQ6	gene_name:MAF19.21
Q9FPH2	gene_name:FIP
Q9FRK8	gene_name:At1g75170
Q9LDS0	gene_name:MGH6.16
Q9LES2	gene_name:UBA2A
Q9LJR2	gene_name:LEC
Q9LNB6	gene_name:HOP1
Q9LNH6	gene_name:NPSN12
Q9LQZ2	gene_name:DREB2D
Q9LSE1	gene_name:CDG1
Q9LV98	gene_name:MXK3.1
Q9LVF4	gene_name:DMP1
Q9LVN2	gene_name:At5g58150
Q9LY04	gene_name:T5P19_10
Q9LY18	gene_name:PME49
Q9LYC5	gene_name:GRXC14
Q9LZP8	gene_name:BZIP53
Q9M097	gene_name:At4g30630
Q9M9W8	gene_name:PLPZETA2
Q9MAG4	gene_name:At1g53380
Q9MBH2	gene_name:AIG2B
Q9SGY2	gene_name:ACLA-1
Q9SHJ6	gene_name:PMD2
Q9SL95	gene_name:MOT1
Q9SLT8	gene_name:ZCW7
Q9SMT2	gene_name:T2J13.220
Q9SR18	gene_name:At3g04560
Q9SR73	gene_name:RPS28A
Q9SRM5	gene_name:CPRD49
Q9SUH2	gene_name:At4g30740
Q9SYZ8	gene_name:At4g34330
Q9SZV0	gene_name:RNC1
Q9ZTP3	gene_name:EIN4
Q9ZU70	gene_name:ATHB-21
Q9ZUE9	gene_name:At2g06000
Q9ZUF6	gene_name:SBT1.8
Q9ZUS0	gene_name:At2g37470
Q9ZV36	gene_name:UXS6
Q9ZW21	gene_name:At2g29380
A0A178U9T0	gene_name:PROSCOOP16
A0A1I9LN13	gene_name:At3g58720
A0A1P8B118	gene_name:At2g03140
A8MS01	gene_name:At5g01470
C0SUW7	gene_name:ARID6
F4HR54	gene_name:At1g27180
F4HTN4	gene_name:At1g67570
F4I6G9	gene_name:CTPS1
F4J4V4	gene_name:TPR10
F4J8R4	gene_name:ILR2
F4JGI4	gene_name:At4g05632
F4JIN3	gene_name:ERDJ2B
F4JNI3	gene_name:At4g23340
F4JTM0	gene_name:At4g38260
F4K495	gene_name:MOB2A
F4K9N6	gene_name:At5g08270
O04191	gene_name:At2g39870
O22256	gene_name:PME20
O22698	gene_name:At1g60570
O23504	gene_name:dl4330c
O49323	gene_name:CSLD1
O80341	gene_name:ERF5
O80996	gene_name:BRIZ2
P0DH93	gene_name:VHA-c3
P27521	gene_name:LHCA4
P29516	gene_name:TUBB8
P49209	gene_name:RPL9B
P56751	gene_name:ndhC
P56806	gene_name:rps16
Q05431	gene_name:APX1
Q06BH3	gene_name:SRF1
Q1G3R8	gene_name:At2g40711
Q1G3U1	gene_name:At1g24147
Q1PE83	gene_name:DL3180W
Q1PEH0	gene_name:At3g49460
Q1PEW8	gene_name:At2g35280
Q1PFB1	gene_name:At2g01560
Q3EA33	gene_name:SAP8
Q3EC41	gene_name:At2g07787
Q42533	gene_name:BCCP1
Q4PS45	gene_name:At1g14260
Q4PSK6	gene_name:At3g58290
Q58G02	gene_name:At2g30615
Q5G5E0	gene_name:PIRL5
Q5PP70	gene_name:At5g44450
Q682E1	gene_name:At2g38580
Q6NKS4	gene_name:LIL3.2
Q6NKT5	gene_name:ROPGAP5
Q7Y0S0	gene_name:URED
Q84WU1	gene_name:TRL
Q8GUK5	gene_name:At3g05625
Q8L742	gene_name:CUAO
Q8L9N8	gene_name:MKN22.3
Q8LC42	gene_name:At1g05430
Q8LD43	gene_name:AGP40
Q8RXX5	gene_name:At5g47190
Q8VYD8	gene_name:ORLIKE
Q8VZ13	gene_name:At1g08160
Q93ZX7	gene_name:GAUT4
Q94BV1	gene_name:At5g54145
Q94K76	gene_name:At5g18470
Q9C7C4	gene_name:EML1
Q9C7W0	gene_name:SAQR
Q9C965	gene_name:At1g80400
Q9FHN5	gene_name:PME59
Q9FHR3	gene_name:PCMP-E37
Q9FM19	gene_name:HIR1
Q9FM60	gene_name:MDF20.23
Q9FNK4	gene_name:DELTA-OAT
Q9LFC1	gene_name:At5g01150
Q9LKA9	gene_name:B3GALT13
Q9LPC5	gene_name:BIG3
Q9LQC0	gene_name:HO4
Q9LSN1	gene_name:At3g17160
Q9LUZ1	gene_name:MZN1.11
Q9LX34	gene_name:CCaP3
Q9LY56	gene_name:At3g55890
Q9M082	gene_name:At4g31520
Q9M0P3	gene_name:UGT79B7
Q9M170	gene_name:T6D9_60
Q9M391	gene_name:At3g54130
Q9MA49	gene_name:JAL2
Q9SAI9	gene_name:At1g80690
Q9SCL2	gene_name:At3g49450
Q9SHD1	gene_name:EXPB4
Q9SJ78	gene_name:At2g04810
Q9SJA9	gene_name:At2g24560
Q9SLV3	gene_name:ZW9
Q9SMM5	gene_name:SWEET11
Q9SN86	gene_name:At3g47520
Q9SNB8	gene_name:SCL30
Q9SNC4	gene_name:F12A12.60
Q9SS86	gene_name:At3g01760
Q9STK7	gene_name:CYP71A26
Q9SUF1	gene_name:At4g08290
Q9SZL6	gene_name:MTERF6
Q9XIK6	gene_name:SNL6
Q9ZU07	gene_name:CYP71B12
Q9ZUM0	gene_name:At2g02160
Q9ZVR3	gene_name:PP2B4
A0A178W4U6	gene_name:At1g16225
A0A1I9LN71	gene_name:At3g46190
A0A1I9LTS9	gene_name:At3g29645
A0A1P8APT0	gene_name:At1g07902
A0A1P8AV59	gene_name:At1g02705
A0A1R7T3I1	gene_name:At5g07545
B3H498	gene_name:At2g04378
F4IME9	gene_name:At2g17043
F4IR95	gene_name:At2g02690
F4IUR7	gene_name:At2g32870
F4J1N5	gene_name:TIF3C2
F4J6Y4	gene_name:At3g52510
F4JDY6	gene_name:At3g48400
F4JGC5	gene_name:At4g04360
F4JTB3	gene_name:DTX35
F4K172	gene_name:At5g19580
O23514	gene_name:dl4380w
O49841	gene_name:RABC2A
O80641	gene_name:At2g39540
O81069	gene_name:At2g28990
O81433	gene_name:ISU3
P0CC32	gene_name:ndhB1
P23586	gene_name:STP1
P30182	gene_name:TOP2
P37106	gene_name:SRP-54A
P42158	gene_name:CKL1
P52410	gene_name:KAS1
P59169	gene_name:HTR4
P59467	gene_name:LBD23
P92529	gene_name:AtMg00920
Q0WP44	gene_name:HST1
Q0WRB2	gene_name:PPC6-7
Q0WUQ7	gene_name:At4g29490
Q1PDT4	gene_name:At5g25970
Q2V3A8	gene_name:At5g01881
Q3E9E2	gene_name:At5g18720
Q5S4V1	gene_name:At3g09110
Q6DSS7	gene_name:At2g10608
Q6IM86	gene_name:DVL15
Q6NM26	gene_name:DI19-6
Q6R8G5	gene_name:PHO1-H5
Q7XHI5	gene_name:BHLH133
Q84M91	gene_name:TAN
Q8GW25	gene_name:At4g10110
Q8GWT1	gene_name:GAUT14
Q8GXW8	gene_name:At1g04780
Q8GYJ5	gene_name:At4g22900
Q8GZ10	gene_name:At2g40095
Q8H0T6	gene_name:PPT2
Q8L7W3	gene_name:At2g29210
Q8LBF1	gene_name:At1g18470
Q8LC45	gene_name:XTH33
Q8LDU4	gene_name:RCCR
Q8LE98	gene_name:ICR1
Q8RWM6	gene_name:At1g21900
Q8VY52	gene_name:PPD2
Q8VYT5	gene_name:At5g07670
Q8VZ65	gene_name:At1g67785
Q8W030	gene_name:WIP4
Q944G5	gene_name:NPF2.10
Q94JV1	gene_name:At1g69340
Q9C5C8	gene_name:MSRB2
Q9C8J4	gene_name:SPP1
Q9C8S1	gene_name:At1g29980
Q9C9V2	gene_name:At1g67860
Q9FF58	gene_name:At5g60610
Q9FF78	gene_name:PME46
Q9FG01	gene_name:ATO
Q9FHY0	gene_name:RPN12B
Q9FIT7	gene_name:At5g61990
Q9FJG6	gene_name:MCM23.2
Q9FK46	gene_name:MRG7.21
Q9FM77	gene_name:MDF20.5
Q9FX53	gene_name:GT-1
Q9LDE1	gene_name:MYB108
Q9LFJ8	gene_name:UGT78D2
Q9LQ96	gene_name:At1g01630
Q9LRX9	gene_name:At3g24820
Q9LSS4	gene_name:TET4
Q9LTE4	gene_name:HIPP11
Q9LU07	gene_name:At5g44590
Q9LXR8	gene_name:PMD1
Q9LXS2	gene_name:T20N10_150
Q9M818	gene_name:At1g52180
Q9M9S2	gene_name:AT59
Q9MAB5	gene_name:T4P13.31
Q9SAH1	gene_name:OEP92
Q9SGJ0	gene_name:At3g01810
Q9SII4	gene_name:CGL20A
Q9SKL2	gene_name:At2g25360
Q9SKL4	gene_name:At2g15240
Q9SKT5	gene_name:At2g20820
Q9SKZ7	gene_name:At2g32020
Q9SNE0	gene_name:F11C1_110
Q9SP02	gene_name:CYP20-1
Q9SUC6	gene_name:FAD-OXR
Q9SVJ1	gene_name:At4g39020
Q9SWH5	gene_name:FUT1
Q9XFT3	gene_name:PSBQ1
Q9ZUH1	gene_name:At2g24240
A0A1I9LMG5	gene_name:EMB2423
A0A1P8AW81	gene_name:At1g69020
A0A1P8BB69	gene_name:MQM1.3
A0A1P8BED0	gene_name:At5g22799
A0A1P8BG62	gene_name:At5g35927
B3H514	gene_name:At4g38401
B3H6L5	gene_name:At2g41450
B3H7L4	gene_name:At3g25014
E3VNM4	gene_name:TGA10
F4HTE6	gene_name:At1g53900
F4HWG0	gene_name:At1g21323
F4HZ54	gene_name:SAUR52
F4IBD7	gene_name:OSCA2.1
F4IBV1	gene_name:At1g78780
F4IHH0	gene_name:At2g15110
F4IJR9	gene_name:At2g35080
F4IMI8	gene_name:CPT2
F4IPX8	gene_name:At2g31141
F4ITY4	gene_name:At2g38830
F4IYF8	gene_name:At3g02760
F4J1B0	gene_name:At3g09750
F4JLH5	gene_name:SAUR5
F4K331	gene_name:MJB21.15
F4K7J1	gene_name:At5g50115
F4KCN6	gene_name:At5g16090
O04378	gene_name:SYP23
O22609	gene_name:DEGP1
O80948	gene_name:JAL23
O81208	gene_name:OHP1
P49678	gene_name:IAA2
P93008	gene_name:RH21
Q0WWX4	gene_name:At5g18590
Q1ACB3	gene_name:HST
Q1G378	gene_name:At5g11412
Q1PE06	gene_name:At5g01910
Q1PE76	gene_name:DL4255W
Q2V3S7	gene_name:At3g24513
Q3E7T9	gene_name:At3g29785
Q3ECV3	gene_name:At1g47680
Q56XE8	gene_name:At3g20040
Q681Q7	gene_name:At1g03900
Q6NKQ9	gene_name:PDLP8
Q6NKR3	gene_name:At3g55600
Q6R0H1	gene_name:LHY
Q84M98	gene_name:EME1A
Q84MB5	gene_name:RBL11
Q8GWP4	gene_name:At2g21530
Q8LA01	gene_name:At3g22210
Q8RXG3	gene_name:MKK5
Q8S8M5	gene_name:ABIL1
Q8VYS9	gene_name:MXH1.10
Q8W4E7	gene_name:IREG3
Q93VK1	gene_name:At4g28450
Q93XX0	gene_name:At4g10430
Q93ZS1	gene_name:At3g45090
Q9C928	gene_name:BRIX1-2
Q9C9J8	gene_name:At1g76600
Q9C9X8	gene_name:At1g68140
Q9CAD5	gene_name:YDA
Q9FGP1	gene_name:MDE13.2
Q9FGY1	gene_name:BXL1
Q9FHG0	gene_name:At5g46450
Q9FK88	gene_name:INVE
Q9FMH4	gene_name:APUM13
Q9FWR4	gene_name:DHAR1
Q9FXH3	gene_name:LCP1
Q9FYC5	gene_name:F28D10_40
Q9LK82	gene_name:At5g48320
Q9LMC7	gene_name:At1g19000
Q9LR73	gene_name:3AT2
Q9LSP6	gene_name:At3g17010
Q9LTS3	gene_name:CKX3
Q9LVA2	gene_name:At5g62370
Q9LVQ9	gene_name:MSN2.10
Q9LVU1	gene_name:PVA21
Q9LYP4	gene_name:BAG3
Q9LZF1	gene_name:HIPP06
Q9M1P7	gene_name:BOR2
Q9M1Q3	gene_name:EDA32
Q9M2W6	gene_name:VDAC5
Q9M357	gene_name:F15G16.200
Q9M3D1	gene_name:MAGL10
Q9S702	gene_name:AK3
Q9SA99	gene_name:At1g11770
Q9SDA2	gene_name:At5g07820
Q9SH40	gene_name:CRRSP8
Q9SJ22	gene_name:CESA9
Q9SMN3	gene_name:T8P19.170
Q9SMW3	gene_name:SKS14
Q9SR96	gene_name:ERDJ3A
Q9SRN2	gene_name:T19F11.4
Q9SS96	gene_name:At3g01590
Q9SUE9	gene_name:At4g08310
Q9SV37	gene_name:F28P10.140
Q9SZ03	gene_name:At4g34380
Q9T048	gene_name:At4g27190
Q9XI10	gene_name:At1g21680
Q9XI28	gene_name:At1g15410
Q9XI96	gene_name:PERK7
Q9ZW07	gene_name:APUM1
A0A1I9LLJ2	gene_name:At3g49155
A0A1I9LPG1	gene_name:At3g44766
A0A1I9LQM2	gene_name:At3g58585
A0A1P8AWD1	gene_name:At1g04445
A0A1P8B2G4	gene_name:At2g37930
A1YKT1	gene_name:TCP18
A2RVW1	gene_name:At4g33480
A8MRY4	gene_name:At5g26673
B3H5C2	gene_name:At3g61117
B3H7D7	gene_name:At2g18721
B6EUC0	gene_name:At1g30814
B9DGD6	gene_name:ACS
C0LGQ9	gene_name:GHR1
F4HPH1	gene_name:DTX22
F4I5X3	gene_name:At1g10740
F4I701	gene_name:MEI1
F4IG49	gene_name:At2g45370
F4IPH5	gene_name:At2g17785
F4IT83	gene_name:At2g03565
F4J099	gene_name:MCB17.18
F4JCH0	gene_name:At3g26235
F4JJ78	gene_name:At4g08895
F4JRH5	gene_name:FRF3
F4K1D3	gene_name:MXH1.2
F4K3A9	gene_name:At5g48960
F4KIT4	gene_name:MHK7.13
O22870	gene_name:FKBP16-3
O23262	gene_name:RALFL32
O23278	gene_name:At4g14190
O64584	gene_name:WAP
O65448	gene_name:At4g22000
O80786	gene_name:MCM5
O81325	gene_name:MEE50
P0CAY5	gene_name:At1g51802
P82774	gene_name:LCR60
P82790	gene_name:LCR81
Q0PCS3	gene_name:CHR25
Q0V7S5	gene_name:AGC1-12
Q0WTS1	gene_name:At4g32610
Q0WVW4	gene_name:At3g32940
Q1PFY7	gene_name:At1g04500
Q27GL4	gene_name:At2g07773
Q38841	gene_name:AGL12
Q38872	gene_name:CPK6
Q39191	gene_name:WAK1
Q4PT11	gene_name:At1g32600
Q5PP69	gene_name:MNF13.26
Q680A5	gene_name:PRS4
Q6ID29	gene_name:At4g13860
Q6NLF5	gene_name:At5g18850
Q6NQ63	gene_name:At1g01440
Q84JB7	gene_name:DEK2
Q8GXI5	gene_name:YUP8H12R.31
Q8GXW1	gene_name:RGL2
Q8GYA4	gene_name:CRK10
Q8GYY3	gene_name:At4g38670
Q8L731	gene_name:DTX12
Q8L746	gene_name:NPR3
Q8L9X1	gene_name:At5g20060
Q8LDB7	gene_name:At1g52540
Q8RXS5	gene_name:At5g63020
Q8VZM9	gene_name:FLZ2
Q93YQ7	gene_name:At4g39010
Q940M5	gene_name:At3g10250
Q949M4	gene_name:TRM20
Q9C8N0	gene_name:F22G10.1
Q9FGR0	gene_name:CPSF160
Q9FHA3	gene_name:POLA
Q9FIK7	gene_name:ACCT1
Q9FLI1	gene_name:BHLH36
Q9FMY5	gene_name:U2AF35B
Q9FPI0	gene_name:RRP42
Q9FPT5	gene_name:UBP1
Q9FVS0	gene_name:HIPP17
Q9FWX6	gene_name:TPK4
Q9FWY9	gene_name:GATL5
Q9FZ51	gene_name:LSH8
Q9LFS8	gene_name:SMC5
Q9LS59	gene_name:At3g18310
Q9LTA3	gene_name:UGT91C1
Q9LTR9	gene_name:NMT1
Q9LV34	gene_name:BGLU43
Q9LZ73	gene_name:At5g04520
Q9LZY0	gene_name:MAP65-4
Q9M2C4	gene_name:At3g61400
Q9S7H4	gene_name:CM2
Q9SGA6	gene_name:RPS19A
Q9SI58	gene_name:NMD3
Q9SN90	gene_name:SMC2-2
Q9SNA3	gene_name:At3g46340
Q9STT6	gene_name:ABCA6
Q9STY5	gene_name:PMEI11
Q9SUS3	gene_name:BETAB-AD
Q9SVW2	gene_name:At4g18090
Q9SX29	gene_name:CPLS1
Q9SZV7	gene_name:At4g30040
Q9SZY1	gene_name:At4g10480
Q9ZNV5	gene_name:CEN
Q9ZV49	gene_name:MSF3.7
Q9ZVK9	gene_name:At2g14700
A0A1I9LQU9	gene_name:LAZY5
A0A1I9LRT2	gene_name:At3g30165
A0A1P8BB64	gene_name:DJC73
A2RVJ8	gene_name:HIT4
B3H5A5	gene_name:At1g24388
B3H7G8	gene_name:At2g39865
B7ZWR7	gene_name:OFUT7
F4HPY8	gene_name:At1g60750
F4I2J8	gene_name:CTN
F4ID59	gene_name:At1g65950
F4IF29	gene_name:At1g73090
F4IGQ9	gene_name:At2g27700
F4IRH5	gene_name:VEL3
F4J4Y8	gene_name:At3g10845
F4JDI6	gene_name:KIN12F
F4JI50	gene_name:At4g03115
F4JQU1	gene_name:At4g18330
F4JRF4	gene_name:MYH
F4JS55	gene_name:At4g37685
F4KFP8	gene_name:MZF18.6
O04291	gene_name:ATHB-14
O04615	gene_name:At4g01160
O22893	gene_name:GOLS1
O49316	gene_name:At2g33190
O49538	gene_name:MYB68
O65202	gene_name:ACX1
O65389	gene_name:F12F1.23
O65426	gene_name:LOL2
O80596	gene_name:XYN2
O82210	gene_name:PRMT12
P0CJ47	gene_name:ACT3
P0DH92	gene_name:VHA-c1
P25860	gene_name:MT2A
P25864	gene_name:RPL9
Q058J1	gene_name:At4g39955
Q0WQJ1	gene_name:At5g49170
Q0WQQ1	gene_name:AGD15
Q1PEB2	gene_name:At4g06536
Q27GI3	gene_name:NAT6
Q2V3J1	gene_name:At4g13955
Q2V3L5	gene_name:At4g03505
Q38803	gene_name:MT1B
Q39133	gene_name:MLP3
Q3E9B8	gene_name:ABCG23
Q570C0	gene_name:TIR1
Q5PP40	gene_name:At3g55080
Q5XV94	gene_name:At3g62140
Q681I0	gene_name:ORTHL
Q6E238	gene_name:At3g29330
Q6NN03	gene_name:CYSTM12
Q8GWA7	gene_name:MCD1
Q8GYV3	gene_name:At5g46620
Q8L7R3	gene_name:LPEAT1
Q8LEA8	gene_name:EID1
Q8RWZ5	gene_name:SD25
Q8RXY3	gene_name:At5g10695
Q8VYH4	gene_name:At5g15260
Q94AK0	gene_name:At5g42825
Q94FL7	gene_name:MYB120
Q9C7R6	gene_name:PUB17
Q9CA23	gene_name:At1g77710
Q9FFA2	gene_name:DUF9
Q9FLW0	gene_name:At5g24010
Q9FNY0	gene_name:E2FA
Q9FQ08	gene_name:KU70
Q9LET8	gene_name:T8M16_10
Q9LEW4	gene_name:T30N20_20
Q9LFH5	gene_name:RPL12B
Q9LHJ2	gene_name:UGT82A1
Q9LIF1	gene_name:GRXS10
Q9LK01	gene_name:DLK2
Q9LM76	gene_name:PUB44
Q9LN10	gene_name:At1g07970
Q9LSN4	gene_name:At3g17130
Q9LTD3	gene_name:PRP
Q9LTV4	gene_name:MYB10
Q9LUJ8	gene_name:CHL1
Q9M057	gene_name:F1I16_60
Q9M0I6	gene_name:EMB1923
Q9M0Y5	gene_name:MYB74
Q9M1F0	gene_name:RFA2
Q9M1V9	gene_name:LFG2
Q9M643	gene_name:CPI1
Q9M9A2	gene_name:At1g49000
Q9S7D6	gene_name:F9E10.16
Q9S7N9	gene_name:CID12
Q9S7V4	gene_name:HVA22A
Q9SCX3	gene_name:At5g19510
Q9SFD0	gene_name:F17A17.18
Q9SHD3	gene_name:CYCU2-1
Q9SIA1	gene_name:DTX5
Q9SJN7	gene_name:At2g15450
Q9SK54	gene_name:At2g24780
Q9SQZ1	gene_name:RPS17C
Q9SRT0	gene_name:PUB9
Q9SV53	gene_name:At4g28930
Q9SXC1	gene_name:At1g59930
Q9SYK6	gene_name:At1g05650
Q9ZUU5	gene_name:At2g28030
Q9ZVM3	gene_name:At1g54680
A0A1I9LSS3	gene_name:ELT6
A0A1P8AMP4	gene_name:At1g48090
A0A1P8AN40	gene_name:At1g47657
A0A1P8ARM4	gene_name:At1g25277
A0A1P8AZ85	gene_name:At2g07621
A0A1P8B5G1	gene_name:At4g10843
A0A1P8B6J4	gene_name:At4g21063
A0A1P8B7J5	gene_name:At4g24615
A0JPW4	gene_name:At4g14145
B0F481	gene_name:BIO3-BIO1
B3H464	gene_name:At5g41401
B3H4R7	gene_name:At1g35181
B3H6J5	gene_name:At3g49601
F4HUW0	gene_name:At1g28090
F4IQJ6	gene_name:LCV3
F4IWG7	gene_name:At3g27330
F4IXX4	gene_name:At3g49410
F4IYB7	gene_name:At3g62580
F4J328	gene_name:At3g29570
F4J549	gene_name:At3g17340
F4J8C8	gene_name:At3g01311
F4JS27	gene_name:At4g37480
F4JVE8	gene_name:At4g14368
F4JYJ1	gene_name:At5g41765
F4K7A8	gene_name:At5g43755
O04087	gene_name:At1g11040
O22212	gene_name:LIS
O23167	gene_name:C7A10.170
O23364	gene_name:SCPL30
O49471	gene_name:At4g19530
O49618	gene_name:At4g35120
O64642	gene_name:URT1
O64758	gene_name:VSR5
O64815	gene_name:At2g23060
O82191	gene_name:NADP-ME1
O82384	gene_name:CTF2B
O82504	gene_name:RDR2
P16972	gene_name:FD2
P48421	gene_name:CYP83A1
P51427	gene_name:RPS5B
Q0WU02	gene_name:MTP10
Q1PF16	gene_name:BHLH19
Q38929	gene_name:IPP1
Q42351	gene_name:RPL34A
Q58FT1	gene_name:MTH12.3
Q5XVA8	gene_name:At3g49055
Q6DSU2	gene_name:At1g06475
Q6E263	gene_name:PDLP4
Q6NKT6	gene_name:At1g11880
Q6NPC9	gene_name:At5g51130
Q6R0E3	gene_name:TRP5
Q84JI6	gene_name:B''EPSILON
Q8GUG9	gene_name:PUB11
Q8GUK1	gene_name:DGS1
Q8L7H3	gene_name:XTH29
Q8L8Q3	gene_name:LBD25
Q8LFL8	gene_name:LSM1B
Q8S9L0	gene_name:SPL10
Q8VY55	gene_name:At3g27420
Q8VYH2	gene_name:SQE3
Q8VZG7	gene_name:TSN1
Q8VZN1	gene_name:OFP5
Q8W4Q1	gene_name:At4g35360
Q941R5	gene_name:MLP280
Q94A73	gene_name:At5g66560
Q9C6G8	gene_name:At1g55390
Q9FH28	gene_name:ATJ49
Q9FJR6	gene_name:INVINH2
Q9FKC5	gene_name:SUMO4
Q9FR53	gene_name:TOR
Q9LFQ4	gene_name:At5g15010
Q9LHR4	gene_name:At3g32040
Q9LIJ0	gene_name:LBD26
Q9LJQ5	gene_name:RTNLB9
Q9LPS6	gene_name:CYP705A25
Q9LR67	gene_name:At1g03560
Q9LS58	gene_name:At3g18320
Q9LT90	gene_name:MJM18.5
Q9LUL8	gene_name:PME26
Q9LZ00	gene_name:MED4
Q9M0A6	gene_name:GGP2
Q9M2C0	gene_name:At3g43660
Q9M2H9	gene_name:At3g58370
Q9M2J3	gene_name:F9D24.140
Q9M2U2	gene_name:ECR
Q9M884	gene_name:PMI1
Q9MAG5	gene_name:At1g53370
Q9MAI5	gene_name:ERF8
Q9S7J8	gene_name:RAN1
Q9SGA0	gene_name:ACR6
Q9SIE7	gene_name:PLAT2
Q9SKC3	gene_name:ARI9
Q9SQR3	gene_name:D14
Q9SUV1	gene_name:BT1
Q9SVS5	gene_name:At4g21720
Q9SXA0	gene_name:At1g47730
Q9XIC7	gene_name:SERK2
Q9ZQ31	gene_name:STY13
Q9ZQH7	gene_name:At2g27420
Q9ZST4	gene_name:GLB1
A0A1P8AXV5	gene_name:At2g02635
A0A1P8B2M5	gene_name:At2g27930
A8MQ82	gene_name:At3g30385
A8MRF6	gene_name:At3g45285
B0M1H3	gene_name:ZIP4
B3H4V7	gene_name:At2g22241
B3H4W1	gene_name:At2g13463
B3H511	gene_name:At4g31355
B3H5I9	gene_name:At4g28775
B3H5P2	gene_name:At2g43255
B3H6I2	gene_name:At2g07825
F4ICB5	gene_name:IAP1
F4J0W8	gene_name:TKL
F4JCQ3	gene_name:At3g47830
F4JCV6	gene_name:EMB1967
F4JG23	gene_name:KPI-2
F4JGH3	gene_name:At4g05523
F4JTE7	gene_name:GPP1
F4K2L8	gene_name:At5g19750
F4K329	gene_name:At5g42765
F4K460	gene_name:MED17
F4K5X1	gene_name:MSK20.1
F4KF27	gene_name:At5g64680
F4KHD8	gene_name:GB210
F4KIH4	gene_name:HTT3
O04023	gene_name:SRC2
O22043	gene_name:GGPP6
O22919	gene_name:At2g30230
O23515	gene_name:RPL15A
O23561	gene_name:RABB1A
O49326	gene_name:NSP2
O64843	gene_name:CID7
O65665	gene_name:ERF060
O80642	gene_name:GGB
O80692	gene_name:At1g61840
O81312	gene_name:GAE3
P38389	gene_name:At2g45070
P54888	gene_name:P5CSB
P59120	gene_name:PER58
P59468	gene_name:LBD24
Q1G3N6	gene_name:At3g51171
Q1PEN8	gene_name:At3g20690
Q2V322	gene_name:At5g42223
Q2V3Y8	gene_name:At3g04545
Q3E715	gene_name:At5g04045
Q3EC71	gene_name:At2g04037
Q6DR24	gene_name:Y-3
Q6NL07	gene_name:At1g13820
Q6X5U0	gene_name:DVL3
Q84JH9	gene_name:TBL25
Q8GW42	gene_name:At4g30993
Q8LF36	gene_name:B'THETA
Q8LF99	gene_name:XTH6
Q8RWT8	gene_name:OVA7
Q8RX36	gene_name:RMI2
Q93WV5	gene_name:WRKY69
Q93Z08	gene_name:At5g58090
Q93ZV1	gene_name:At1g26160
Q94AD9	gene_name:At1g04990
Q94BQ5	gene_name:FBP1
Q94F50	gene_name:At5g48790
Q9C666	gene_name:SNAT2
Q9C8H0	gene_name:ABCC12
Q9C900	gene_name:SINE3
Q9C9I2	gene_name:ERF021
Q9CA54	gene_name:PCMP-H71
Q9CAP9	gene_name:FPP1
Q9FH54	gene_name:ERF114
Q9FH99	gene_name:At5g67140
Q9FN04	gene_name:AAP4
Q9LE45	gene_name:SUB1
Q9LFV0	gene_name:At5g15760
Q9LSZ3	gene_name:VUP1
Q9LU41	gene_name:ACA9
Q9LVM5	gene_name:TTL
Q9LYD5	gene_name:NPF1.3
Q9LYT2	gene_name:At3g59040
Q9LZT4	gene_name:EXLA1
Q9M035	gene_name:ACI1
Q9M1V8	gene_name:At3g63320
Q9M2D8	gene_name:At3g61260
Q9M308	gene_name:F2A19.210
Q9M8M0	gene_name:At1g80520
Q9SAJ7	gene_name:MTP9
Q9SCR0	gene_name:SCL7
Q9SDL7	gene_name:HMT-1
Q9SH93	gene_name:IPCS2
Q9SI63	gene_name:At2g16520
Q9SJI9	gene_name:PCO4
Q9SK90	gene_name:At1g22480
Q9SRZ0	gene_name:CUL2
Q9SV79	gene_name:At4g12900
Q9SVA0	gene_name:At4g39580
Q9SVZ9	gene_name:ORP4A
Q9SYA7	gene_name:At1g61710
Q9SYN6	gene_name:T30F21.21
Q9SYS6	gene_name:DREB1C
Q9ZT63	gene_name:MTP1
Q9ZU11	gene_name:ATHB-15
Q9ZVB8	gene_name:At2g41330
A0A1P8AXN5	gene_name:At2g13555
A0A1P8AY04	gene_name:At2g39355
A0A1P8B2I1	gene_name:At2g03965
B3H4Q0	gene_name:At4g21213
B9DI20	gene_name:SPL13A
F4HSR6	gene_name:At1g20290
F4HTT8	gene_name:At1g74088
F4HXC5	gene_name:At1g74875
F4I3A5	gene_name:At1g37000
F4I7Y6	gene_name:At1g51010
F4IDQ6	gene_name:NIH
F4J8V5	gene_name:ATG13B
F4JBK4	gene_name:At3g47540
F4JC80	gene_name:FNBP4
F4KHA2	gene_name:RLP54
O23237	gene_name:PER49
O23491	gene_name:PCMP-E12
O48706	gene_name:At2g26390
O48713	gene_name:SMU2
O48838	gene_name:At2g32790
O49290	gene_name:At1g77060
O64587	gene_name:ACD11
O80832	gene_name:VCCN2
O82485	gene_name:OPT7
P0DH99	gene_name:A1
P0DI10	gene_name:PER1
P42749	gene_name:UBC5
P57742	gene_name:PFD5
P82753	gene_name:LCR38
Q1EBU8	gene_name:At1g52905
Q39071	gene_name:CYCA2-1
Q56Y42	gene_name:PLR1
Q6AWW7	gene_name:At5g08780
Q6DYC0	gene_name:At3g57440
Q84ND9	gene_name:POLIB
Q84Q60	gene_name:At5g49350
Q84X07	gene_name:JAL24
Q8GW89	gene_name:At1g71865
Q8GXP4	gene_name:At2g39910
Q8LDW9	gene_name:XTH9
Q8LFK6	gene_name:At5g65650
Q8LGD1	gene_name:SP1L5
Q8LPK7	gene_name:PUF2
Q8LPL8	gene_name:POT13
Q8RY12	gene_name:At5g20600
Q8VZ91	gene_name:ERF6
Q8VZT3	gene_name:SUGTL5
Q93ZV0	gene_name:At5g18980
Q94BU8	gene_name:GSDA
Q94II3	gene_name:ERD3
Q94JU3	gene_name:CSN7
Q96528	gene_name:CAT1
Q9C560	gene_name:INVF
Q9C5H9	gene_name:GCP2
Q9C7F9	gene_name:AGM1
Q9C920	gene_name:KDSB
Q9C9M4	gene_name:At1g66720
Q9C9Z1	gene_name:At3g08650
Q9CAK0	gene_name:At1g63870
Q9CAL7	gene_name:At1g70470
Q9CAP3	gene_name:At1g77650
Q9FE83	gene_name:SKIP2
Q9FGR1	gene_name:At5g52530
Q9FJJ5	gene_name:EB1B
Q9FL12	gene_name:DEGP9
Q9FL68	gene_name:ATDOB8
Q9FL77	gene_name:EXPA25
Q9FMM4	gene_name:RHG1A
Q9FMS6	gene_name:CAF1-11
Q9FMZ3	gene_name:TRM30
Q9FVX2	gene_name:At1g77360
Q9FXA6	gene_name:At1g56540
Q9FZ52	gene_name:At1g16930
Q9LDI5	gene_name:MYB107
Q9LFF2	gene_name:F4P12_390
Q9LNG8	gene_name:AGL74
Q9LPS9	gene_name:At1g50590
Q9LS86	gene_name:At3g23060
Q9LSE8	gene_name:NPF4.2
Q9LTI5	gene_name:SCL11
Q9LUA5	gene_name:At3g25870
Q9LXF1	gene_name:MYB16
Q9LXK6	gene_name:F7K15_130
Q9LXX4	gene_name:BZIP49
Q9LZM1	gene_name:ORP3A
Q9M1Y0	gene_name:ATG4B
Q9S790	gene_name:T16O11.2
Q9SGP2	gene_name:HSL1
Q9SGU2	gene_name:SAUR71
Q9SIH1	gene_name:CYP18-2
Q9SIY2	gene_name:At2g11910
Q9SJ02	gene_name:SEP2
Q9SKZ5	gene_name:At2g32040
Q9SN36	gene_name:NRAMP5
Q9SSP5	gene_name:TS2
Q9SYZ5	gene_name:At4g34300
Q9XIM0	gene_name:MEE14
Q9ZQG8	gene_name:FD3
Q9ZSJ2	gene_name:RGXT1
Q9ZTA2	gene_name:AOP2
A0A1P8BG39	gene_name:MBK20.7
A0AQW4	gene_name:TCP12
A4FVN8	gene_name:At1g10580
B3H6F6	gene_name:At3g15359
F4HP61	gene_name:At1g19410
F4I1H5	gene_name:SAUR63
F4IDR5	gene_name:At1g06750
F4IFF3	gene_name:MCM9
F4IGU3	gene_name:SPEAR2
F4IPY0	gene_name:At2g31150
F4JAF4	gene_name:At3g53470
F4JCI4	gene_name:APSE
F4JPJ1	gene_name:At4g30150
F4KI00	gene_name:ATRLCK
O22812	gene_name:AHL10
O22958	gene_name:At2g34050
O48520	gene_name:POLD2
O48522	gene_name:VQ17
O48587	gene_name:T19K24.16
O49629	gene_name:PAP2
O80772	gene_name:At2g34230
O80952	gene_name:PGPS1
O81421	gene_name:AGL51
O81862	gene_name:ChiC
P0C2G4	gene_name:At4g19865
P0DKI1	gene_name:SDH3-2
P10798	gene_name:RBCS-3B
P25071	gene_name:CML12
P31265	gene_name:TCTP1
P49692	gene_name:RPL7AA
P59232	gene_name:RPS27AB
Q1PE17	gene_name:CPK18
Q1PEN0	gene_name:RLP36
Q42577	gene_name:At5g11770
Q5KS41	gene_name:WSD11
Q5XV04	gene_name:At5g50290
Q6E244	gene_name:At3g25080
Q6NLZ8	gene_name:At3g01170
Q6XBF8	gene_name:CDR1
Q7XJL2	gene_name:GLR3.1
Q84TL5	gene_name:At1g75760
Q84WS8	gene_name:SNRNP25
Q8GWP1	gene_name:At1g03760
Q8H111	gene_name:NLP1
Q8LCQ3	gene_name:At5g08565
Q8RY81	gene_name:OFUT13
Q8S9J0	gene_name:At2g36630
Q8S9J1	gene_name:PPOX2
Q8VY70	gene_name:At1g62780
Q8VZL4	gene_name:MSL1
Q8W493	gene_name:LFNR2
Q93VB8	gene_name:RPS2B
Q93VM8	gene_name:COPT5
Q940U2	gene_name:At5g05220
Q94A09	gene_name:TRM9
Q9AT76	gene_name:AGL27
Q9C944	gene_name:At1g52740
Q9C9I9	gene_name:At1g71530
Q9CA70	gene_name:At1g74440
Q9CAI1	gene_name:DRG2
Q9CAI2	gene_name:IQD8
Q9FG51	gene_name:MSK20.3
Q9FGH9	gene_name:EXO70B1
Q9FHC2	gene_name:VASCULAR-RELATED
Q9FHC8	gene_name:CYP96A4
Q9FHS4	gene_name:MNL12.3
Q9FM39	gene_name:MNF13.11
Q9FM62	gene_name:MDF20.21
Q9FMF9	gene_name:MSJ1.11
Q9FWX2	gene_name:NAC007
Q9FZB8	gene_name:At1g51810
Q9LF94	gene_name:F8J2_150
Q9LHA3	gene_name:At3g28720
Q9LII0	gene_name:ENODL5
Q9LNU3	gene_name:EXPA11
Q9LSW4	gene_name:MWF20.20
Q9LTI4	gene_name:At5g59460
Q9LVS8	gene_name:MQL5.17
Q9LY81	gene_name:F18O22_270
Q9LYV5	gene_name:At5g13210
Q9M138	gene_name:At4g01340
Q9M322	gene_name:TFB1-3
Q9S9K1	gene_name:At1g65210
Q9SB42	gene_name:GEBPL
Q9SFB6	gene_name:MAP3KE2
Q9SHU6	gene_name:At2g15300
Q9SK99	gene_name:NPF5.15
Q9SKF8	gene_name:UNE4
Q9SLM8	gene_name:At2g43880
Q9SRK6	gene_name:RPL37AB
Q9SUM3	gene_name:ATR2
Q9SUM4	gene_name:VIL2
Q9SVE5	gene_name:EXLA2
Q9SWE5	gene_name:HAL3A
Q9SZ96	gene_name:URGT5
Q9SZR9	gene_name:ABCG9
Q9XIF7	gene_name:At1g59710
Q9ZU50	gene_name:BAT1
Q9ZUA8	gene_name:At2g01800
Q9ZW28	gene_name:GSTU3
A0A1P8AP12	gene_name:At1g03325
A0A1P8BBB0	gene_name:At5g04475
A0A1P8BDK1	gene_name:At5g44563
A0A1P8BFV2	gene_name:At5g54020
A2RVK7	gene_name:RRP41L
B9DG86	gene_name:At5g07890
C0LGG3	gene_name:At1g51820
F4I4B6	gene_name:EXO84A
F4IAW1	gene_name:LPXC5
F4ILP4	gene_name:At2g29920
F4IV18	gene_name:At2g44760
F4J5G3	gene_name:CYP702A8
F4J7V7	gene_name:At3g30845
F4JUP0	gene_name:ATDOA7
F4K128	gene_name:CHR23
F4K2L4	gene_name:At5g19720
F4KEN8	gene_name:At5g45850
F8S296	gene_name:ATG2
O22456	gene_name:SEP3
O22714	gene_name:At1g60770
O23404	gene_name:PPDK
O23614	gene_name:CTPA2
O48575	gene_name:T19K24.4
O48593	gene_name:SYNO
O49623	gene_name:SAL2
O65396	gene_name:GDCST
O81861	gene_name:At4g19800
P25873	gene_name:RPL15
P41127	gene_name:RPL13B
P42551	gene_name:S1FA1
Q0WVR7	gene_name:At5g14460
Q0WVV6	gene_name:CBP60D
Q1G3S2	gene_name:At2g35345
Q1PEM2	gene_name:At3g24780
Q1PF17	gene_name:BHLH18
Q29PZ8	gene_name:At2g13960
Q2HIM5	gene_name:At5g03345
Q3E8I8	gene_name:At5g42235
Q41932	gene_name:PSBQ2
Q42449	gene_name:PRF1
Q500V6	gene_name:CYP86C3
Q56Y76	gene_name:At1g50910
Q5PNU3	gene_name:AMSH3
Q6E276	gene_name:At2g03370
Q84JU5	gene_name:At4g22850
Q8GX72	gene_name:S40-3
Q8L794	gene_name:XK1
Q8L7Z2	gene_name:At3g15410
Q8L8A6	gene_name:GRF5
Q8L9X5	gene_name:At4g14615
Q8LAM2	gene_name:DL3505W
Q8LG03	gene_name:At4g00755
Q8LPI7	gene_name:CKL4
Q8RY15	gene_name:At4g25580
Q8VYB9	gene_name:JMJ27
Q8W583	gene_name:ALT3
Q940K0	gene_name:UNI
Q944L8	gene_name:At1g11930
Q94A79	gene_name:DMS3
Q94B59	gene_name:At5g09450
Q9CAK8	gene_name:ISPF
Q9FKB6	gene_name:At5g48800
Q9FNZ4	gene_name:NIMIN-3
Q9FWW3	gene_name:At1g12130
Q9FZ68	gene_name:F13B4.9
Q9LDU1	gene_name:RALFL28
Q9LFD0	gene_name:BSK10
Q9LFI4	gene_name:F4P12_30
Q9LFL6	gene_name:BKN2
Q9LFL7	gene_name:BKN1
Q9LJ39	gene_name:At3g24700
Q9LK59	gene_name:At3g13140
Q9LPC6	gene_name:KINUB
Q9LSW9	gene_name:ATL16
Q9LUJ1	gene_name:At3g22700
Q9LVF0	gene_name:UGT84A2
Q9LXR6	gene_name:At3g58860
Q9LZ60	gene_name:SMR3
Q9M0I0	gene_name:LLG3
Q9S7I6	gene_name:RPK2
Q9SD66	gene_name:F13I12.120
Q9SD82	gene_name:RPA1B
Q9SGP1	gene_name:CYP705A24
Q9SGW5	gene_name:At1g64500
Q9SQI2	gene_name:GI
Q9SQQ6	gene_name:NAC046
Q9SR97	gene_name:At3g08990
Q9SSA4	gene_name:CBC1
Q9SU55	gene_name:T17F15.210
Q9SU89	gene_name:At4g29560
Q9SUI2	gene_name:PIP5K7
Q9SY73	gene_name:At1g10310
Q9SYB2	gene_name:At1g61760
Q9T007	gene_name:At4g35200
Q9T0H1	gene_name:At4g13500
Q9XGX9	gene_name:TIM9
Q9XI81	gene_name:FUT7
Q9XII4	gene_name:At2g16030
Q9ZPV4	gene_name:At2g18210
Q9ZVF3	gene_name:MLP328
A0A1P8ASZ9	gene_name:AGL94
A0A1P8AUG1	gene_name:ELM2
A0A1P8AZZ4	gene_name:At2g10455
A0A1P8B5C8	gene_name:At4g15563
A8MPR5	gene_name:FTSHI2
A8MQR9	gene_name:At3g11825
F4I6S6	gene_name:DUO3
F4I7E7	gene_name:At1g11200
F4IG73	gene_name:BCHC2
F4IHC3	gene_name:At2g05635
F4IKD6	gene_name:At2g16460
F4J284	gene_name:NUP93B
F4J2R0	gene_name:FRG3
F4J2Z7	gene_name:SDR4
F4J3J5	gene_name:At3g01560
F4J7R4	gene_name:At3g24710
F4K328	gene_name:MJB21.14
O04292	gene_name:ATHB-9
O04529	gene_name:2MMP
O22224	gene_name:NUP93A
O23392	gene_name:dl3740c
O23619	gene_name:dl4930w
O48801	gene_name:At1g62370
O49499	gene_name:CCOAOMT1
O80777	gene_name:At2g34280
O82133	gene_name:DREB2B
O82221	gene_name:At2g23930
O82225	gene_name:GGP5
O82488	gene_name:At4g10740
P59230	gene_name:RPL10AB
Q01908	gene_name:ATPC1
Q0V7S6	gene_name:OR23
Q1A173	gene_name:RL6
Q2V304	gene_name:At5g48605
Q39110	gene_name:GA20OX1
Q42538	gene_name:SAT5
Q4PL95	gene_name:At2g40313
Q5XF57	gene_name:At5g57670
Q5XVD2	gene_name:At2g28105
Q5XVJ1	gene_name:ALKBH9A
Q67YJ9	gene_name:MDC12.17
Q6E240	gene_name:At3g28310/At3g28320
Q7XJK5	gene_name:AGL90
Q84R21	gene_name:CBSDUFCH2
Q84TF5	gene_name:RHA4A
Q84VP7	gene_name:At5g21125
Q8GSF0	gene_name:At4g10080
Q8GWC7	gene_name:At1g72165/T9N14_2
Q8GWF4	gene_name:MSRB6
Q8GYL9	gene_name:BRXL2
Q8LDK3	gene_name:At1g76200
Q8LDN2	gene_name:At3g09890
Q8LFV3	gene_name:CDF3
Q8RX84	gene_name:At5g28150
Q8S4F6	gene_name:SQD2
Q8VZN6	gene_name:At3g54970
Q93XY1	gene_name:MNC6.16
Q93YN9	gene_name:IPK1
Q93YZ7	gene_name:AHASS1
Q93ZH3	gene_name:At4g11790
Q94C25	gene_name:At5g20050
Q94F49	gene_name:At5g27670
Q94JX8	gene_name:F4F15.330
Q96270	gene_name:LEA7
Q96522	gene_name:PER45
Q9C825	gene_name:At1g52330
Q9FFZ7	gene_name:CASP4
Q9FJ00	gene_name:RSL1
Q9FKN4	gene_name:CRS2A
Q9FMF6	gene_name:At5g64320
Q9FNB0	gene_name:CHLH
Q9FNG0	gene_name:MOP9.3
Q9FZ27	gene_name:At1g02335
Q9LJC4	gene_name:At3g21080
Q9LSL6	gene_name:DOF5.7
Q9LSY9	gene_name:UGT71B1
Q9LU36	gene_name:4CL4
Q9LUQ8	gene_name:At3g16750
Q9LVG3	gene_name:APUM18
Q9LYE3	gene_name:ASI1
Q9LZD0	gene_name:NCS1
Q9M0Z5	gene_name:MSRB4
Q9MAB6	gene_name:ISU2
Q9S7R4	gene_name:OTP43
Q9SCX8	gene_name:PAP17
Q9SH41	gene_name:CRRSP7
Q9SHT7	gene_name:At2g05370
Q9SIR5	gene_name:At2g25280
Q9SL09	gene_name:At2g05580
Q9SLC7	gene_name:MHK10.4
Q9SN03	gene_name:F3A4.230
Q9SRN4	gene_name:GIR2
Q9SS94	gene_name:CDC48C
Q9STF9	gene_name:THA8L
Q9STK6	gene_name:WNK3
Q9STT5	gene_name:ABCA7
Q9SV36	gene_name:KINUC
Q9SVH9	gene_name:CRRSP40
Q9T009	gene_name:LACS5
Q9T0H0	gene_name:At4g13490
A0A1P8AX63	gene_name:At2g03780
A0A1P8B1F6	gene_name:At2g43465
A0A1P8B9U7	gene_name:At5g22785
A0A1P8BD35	gene_name:At5g01300
A0A1P8BF06	gene_name:At5g13295
A0JQ78	gene_name:At3g10405
A8MSB8	gene_name:SSSPTA
B3H5Z6	gene_name:At2g23118
F4HS78	gene_name:At1g01180
F4I562	gene_name:AP3M
F4I704	gene_name:At1g77340
F4I792	gene_name:At1g05085
F4I854	gene_name:At1g57700
F4IB76	gene_name:At1g51910
F4IDE6	gene_name:At1g72620
F4J8B6	gene_name:FRF1
F4J8J7	gene_name:At3g11930
F4JAD4	gene_name:At3g47190
F4JHQ0	gene_name:CIP41
F4JI37	gene_name:At4g01535
F4K7D5	gene_name:FLS6
F4KDR9	gene_name:At5g02670
O22847	gene_name:At2g43320
O80796	gene_name:VIPP1
O81001	gene_name:GRF1
O81884	gene_name:LGALDH
P0C5K3	gene_name:FH15B
P46689	gene_name:GASA1
P56794	gene_name:rpl20
P82766	gene_name:LCR52
P92554	gene_name:AtMg01240
Q2HIJ8	gene_name:RHB1A
Q2V315	gene_name:At5g44973
Q39262	gene_name:ZFP3
Q3E964	gene_name:At5g25000
Q3E9A4	gene_name:At5g20260
Q56XS8	gene_name:At1g13780
Q5XET7	gene_name:At4g28070
Q6ID70	gene_name:P23-2
Q6NPS5	gene_name:At3g24250
Q7G8V2	gene_name:ARR15
Q7Y175	gene_name:PUX5
Q8GUK8	gene_name:At5g10060
Q8GW80	gene_name:At3g59210
Q8GX73	gene_name:At5g67245
Q8GYA8	gene_name:At3g58975
Q8L8W5	gene_name:CYP21-2
Q8L9Y4	gene_name:At3g15395
Q8LCY2	gene_name:At5g03905
Q8LDI1	gene_name:At3g19900
Q8LFJ5	gene_name:TRM112A
Q8LPR8	gene_name:TIC100
Q8RWQ4	gene_name:ROPGAP7
Q8RXD8	gene_name:ULCS1
Q8RYD1	gene_name:REM16
Q8W3M6	gene_name:At4g06599
Q8W4B2	gene_name:APEM9
Q8W4J3	gene_name:QSOX1
Q93YQ5	gene_name:T20K12.80
Q940I4	gene_name:Z97341.16
Q94AQ6	gene_name:SRT2
Q94LW7	gene_name:KIN4B
Q96243	gene_name:PHT1-2
Q9ASP6	gene_name:LIF2
Q9C5U1	gene_name:AHK3
Q9C6V4	gene_name:AGL92
Q9C9K2	gene_name:CP12-3
Q9C9N5	gene_name:At1g66830
Q9CAE8	gene_name:F13M14.26
Q9FIU8	gene_name:ATDOB13
Q9FJ83	gene_name:MSG15.19
Q9FN29	gene_name:ATHB-52
Q9FRR1	gene_name:PRA1E
Q9LFR1	gene_name:NPF5.8
Q9LJS2	gene_name:RLP41
Q9LNC6	gene_name:TOL2
Q9LPM7	gene_name:At1g50060
Q9LPR4	gene_name:IPMS1
Q9LR53	gene_name:At1g03740
Q9LRW7	gene_name:IDD11
Q9LT69	gene_name:PGDH3
Q9LTE2	gene_name:HIPP13
Q9LV11	gene_name:AHA11
Q9LYG9	gene_name:MSL10
Q9M0A1	gene_name:ENODL12
Q9SCW7	gene_name:SUGTL4
Q9SIT3	gene_name:At2g13640
Q9SJE2	gene_name:FATB
Q9SK64	gene_name:At2g20380
Q9SKX0	gene_name:ABCC13
Q9SLE4	gene_name:UBC29
Q9SQU1	gene_name:TULP9
Q9SRU2	gene_name:BIG
Q9SV77	gene_name:UND
Q9SW62	gene_name:At4g08430
Q9SYP3	gene_name:At1g20940
Q9SZ95	gene_name:At4g09790
Q9SZU1	gene_name:CYP81F4
Q9T0K9	gene_name:HIPP18
Q9ZUH4	gene_name:TPS10
A0A1P8APC2	gene_name:At1g56105
A0A1P8B2T5	gene_name:ATCAP2
A0A1P8B417	gene_name:At4g20535
A0A1P8BBR5	gene_name:At5g27493
B3H4F0	gene_name:SAUR13
B3H662	gene_name:At1g34042
B3H6J4	gene_name:At3g62528
B3LF45	gene_name:At4g35880
C0LGR9	gene_name:At4g31250
F4HPH2	gene_name:DTX20
F4HRT5	gene_name:CRWN1
F4HXL0	gene_name:PLIP2
F4HZ48	gene_name:At1g75530
F4I114	gene_name:At1g09600
F4IBX5	gene_name:At1g78915
F4ICM0	gene_name:At1g32225
F4ICX5	gene_name:At1g52390
F4IIC7	gene_name:At2g06095
F4IMQ0	gene_name:FLX
F4INW9	gene_name:MYOB4
F4JUQ2	gene_name:At4g14310
F4JV39	gene_name:At4g32670
F4KEH9	gene_name:MIJ24.14
O22266	gene_name:At2g47440
O23676	gene_name:MAGO
O49565	gene_name:At4g21240
O64399	gene_name:MYB34
O64580	gene_name:At2g19460
O80573	gene_name:At2g44030
O80983	gene_name:FTSH4
O81916	gene_name:At1g02270
O82307	gene_name:At2g25900
P82756	gene_name:LCR41
P93281	gene_name:AtMg00120
P93749	gene_name:At2g41970
Q1PE89	gene_name:PBL24
Q1PEM5	gene_name:PERK3
Q38959	gene_name:PCMP-A6
Q39249	gene_name:VDE1
Q42431	gene_name:OL2
Q56YA5	gene_name:AGT1
Q5HZ54	gene_name:CFL1
Q6AWV7	gene_name:At5g48335
Q6NMJ6	gene_name:At1g03260
Q6NNI1	gene_name:At3g56210
Q6NNL3	gene_name:GLV4
Q84JC2	gene_name:DOGL4
Q8GY11	gene_name:WRKY43
Q8L748	gene_name:NUP107
Q8LAH4	gene_name:At4g28703
Q8LFR2	gene_name:DREB2C
Q8VZR8	gene_name:At4g28300
Q8VZT0	gene_name:At3g03920
Q8W4I4	gene_name:POT6
Q8W4J8	gene_name:TIFY7
Q94KT8	gene_name:COB
Q9ASX9	gene_name:BHLH144
Q9C503	gene_name:NDF5
Q9C8M4	gene_name:NRPB12L
Q9C8Y9	gene_name:BGLU22
Q9C969	gene_name:ISS1
Q9C9K1	gene_name:LHCB7
Q9FFD7	gene_name:DSP5
Q9FFV4	gene_name:At5g38680
Q9FIV5	gene_name:MLF18.14
Q9FL99	gene_name:At5g44980
Q9FLW2	gene_name:FRO5
Q9FMC8	gene_name:OFP13
Q9FPJ5	gene_name:LRR1
Q9FTA0	gene_name:At5g08350
Q9LK03	gene_name:PERK2
Q9LK86	gene_name:At3g27910
Q9LMI1	gene_name:At1g06380
Q9LMT6	gene_name:At1g17940
Q9LPQ8	gene_name:ALMT3
Q9LPZ0	gene_name:At1g11440
Q9LTR8	gene_name:GLXI-LIKE
Q9LTX1	gene_name:At3g12640
Q9LX24	gene_name:At5g10040
Q9LXK1	gene_name:RPA3A
Q9LYD2	gene_name:F15N18_190
Q9LZ86	gene_name:PLL2
Q9M022	gene_name:AIRP2
Q9M069	gene_name:At4g34480
Q9M1S6	gene_name:T5N23_100
Q9M8X0	gene_name:At3g04140
Q9SKT1	gene_name:ERF053
Q9SL43	gene_name:MSRA5
Q9SR19	gene_name:RAF1.2
Q9SR71	gene_name:TAF12
Q9SSJ8	gene_name:FAB1C
Q9SVC5	gene_name:DOF3.5
Q9SYN5	gene_name:T30F21.20
Q9SZI2	gene_name:NAP1;1
Q9SZL4	gene_name:ATL18
Q9XEC5	gene_name:At4g04480
Q9ZQ91	gene_name:CXE7
Q9ZUS8	gene_name:MAKR3
Q9ZVI6	gene_name:At2g38640
Q9ZW22	gene_name:SMO2-1
A0A1I9LLR3	gene_name:At3g42153
A0A1I9LQW3	gene_name:At3g55513
A0A1P8AMW4	gene_name:At1g59460
A0A1P8AS03	gene_name:ECT4
A0A1R7T3F0	gene_name:At5g50365
B3H493	gene_name:At4g31351
B3H4E3	gene_name:At5g29054
C0LGQ7	gene_name:At4g20450
F4I8Q1	gene_name:PICL
F4IP06	gene_name:SWC2
F4J910	gene_name:At3g25510
F4J9R7	gene_name:At3g12420
F4JHF7	gene_name:At4g00695
F4JKW7	gene_name:DL3945C
F4K1G9	gene_name:At5g42210
F4KD38	gene_name:NRPC2
O22800	gene_name:COL14
O23324	gene_name:APS3
O24633	gene_name:PBD2
O48686	gene_name:SNL3
O48917	gene_name:SQD1
O49606	gene_name:ADF9
O49697	gene_name:NAC071
O64725	gene_name:At2g02510
O65522	gene_name:At4g32790
O80504	gene_name:CPN10-2
O80612	gene_name:APY6
O81854	gene_name:At4g19730
P45724	gene_name:PAL2
P48641	gene_name:At3g24170
P56804	gene_name:rps14
P94111	gene_name:SSL12
Q0WL69	gene_name:RIC11
Q1H5E3	gene_name:At5g16870
Q2V3P0	gene_name:At3g55677
Q3ECP0	gene_name:TFB1-1
Q42044	gene_name:At2g45180
Q42547	gene_name:CAT3
Q56XH8	gene_name:ECT11
Q5Q0I2	gene_name:At1g08120
Q5XV31	gene_name:FRL5
Q6X7J4	gene_name:WOX9
Q7PC83	gene_name:ABCG41
Q8GWK5	gene_name:GASA9
Q8GXF7	gene_name:At5g26718
Q8H1E5	gene_name:PII1
Q8L6Y4	gene_name:EMF2
Q8L7B1	gene_name:PIR1
Q8L8K9	gene_name:At2g21237
Q8L908	gene_name:MCO15.9
Q8L956	gene_name:At1g20310
Q8LBM2	gene_name:TIFY5A
Q8LES9	gene_name:MDA7.1
Q8RWA3	gene_name:At3g12150
Q8RWN5	gene_name:RZ1C
Q8VZC7	gene_name:At5g45510
Q8W0Z6	gene_name:AP5M
Q8W4N3	gene_name:UBP2
Q941C5	gene_name:CLE44
Q94CL1	gene_name:At5g12310
Q9C857	gene_name:At1g31550
Q9C8X0	gene_name:At1g71910
Q9C930	gene_name:At1g52910
Q9C983	gene_name:WRKY57
Q9FFB8	gene_name:CHX3
Q9FGU3	gene_name:SBT4.4
Q9FHN7	gene_name:At5g51470
Q9FK17	gene_name:ATDOB7
Q9FMA1	gene_name:PCMP-E13
Q9LIC3	gene_name:PCMP-H85
Q9LJG6	gene_name:PANS1
Q9LN27	gene_name:TIM17-1
Q9LPH9	gene_name:T3F20.5
Q9LRJ5	gene_name:At3g22090
Q9LTA6	gene_name:WAV3
Q9LVJ1	gene_name:SBT1.4
Q9LX08	gene_name:ANN6
Q9LXQ8	gene_name:At3g58940
Q9LXX8	gene_name:At3g56620
Q9LY08	gene_name:GRP16
Q9LY62	gene_name:GMT1
Q9LYB9	gene_name:MBD4
Q9LZ62	gene_name:CYP77A9
Q9M1B5	gene_name:RBL13
Q9M209	gene_name:RRP45B
Q9M2S9	gene_name:EXPA16
Q9S9X4	gene_name:FBL8
Q9SCM7	gene_name:T8H10.50
Q9SID2	gene_name:ADS2
Q9SIJ9	gene_name:PME11
Q9SJ20	gene_name:RNR1
Q9SKX9	gene_name:CYSTM6
Q9SL78	gene_name:ATL12
Q9STL8	gene_name:At3g48380
Q9SXY0	gene_name:FAS1
Q9SZ91	gene_name:At4g09750
Q9ZP06	gene_name:At1g53240
Q9ZQ83	gene_name:At2g03470
Q9ZQP2	gene_name:ACX1.2
Q9ZWB9	gene_name:FAO1
A0A178VTF4	gene_name:At2g41445
A0A1I9LNH5	gene_name:At3g10527
A0A1P8ARG1	gene_name:NVL
A0A1P8B2W3	gene_name:At2g07656
A0A1R7T3I9	gene_name:At5g19595
F4I9V0	gene_name:At1g65140
F4J0W4	gene_name:MIRO2
F4J6V1	gene_name:PWR
F4JJ40	gene_name:At4g39925
F4JQT4	gene_name:At4g18280
F4KFG2	gene_name:At5g10070
O48786	gene_name:CYP734A1
O64627	gene_name:At2g18970
O64732	gene_name:UGT87A1
O80533	gene_name:At1g09500
P15457	gene_name:AT2S1
P32962	gene_name:NIT2
P49077	gene_name:PYRB
P82782	gene_name:LCR73
P93305	gene_name:At2g07708
Q058P4	gene_name:PUB30
Q0WPR4	gene_name:SCPL34
Q1G3Y4	gene_name:SMR15
Q1PDL6	gene_name:At5g48550
Q2HIM9	gene_name:RALFL31
Q39266	gene_name:ZFP7
Q3EBM5	gene_name:At2g35615
Q3EBT3	gene_name:At2g27315
Q3ECQ3	gene_name:At1g54215
Q500X2	gene_name:At5g04440
Q66GN9	gene_name:CLPX3
Q6DR10	gene_name:TBL43
Q6NPT7	gene_name:HRD1B
Q7XZF5	gene_name:RST1
Q84TE2	gene_name:At4g33120
Q8GXX4	gene_name:At4g14905
Q8LB02	gene_name:SDH2-2
Q8RUF8	gene_name:NLP3
Q8RXV4	gene_name:At1g09980
Q8S8P3	gene_name:GLCAT14C
Q8VYG3	gene_name:At3g43860
Q8VZF1	gene_name:AAE7
Q8W4E6	gene_name:HPAT1
Q8W4I6	gene_name:BPG2
Q93V88	gene_name:At4g33500
Q93Y32	gene_name:BCAT1
Q945K9	gene_name:At4g34150
Q94CL7	gene_name:PHR1
Q94EI9	gene_name:At3g14410
Q96320	gene_name:HSFB1
Q9ASZ8	gene_name:At1g12620
Q9AT61	gene_name:LBD13
Q9CAK1	gene_name:RLM1B
Q9CAP8	gene_name:LACS9
Q9FF72	gene_name:MUG13.12
Q9FG22	gene_name:At5g06480
Q9FKA7	gene_name:ORTH1
Q9FL30	gene_name:MPL12.9
Q9FNA5	gene_name:At5g13670
Q9FPW4	gene_name:VIP2
Q9LF23	gene_name:T20K14_200
Q9LFB5	gene_name:At5g01210
Q9LFF7	gene_name:F4P12_340
Q9LFK7	gene_name:At5g16940
Q9LFT8	gene_name:CDKC-1
Q9LH31	gene_name:TPS30
Q9LJY4	gene_name:CYP705A23
Q9LMD1	gene_name:At1g18960
Q9LP10	gene_name:At1g43920
Q9LP74	gene_name:At1g48510
Q9LSD8	gene_name:MUB4
Q9LTF7	gene_name:MYB82
Q9LUM0	gene_name:FAB1B
Q9LUU7	gene_name:At3g17250
Q9LV81	gene_name:At5g64970
Q9LXL5	gene_name:SUS4
Q9LZZ5	gene_name:T4C21_90
Q9M249	gene_name:SAUR39
Q9M2S2	gene_name:T22E16.230
Q9MAA6	gene_name:At3g05130
Q9SAK2	gene_name:GA2
Q9SAZ5	gene_name:AHP3
Q9SCX9	gene_name:DHAPRD
Q9SHC2	gene_name:ARR16
Q9SHE8	gene_name:PSAF
Q9SIW2	gene_name:DRD1
Q9SMQ4	gene_name:SRK2F
Q9SNC6	gene_name:PUB13
Q9SV87	gene_name:BRN2
Q9SVG4	gene_name:At4g20830
Q9SX25	gene_name:CXE6
Q9T0E0	gene_name:At4g11730
Q9XEF2	gene_name:T07M07.11
Q9XIL6	gene_name:At2g15830
Q9ZNU8	gene_name:At2g01400
Q9ZSA3	gene_name:CPK22
Q9ZU37	gene_name:At2g01300
Q9ZV02	gene_name:SWEET9
Q9ZVN6	gene_name:AP180
Q9ZW86	gene_name:P4H1
A0A1I9LM22	gene_name:DSP4
A0A1I9LTN0	gene_name:At3g50570
A0A1P8B2C9	gene_name:At2g02765
A0A1P8B4V9	gene_name:At4g00955
A7UL74	gene_name:CTF7
A8MRX0	gene_name:FMOGS-OX5
A8MS53	gene_name:CYP702A5
B3H5D1	gene_name:At5g12043
F4HQH8	gene_name:At1g01080
F4HSN5	gene_name:At1g13990
F4HSW0	gene_name:At1g27385
F4HX80	gene_name:ALT4
F4IPK2	gene_name:TAF14
F4IWT9	gene_name:At3g49300
F4IZ13	gene_name:At3g28250
F4J0D4	gene_name:At3g28700
F4J0H5	gene_name:At3g43833
F4J9A3	gene_name:At3g53210
F4JJH9	gene_name:At4g21366
F4JWP5	gene_name:At5g25200
F4K687	gene_name:NMNAT
F4KIF3	gene_name:CSA1
O22869	gene_name:ATTI6
O23208	gene_name:ATHB-40
O64640	gene_name:CXE8
O65649	gene_name:FPP5
O81016	gene_name:ABCG32
O82232	gene_name:At2g24040
P0C5K2	gene_name:FH15A
P0DN99	gene_name:CEP12
P42801	gene_name:IPS1
P46416	gene_name:GSH2
P92567	gene_name:AtMg01410
P92934	gene_name:AAP6
P92943	gene_name:CLC-D
Q0WVQ3	gene_name:BRF2
Q1G3K0	gene_name:At4g03635
Q1PDX3	gene_name:At5g12460
Q2V3H2	gene_name:PUP7
Q39048	gene_name:CER2
Q39168	gene_name:At1g62000
Q570B4	gene_name:FDH
Q5E924	gene_name:GAPCP2
Q5Q0G4	gene_name:At1g19500
Q6NKU3	gene_name:At1g55340
Q6NKW9	gene_name:At1g64760
Q6X7J5	gene_name:WOX8
Q7XJK7	gene_name:AGL35
Q7XJN0	gene_name:RH17
Q7Y231	gene_name:At1g45150
Q84K51	gene_name:At1g77770
Q84RJ8	gene_name:At2g19610
Q8GWE1	gene_name:UCH3
Q8L8Y0	gene_name:RPS2A
Q8LC59	gene_name:GATA23
Q8RY79	gene_name:ELI5
Q8S8N1	gene_name:CLE7
Q8W476	gene_name:At1g06200
Q8W496	gene_name:PTC52
Q93YW0	gene_name:EX1
Q94AI4	gene_name:MTB
Q9C7N3	gene_name:OBAP2C
Q9C8U7	gene_name:IAN4
Q9CA75	gene_name:XXT5
Q9FFW0	gene_name:MBB18.16
Q9FG39	gene_name:At5g06050
Q9FIH2	gene_name:PCMP-E102
Q9FJD6	gene_name:RBOHH
Q9FJJ1	gene_name:At5g62550
Q9FJT3	gene_name:MIK19.27
Q9FL96	gene_name:DSS1(V)
Q9FT88	gene_name:GNT2
Q9FX33	gene_name:At1g73380
Q9LFK6	gene_name:At5g16950
Q9LIK7	gene_name:ACA13
Q9LK27	gene_name:GTE8
Q9LM63	gene_name:At1g22000
Q9LP41	gene_name:HIPP29
Q9LRL7	gene_name:CRRSP22
Q9LSQ3	gene_name:LRL3
Q9LTK5	gene_name:At5g52150
Q9LUN4	gene_name:CHX19
Q9LVC3	gene_name:APUM12
Q9LYQ4	gene_name:PRA1B6
Q9LZ25	gene_name:At5g04720
Q9M0B3	gene_name:At4g30470
Q9M0H9	gene_name:At4g28290
Q9M190	gene_name:At3g42770
Q9M1N8	gene_name:HDA10
Q9M388	gene_name:F24B22.120
Q9S7L8	gene_name:CDA5
Q9SLV0	gene_name:DTX48
Q9SN29	gene_name:At4g10140
Q9STX1	gene_name:ACBP3
Q9SUH8	gene_name:At4g30680
Q9SUQ7	gene_name:CHX17
Q9SVR9	gene_name:At4g21780
Q9ZPF5	gene_name:ARGAH2
Q9ZPH9	gene_name:At4g00750
Q9ZU23	gene_name:JAL5
A0A1I9LP67	gene_name:At3g46845
A0A1I9LPF9	gene_name:At3g28335
A0A1I9LQA1	gene_name:At3g07510
A0A1P8ASN1	gene_name:At1g20923
A0A1P8B3W1	gene_name:At4g00467
A0A1P8B6P8	gene_name:At4g18253
A7REE5	gene_name:RALFL3
B3H5N0	gene_name:At3g28193
F4HW17	gene_name:TMN5
F4I974	gene_name:At1g24265
F4IMC1	gene_name:At2g07706
F4J078	gene_name:JAZ13
F4JDF8	gene_name:At3g13677
F4JIW2	gene_name:At4g27480
F4JP70	gene_name:DUF239
F4JT43	gene_name:MYOB13
F4JX48	gene_name:MQL5.26
F4KAB8	gene_name:MCM6
O22193	gene_name:PUB4
O23417	gene_name:GRXS8
O24410	gene_name:IAA20
O49617	gene_name:PEARLI
O80522	gene_name:At1g09390
P51422	gene_name:RPL35AD
P82767	gene_name:LCR53
P82794	gene_name:LCR85
Q06915	gene_name:A6
Q0WNX3	gene_name:At5g15270
Q1G1A4	gene_name:LAS1
Q1G3U3	gene_name:At1g21528
Q1HDT3	gene_name:CHX16
Q1PFD0	gene_name:SKS18
Q27GK7	gene_name:TPR4
Q29Q18	gene_name:At3g62620
Q2V4G1	gene_name:At1g59833
Q67XW5	gene_name:UBP18
Q67Y55	gene_name:At4g28420
Q6NPL9	gene_name:PLP3A
Q7XJL1	gene_name:AGL89
Q84TG3	gene_name:PUB23
Q84VW6	gene_name:At1g11655
Q84VX3	gene_name:ALF4
Q84Y95	gene_name:GRXS14
Q8GWB5	gene_name:At1g02960
Q8GXW6	gene_name:At3g58930
Q8GYH8	gene_name:SULTR4;2
Q8GYP2	gene_name:At1g24145
Q8H0T5	gene_name:ERF073
Q8L765	gene_name:BPM1
Q8L7L8	gene_name:TRP1
Q8LBH2	gene_name:At2g01600
Q8LPK0	gene_name:ABCA8
Q8RY08	gene_name:MNC17.12
Q8S9D1	gene_name:ATC401
Q8VXZ7	gene_name:AGAL3
Q8VZ23	gene_name:At1g04420
Q94AL3	gene_name:SDRD
Q94EH2	gene_name:TIM22-2
Q9C782	gene_name:F11B9.2
Q9C9U0	gene_name:At1g73710
Q9CAN4	gene_name:PP2A11
Q9FGP3	gene_name:MFB16.9
Q9FIJ2	gene_name:At5g47890
Q9FJ50	gene_name:PYL11
Q9FJH5	gene_name:HIPP03
Q9FK27	gene_name:At5g50450
Q9FLM1	gene_name:GDPD2
Q9FLV5	gene_name:PER61
Q9FN70	gene_name:MVA3.19
Q9FVR1	gene_name:At1g32160
Q9FXD3	gene_name:At1g67670
Q9FYG7	gene_name:TCP1
Q9LDY2	gene_name:DIN4
Q9LF66	gene_name:At5g17580
Q9LFL5	gene_name:PCMP-H92
Q9LI88	gene_name:GHS1
Q9LJJ0	gene_name:At3g28650
Q9LPU9	gene_name:VTL1
Q9LQS7	gene_name:At1g75870
Q9LSA3	gene_name:RPL30C
Q9LZ99	gene_name:EXPA9
Q9LZF0	gene_name:ATDOA11
Q9M0F9	gene_name:PFK1
Q9M144	gene_name:At4g01240
Q9M1D0	gene_name:BGLU16
Q9M2Q5	gene_name:T10K17.140
Q9M3A3	gene_name:ABIL2
Q9M9S1	gene_name:At1g14430
Q9SGT2	gene_name:PUB58
Q9SHS2	gene_name:At2g13440
Q9SHW5	gene_name:At2g10920
Q9SJ09	gene_name:WRKY59
Q9SJZ7	gene_name:DJA6
Q9SLB8	gene_name:ZFP11
Q9SLH7	gene_name:PER20
Q9SNE5	gene_name:IRX15
Q9SSK7	gene_name:MLP34
Q9STG3	gene_name:At3g46910
Q9T0E3	gene_name:LCR17
Q9ZVQ4	gene_name:GSTZ2
A0A1I9LPW0	gene_name:At3g17765
A0A1I9LSE2	gene_name:At3g27185
A0A1P8AWH6	gene_name:At1g54575
A0A1P8B9F4	gene_name:At5g37470
A0JQ18	gene_name:PROSCOOP14
B3H5J1	gene_name:GLV10
B3H6Q4	gene_name:At2g34186
F4HRC0	gene_name:TGS1
F4I6M1	gene_name:POLIA
F4IDY5	gene_name:At1g18910
F4J7P7	gene_name:RSY3
F4JAU2	gene_name:SAC3B
F4JCA2	gene_name:At3g13370
F4K2V2	gene_name:At5g27240
F4K8K6	gene_name:At5g28660
F4KFE5	gene_name:At5g09976
O22221	gene_name:At2g41590
O22813	gene_name:At2g33630
O22866	gene_name:ATTI2
O22894	gene_name:At2g47200
O23334	gene_name:dl3430w
O49636	gene_name:MPC4
O80752	gene_name:At1g60300
O81827	gene_name:At4g27240
P16181	gene_name:RPS11A
P42750	gene_name:UBC6
P82624	gene_name:SCRL5
Q38859	gene_name:NRPB11
Q38950	gene_name:PP2AA2
Q3EB86	gene_name:At3g11402
Q3EDH0	gene_name:SCL31
Q43870	gene_name:APS2
Q5HZ60	gene_name:At3g52210
Q66GQ6	gene_name:IP5P5
Q7DNC3	gene_name:MPT1
Q7X9I0	gene_name:AGL65
Q84RE1	gene_name:At2g44700
Q8GX23	gene_name:PERK5
Q8GXV6	gene_name:At5g55132
Q8GYA6	gene_name:RPN9B
Q8H1S4	gene_name:At1g06650
Q8L705	gene_name:At2g20720
Q8L7G4	gene_name:TPS09
Q8LPS1	gene_name:LACS6
Q8RY82	gene_name:At2g32560
Q8VZH2	gene_name:APM1
Q8VZU6	gene_name:At5g54585
Q8W4F1	gene_name:PAP10
Q8W4K1	gene_name:At4g04670
Q93WJ8	gene_name:MDAR2
Q940I0	gene_name:AHL13
Q94A16	gene_name:CYP21-3
Q94C48	gene_name:WDL5
Q94CK6	gene_name:PANS2
Q94IA6	gene_name:CYP90D1
Q9ASX5	gene_name:At5g05200
Q9C5P6	gene_name:CBL6
Q9C7F5	gene_name:NTF2B
Q9C8L9	gene_name:F22G10.8
Q9C919	gene_name:ATL19
Q9C9N8	gene_name:At1g66860
Q9C9R9	gene_name:UNE2
Q9FF65	gene_name:MUG13.5
Q9FFV8	gene_name:MBB18.19
Q9FGL1	gene_name:PCMP-E103
Q9FH62	gene_name:SAUR11
Q9FHP1	gene_name:ACR1
Q9FHT4	gene_name:TMN4
Q9FLL2	gene_name:LRR-RLK
Q9FLM8	gene_name:NRPB12
Q9FMS4	gene_name:SIED1
Q9FPD6	gene_name:At1g08210
Q9FZJ3	gene_name:At1g27420
Q9LF34	gene_name:MAZ1
Q9LIF4	gene_name:LBO1
Q9LMU0	gene_name:GER2
Q9LND0	gene_name:BHLH89
Q9LSN2	gene_name:At3g17152
Q9LT93	gene_name:AGL71
Q9LVU7	gene_name:MNB8.11
Q9M086	gene_name:DCAF1
Q9M1I6	gene_name:SDP1L
Q9M397	gene_name:F24B22.20
Q9M658	gene_name:MOM1
Q9MA55	gene_name:ACBP4
Q9SA08	gene_name:At1g31150
Q9SCV0	gene_name:BGAL12
Q9SFU7	gene_name:IRP1
Q9SI49	gene_name:CYP705A13
Q9SJ04	gene_name:SKIP6
Q9SLC4	gene_name:ATL40
Q9SMU0	gene_name:At3g49030
Q9SN11	gene_name:CYCD3-3
Q9SPU7	gene_name:TERT
Q9SZR6	gene_name:EBS7
Q9T0P4	gene_name:GLU2
Q9XEX2	gene_name:PRXIIB
Q9ZU31	gene_name:At2g01360
Q9ZV69	gene_name:AXL1
Q9ZW73	gene_name:At2g43220
A0A0A7EPL0	gene_name:PIAL1
A0A1I9LPW4	gene_name:At3g04490
A0A1I9LQX8	gene_name:At3g43645
A0A1I9LSU7	gene_name:At3g51940
A0A1P8AWJ4	gene_name:At1g64584
A0A1P8AXS1	gene_name:At2g47885
A0A1P8B8Q4	gene_name:At4g05555
A9LLI7	gene_name:RRP6L2
B3H4Q2	gene_name:At3g19663
B3H5T0	gene_name:At4g24231
B3H6D9	gene_name:At5g41071
B3H6X7	gene_name:At1g56385
B3H7M5	gene_name:At5g34908
F4HRR0	gene_name:CSL1
F4HUN8	gene_name:At1g20750
F4I8U3	gene_name:At1g05615
F4ID46	gene_name:At1g59865
F4IHD7	gene_name:ISTL10
F4IT63	gene_name:At2g44220
F4J864	gene_name:CYP76G1
F4JAC4	gene_name:At3g47100
F4JLQ8	gene_name:At4g16215
F4KF16	gene_name:OFUT38
O24496	gene_name:GLX2-2
O64637	gene_name:CYP76C2
O64644	gene_name:At2g45640
O64873	gene_name:At2g44390
O65388	gene_name:At1g11920
O65418	gene_name:APC4
O80475	gene_name:MES8
O80970	gene_name:NPY2
O82312	gene_name:PAPS2
P14671	gene_name:TSB1
P36210	gene_name:RPL12A
P42799	gene_name:GSA1
P82726	gene_name:LCR11
Q0WRG4	gene_name:At3g11290
Q1PDM1	gene_name:MSP2
Q2V4F3	gene_name:At1g64195
Q39203	gene_name:SD22
Q42589	gene_name:LTP1
Q45GG6	gene_name:MYC6.10
Q58FY4	gene_name:PUB63
Q5XV33	gene_name:SPH13
Q66GP9	gene_name:NOA1
Q6EJ98	gene_name:BT5
Q6NKR2	gene_name:PTPMT2
Q6NQN8	gene_name:VLG
Q84MC5	gene_name:At5g36710
Q8GS60	gene_name:HCAR
Q8GT73	gene_name:BHLH119
Q8GXN6	gene_name:VPS20.1
Q8H1Q7	gene_name:At4g30570
Q8L8X4	gene_name:At1g22790
Q8LCW9	gene_name:RPP1A
Q8RXE1	gene_name:GAUT5
Q8VYF7	gene_name:WHY2
Q8VZT6	gene_name:WCRKC2
Q93W02	gene_name:MXC17.8
Q93YS7	gene_name:At4g04940
Q945P1	gene_name:EULS3
Q94A84	gene_name:UGT72E1
Q95747	gene_name:RPL16
Q9C5N0	gene_name:At5g02480
Q9C8D7	gene_name:HLP1
Q9CAE9	gene_name:At3g10510
Q9CAV7	gene_name:At3g04930
Q9FHQ1	gene_name:At5g37690
Q9FIK0	gene_name:PFK2
Q9FJ76	gene_name:AT5
Q9FM16	gene_name:MQB2.9
Q9FMB1	gene_name:PDI
Q9FN05	gene_name:PSL5
Q9FN10	gene_name:At5g67430
Q9LFN4	gene_name:At5g11220
Q9LFR3	gene_name:GASA14
Q9LHS1	gene_name:EXT13
Q9LK87	gene_name:At3g27900
Q9LM78	gene_name:ATEH1
Q9LNA5	gene_name:ACR8
Q9LXE7	gene_name:At5g15360
Q9LXX2	gene_name:T15B3_10
Q9M0D1	gene_name:XTH19
Q9M306	gene_name:PAT05
Q9M8K7	gene_name:DSPTP1B
Q9M8X3	gene_name:At3g04170
Q9SHP6	gene_name:At1g28610
Q9SJH8	gene_name:At2g42780
Q9SKA2	gene_name:At1g22600
Q9SKH8	gene_name:At2g10970
Q9SVR4	gene_name:At4g13130
Q9SZ79	gene_name:F16J13.210
Q9T0K7	gene_name:At4g13360
Q9XGU0	gene_name:ARAC9
Q9XI32	gene_name:LOLITA
Q9ZPY1	gene_name:PPOX2
Q9ZQ26	gene_name:At2g24420
Q9ZQ28	gene_name:SAUR38
Q9ZT84	gene_name:GA3OX2
Q9ZV64	gene_name:At2g32360
A0A178UFC4	gene_name:At5g65613
A0A1I9LM80	gene_name:At3g23123
A0A1P8AZS4	gene_name:At2g25220
F4HPP7	gene_name:UBC39
F4HQ07	gene_name:At1g66800
F4HRB5	gene_name:At1g45207
F4I458	gene_name:At1g04140
F4IA86	gene_name:At1g78476
F4IBR2	gene_name:IDAP1
F4IJB1	gene_name:At2g06555
F4J9G2	gene_name:At3g59780
F4JB65	gene_name:At3g19370
F4JBG0	gene_name:At3g32896
F4JKQ7	gene_name:At4g09640
F4JQG6	gene_name:At4g36700
F4JXW9	gene_name:At5g11560
O22141	gene_name:GAE4
O49347	gene_name:PSBY
O49383	gene_name:At4g32090
O65553	gene_name:At4g30970
O80630	gene_name:DIR9
O81020	gene_name:NPC2
O81801	gene_name:DAZ3
P11139	gene_name:TUBA1
P48578	gene_name:PP2A4
P49200	gene_name:RPS20A
P53780	gene_name:At3g57050
P55228	gene_name:APS1
P93284	gene_name:AtMg00150
Q0WTF4	gene_name:CYP81F3
Q1G3Z6	gene_name:At1g43171
Q1PE54	gene_name:At4g23090
Q2V301	gene_name:At5g50175
Q3E703	gene_name:ERF088
Q3E9H1	gene_name:At5g16285
Q3ED92	gene_name:At1g19930
Q41914	gene_name:PDF2.1
Q5XVC4	gene_name:MDP60
Q6NNM0	gene_name:TFB5
Q6NQD2	gene_name:MXC9.20
Q700D9	gene_name:At1g14600
Q84J70	gene_name:DI19-3
Q84K79	gene_name:ACD22.3
Q8GWH6	gene_name:At1g16040
Q8LBL5	gene_name:PRT1
Q8RWD0	gene_name:COL16
Q940N3	gene_name:ATL18
Q9C574	gene_name:At5g22140
Q9C684	gene_name:ATHMAD1
Q9C6I7	gene_name:VUP2
Q9C790	gene_name:At1g69470
Q9C7F0	gene_name:At1g28030
Q9CAM9	gene_name:At1g63140
Q9CAN3	gene_name:SCL28
Q9FFG6	gene_name:MOP10.2
Q9FG64	gene_name:At5g36228
Q9FGQ1	gene_name:NAC097
Q9FI19	gene_name:CML43
Q9FI34	gene_name:MDN11.12
Q9FMV0	gene_name:At5g63520
Q9FNI9	gene_name:At5g22720
Q9LES4	gene_name:L2HGDH
Q9LF08	gene_name:At5g16200
Q9LG05	gene_name:WRKY10
Q9LMM6	gene_name:BPS1
Q9LMX4	gene_name:PAP1
Q9LQ74	gene_name:At1g01810
Q9LT09	gene_name:At5g23535
Q9LUD8	gene_name:At3g14560
Q9LUR4	gene_name:SWEET16
Q9LVN1	gene_name:FH13
Q9LVY1	gene_name:TAT
Q9LW31	gene_name:FUS3
Q9LW76	gene_name:RABG3C
Q9M001	gene_name:CDS5
Q9M1Z3	gene_name:LSM6A
Q9M3B0	gene_name:PME34
Q9M3B9	gene_name:ABCB20
Q9MAL9	gene_name:GIF2
Q9S825	gene_name:At1g77840
Q9S9K4	gene_name:A39
Q9SA27	gene_name:RH36
Q9SBJ1	gene_name:PDK
Q9SD26	gene_name:SAUR18
Q9SF04	gene_name:F26K24.24
Q9SIK1	gene_name:At2g21590
Q9SLD0	gene_name:LRR-RLK
Q9SMX9	gene_name:SPL1
Q9SRQ6	gene_name:NPC3
Q9SUV6	gene_name:LTPG34
Q9SVG8	gene_name:LRR-RLK
Q9SW57	gene_name:SAUR1
Q9SY07	gene_name:At4g02820
Q9SYE4	gene_name:At4g08140
Q9ZQR2	gene_name:At2g14500
Q9ZSB5	gene_name:UBP10
Q9ZU34	gene_name:AIP1-1
Q9ZVK5	gene_name:At2g14660
Q9ZVR1	gene_name:PP2B5
Q9ZWT2	gene_name:CYTB5-D
A0A1I9LMZ0	gene_name:At3g05035
A8MQ86	gene_name:At5g36310
A8MRK3	gene_name:At1g60913
B3H4B7	gene_name:SPI-2
F4HS13	gene_name:At1g73885
F4I1A6	gene_name:TPPC
F4ICK6	gene_name:At1g32120
F4IHU8	gene_name:At2g34357
F4IV16	gene_name:TPK2
F4J3Q1	gene_name:At3g04480
F4J465	gene_name:At3g23680
F4JB86	gene_name:At3g19515
F4JML5	gene_name:At4g16800
F4JVT8	gene_name:At4g26960
F4K7C7	gene_name:At5g43910
O04202	gene_name:TIF3F1
O22265	gene_name:CAO
O22764	gene_name:At4g02630
O23066	gene_name:CYP86A2
O49048	gene_name:VPS45
O49367	gene_name:At4g32230
O49402	gene_name:At4g18870
O49605	gene_name:CYP21-1
O80905	gene_name:IREG1
P42751	gene_name:CYCD1-1
P43256	gene_name:HMG2
P94040	gene_name:GLP1
Q0IGJ6	gene_name:At1g63230
Q0WUI9	gene_name:TPS8
Q39199	gene_name:RECA
Q39239	gene_name:TRX4
Q3EAC9	gene_name:At4g01985
Q3ECV9	gene_name:At1g47450
Q56Z59	gene_name:PATL3
Q5BPM6	gene_name:QWRF6
Q5XF04	gene_name:GT15
Q6X5U1	gene_name:DVL2
Q84WV2	gene_name:BGLU20
Q8GUM5	gene_name:At3g52640/At3g52650
Q8GUP3	gene_name:PDS5C
Q8GYJ3	gene_name:KRP4
Q8GYL3	gene_name:ULP1A
Q8L7B2	gene_name:SCPL20
Q8L7S9	gene_name:At1g43560
Q8LAR0	gene_name:BDX
Q8LAR7	gene_name:At5g60510
Q8LG30	gene_name:CYSTM11
Q8LGG7	gene_name:At1g68585
Q8LPF5	gene_name:ALPHA/BETA-HYD
Q8LPJ7	gene_name:RPS26B
Q8RX26	gene_name:RGLG3
Q8S8R1	gene_name:At2g23120
Q8VZI8	gene_name:FTSH10
Q93YV5	gene_name:DA2
Q940R3	gene_name:MRG21.7
Q9C554	gene_name:EXPA1
Q9C667	gene_name:CPN60B4
Q9C6D2	gene_name:MTK
Q9C829	gene_name:NUP50A
Q9C8D1	gene_name:PUB20
Q9FFZ3	gene_name:EMB2735
Q9FGN7	gene_name:SCC4
Q9FHF5	gene_name:At5g46500
Q9FHP6	gene_name:CAR1
Q9FJ74	gene_name:AT3
Q9FJT9	gene_name:At5g56730
Q9FKR9	gene_name:ZFWD3
Q9FLK7	gene_name:MFB13.3
Q9FXA7	gene_name:RGXT3
Q9LEU9	gene_name:CMAL
Q9LIJ4	gene_name:VP22-2
Q9LIP6	gene_name:CYP71B34
Q9LIQ7	gene_name:PCMP-H87
Q9LK95	gene_name:MYB21
Q9LMC2	gene_name:At1g19060
Q9LPE9	gene_name:At1g44820
Q9LQL0	gene_name:GDH3
Q9LVD8	gene_name:At5g57200
Q9LXW3	gene_name:RDL3
Q9LZJ2	gene_name:F26K9_160
Q9LZK2	gene_name:F26K9_60
Q9M053	gene_name:F1I16_100
Q9M1R6	gene_name:CHMP7
Q9M2J5	gene_name:At3g58210
Q9M360	gene_name:EMB1703
Q9M3E6	gene_name:F18N11.80
Q9S7R3	gene_name:LSH10
Q9SEE9	gene_name:SR45
Q9SFB7	gene_name:QRT2
Q9SGZ8	gene_name:FLZ6
Q9SMY8	gene_name:FBL15
Q9SPK5	gene_name:THFS
Q9SR01	gene_name:PCMP-E81
Q9SSK9	gene_name:MLP28
Q9SUY9	gene_name:KCS15
Q9SVD3	gene_name:F22O6_100
Q9SYY4	gene_name:HOS3
Q9SZ63	gene_name:NUDT14
Q9XIQ1	gene_name:CYP89A5
Q9ZUU8	gene_name:KINB3
A0A1I9LLC5	gene_name:At3g58050
A0A1P8ANP5	gene_name:At1g75150
A0A1P8B241	gene_name:At2g26515
A0A1P8B616	gene_name:At4g33885
B3H448	gene_name:At2g46308
D7SFH9	gene_name:LRK10L-2.6
F4HW79	gene_name:COAC1
F4HXZ1	gene_name:BRO1
F4HZ99	gene_name:At1g02990
F4I2U8	gene_name:At1g16230
F4I5A3	gene_name:DAA1
F4I8C2	gene_name:At1g65032
F4IBV4	gene_name:At1g78800
F4IS01	gene_name:AT2G38152.1
F4IXI9	gene_name:MXL8.16
F4JBE2	gene_name:TEL1
F4JKX0	gene_name:DL3960W
F4JMH0	gene_name:DL4270C
F4JNL3	gene_name:RDL6
F4KBY0	gene_name:At5g51310
O22049	gene_name:AOX2
O49318	gene_name:At2g33170
O49712	gene_name:At4g21890
O65515	gene_name:GATA7
O80654	gene_name:ERF037
P0DKC7	gene_name:HSD4
P43082	gene_name:HEL
P50651	gene_name:RNR2A
P57681	gene_name:FCLY
P82281	gene_name:TL29
Q1H583	gene_name:GLL22
Q2V3R1	gene_name:At3g44326
Q38906	gene_name:TOC34
Q39092	gene_name:ZAT1
Q3E7S2	gene_name:At1g19070
Q3EAR4	gene_name:At3g42628
Q3ECE3	gene_name:DEP
Q3ECM0	gene_name:CEP2
Q42600	gene_name:CYP84A1
Q56XR7	gene_name:STR4A
Q67ZE1	gene_name:3BETAHSD/D2
Q6A331	gene_name:ALY1
Q6TBX7	gene_name:CYP97C1
Q84WL9	gene_name:AP17
Q84X19	gene_name:At2g15345
Q8GWA1	gene_name:NDA1
Q8GWG7	gene_name:At1g09932
Q8GXM8	gene_name:DTX2
Q8L8N3	gene_name:At2g17350
Q8RWG8	gene_name:RANBP1B
Q8RWX7	gene_name:IDD6
Q8S397	gene_name:NHX4
Q8S8M0	gene_name:WIH2
Q8S8Q9	gene_name:At2g43260
Q8VY47	gene_name:At1g21820
Q8VZB1	gene_name:EMB2799
Q8W4L0	gene_name:CML49
Q93VK0	gene_name:PPCK2
Q94AF0	gene_name:CFIS1
Q9C5B9	gene_name:At1g10810
Q9C6I8	gene_name:At1g50920
Q9C8U9	gene_name:PP2A4
Q9C998	gene_name:RPI1
Q9CAU2	gene_name:SCPL5
Q9FFT5	gene_name:MBG8.22
Q9FGX1	gene_name:ACLB-2
Q9FIC3	gene_name:BOLA2
Q9FK84	gene_name:MQJ16.9
Q9FKS0	gene_name:UKL1
Q9FKZ1	gene_name:At5g66900
Q9FMN3	gene_name:CC2
Q9FMV3	gene_name:CBSCBSPB1
Q9FUP0	gene_name:OPR3
Q9FYL5	gene_name:At1g24480
Q9LDC0	gene_name:FKBP42
Q9LFP5	gene_name:At5g15110
Q9LK57	gene_name:At3g13160
Q9LPG6	gene_name:RHM2
Q9LPW7	gene_name:AFB3
Q9LSR0	gene_name:ATDOB11
Q9LTE6	gene_name:At5g52710
Q9LU85	gene_name:PAP4
Q9LVA0	gene_name:BAG7
Q9LVG8	gene_name:At5g60060
Q9LY41	gene_name:ATL4
Q9M0B2	gene_name:TPR1
Q9M0X5	gene_name:CRK25
Q9M246	gene_name:TIFY3A
Q9M350	gene_name:GCP4
Q9MA95	gene_name:PCMP-E82
Q9S7F8	gene_name:T9C5.40
Q9S7M0	gene_name:LHCB3
Q9SCL7	gene_name:NAGK
Q9SCT2	gene_name:PCMP-E85
Q9SD05	gene_name:SSL6
Q9SJQ6	gene_name:ROS1
Q9SL42	gene_name:PIN1
Q9SMP1	gene_name:XTH11
Q9SW35	gene_name:At4g24910
Q9XIF2	gene_name:MTR4
A0A1P8B3F9	gene_name:At4g32560
A0A1P8B6F6	gene_name:At4g23860
A0A1P8BAC2	gene_name:NAC084
A0A1P8BBH0	gene_name:At5g05430
B3H4V5	gene_name:At4g21926
C0LGK4	gene_name:At2g16250
C0LGP9	gene_name:IMK3
F4I6P4	gene_name:At1g64295
F4I9I5	gene_name:At1g51402
F4IB95	gene_name:JAL9
F4IXI5	gene_name:At3g15240
F4J801	gene_name:At3g46260
F4JI44	gene_name:NDX
F4JLN7	gene_name:At4g10420
F4JLP3	gene_name:At4g16146
F4JV27	gene_name:EPCR1
F4K5X2	gene_name:MNJ8.1
F4K739	gene_name:At5g28390
F4K956	gene_name:A70
F4KE84	gene_name:MQM1.12
F4KG50	gene_name:SHOC1
O22222	gene_name:At2g41600
O23238	gene_name:C7A10.940
O49397	gene_name:ARR10
O64811	gene_name:SCPL9
O65435	gene_name:TPS08
O65674	gene_name:ASK12
O81292	gene_name:LECRK43
O82255	gene_name:GRXC13
P34881	gene_name:DMT1
P92535	gene_name:AtMg01010
Q0WUV7	gene_name:EXL4
Q1G3Y7	gene_name:At1g55928
Q1PE04	gene_name:FBL25
Q1PE39	gene_name:MRS2-6
Q1PFW3	gene_name:SDS
Q29Q07	gene_name:At4g16447
Q2NND9	gene_name:IQD7
Q2V365	gene_name:At5g19175
Q2V4N5	gene_name:At1g13608
Q39202	gene_name:RLK1
Q5W9E7	gene_name:MUS81
Q8GWZ6	gene_name:SRR1
Q8GY46	gene_name:At5g13560
Q8GY50	gene_name:VRLK1
Q8H0W0	gene_name:LPA3
Q8H133	gene_name:PLP8
Q8L798	gene_name:At1g19110
Q8L7R2	gene_name:HSK
Q8LED0	gene_name:At5g60500
Q8LG76	gene_name:COL6
Q8LPQ7	gene_name:PVA43
Q8RXN8	gene_name:NRP
Q93YV9	gene_name:SKIP8
Q93Z70	gene_name:At2g19940
Q94AZ4	gene_name:CML13
Q94CA5	gene_name:At1g55675
Q96514	gene_name:CYP71B7
Q9C589	gene_name:ATR7
Q9C6S2	gene_name:FRL2
Q9C7G6	gene_name:GNAT10
Q9C9T0	gene_name:SSU72
Q9FFV1	gene_name:MBG8.2
Q9FGD5	gene_name:At5g66950
Q9FGP4	gene_name:MFB16.7
Q9FI02	gene_name:MGN6.10
Q9FI41	gene_name:At5g47970
Q9FK14	gene_name:At5g53270
Q9FLS0	gene_name:At5g07610
Q9FZJ1	gene_name:IRX10
Q9LD95	gene_name:SIGF
Q9LF09	gene_name:CSLA11
Q9LIM2	gene_name:BRP1
Q9LJE2	gene_name:OVA5
Q9LS80	gene_name:RLP37
Q9LSQ1	gene_name:At3g16900
Q9LTB9	gene_name:At5g47090
Q9LTW9	gene_name:FLA14
Q9LTY3	gene_name:At3g27473
Q9LUS5	gene_name:At3g16590
Q9LY37	gene_name:F27H5_60
Q9LZP3	gene_name:At3g62470
Q9LZP4	gene_name:T12C14_160
Q9LZX7	gene_name:AHL18
Q9M5P2	gene_name:SCAMP3
Q9S9T7	gene_name:VPS28-2
Q9SAR0	gene_name:ACS6
Q9SB31	gene_name:AHL3
Q9SCP6	gene_name:UGT73D1
Q9SDN0	gene_name:ATJ20
Q9SI20	gene_name:At2g18110
Q9SIB0	gene_name:EXO70H8
Q9SL64	gene_name:At2g20170
Q9SU35	gene_name:AZI1
Q9SU65	gene_name:T17F15.110
Q9SVJ4	gene_name:GH9B16
Q9SYL8	gene_name:At1g78640
Q9T0B9	gene_name:At4g10600
Q9ZNS4	gene_name:PRB1
Q9ZUD9	gene_name:SRO2
A0A1I9LM63	gene_name:At3g17655
A0A1P8AQV8	gene_name:At1g58223
A0A1P8ATC3	gene_name:At1g36627
A8MQK9	gene_name:At5g58412
A8MSF3	gene_name:At1g12665
B3H5R0	gene_name:At2g41451
B3H6U3	gene_name:At3g17626
B3H784	gene_name:At2g43261
F4I499	gene_name:At1g10220
F4I6H6	gene_name:At1g40104
F4IG46	gene_name:At2g40085
F4IME2	gene_name:MSL8
F4IPF7	gene_name:At2g09840
F4IPL5	gene_name:At2g18100
F4JV59	gene_name:CABIN1
F4JWQ4	gene_name:At5g25270
F4JWS8	gene_name:QCR7-2
F4JZS4	gene_name:RAMGAP
F4K355	gene_name:At5g42905
O48532	gene_name:CYP712A1
O48772	gene_name:ZFN2
O65155	gene_name:KELP
O82205	gene_name:RPS15AB
P0CAP3	gene_name:REM11
P29383	gene_name:AGL3
P59224	gene_name:RPS13B
P92550	gene_name:AtMg01200
P92995	gene_name:GLP1
Q0WPW4	gene_name:At1g77330
Q0WV78	gene_name:At1g30240
Q0WVR4	gene_name:JMJ32
Q1PFD2	gene_name:At1g75050
Q24JJ9	gene_name:NUP43
Q29Q75	gene_name:At4g19400
Q38998	gene_name:AKT1
Q39165	gene_name:At5g40420
Q67Y32	gene_name:At1g48960
Q683I9	gene_name:PCMP-H82
Q6NLH4	gene_name:BBX29
Q6NPF4	gene_name:MED20A
Q6NPL4	gene_name:AGL26
Q6NPM8	gene_name:HISN7
Q84JC0	gene_name:At5g40530
Q84JN0	gene_name:At5g25580
Q84LH8	gene_name:PIF5
Q8GW46	gene_name:YAB5
Q8GXQ3	gene_name:WAKL6
Q8L7U0	gene_name:At3g03330
Q8LEM8	gene_name:RPL37C
Q8LPS2	gene_name:ACD6
Q8RWG1	gene_name:ABC1K1
Q8RX25	gene_name:At4g09200
Q8RXE7	gene_name:AGD14
Q93ZB9	gene_name:FAR3
Q94JZ8	gene_name:PUX7
Q9C5A9	gene_name:At5g08680
Q9C707	gene_name:RHD6
Q9C8M1	gene_name:At1g53660
Q9CAW3	gene_name:At3g04990
Q9FE62	gene_name:YLS8
Q9FIY6	gene_name:At5g43540
Q9FL35	gene_name:MPL12.4
Q9FL37	gene_name:MPL12.1
Q9FLB4	gene_name:At5g05400
Q9FLL4	gene_name:PUP12
Q9FVX1	gene_name:GRXC3
Q9FY71	gene_name:EXL4
Q9FZE4	gene_name:CLE9
Q9LFE0	gene_name:DOT2
Q9LFJ0	gene_name:At5g17130
Q9LFV3	gene_name:CRLK2
Q9LHG4	gene_name:T2E22.24
Q9LIA4	gene_name:RIK
Q9LIS2	gene_name:RBG4
Q9LJE0	gene_name:At3g13510
Q9LKR6	gene_name:JAL40
Q9LPH0	gene_name:At1g53550
Q9LPI7	gene_name:NAC012
Q9LQ17	gene_name:At1g62900
Q9LRK3	gene_name:CRRSP34
Q9LS55	gene_name:At3g18350
Q9LSR3	gene_name:ATDOB10
Q9LTW5	gene_name:AGC1-5
Q9LV76	gene_name:MXK3.28
Q9LXX5	gene_name:PPD6
Q9LYP2	gene_name:IQD24
Q9M1G9	gene_name:EXT2
Q9SF86	gene_name:PCRK1
Q9SFZ3	gene_name:BHLH110
Q9SIQ7	gene_name:CPK24
Q9SND2	gene_name:F11C1_190
Q9SRL0	gene_name:F9F8.19
Q9SRX2	gene_name:RPL19A
Q9STV4	gene_name:CIPK8
Q9SXB4	gene_name:At1g11300
Q9SYG2	gene_name:ASIL1
Q9XF87	gene_name:LHCB2.4
Q9ZPE4	gene_name:FBW2
Q9ZUK7	gene_name:RLP18
Q9ZVF7	gene_name:ESMD1
A0A1I9LNH2	gene_name:At3g30305
A0A1P8AWJ7	gene_name:At1g53875
A0A1P8AWZ4	gene_name:At1g26590
A0A1P8AZT2	gene_name:At2g24140
A0A1P8AZU2	gene_name:At2g29485
A0A1P8B3S9	gene_name:At4g07445
A0A1P8B795	gene_name:At4g31685
B3H4X6	gene_name:At3g44261
B3H779	gene_name:At5g64401
C0SV12	gene_name:JMJ29
F4HWP8	gene_name:At1g34910
F4IQK5	gene_name:At2g18540
F4JGI3	gene_name:At4g05631
F4JRR5	gene_name:TTL
F4JTJ2	gene_name:EREL1
F4JZT3	gene_name:ARR24
F4KFY1	gene_name:MUD12.40
O04089	gene_name:ZIP4
O22882	gene_name:CEP15
O48528	gene_name:OEP163
O65639	gene_name:CSP1
O80831	gene_name:BAM7
O81037	gene_name:BHLH70
O82229	gene_name:SCPL23
O82385	gene_name:UGT71D2
P0CH33	gene_name:UBQ11
P92937	gene_name:CIPK15
Q0WPN8	gene_name:PDLP7
Q0WUR5	gene_name:FAB1A
Q0WV01	gene_name:At4g38560
Q0WVX5	gene_name:SS4
Q3E8J4	gene_name:At5g41680
Q3E8M6	gene_name:MLF18.2
Q3ECS8	gene_name:At1g51230
Q5S2C3	gene_name:PIR
Q5XVH0	gene_name:BHLH109
Q6NLV9	gene_name:At3g50620
Q6NNN0	gene_name:RL3
Q6NPP7	gene_name:At1g33270
Q6NQJ6	gene_name:RNR1
Q84MA5	gene_name:CAT1
Q84MD3	gene_name:At5g47455
Q84WU7	gene_name:At3g51330
Q8GUJ9	gene_name:At5g19590
Q8GWU0	gene_name:PGLP2
Q8GZA4	gene_name:CBSX6
Q8L727	gene_name:GSTT2
Q8L736	gene_name:SKIP11
Q8L7A6	gene_name:At1g15385
Q8L9P8	gene_name:RALFL33
Q8LA67	gene_name:At5g07950
Q8LED7	gene_name:At3g06070
Q8RXE9	gene_name:OVA4
Q8VYD3	gene_name:SNRNP59
Q8W474	gene_name:At1g58390
Q93V51	gene_name:PSE1
Q93XX4	gene_name:NTMC2T6.1
Q93ZC2	gene_name:At5g36230
Q9C6P6	gene_name:KRS
Q9C9B1	gene_name:LTPG10
Q9CAP6	gene_name:At1g77620
Q9CAY4	gene_name:F24K9.9
Q9FED2	gene_name:HVA22E
Q9FGJ1	gene_name:MNJ7.25
Q9FH95	gene_name:TOE3
Q9FIK1	gene_name:At5g47800
Q9FKP8	gene_name:ZHD1
Q9FL69	gene_name:AGD5
Q9FM87	gene_name:At5g56440
Q9FUS8	gene_name:GSTU17
Q9FWR2	gene_name:AVPL2
Q9FXF4	gene_name:CELLULOSE
Q9LE81	gene_name:IRE
Q9LK09	gene_name:SYP32
Q9LN50	gene_name:At1g19430
Q9LQN4	gene_name:CML17
Q9LQZ7	gene_name:BBX21
Q9LRP8	gene_name:At3g15570
Q9LV69	gene_name:MJE7.7
Q9LVW0	gene_name:SLP2
Q9LVW4	gene_name:MYB118
Q9LYV3	gene_name:PCMP-H89
Q9LZG0	gene_name:ADK2
Q9LZW3	gene_name:PUB16
Q9M045	gene_name:F1I16_200
Q9M9V7	gene_name:NPF2.9
Q9S7Y1	gene_name:BHLH30
Q9S9U6	gene_name:ACS11
Q9SD43	gene_name:F24M12.60
Q9SG95	gene_name:MAN4
Q9SGR6	gene_name:SKS5
Q9SIE6	gene_name:At2g22180
Q9SIV0	gene_name:SUR1
Q9SL80	gene_name:At2g20010
Q9SLC3	gene_name:ATL41
Q9SLC8	gene_name:MHK10.3
Q9SN98	gene_name:F18L15.110
Q9SUD3	gene_name:COX6B-3
Q9ZTC3	gene_name:MYB90
Q9ZVD1	gene_name:At2g27090
A0A1I9LQ30	gene_name:At3g06436
A0A1I9LSA3	gene_name:CWLP
A0A1P8BAC6	gene_name:At5g46395
A0A1P8BAY9	gene_name:At5g65225
A0A1P8BGC7	gene_name:At5g51585
B3H5V7	gene_name:At3g48131
F4HTV1	gene_name:At1g74150
F4I6E4	gene_name:At1g30640
F4I765	gene_name:At1g04945
F4IBF0	gene_name:At1g59030
F4IBY8	gene_name:At1g06050
F4ICS8	gene_name:At1g43760
F4IJP7	gene_name:At2g29000
F4IJS1	gene_name:At2g35090
F4ISV2	gene_name:At2g32295
F4JAZ0	gene_name:At3g12775
F4JI12	gene_name:At4g01335
F4K6F1	gene_name:XLT2
F4KIL8	gene_name:At5g25040
F4KIN4	gene_name:KPR
O04197	gene_name:COI1
O23227	gene_name:C7A10.830
O23315	gene_name:EMB2739
O80872	gene_name:TBL45
O82329	gene_name:At2g14910
O82481	gene_name:ARAC10
P46573	gene_name:PBL10
P49201	gene_name:RPS23B
P56799	gene_name:rps4
P82622	gene_name:SCRL3
P82777	gene_name:LCR63
P94014	gene_name:GLP4
Q0WMZ6	gene_name:PI4KG8
Q0WS99	gene_name:At2g17787
Q1H5D2	gene_name:GET1
Q1PEF8	gene_name:CWINV2
Q1PEI1	gene_name:RFA7
Q3E6V3	gene_name:At3g29765
Q3E8L5	gene_name:At5g38386
Q3EBF7	gene_name:SLD2
Q494Q0	gene_name:At3g06170
Q5BPF3	gene_name:BASL
Q6IM92	gene_name:DVL9
Q6NLB7	gene_name:At5g65925
Q6NMB0	gene_name:At2g30660
Q700C2	gene_name:SPL16
Q84J88	gene_name:HIPP36
Q84R20	gene_name:At3g11960
Q84X54	gene_name:MJB20.15
Q8GY66	gene_name:WIP3
Q8L7Y9	gene_name:NPC1
Q8LD46	gene_name:RPL23AA
Q8RW94	gene_name:BRCC36A
Q8VYI6	gene_name:At2g23987
Q8VZD4	gene_name:DEG15
Q8W593	gene_name:At1g67280
Q949T9	gene_name:At5g14370
Q94JS1	gene_name:At4g26860
Q96303	gene_name:PHT1-4
Q9C5C2	gene_name:TGG2
Q9C6M9	gene_name:CAF1-4
Q9C950	gene_name:VIP5
Q9CAH5	gene_name:PPRD1
Q9FG37	gene_name:GCP3
Q9FK76	gene_name:SBT5.6
Q9FL59	gene_name:FTIP1
Q9LD43	gene_name:CAC3
Q9LDM5	gene_name:CRK31
Q9LE15	gene_name:PER4
Q9LFD8	gene_name:At5g16800
Q9LHG7	gene_name:T2E22.27
Q9LHM2	gene_name:MEC18.12
Q9LIR3	gene_name:At3g23950
Q9LJX0	gene_name:ABCB19
Q9LPT1	gene_name:PRK5
Q9LUJ9	gene_name:MUD12.5
Q9LUL6	gene_name:ATL61
Q9LW12	gene_name:LEA29
Q9LW23	gene_name:SPH22
Q9LX56	gene_name:At3g59150
Q9M0I4	gene_name:At4g28230
Q9M0M7	gene_name:At4g17200
Q9M2R3	gene_name:T10K17.50
Q9M875	gene_name:At3g02670
Q9M8R7	gene_name:PPC6-1
Q9SGN5	gene_name:At1g28375
Q9SGP8	gene_name:At1g28500
Q9SI54	gene_name:LSM7
Q9SJJ2	gene_name:At2g28010
Q9SJK6	gene_name:WBC30
Q9SKJ6	gene_name:At2g25530
Q9SMT3	gene_name:T2J13.210
Q9SNA5	gene_name:F18L15.30
Q9SZA4	gene_name:CDC20-1
Q9SZM1	gene_name:EXPA20
Q9ZPG2	gene_name:At4g07820
Q9ZQ87	gene_name:At2g03510
Q9ZR04	gene_name:CYCD6-1
Q9ZUJ8	gene_name:At2g15130
Q9ZVA7	gene_name:SHOU4
A0A178VEK7	gene_name:DUO1
A0A1P8AQV3	gene_name:BTL06
A0A1P8ASI0	gene_name:At1g76170
A0A1P8B1A7	gene_name:At2g33205
A0A219HZL6	gene_name:APE1
B3H6H3	gene_name:At4g26055
B3H6Z8	gene_name:KIN14J
F4HSH8	gene_name:At1g07850
F4HTF3	gene_name:At1g53935
F4HTY0	gene_name:TRAPPC2
F4I270	gene_name:At1g69550
F4I552	gene_name:At1g56520
F4IED7	gene_name:At1g43970
F4IJX5	gene_name:AT2G41150.1
F4IPG3	gene_name:At2g10260
F4J0L8	gene_name:At3g50373
F4J7T6	gene_name:RLP39
F4J9A8	gene_name:RLP45
F4JL01	gene_name:DL4075C
F4JUM4	gene_name:ATFDB25
F4JWS2	gene_name:At5g25415
F4K464	gene_name:At5g20190
F4KEA4	gene_name:DUF8
O23088	gene_name:A_TM018A10.5
O49578	gene_name:At4g31280
O64628	gene_name:At2g18990
O81323	gene_name:LBD30
O81852	gene_name:AKHSDH2
O82794	gene_name:AGL24
P0DI78	gene_name:At3g28290
P56790	gene_name:psbZ
P84634	gene_name:DCL4
P92969	gene_name:RPOT1
Q1G3P8	gene_name:At2g16676
Q2V4N4	gene_name:At1g13609
Q38958	gene_name:PGX1
Q39247	gene_name:PP2AB2
Q42377	gene_name:MT4B
Q52K99	gene_name:At2g37195
Q58G35	gene_name:TET17
Q5BPW2	gene_name:At1g67035
Q5BPZ1	gene_name:At1g27110
Q6NQK3	gene_name:At1g12450
Q84JF4	gene_name:NAGS1
Q8GYQ5	gene_name:MPK12
Q8GZA6	gene_name:At1g71210
Q8LBB7	gene_name:LOG5
Q8LG95	gene_name:EMB1417
Q8LRK9	gene_name:TAF1
Q8RWS0	gene_name:EEN
Q8RWZ0	gene_name:At1g69060
Q8RY80	gene_name:At1g57600
Q8VYG9	gene_name:PIRL9
Q8VZG2	gene_name:HSR4
Q9C522	gene_name:ACLB-1
Q9C573	gene_name:At5g22150
Q9C6Z0	gene_name:At1g30090
Q9C8B6	gene_name:At1g35880
Q9C8T3	gene_name:At1g63290
Q9CA59	gene_name:NRP1
Q9FF75	gene_name:SUN1
Q9FFC9	gene_name:LDIP
Q9FFP2	gene_name:KPL
Q9FGM9	gene_name:HSP23.5
Q9FH76	gene_name:CYP707A3
Q9FJN8	gene_name:RABA4A
Q9FJT2	gene_name:At5g56810
Q9FMQ5	gene_name:MWD9.26
Q9FN39	gene_name:ENODL1
Q9FN41	gene_name:At5g53850
Q9FWZ3	gene_name:At1g69650
Q9FZE1	gene_name:UGD1
Q9LF30	gene_name:RPS19B
Q9LHG1	gene_name:T2E22.21
Q9LII2	gene_name:At3g18570
Q9LML7	gene_name:UGT71C3
Q9LSN7	gene_name:BHLH147
Q9LSU8	gene_name:At3g25550
Q9LT62	gene_name:At3g27500
Q9LTU6	gene_name:At3g13230
Q9LUI1	gene_name:LRX6
Q9LXY5	gene_name:PCMP-H80
Q9LYF4	gene_name:At5g11760
Q9M390	gene_name:NPF8.1
Q9M670	gene_name:RTM2
Q9M7I9	gene_name:SEP1
Q9M8N2	gene_name:RTL1
Q9SA32	gene_name:CYCB3-1
Q9SF51	gene_name:EXO70H4
Q9SFU6	gene_name:CALS9
Q9SN10	gene_name:FBL16
Q9SN68	gene_name:RABF2B
Q9SQT6	gene_name:At3g06330
Q9SU04	gene_name:KIB2
Q9SVG3	gene_name:At4g20840
Q9SVZ0	gene_name:ZRK6
Q9SZI4	gene_name:At4g26130
Q9XGZ9	gene_name:At5g26010
Q9ZNT0	gene_name:SKD1
Q9ZV88	gene_name:BEH4
A0A178WIZ5	gene_name:At1g80625
A0A1I9LLS7	gene_name:At3g01085
A0A1I9LN39	gene_name:At3g21473
A0A1I9LQ57	gene_name:At3g59330
A0A1I9LQJ5	gene_name:At3g54065
A0A1P8AVU4	gene_name:At1g54953
A0A1P8BBA5	gene_name:HRQ1
A0A1P8BC52	gene_name:MCA23.24
A8MR84	gene_name:At5g05598
B3H430	gene_name:At2g11778
B3H6S4	gene_name:At2g31018
C0SUU6	gene_name:At1g11510
F4HQM3	gene_name:NCER1
F4HX47	gene_name:At1g62160
F4ICA0	gene_name:KIN8A
F4ISE2	gene_name:RALFL13
F4JFX4	gene_name:At4g07965
F4JJG4	gene_name:CYP702A3
F4JSF8	gene_name:At4g19110
F4K1D8	gene_name:At5g35695
F4K5K6	gene_name:PMIR1
F4K5W5	gene_name:MJG14.22
F4K9D8	gene_name:At5g01445
F4KGE8	gene_name:GIL1
O22216	gene_name:GPDHC1
O22268	gene_name:DIM1A
O22793	gene_name:MORF2
O23145	gene_name:ASK2
O23421	gene_name:GRXS3
O23447	gene_name:PME43
O48782	gene_name:HO1
O64749	gene_name:At2g34850
O65381	gene_name:RUB3
O65571	gene_name:CDA2
O80902	gene_name:CIPK22
O81078	gene_name:GLR2.9
O82378	gene_name:At2g29780
O82645	gene_name:IQM1
P13853	gene_name:HSP17.6C
P33157	gene_name:BG2
P42770	gene_name:EMB2360
P93004	gene_name:PIP2-7
Q0WQX9	gene_name:WAVH2
Q1PE48	gene_name:CDS3
Q1PFP8	gene_name:At1g32980
Q24JN5	gene_name:P4H5
Q304B9	gene_name:NCER2
Q42572	gene_name:LIG1
Q56WK6	gene_name:PATL1
Q56YY9	gene_name:At3g27906
Q6AWW5	gene_name:At5g02620
Q6NQE2	gene_name:At4g27270
Q8GW75	gene_name:RL5
Q8GYH6	gene_name:RTNLB16
Q8H1B3	gene_name:BIP3
Q8H1F6	gene_name:DGP3
Q8L7I2	gene_name:SBT3.6
Q8LAK5	gene_name:PCP-LIKE
Q8VZQ4	gene_name:B''GAMMA
Q93YR9	gene_name:ARF16
Q93ZN5	gene_name:At4g00090
Q949V8	gene_name:DL4690C
Q94BV2	gene_name:SGF11
Q9C544	gene_name:CM3
Q9C8M5	gene_name:WAG1
Q9C992	gene_name:KCS7
Q9C9I0	gene_name:F26A9.19
Q9FG90	gene_name:At5g43740
Q9FGF3	gene_name:At5g64430
Q9FHW7	gene_name:SKP1B
Q9FHZ8	gene_name:ATDOA14
Q9FKM5	gene_name:XRCC3
Q9FL51	gene_name:At5g06940
Q9FL84	gene_name:At5g39240
Q9FLT4	gene_name:ABCA10
Q9FNJ5	gene_name:At5g22660
Q9FVE0	gene_name:AGP11
Q9LDJ9	gene_name:At3g03040
Q9LFB2	gene_name:LAX1
Q9LJY7	gene_name:CYP705A20
Q9LKB4	gene_name:EMB3120
Q9LY00	gene_name:WRKY70
Q9LZJ8	gene_name:ARR20
Q9M3B7	gene_name:At3g49150
Q9M8Z9	gene_name:F17A9.15
Q9M9D1	gene_name:At1g15640
Q9SAJ4	gene_name:PGK3
Q9SG86	gene_name:BZIP28
Q9SIZ3	gene_name:At2g40280
Q9SJG7	gene_name:At2g42900
Q9SL13	gene_name:At2g05540
Q9SN39	gene_name:DOT4
Q9SSM4	gene_name:CHMP1B
Q9SUN6	gene_name:SBT2.2
Q9SX97	gene_name:DOF1.6
Q9SXL4	gene_name:AHK1
Q9T010	gene_name:At4g11040
Q9XHV0	gene_name:MYB80
Q9ZQ78	gene_name:At2g03420
Q9ZUQ5	gene_name:At2g12200
A0A178VBJ0	gene_name:APSR1
A0A1P8B0Q6	gene_name:At2g34325
A0A1P8B104	gene_name:At2g06675
A0A1P8B1J7	gene_name:At2g25905
A0A1P8B756	gene_name:At4g35685
B3H6V8	gene_name:At3g52941
B5X564	gene_name:CDC2C
D5K228	gene_name:RTM3
F4HYH4	gene_name:At1g48540
F4I423	gene_name:At1g76840
F4I695	gene_name:At1g23610
F4I844	gene_name:At1g57613
F4IUU1	gene_name:RLP27
F4JCM2	gene_name:At3g33393
F4JDR1	gene_name:At3g26855
F4JKW8	gene_name:DL3950W
F4JWU5	gene_name:At5g34870
F4K5W3	gene_name:MJG14.18
F4K6D3	gene_name:SFH14
F4K9X6	gene_name:At5g22555
O22726	gene_name:At1g61200
O23181	gene_name:PLP3
O64702	gene_name:HMGB14
O65451	gene_name:At4g22030
O80683	gene_name:CAMBP25
O81796	gene_name:IDH3
P0C7Q8	gene_name:DA1
P0C7Q9	gene_name:At1g22960
P32069	gene_name:ASA2
P92525	gene_name:AtMg00870
P92963	gene_name:RABB1C
Q0WW40	gene_name:At1g16250
Q2V4J2	gene_name:At1g33607
Q42290	gene_name:MPPbeta
Q5BPG5	gene_name:VUP4
Q5QIT3	gene_name:B''BETA
Q5XF24	gene_name:CKL13
Q6NPR6	gene_name:TOR1L3
Q8GW81	gene_name:GATA17L
Q8GWC0	gene_name:At2g14247
Q8GYC9	gene_name:At3g52240
Q8GYE6	gene_name:At1g21520
Q8H0X6	gene_name:CYS6
Q8LBH4	gene_name:SPX1
Q8LPG1	gene_name:FAX4
Q8LPT2	gene_name:At1g10410
Q8RY46	gene_name:ABCB26
Q8VXV4	gene_name:ATJ16
Q8VY06	gene_name:PREP2
Q8W580	gene_name:At1g55840
Q93Y35	gene_name:RPN7
Q93Z11	gene_name:MNJ8.18
Q940Y8	gene_name:KIN13B
Q94F26	gene_name:PMES
Q94JQ7	gene_name:At1g07830
Q94K01	gene_name:DBR1
Q9C5I9	gene_name:MAGL15
Q9C866	gene_name:PCMP-E55
Q9C8N8	gene_name:At1g34400
Q9C9U4	gene_name:MPK15
Q9FFS4	gene_name:DDA1
Q9FKT3	gene_name:UBC30
Q9FL62	gene_name:WRKY30
Q9FLC0	gene_name:PER52
Q9FLP9	gene_name:VTC5
Q9FMJ4	gene_name:ATHEMN1
Q9FXC1	gene_name:PGL1
Q9FXG3	gene_name:RWA4
Q9LF38	gene_name:EDL1
Q9LFH7	gene_name:F4P12_100
Q9LPT6	gene_name:OTU2
Q9LRR2	gene_name:TPS17
Q9LT86	gene_name:At3g19310
Q9LTC6	gene_name:ERF095
Q9LUF0	gene_name:MFB16.10
Q9LVA5	gene_name:MMI9.17
Q9LXD0	gene_name:At5g09670
Q9LZZ6	gene_name:T4C21_80
Q9M128	gene_name:BHLH57
Q9M1K3	gene_name:SIP2-1
Q9M2I4	gene_name:F9D24.230
Q9M2J9	gene_name:BET11
Q9M2Q1	gene_name:T10K17.180
Q9M367	gene_name:ATG6
Q9M9A8	gene_name:APCB1
Q9M9E2	gene_name:PCMP-H73
Q9S784	gene_name:HVA22C
Q9S789	gene_name:CDA9
Q9SAH6	gene_name:At1g80850
Q9SH64	gene_name:At1g64140
Q9SN67	gene_name:At4g10810
Q9STW8	gene_name:KOR3
Q9SVG6	gene_name:At4g20810
Q9SVV2	gene_name:XTH26
Q9SYZ7	gene_name:At4g34320
Q9SZI0	gene_name:At4g26060
Q9T033	gene_name:At4g39270
Q9XIE9	gene_name:At1g59790
Q9ZUL3	gene_name:IDD5
Q9ZWB3	gene_name:CKL9
A0A1I9LNF2	gene_name:At3g07255
A0A1P8AXK3	gene_name:At2g35343
A9QM73	gene_name:SMG7
C0SVV6	gene_name:CBP60A
F4I5I4	gene_name:At1g76965
F4IH31	gene_name:CAN2
F4IHX8	gene_name:At2g34580
F4IMC7	gene_name:At2g07715
F4ISA9	gene_name:At2g03320
F4J2K4	gene_name:KIN7O
F4J320	gene_name:At3g29385
F4JBM4	gene_name:RBL4
F4JF53	gene_name:At3g48790
F4JJ52	gene_name:TRM4A
F4JVE0	gene_name:At4g39380
F4JXC2	gene_name:MGN6.19
F4K2W6	gene_name:ATL97
O22225	gene_name:At2g41640
O22969	gene_name:At2g34160
O49403	gene_name:HSFA4A
O64724	gene_name:At2g02520
O64810	gene_name:SCPL10
O64824	gene_name:At2g23780
O64867	gene_name:BTL14
O65896	gene_name:CDA1
O80543	gene_name:At1g22800
O81275	gene_name:CKB3
O82243	gene_name:GH3.9
O82659	gene_name:CML20
P33543	gene_name:TMKL1
P82658	gene_name:At3g63540
P92513	gene_name:AtMg00720
Q0WM29	gene_name:ALDH6B2
Q0WNR2	gene_name:BHLH90
Q0WV13	gene_name:GAUT13
Q147K6	gene_name:At1g61095
Q1G3B3	gene_name:At3g05936
Q2V397	gene_name:At5g06043
Q38828	gene_name:IAA10
Q3E926	gene_name:At5g26717
Q4V3D3	gene_name:PUX9
Q58FU6	gene_name:AP22.73
Q5S4X7	gene_name:At2g22650
Q6AWX2	gene_name:BRD4
Q6E297	gene_name:At1g50000
Q6NLT4	gene_name:At3g56260
Q6R0C4	gene_name:MYB52
Q84M97	gene_name:MSL9
Q8GX31	gene_name:At3g48230
Q8GYB4	gene_name:CAT3
Q8GYD1	gene_name:PDIL5-1
Q8L751	gene_name:ORP1C
Q8LDR3	gene_name:CYP23
Q8LE51	gene_name:At2g40110
Q8LES0	gene_name:ROCK1
Q8LPK5	gene_name:CESA8
Q8RY11	gene_name:APP2
Q8VYC4	gene_name:TRM4E
Q941R6	gene_name:MLP31
Q94BQ3	gene_name:ASG2
Q94BY3	gene_name:MUA22.2
Q9C546	gene_name:F10D13.3
Q9C6Z4	gene_name:At1g30130
Q9C9C2	gene_name:At1g74010
Q9C9J1	gene_name:F26A9.8
Q9CAV6	gene_name:WNK1
Q9FFB2	gene_name:SCPL54
Q9FFW3	gene_name:MBB18.13
Q9FG13	gene_name:CXE15
Q9FG85	gene_name:PCMP-E30
Q9FH33	gene_name:At5g54720
Q9FHW0	gene_name:MJG14.7
Q9FLT2	gene_name:IPK2b
Q9FMH9	gene_name:NPQ6
Q9FMK8	gene_name:MDC12.12
Q9FMZ0	gene_name:BKI1
Q9FND9	gene_name:RFS5
Q9LE20	gene_name:DTX54
Q9LFB8	gene_name:NPF8.2
Q9LHL7	gene_name:MEC18.18
Q9LMU2	gene_name:KTI5
Q9LPU5	gene_name:IGMT1
Q9LTZ0	gene_name:At3g27400
Q9LXC9	gene_name:PPA6
Q9LXG8	gene_name:WRKY72
Q9LYY3	gene_name:At5g03020
Q9LZB2	gene_name:At5g03980
Q9LZS8	gene_name:At5g03600
Q9M0V4	gene_name:YAO
Q9M0X1	gene_name:At4g05240
Q9M158	gene_name:STR4
Q9M3D0	gene_name:MAGL11
Q9M7Z1	gene_name:BCE2
Q9M9H7	gene_name:SOL1
Q9SF37	gene_name:MCM8
Q9SN19	gene_name:F3A4.70
Q9SWH4	gene_name:SYP42
Q9T0B0	gene_name:At4g23960
Q9XII1	gene_name:PDV2
Q9ZUU1	gene_name:ADK
A0A1I9LQX3	gene_name:At3g48835
A0A1P8ARH5	gene_name:At1g17285
A0A1P8B2A8	gene_name:At2g47245
A0A1P8BAX2	gene_name:At5g25195
F4I4Q1	gene_name:At1g23280
F4I7Y5	gene_name:At1g51000
F4I9Q5	gene_name:At1g58060
F4JMH8	gene_name:DL4300C
O04086	gene_name:At1g11050
O24606	gene_name:EIN3
P0DKB7	gene_name:LPXC2
P56808	gene_name:rps19
P92953	gene_name:ATHB-4
P92974	gene_name:UBA2
Q0WQ91	gene_name:WPP3
Q38847	gene_name:AGL15
Q58FW2	gene_name:At3g11405
Q67Z52	gene_name:TFCB
Q681Z2	gene_name:DSP3
Q6NN00	gene_name:AGP25
Q7Y222	gene_name:CYP82F1
Q8GUN8	gene_name:SCS9
Q8LAB7	gene_name:At5g26790
Q8VXX5	gene_name:SKS1
Q8VY68	gene_name:At4g08230
Q944Q0	gene_name:WNK8
Q94AU3	gene_name:CGLD11
Q9ATB4	gene_name:ADA2B
Q9C6K4	gene_name:At1g76870
Q9C927	gene_name:PAP5
Q9C9I4	gene_name:At1g71470
Q9FKK8	gene_name:MUA2.24
Q9LDW4	gene_name:MJK13.19
Q9LF48	gene_name:T10B6_20
Q9LK72	gene_name:At3g16530
Q9LMH6	gene_name:FDM4
Q9LQQ1	gene_name:At1g07740
Q9LU69	gene_name:MUL3.12
Q9LUT2	gene_name:METK4
Q9LXF4	gene_name:At5g15280
Q9M0C2	gene_name:EGC1
Q9SCY2	gene_name:FKBP13
Q9SV09	gene_name:At3g51950
Q9SVC2	gene_name:SYP122
Q9SZD3	gene_name:At4g29030
Q9SZT0	gene_name:P4H11
Q9XFB0	gene_name:YAB2
Q9ZSA4	gene_name:CPK27
